image_path,filename,folder_defect_type,ai_severity,ai_confidence,margin,edge_density,requires_review
C:\Users\acous\Desktop\sih2026\Railway Track Surface Faults Dataset\Cracks\7.MOV_20201228114152_10038.JPEG,7.MOV_20201228114152_10038.JPEG,Cracks,,1.0,1.0,0.0,True
C:\Users\acous\Desktop\sih2026\Railway Track Surface Faults Dataset\Cracks\7.MOV_20201228114152_10039.JPEG,7.MOV_20201228114152_10039.JPEG,Cracks,,1.0,1.0,0.0,True
C:\Users\acous\Desktop\sih2026\Railway Track Surface Faults Dataset\Cracks\7.MOV_20201228114152_10040.JPEG,7.MOV_20201228114152_10040.JPEG,Cracks,,1.0,1.0,0.0,True
C:\Users\acous\Desktop\sih2026\Railway Track Surface Faults Dataset\Cracks\7.MOV_20201228114152_10041.JPEG,7.MOV_20201228114152_10041.JPEG,Cracks,,1.0,1.0,0.0,True
C:\Users\acous\Desktop\sih2026\Railway Track Surface Faults Dataset\Cracks\7.MOV_20201228114152_10042.JPEG,7.MOV_20201228114152_10042.JPEG,Cracks,,1.0,1.0,0.0,True
C:\Users\acous\Desktop\sih2026\Railway Track Surface Faults Dataset\Cracks\7.MOV_20201228114152_10043.JPEG,7.MOV_20201228114152_10043.JPEG,Cracks,,1.0,1.0,0.0,True
C:\Users\acous\Desktop\sih2026\Railway Track Surface Faults Dataset\Cracks\7.MOV_20201228114152_10044.JPEG,7.MOV_20201228114152_10044.JPEG,Cracks,,0.9997,0.9995,0.0,True
C:\Users\acous\Desktop\sih2026\Railway Track Surface Faults Dataset\Cracks\7.MOV_20201228114152_10045.JPEG,7.MOV_20201228114152_10045.JPEG,Cracks,,0.9993,0.9989,0.0,True
C:\Users\acous\Desktop\sih2026\Railway Track Surface Faults Dataset\Cracks\7.MOV_20201228114152_10046.JPEG,7.MOV_20201228114152_10046.JPEG,Cracks,,0.9999,0.9998,0.0,True
C:\Users\acous\Desktop\sih2026\Railway Track Surface Faults Dataset\Cracks\7.MOV_20201228114152_10047.JPEG,7.MOV_20201228114152_10047.JPEG,Cracks,,1.0,1.0,0.0,True
C:\Users\acous\Desktop\sih2026\Railway Track Surface Faults Dataset\Cracks\7.MOV_20201228114152_10048.JPEG,7.MOV_20201228114152_10048.JPEG,Cracks,,1.0,1.0,0.0,True
C:\Users\acous\Desktop\sih2026\Railway Track Surface Faults Dataset\Cracks\7.MOV_20201228114152_10049.JPEG,7.MOV_20201228114152_10049.JPEG,Cracks,,0.9998,0.9997,0.0,True
C:\Users\acous\Desktop\sih2026\Railway Track Surface Faults Dataset\Cracks\7.MOV_20201228114152_10050.JPEG,7.MOV_20201228114152_10050.JPEG,Cracks,,0.9999,0.9998,0.0,True
C:\Users\acous\Desktop\sih2026\Railway Track Surface Faults Dataset\Cracks\7.MOV_20201228114152_10051.JPEG,7.MOV_20201228114152_10051.JPEG,Cracks,,1.0,1.0,0.0,True
C:\Users\acous\Desktop\sih2026\Railway Track Surface Faults Dataset\Cracks\7.MOV_20201228114152_10052.JPEG,7.MOV_20201228114152_10052.JPEG,Cracks,,1.0,1.0,0.0,True
C:\Users\acous\Desktop\sih2026\Railway Track Surface Faults Dataset\Cracks\7.MOV_20201228114152_10053.JPEG,7.MOV_20201228114152_10053.JPEG,Cracks,,1.0,1.0,0.0,True
C:\Users\acous\Desktop\sih2026\Railway Track Surface Faults Dataset\Cracks\7.MOV_20201228114152_10054.JPEG,7.MOV_20201228114152_10054.JPEG,Cracks,,0.9997,0.9995,0.0,True
C:\Users\acous\Desktop\sih2026\Railway Track Surface Faults Dataset\Cracks\7.MOV_20201228114152_10055.JPEG,7.MOV_20201228114152_10055.JPEG,Cracks,,1.0,1.0,0.0,True
C:\Users\acous\Desktop\sih2026\Railway Track Surface Faults Dataset\Cracks\7.MOV_20201228114152_10056.JPEG,7.MOV_20201228114152_10056.JPEG,Cracks,,1.0,1.0,0.0,True
C:\Users\acous\Desktop\sih2026\Railway Track Surface Faults Dataset\Cracks\7.MOV_20201228114152_10057.JPEG,7.MOV_20201228114152_10057.JPEG,Cracks,,1.0,1.0,0.0,True
C:\Users\acous\Desktop\sih2026\Railway Track Surface Faults Dataset\Cracks\7.MOV_20201228114152_10058.JPEG,7.MOV_20201228114152_10058.JPEG,Cracks,,1.0,1.0,0.0,True
C:\Users\acous\Desktop\sih2026\Railway Track Surface Faults Dataset\Cracks\7.MOV_20201228114152_10059.JPEG,7.MOV_20201228114152_10059.JPEG,Cracks,,0.9999,0.9998,0.0,True
C:\Users\acous\Desktop\sih2026\Railway Track Surface Faults Dataset\Cracks\7.MOV_20201228114152_10060.JPEG,7.MOV_20201228114152_10060.JPEG,Cracks,,1.0,1.0,0.0,True
C:\Users\acous\Desktop\sih2026\Railway Track Surface Faults Dataset\Cracks\7.MOV_20201228114152_10061.JPEG,7.MOV_20201228114152_10061.JPEG,Cracks,,0.9998,0.9997,0.0,True
C:\Users\acous\Desktop\sih2026\Railway Track Surface Faults Dataset\Cracks\7.MOV_20201228114152_10062.JPEG,7.MOV_20201228114152_10062.JPEG,Cracks,,1.0,1.0,0.0,True
C:\Users\acous\Desktop\sih2026\Railway Track Surface Faults Dataset\Cracks\7.MOV_20201228114152_10063.JPEG,7.MOV_20201228114152_10063.JPEG,Cracks,,1.0,1.0,0.0,True
C:\Users\acous\Desktop\sih2026\Railway Track Surface Faults Dataset\Cracks\7.MOV_20201228114152_10064.JPEG,7.MOV_20201228114152_10064.JPEG,Cracks,,1.0,1.0,0.0,True
C:\Users\acous\Desktop\sih2026\Railway Track Surface Faults Dataset\Cracks\7.MOV_20201228114152_10065.JPEG,7.MOV_20201228114152_10065.JPEG,Cracks,,1.0,1.0,0.0,True
C:\Users\acous\Desktop\sih2026\Railway Track Surface Faults Dataset\Cracks\7.MOV_20201228114152_10066.JPEG,7.MOV_20201228114152_10066.JPEG,Cracks,,1.0,1.0,0.0,True
C:\Users\acous\Desktop\sih2026\Railway Track Surface Faults Dataset\Cracks\7.MOV_20201228114152_10067.JPEG,7.MOV_20201228114152_10067.JPEG,Cracks,,1.0,1.0,0.0,True
C:\Users\acous\Desktop\sih2026\Railway Track Surface Faults Dataset\Cracks\7.MOV_20201228114152_10068.JPEG,7.MOV_20201228114152_10068.JPEG,Cracks,,1.0,1.0,0.0,True
C:\Users\acous\Desktop\sih2026\Railway Track Surface Faults Dataset\Cracks\7.MOV_20201228114152_10069.JPEG,7.MOV_20201228114152_10069.JPEG,Cracks,,1.0,1.0,0.0,True
C:\Users\acous\Desktop\sih2026\Railway Track Surface Faults Dataset\Cracks\7.MOV_20201228114152_10070.JPEG,7.MOV_20201228114152_10070.JPEG,Cracks,,1.0,1.0,0.0,True
C:\Users\acous\Desktop\sih2026\Railway Track Surface Faults Dataset\Cracks\7.MOV_20201228114152_10071.JPEG,7.MOV_20201228114152_10071.JPEG,Cracks,,0.9999,0.9998,0.0,True
C:\Users\acous\Desktop\sih2026\Railway Track Surface Faults Dataset\Cracks\7.MOV_20201228114152_10072.JPEG,7.MOV_20201228114152_10072.JPEG,Cracks,,1.0,1.0,0.0,True
C:\Users\acous\Desktop\sih2026\Railway Track Surface Faults Dataset\Cracks\7.MOV_20201228114152_10073.JPEG,7.MOV_20201228114152_10073.JPEG,Cracks,,1.0,1.0,0.0,True
C:\Users\acous\Desktop\sih2026\Railway Track Surface Faults Dataset\Cracks\7.MOV_20201228114152_10074.JPEG,7.MOV_20201228114152_10074.JPEG,Cracks,,0.9999,0.9998,0.0,True
C:\Users\acous\Desktop\sih2026\Railway Track Surface Faults Dataset\Cracks\7.MOV_20201228114152_10075.JPEG,7.MOV_20201228114152_10075.JPEG,Cracks,,1.0,1.0,0.0,True
C:\Users\acous\Desktop\sih2026\Railway Track Surface Faults Dataset\Cracks\7.MOV_20201228114152_10076.JPEG,7.MOV_20201228114152_10076.JPEG,Cracks,,1.0,1.0,0.0,True
C:\Users\acous\Desktop\sih2026\Railway Track Surface Faults Dataset\Cracks\7.MOV_20201228114152_10077.JPEG,7.MOV_20201228114152_10077.JPEG,Cracks,,1.0,1.0,0.0,True
C:\Users\acous\Desktop\sih2026\Railway Track Surface Faults Dataset\Flakings\1.MOV_20201221091849_5158.JPEG,1.MOV_20201221091849_5158.JPEG,Flakings,,0.8802,0.762,0.0,True
C:\Users\acous\Desktop\sih2026\Railway Track Surface Faults Dataset\Flakings\1.MOV_20201221091849_5159.JPEG,1.MOV_20201221091849_5159.JPEG,Flakings,,0.9579,0.9172,0.0,True
C:\Users\acous\Desktop\sih2026\Railway Track Surface Faults Dataset\Flakings\1.MOV_20201221091849_5160.JPEG,1.MOV_20201221091849_5160.JPEG,Flakings,,0.9935,0.9872,0.0,True
C:\Users\acous\Desktop\sih2026\Railway Track Surface Faults Dataset\Flakings\1.MOV_20201221091849_5161.JPEG,1.MOV_20201221091849_5161.JPEG,Flakings,,0.9777,0.9562,0.0,True
C:\Users\acous\Desktop\sih2026\Railway Track Surface Faults Dataset\Flakings\1.MOV_20201221091849_5162.JPEG,1.MOV_20201221091849_5162.JPEG,Flakings,,0.991,0.9828,0.0,True
C:\Users\acous\Desktop\sih2026\Railway Track Surface Faults Dataset\Flakings\1.MOV_20201221091849_5163.JPEG,1.MOV_20201221091849_5163.JPEG,Flakings,,0.9982,0.9968,0.0,True
C:\Users\acous\Desktop\sih2026\Railway Track Surface Faults Dataset\Flakings\1.MOV_20201221091849_5164.JPEG,1.MOV_20201221091849_5164.JPEG,Flakings,,0.9909,0.9859,0.0,True
C:\Users\acous\Desktop\sih2026\Railway Track Surface Faults Dataset\Flakings\1.MOV_20201221091849_5165.JPEG,1.MOV_20201221091849_5165.JPEG,Flakings,,0.9999,0.9998,0.0,True
C:\Users\acous\Desktop\sih2026\Railway Track Surface Faults Dataset\Flakings\1.MOV_20201221091849_5166.JPEG,1.MOV_20201221091849_5166.JPEG,Flakings,,0.9999,0.9999,0.0,True
C:\Users\acous\Desktop\sih2026\Railway Track Surface Faults Dataset\Flakings\1.MOV_20201221091849_5167.JPEG,1.MOV_20201221091849_5167.JPEG,Flakings,,0.9996,0.9993,0.0,True
C:\Users\acous\Desktop\sih2026\Railway Track Surface Faults Dataset\Flakings\1.MOV_20201221091849_5168.JPEG,1.MOV_20201221091849_5168.JPEG,Flakings,,0.9986,0.9972,0.0,True
C:\Users\acous\Desktop\sih2026\Railway Track Surface Faults Dataset\Flakings\1.MOV_20201221091849_5169.JPEG,1.MOV_20201221091849_5169.JPEG,Flakings,,0.9995,0.9991,0.0,True
C:\Users\acous\Desktop\sih2026\Railway Track Surface Faults Dataset\Flakings\1.MOV_20201221091849_5170.JPEG,1.MOV_20201221091849_5170.JPEG,Flakings,,0.9974,0.9949,0.0,True
C:\Users\acous\Desktop\sih2026\Railway Track Surface Faults Dataset\Flakings\1.MOV_20201221091849_5171.JPEG,1.MOV_20201221091849_5171.JPEG,Flakings,,0.9979,0.9959,0.0,True
C:\Users\acous\Desktop\sih2026\Railway Track Surface Faults Dataset\Flakings\1.MOV_20201221091849_5172.JPEG,1.MOV_20201221091849_5172.JPEG,Flakings,,0.9956,0.9917,0.0,True
C:\Users\acous\Desktop\sih2026\Railway Track Surface Faults Dataset\Flakings\1.MOV_20201221091849_5173.JPEG,1.MOV_20201221091849_5173.JPEG,Flakings,,0.9952,0.9922,0.0,True
C:\Users\acous\Desktop\sih2026\Railway Track Surface Faults Dataset\Flakings\1.MOV_20201221091849_5174.JPEG,1.MOV_20201221091849_5174.JPEG,Flakings,,0.9895,0.9818,0.0,True
C:\Users\acous\Desktop\sih2026\Railway Track Surface Faults Dataset\Flakings\1.MOV_20201221091849_5175.JPEG,1.MOV_20201221091849_5175.JPEG,Flakings,,0.9946,0.9914,0.0,True
C:\Users\acous\Desktop\sih2026\Railway Track Surface Faults Dataset\Flakings\1.MOV_20201221091849_5176.JPEG,1.MOV_20201221091849_5176.JPEG,Flakings,,0.9962,0.9944,0.0,True
C:\Users\acous\Desktop\sih2026\Railway Track Surface Faults Dataset\Flakings\1.MOV_20201221091849_5177.JPEG,1.MOV_20201221091849_5177.JPEG,Flakings,,0.9976,0.9959,0.0,True
C:\Users\acous\Desktop\sih2026\Railway Track Surface Faults Dataset\Flakings\1.MOV_20201221091849_5178.JPEG,1.MOV_20201221091849_5178.JPEG,Flakings,,0.9968,0.9953,0.0,True
C:\Users\acous\Desktop\sih2026\Railway Track Surface Faults Dataset\Flakings\1.MOV_20201221091849_5179.JPEG,1.MOV_20201221091849_5179.JPEG,Flakings,,0.9956,0.9926,0.0,True
C:\Users\acous\Desktop\sih2026\Railway Track Surface Faults Dataset\Flakings\1.MOV_20201221091849_5180.JPEG,1.MOV_20201221091849_5180.JPEG,Flakings,,0.9971,0.9957,0.0,True
C:\Users\acous\Desktop\sih2026\Railway Track Surface Faults Dataset\Flakings\1.MOV_20201221091849_5181.JPEG,1.MOV_20201221091849_5181.JPEG,Flakings,,0.997,0.996,0.0,True
C:\Users\acous\Desktop\sih2026\Railway Track Surface Faults Dataset\Flakings\1.MOV_20201221091849_5182.JPEG,1.MOV_20201221091849_5182.JPEG,Flakings,,0.9857,0.9799,0.0,True
C:\Users\acous\Desktop\sih2026\Railway Track Surface Faults Dataset\Flakings\1.MOV_20201221091849_5183.JPEG,1.MOV_20201221091849_5183.JPEG,Flakings,,0.9876,0.9817,0.0,True
C:\Users\acous\Desktop\sih2026\Railway Track Surface Faults Dataset\Flakings\1.MOV_20201221091849_5184.JPEG,1.MOV_20201221091849_5184.JPEG,Flakings,,0.983,0.977,0.0,True
C:\Users\acous\Desktop\sih2026\Railway Track Surface Faults Dataset\Flakings\1.MOV_20201221091849_5185.JPEG,1.MOV_20201221091849_5185.JPEG,Flakings,,0.9815,0.9693,0.0,True
C:\Users\acous\Desktop\sih2026\Railway Track Surface Faults Dataset\Flakings\1.MOV_20201221091849_5186.JPEG,1.MOV_20201221091849_5186.JPEG,Flakings,,0.9861,0.9747,0.0,True
C:\Users\acous\Desktop\sih2026\Railway Track Surface Faults Dataset\Flakings\1.MOV_20201221091849_5187.JPEG,1.MOV_20201221091849_5187.JPEG,Flakings,,0.9878,0.9763,0.0,True
C:\Users\acous\Desktop\sih2026\Railway Track Surface Faults Dataset\Flakings\1.MOV_20201221091849_5188.JPEG,1.MOV_20201221091849_5188.JPEG,Flakings,,0.96,0.93,0.0,True
C:\Users\acous\Desktop\sih2026\Railway Track Surface Faults Dataset\Flakings\1.MOV_20201221091849_5189.JPEG,1.MOV_20201221091849_5189.JPEG,Flakings,,0.726,0.508,0.0,True
C:\Users\acous\Desktop\sih2026\Railway Track Surface Faults Dataset\Flakings\1.MOV_20201221091849_5190.JPEG,1.MOV_20201221091849_5190.JPEG,Flakings,,0.5185,0.1914,0.0,True
C:\Users\acous\Desktop\sih2026\Railway Track Surface Faults Dataset\Flakings\1.MOV_20201221091849_5204.JPEG,1.MOV_20201221091849_5204.JPEG,Flakings,,0.5222,0.0552,0.0,True
C:\Users\acous\Desktop\sih2026\Railway Track Surface Faults Dataset\Flakings\1.MOV_20201221091849_5205.JPEG,1.MOV_20201221091849_5205.JPEG,Flakings,,0.8701,0.7663,0.0,True
C:\Users\acous\Desktop\sih2026\Railway Track Surface Faults Dataset\Flakings\1.MOV_20201221091849_5206.JPEG,1.MOV_20201221091849_5206.JPEG,Flakings,,0.9939,0.9911,0.0,True
C:\Users\acous\Desktop\sih2026\Railway Track Surface Faults Dataset\Flakings\1.MOV_20201221091849_5207.JPEG,1.MOV_20201221091849_5207.JPEG,Flakings,,0.9979,0.9969,0.0,True
C:\Users\acous\Desktop\sih2026\Railway Track Surface Faults Dataset\Flakings\1.MOV_20201221091849_5208.JPEG,1.MOV_20201221091849_5208.JPEG,Flakings,,0.9991,0.9985,0.0,True
C:\Users\acous\Desktop\sih2026\Railway Track Surface Faults Dataset\Flakings\1.MOV_20201221091849_5209.JPEG,1.MOV_20201221091849_5209.JPEG,Flakings,,0.9974,0.9951,0.0,True
C:\Users\acous\Desktop\sih2026\Railway Track Surface Faults Dataset\Flakings\1.MOV_20201221091849_5210.JPEG,1.MOV_20201221091849_5210.JPEG,Flakings,,0.9982,0.997,0.0,True
C:\Users\acous\Desktop\sih2026\Railway Track Surface Faults Dataset\Flakings\1.MOV_20201221091849_5211.JPEG,1.MOV_20201221091849_5211.JPEG,Flakings,,0.9994,0.9991,0.0,True
C:\Users\acous\Desktop\sih2026\Railway Track Surface Faults Dataset\Flakings\1.MOV_20201221091849_5212.JPEG,1.MOV_20201221091849_5212.JPEG,Flakings,,0.9993,0.9988,0.0,True
C:\Users\acous\Desktop\sih2026\Railway Track Surface Faults Dataset\Flakings\1.MOV_20201221091849_5213.JPEG,1.MOV_20201221091849_5213.JPEG,Flakings,,0.9924,0.9867,0.0,True
C:\Users\acous\Desktop\sih2026\Railway Track Surface Faults Dataset\Flakings\1.MOV_20201221091849_5214.JPEG,1.MOV_20201221091849_5214.JPEG,Flakings,,0.9742,0.9585,0.0,True
C:\Users\acous\Desktop\sih2026\Railway Track Surface Faults Dataset\Flakings\1.MOV_20201221091849_5215.JPEG,1.MOV_20201221091849_5215.JPEG,Flakings,,0.7384,0.4881,0.0,True
C:\Users\acous\Desktop\sih2026\Railway Track Surface Faults Dataset\Flakings\1.MOV_20201221091849_5216.JPEG,1.MOV_20201221091849_5216.JPEG,Flakings,,0.7898,0.6001,0.0,True
C:\Users\acous\Desktop\sih2026\Railway Track Surface Faults Dataset\Flakings\1.MOV_20201221091849_5217.JPEG,1.MOV_20201221091849_5217.JPEG,Flakings,,0.8717,0.7615,0.0,True
C:\Users\acous\Desktop\sih2026\Railway Track Surface Faults Dataset\Flakings\1.MOV_20201221091849_5218.JPEG,1.MOV_20201221091849_5218.JPEG,Flakings,,0.6147,0.2678,0.0,True
C:\Users\acous\Desktop\sih2026\Railway Track Surface Faults Dataset\Flakings\1.MOV_20201221091849_5219.JPEG,1.MOV_20201221091849_5219.JPEG,Flakings,,0.7778,0.6352,0.0,True
C:\Users\acous\Desktop\sih2026\Railway Track Surface Faults Dataset\Flakings\1.MOV_20201221091849_5220.JPEG,1.MOV_20201221091849_5220.JPEG,Flakings,,0.9663,0.95,0.0,True
C:\Users\acous\Desktop\sih2026\Railway Track Surface Faults Dataset\Flakings\1.MOV_20201221091849_5221.JPEG,1.MOV_20201221091849_5221.JPEG,Flakings,,0.9975,0.9952,0.0,True
C:\Users\acous\Desktop\sih2026\Railway Track Surface Faults Dataset\Flakings\1.MOV_20201221091849_5222.JPEG,1.MOV_20201221091849_5222.JPEG,Flakings,,0.9819,0.9647,0.0,True
C:\Users\acous\Desktop\sih2026\Railway Track Surface Faults Dataset\Flakings\1.MOV_20201221091849_5223.JPEG,1.MOV_20201221091849_5223.JPEG,Flakings,,0.9917,0.9845,0.0,True
C:\Users\acous\Desktop\sih2026\Railway Track Surface Faults Dataset\Flakings\1.MOV_20201221091849_5224.JPEG,1.MOV_20201221091849_5224.JPEG,Flakings,,0.9894,0.9793,0.0,True
C:\Users\acous\Desktop\sih2026\Railway Track Surface Faults Dataset\Flakings\1.MOV_20201221091849_5225.JPEG,1.MOV_20201221091849_5225.JPEG,Flakings,,0.9926,0.9859,0.0,True
C:\Users\acous\Desktop\sih2026\Railway Track Surface Faults Dataset\Flakings\1.MOV_20201221091849_5226.JPEG,1.MOV_20201221091849_5226.JPEG,Flakings,,0.9967,0.9938,0.0,True
C:\Users\acous\Desktop\sih2026\Railway Track Surface Faults Dataset\Flakings\1.MOV_20201221091849_5227.JPEG,1.MOV_20201221091849_5227.JPEG,Flakings,,0.9894,0.9795,0.0,True
C:\Users\acous\Desktop\sih2026\Railway Track Surface Faults Dataset\Flakings\1.MOV_20201221091849_5228.JPEG,1.MOV_20201221091849_5228.JPEG,Flakings,,0.9893,0.9794,0.0,True
C:\Users\acous\Desktop\sih2026\Railway Track Surface Faults Dataset\Flakings\1.MOV_20201221091849_5229.JPEG,1.MOV_20201221091849_5229.JPEG,Flakings,,0.9989,0.998,0.0,True
C:\Users\acous\Desktop\sih2026\Railway Track Surface Faults Dataset\Flakings\1.MOV_20201221091849_5230.JPEG,1.MOV_20201221091849_5230.JPEG,Flakings,,0.996,0.9924,0.0,True
C:\Users\acous\Desktop\sih2026\Railway Track Surface Faults Dataset\Flakings\1.MOV_20201221091849_5231.JPEG,1.MOV_20201221091849_5231.JPEG,Flakings,,0.9922,0.9851,0.0,True
C:\Users\acous\Desktop\sih2026\Railway Track Surface Faults Dataset\Flakings\1.MOV_20201221091849_5232.JPEG,1.MOV_20201221091849_5232.JPEG,Flakings,,0.997,0.9942,0.0,True
C:\Users\acous\Desktop\sih2026\Railway Track Surface Faults Dataset\Flakings\1.MOV_20201221091849_5233.JPEG,1.MOV_20201221091849_5233.JPEG,Flakings,,0.9962,0.9927,0.0,True
C:\Users\acous\Desktop\sih2026\Railway Track Surface Faults Dataset\Flakings\1.MOV_20201221091849_5234.JPEG,1.MOV_20201221091849_5234.JPEG,Flakings,,0.9969,0.9941,0.0,True
C:\Users\acous\Desktop\sih2026\Railway Track Surface Faults Dataset\Flakings\1.MOV_20201221091849_5235.JPEG,1.MOV_20201221091849_5235.JPEG,Flakings,,0.9801,0.962,0.0,True
C:\Users\acous\Desktop\sih2026\Railway Track Surface Faults Dataset\Flakings\1.MOV_20201221091849_5236.JPEG,1.MOV_20201221091849_5236.JPEG,Flakings,,0.9993,0.9989,0.0,True
C:\Users\acous\Desktop\sih2026\Railway Track Surface Faults Dataset\Flakings\1.MOV_20201221091849_5237.JPEG,1.MOV_20201221091849_5237.JPEG,Flakings,,0.9991,0.9985,0.0,True
C:\Users\acous\Desktop\sih2026\Railway Track Surface Faults Dataset\Flakings\1.MOV_20201221091849_5238.JPEG,1.MOV_20201221091849_5238.JPEG,Flakings,,0.9987,0.9977,0.0,True
C:\Users\acous\Desktop\sih2026\Railway Track Surface Faults Dataset\Flakings\1.MOV_20201221091849_5239.JPEG,1.MOV_20201221091849_5239.JPEG,Flakings,,0.9994,0.999,0.0,True
C:\Users\acous\Desktop\sih2026\Railway Track Surface Faults Dataset\Flakings\1.MOV_20201221091849_5240.JPEG,1.MOV_20201221091849_5240.JPEG,Flakings,,0.9991,0.9986,0.0,True
C:\Users\acous\Desktop\sih2026\Railway Track Surface Faults Dataset\Flakings\1.MOV_20201221091849_5241.JPEG,1.MOV_20201221091849_5241.JPEG,Flakings,,0.9985,0.9978,0.0,True
C:\Users\acous\Desktop\sih2026\Railway Track Surface Faults Dataset\Flakings\1.MOV_20201221091849_5242.JPEG,1.MOV_20201221091849_5242.JPEG,Flakings,,0.9995,0.9992,0.0,True
C:\Users\acous\Desktop\sih2026\Railway Track Surface Faults Dataset\Flakings\1.MOV_20201221091849_5243.JPEG,1.MOV_20201221091849_5243.JPEG,Flakings,,0.9996,0.9994,0.0,True
C:\Users\acous\Desktop\sih2026\Railway Track Surface Faults Dataset\Flakings\1.MOV_20201221091849_5244.JPEG,1.MOV_20201221091849_5244.JPEG,Flakings,,0.9991,0.9984,0.0,True
C:\Users\acous\Desktop\sih2026\Railway Track Surface Faults Dataset\Flakings\1.MOV_20201221091849_5245.JPEG,1.MOV_20201221091849_5245.JPEG,Flakings,,0.9965,0.9932,0.0,True
C:\Users\acous\Desktop\sih2026\Railway Track Surface Faults Dataset\Flakings\1.MOV_20201221091849_5246.JPEG,1.MOV_20201221091849_5246.JPEG,Flakings,,0.9892,0.9792,0.0,True
C:\Users\acous\Desktop\sih2026\Railway Track Surface Faults Dataset\Flakings\1.MOV_20201221091849_5247.JPEG,1.MOV_20201221091849_5247.JPEG,Flakings,,0.9835,0.9751,0.0,True
C:\Users\acous\Desktop\sih2026\Railway Track Surface Faults Dataset\Flakings\1.MOV_20201221091849_5248.JPEG,1.MOV_20201221091849_5248.JPEG,Flakings,,0.9972,0.9958,0.0,True
C:\Users\acous\Desktop\sih2026\Railway Track Surface Faults Dataset\Flakings\1.MOV_20201221091849_5249.JPEG,1.MOV_20201221091849_5249.JPEG,Flakings,,0.9991,0.9986,0.0,True
C:\Users\acous\Desktop\sih2026\Railway Track Surface Faults Dataset\Flakings\1.MOV_20201221091849_5250.JPEG,1.MOV_20201221091849_5250.JPEG,Flakings,,0.9967,0.9939,0.0,True
C:\Users\acous\Desktop\sih2026\Railway Track Surface Faults Dataset\Flakings\1.MOV_20201221091849_5251.JPEG,1.MOV_20201221091849_5251.JPEG,Flakings,,0.9995,0.9993,0.0,True
C:\Users\acous\Desktop\sih2026\Railway Track Surface Faults Dataset\Flakings\1.MOV_20201221091849_5252.JPEG,1.MOV_20201221091849_5252.JPEG,Flakings,,0.9983,0.997,0.0,True
C:\Users\acous\Desktop\sih2026\Railway Track Surface Faults Dataset\Flakings\1.MOV_20201221091849_5253.JPEG,1.MOV_20201221091849_5253.JPEG,Flakings,,0.9947,0.9901,0.0,True
C:\Users\acous\Desktop\sih2026\Railway Track Surface Faults Dataset\Flakings\1.MOV_20201221091849_5254.JPEG,1.MOV_20201221091849_5254.JPEG,Flakings,,0.9975,0.9955,0.0,True
C:\Users\acous\Desktop\sih2026\Railway Track Surface Faults Dataset\Flakings\1.MOV_20201221091849_5255.JPEG,1.MOV_20201221091849_5255.JPEG,Flakings,,0.9968,0.9942,0.0,True
C:\Users\acous\Desktop\sih2026\Railway Track Surface Faults Dataset\Flakings\1.MOV_20201221091849_5256.JPEG,1.MOV_20201221091849_5256.JPEG,Flakings,,0.9992,0.9987,0.0,True
C:\Users\acous\Desktop\sih2026\Railway Track Surface Faults Dataset\Flakings\1.MOV_20201221091849_5257.JPEG,1.MOV_20201221091849_5257.JPEG,Flakings,,0.9997,0.9994,0.0,True
C:\Users\acous\Desktop\sih2026\Railway Track Surface Faults Dataset\Flakings\1.MOV_20201221091849_5258.JPEG,1.MOV_20201221091849_5258.JPEG,Flakings,,0.9989,0.9978,0.0,True
C:\Users\acous\Desktop\sih2026\Railway Track Surface Faults Dataset\Flakings\1.MOV_20201221091849_5259.JPEG,1.MOV_20201221091849_5259.JPEG,Flakings,,0.9996,0.9992,0.0,True
C:\Users\acous\Desktop\sih2026\Railway Track Surface Faults Dataset\Flakings\1.MOV_20201221091849_5260.JPEG,1.MOV_20201221091849_5260.JPEG,Flakings,,0.9963,0.993,0.0,True
C:\Users\acous\Desktop\sih2026\Railway Track Surface Faults Dataset\Flakings\1.MOV_20201221091849_5261.JPEG,1.MOV_20201221091849_5261.JPEG,Flakings,,0.9994,0.9989,0.0,True
C:\Users\acous\Desktop\sih2026\Railway Track Surface Faults Dataset\Flakings\1.MOV_20201221091849_5262.JPEG,1.MOV_20201221091849_5262.JPEG,Flakings,,0.9994,0.9989,0.0,True
C:\Users\acous\Desktop\sih2026\Railway Track Surface Faults Dataset\Flakings\1.MOV_20201221091849_5263.JPEG,1.MOV_20201221091849_5263.JPEG,Flakings,,0.9992,0.9985,0.0,True
C:\Users\acous\Desktop\sih2026\Railway Track Surface Faults Dataset\Flakings\1.MOV_20201221091849_5264.JPEG,1.MOV_20201221091849_5264.JPEG,Flakings,,0.9992,0.9985,0.0,True
C:\Users\acous\Desktop\sih2026\Railway Track Surface Faults Dataset\Flakings\1.MOV_20201221091849_5265.JPEG,1.MOV_20201221091849_5265.JPEG,Flakings,,0.9998,0.9997,0.0,True
C:\Users\acous\Desktop\sih2026\Railway Track Surface Faults Dataset\Flakings\1.MOV_20201221091849_5266.JPEG,1.MOV_20201221091849_5266.JPEG,Flakings,,0.9994,0.9989,0.0,True
C:\Users\acous\Desktop\sih2026\Railway Track Surface Faults Dataset\Flakings\1.MOV_20201221091849_5267.JPEG,1.MOV_20201221091849_5267.JPEG,Flakings,,0.9997,0.9994,0.0,True
C:\Users\acous\Desktop\sih2026\Railway Track Surface Faults Dataset\Flakings\1.MOV_20201221091849_5268.JPEG,1.MOV_20201221091849_5268.JPEG,Flakings,,0.9998,0.9997,0.0,True
C:\Users\acous\Desktop\sih2026\Railway Track Surface Faults Dataset\Flakings\1.MOV_20201221091849_5269.JPEG,1.MOV_20201221091849_5269.JPEG,Flakings,,0.999,0.998,0.0,True
C:\Users\acous\Desktop\sih2026\Railway Track Surface Faults Dataset\Flakings\1.MOV_20201221091849_5270.JPEG,1.MOV_20201221091849_5270.JPEG,Flakings,,0.999,0.998,0.0,True
C:\Users\acous\Desktop\sih2026\Railway Track Surface Faults Dataset\Flakings\1.MOV_20201221091849_5271.JPEG,1.MOV_20201221091849_5271.JPEG,Flakings,,0.9994,0.9988,0.0,True
C:\Users\acous\Desktop\sih2026\Railway Track Surface Faults Dataset\Flakings\1.MOV_20201221091849_5272.JPEG,1.MOV_20201221091849_5272.JPEG,Flakings,,0.9951,0.9906,0.0,True
C:\Users\acous\Desktop\sih2026\Railway Track Surface Faults Dataset\Flakings\1.MOV_20201221091849_5273.JPEG,1.MOV_20201221091849_5273.JPEG,Flakings,,0.9984,0.9969,0.0,True
C:\Users\acous\Desktop\sih2026\Railway Track Surface Faults Dataset\Flakings\1.MOV_20201221091849_5274.JPEG,1.MOV_20201221091849_5274.JPEG,Flakings,,0.9994,0.999,0.0,True
C:\Users\acous\Desktop\sih2026\Railway Track Surface Faults Dataset\Flakings\1.MOV_20201221091849_5275.JPEG,1.MOV_20201221091849_5275.JPEG,Flakings,,0.9955,0.9912,0.0,True
C:\Users\acous\Desktop\sih2026\Railway Track Surface Faults Dataset\Flakings\1.MOV_20201221091849_5276.JPEG,1.MOV_20201221091849_5276.JPEG,Flakings,,0.9916,0.9848,0.0,True
C:\Users\acous\Desktop\sih2026\Railway Track Surface Faults Dataset\Flakings\1.MOV_20201221091849_5277.JPEG,1.MOV_20201221091849_5277.JPEG,Flakings,,0.9933,0.9901,0.0,True
C:\Users\acous\Desktop\sih2026\Railway Track Surface Faults Dataset\Flakings\1.MOV_20201221091849_5278.JPEG,1.MOV_20201221091849_5278.JPEG,Flakings,,0.9618,0.927,0.0,True
C:\Users\acous\Desktop\sih2026\Railway Track Surface Faults Dataset\Flakings\1.MOV_20201221091849_5279.JPEG,1.MOV_20201221091849_5279.JPEG,Flakings,,0.9506,0.9037,0.0,True
C:\Users\acous\Desktop\sih2026\Railway Track Surface Faults Dataset\Flakings\1.MOV_20201221091849_5280.JPEG,1.MOV_20201221091849_5280.JPEG,Flakings,,0.9561,0.9145,0.0,True
C:\Users\acous\Desktop\sih2026\Railway Track Surface Faults Dataset\Flakings\1.MOV_20201221091849_5281.JPEG,1.MOV_20201221091849_5281.JPEG,Flakings,,0.9874,0.9756,0.0,True
C:\Users\acous\Desktop\sih2026\Railway Track Surface Faults Dataset\Flakings\1.MOV_20201221091849_5282.JPEG,1.MOV_20201221091849_5282.JPEG,Flakings,,0.9907,0.9822,0.0,True
C:\Users\acous\Desktop\sih2026\Railway Track Surface Faults Dataset\Flakings\1.MOV_20201221091849_5283.JPEG,1.MOV_20201221091849_5283.JPEG,Flakings,,0.985,0.9733,0.0,True
C:\Users\acous\Desktop\sih2026\Railway Track Surface Faults Dataset\Flakings\1.MOV_20201221091849_5284.JPEG,1.MOV_20201221091849_5284.JPEG,Flakings,,0.9964,0.9931,0.0,True
C:\Users\acous\Desktop\sih2026\Railway Track Surface Faults Dataset\Flakings\1.MOV_20201221091849_5285.JPEG,1.MOV_20201221091849_5285.JPEG,Flakings,,0.9877,0.9761,0.0,True
C:\Users\acous\Desktop\sih2026\Railway Track Surface Faults Dataset\Flakings\1.MOV_20201221091849_5286.JPEG,1.MOV_20201221091849_5286.JPEG,Flakings,,0.9598,0.9348,0.0,True
C:\Users\acous\Desktop\sih2026\Railway Track Surface Faults Dataset\Flakings\1.MOV_20201221091849_5287.JPEG,1.MOV_20201221091849_5287.JPEG,Flakings,,0.9348,0.8873,0.0,True
C:\Users\acous\Desktop\sih2026\Railway Track Surface Faults Dataset\Flakings\1.MOV_20201221091849_5288.JPEG,1.MOV_20201221091849_5288.JPEG,Flakings,,0.9873,0.981,0.0,True
C:\Users\acous\Desktop\sih2026\Railway Track Surface Faults Dataset\Flakings\1.MOV_20201221091849_5289.JPEG,1.MOV_20201221091849_5289.JPEG,Flakings,,0.9558,0.9133,0.0,True
C:\Users\acous\Desktop\sih2026\Railway Track Surface Faults Dataset\Flakings\1.MOV_20201221091849_5290.JPEG,1.MOV_20201221091849_5290.JPEG,Flakings,,0.9845,0.9758,0.0,True
C:\Users\acous\Desktop\sih2026\Railway Track Surface Faults Dataset\Flakings\1.MOV_20201221091849_5291.JPEG,1.MOV_20201221091849_5291.JPEG,Flakings,,0.9955,0.9922,0.0,True
C:\Users\acous\Desktop\sih2026\Railway Track Surface Faults Dataset\Flakings\1.MOV_20201221091849_5292.JPEG,1.MOV_20201221091849_5292.JPEG,Flakings,,0.9963,0.9937,0.0,True
C:\Users\acous\Desktop\sih2026\Railway Track Surface Faults Dataset\Flakings\1.MOV_20201221091849_5293.JPEG,1.MOV_20201221091849_5293.JPEG,Flakings,,0.9936,0.9889,0.0,True
C:\Users\acous\Desktop\sih2026\Railway Track Surface Faults Dataset\Flakings\1.MOV_20201221091849_5294.JPEG,1.MOV_20201221091849_5294.JPEG,Flakings,,0.996,0.994,0.0,True
C:\Users\acous\Desktop\sih2026\Railway Track Surface Faults Dataset\Flakings\1.MOV_20201221091849_5295.JPEG,1.MOV_20201221091849_5295.JPEG,Flakings,,0.9934,0.9884,0.0,True
C:\Users\acous\Desktop\sih2026\Railway Track Surface Faults Dataset\Flakings\1.MOV_20201221091849_5296.JPEG,1.MOV_20201221091849_5296.JPEG,Flakings,,0.9945,0.9897,0.0,True
C:\Users\acous\Desktop\sih2026\Railway Track Surface Faults Dataset\Flakings\1.MOV_20201221091849_5297.JPEG,1.MOV_20201221091849_5297.JPEG,Flakings,,0.9951,0.9906,0.0,True
C:\Users\acous\Desktop\sih2026\Railway Track Surface Faults Dataset\Flakings\1.MOV_20201221091849_5298.JPEG,1.MOV_20201221091849_5298.JPEG,Flakings,,0.9932,0.9877,0.0,True
C:\Users\acous\Desktop\sih2026\Railway Track Surface Faults Dataset\Flakings\1.MOV_20201221091849_5299.JPEG,1.MOV_20201221091849_5299.JPEG,Flakings,,0.9813,0.9643,0.0,True
C:\Users\acous\Desktop\sih2026\Railway Track Surface Faults Dataset\Flakings\1.MOV_20201221091849_5300.JPEG,1.MOV_20201221091849_5300.JPEG,Flakings,,0.9891,0.9796,0.0,True
C:\Users\acous\Desktop\sih2026\Railway Track Surface Faults Dataset\Flakings\1.MOV_20201221091849_5301.JPEG,1.MOV_20201221091849_5301.JPEG,Flakings,,0.9582,0.9205,0.0,True
C:\Users\acous\Desktop\sih2026\Railway Track Surface Faults Dataset\Flakings\1.MOV_20201221091849_5302.JPEG,1.MOV_20201221091849_5302.JPEG,Flakings,,0.9872,0.9751,0.0,True
C:\Users\acous\Desktop\sih2026\Railway Track Surface Faults Dataset\Flakings\1.MOV_20201221091849_5303.JPEG,1.MOV_20201221091849_5303.JPEG,Flakings,,0.9609,0.9253,0.0,True
C:\Users\acous\Desktop\sih2026\Railway Track Surface Faults Dataset\Flakings\1.MOV_20201221091849_5304.JPEG,1.MOV_20201221091849_5304.JPEG,Flakings,,0.8977,0.8019,0.0,True
C:\Users\acous\Desktop\sih2026\Railway Track Surface Faults Dataset\Flakings\1.MOV_20201221091849_5305.JPEG,1.MOV_20201221091849_5305.JPEG,Flakings,,0.9918,0.9862,0.0,True
C:\Users\acous\Desktop\sih2026\Railway Track Surface Faults Dataset\Flakings\1.MOV_20201221091849_5306.JPEG,1.MOV_20201221091849_5306.JPEG,Flakings,,0.877,0.7642,0.0,True
C:\Users\acous\Desktop\sih2026\Railway Track Surface Faults Dataset\Flakings\1.MOV_20201221091849_5307.JPEG,1.MOV_20201221091849_5307.JPEG,Flakings,,0.982,0.9661,0.0,True
C:\Users\acous\Desktop\sih2026\Railway Track Surface Faults Dataset\Flakings\1.MOV_20201221091849_5308.JPEG,1.MOV_20201221091849_5308.JPEG,Flakings,,0.9622,0.9277,0.0,True
C:\Users\acous\Desktop\sih2026\Railway Track Surface Faults Dataset\Flakings\1.MOV_20201221091849_5309.JPEG,1.MOV_20201221091849_5309.JPEG,Flakings,,0.6809,0.4308,0.0,True
C:\Users\acous\Desktop\sih2026\Railway Track Surface Faults Dataset\Flakings\1.MOV_20201221091849_5310.JPEG,1.MOV_20201221091849_5310.JPEG,Flakings,,0.4382,0.0457,0.0,True
C:\Users\acous\Desktop\sih2026\Railway Track Surface Faults Dataset\Flakings\1.MOV_20201221091849_5311.JPEG,1.MOV_20201221091849_5311.JPEG,Flakings,,0.9419,0.9034,0.0,True
C:\Users\acous\Desktop\sih2026\Railway Track Surface Faults Dataset\Flakings\1.MOV_20201221091849_5398.JPEG,1.MOV_20201221091849_5398.JPEG,Flakings,,0.934,0.9,0.0,True
C:\Users\acous\Desktop\sih2026\Railway Track Surface Faults Dataset\Flakings\1.MOV_20201221091849_5399.JPEG,1.MOV_20201221091849_5399.JPEG,Flakings,,0.9293,0.8963,0.0,True
C:\Users\acous\Desktop\sih2026\Railway Track Surface Faults Dataset\Flakings\1.MOV_20201221091849_5400.JPEG,1.MOV_20201221091849_5400.JPEG,Flakings,,0.9873,0.9798,0.0,True
C:\Users\acous\Desktop\sih2026\Railway Track Surface Faults Dataset\Flakings\1.MOV_20201221091849_5401.JPEG,1.MOV_20201221091849_5401.JPEG,Flakings,,0.991,0.9876,0.0,True
C:\Users\acous\Desktop\sih2026\Railway Track Surface Faults Dataset\Flakings\1.MOV_20201221091849_5402.JPEG,1.MOV_20201221091849_5402.JPEG,Flakings,,0.9845,0.975,0.0,True
C:\Users\acous\Desktop\sih2026\Railway Track Surface Faults Dataset\Flakings\1.MOV_20201221091849_5403.JPEG,1.MOV_20201221091849_5403.JPEG,Flakings,,0.9953,0.9931,0.0,True
C:\Users\acous\Desktop\sih2026\Railway Track Surface Faults Dataset\Flakings\1.MOV_20201221091849_5404.JPEG,1.MOV_20201221091849_5404.JPEG,Flakings,,0.9937,0.9894,0.0,True
C:\Users\acous\Desktop\sih2026\Railway Track Surface Faults Dataset\Flakings\1.MOV_20201221091849_5405.JPEG,1.MOV_20201221091849_5405.JPEG,Flakings,,0.9799,0.9718,0.0,True
C:\Users\acous\Desktop\sih2026\Railway Track Surface Faults Dataset\Flakings\1.MOV_20201221091849_5406.JPEG,1.MOV_20201221091849_5406.JPEG,Flakings,,0.9915,0.9874,0.0,True
C:\Users\acous\Desktop\sih2026\Railway Track Surface Faults Dataset\Flakings\1.MOV_20201221091849_5407.JPEG,1.MOV_20201221091849_5407.JPEG,Flakings,,0.9775,0.9651,0.0,True
C:\Users\acous\Desktop\sih2026\Railway Track Surface Faults Dataset\Flakings\1.MOV_20201221091849_5408.JPEG,1.MOV_20201221091849_5408.JPEG,Flakings,,0.8984,0.7988,0.0,True
C:\Users\acous\Desktop\sih2026\Railway Track Surface Faults Dataset\Flakings\1.MOV_20201221091849_5409.JPEG,1.MOV_20201221091849_5409.JPEG,Flakings,,0.5871,0.1757,0.0,True
C:\Users\acous\Desktop\sih2026\Railway Track Surface Faults Dataset\Flakings\1.MOV_20201221091849_5410.JPEG,1.MOV_20201221091849_5410.JPEG,Flakings,,0.894,0.7918,0.0,True
C:\Users\acous\Desktop\sih2026\Railway Track Surface Faults Dataset\Flakings\1.MOV_20201221091849_5411.JPEG,1.MOV_20201221091849_5411.JPEG,Flakings,,0.8622,0.7286,0.0,True
C:\Users\acous\Desktop\sih2026\Railway Track Surface Faults Dataset\Flakings\1.MOV_20201221091849_5412.JPEG,1.MOV_20201221091849_5412.JPEG,Flakings,,0.9952,0.9923,0.0,True
C:\Users\acous\Desktop\sih2026\Railway Track Surface Faults Dataset\Flakings\1.MOV_20201221091849_5413.JPEG,1.MOV_20201221091849_5413.JPEG,Flakings,,0.996,0.9931,0.0,True
C:\Users\acous\Desktop\sih2026\Railway Track Surface Faults Dataset\Flakings\1.MOV_20201221091849_5414.JPEG,1.MOV_20201221091849_5414.JPEG,Flakings,,0.9966,0.9951,0.0,True
C:\Users\acous\Desktop\sih2026\Railway Track Surface Faults Dataset\Flakings\1.MOV_20201221091849_5415.JPEG,1.MOV_20201221091849_5415.JPEG,Flakings,,0.9984,0.9977,0.0,True
C:\Users\acous\Desktop\sih2026\Railway Track Surface Faults Dataset\Flakings\1.MOV_20201221091849_5416.JPEG,1.MOV_20201221091849_5416.JPEG,Flakings,,0.9994,0.999,0.0,True
C:\Users\acous\Desktop\sih2026\Railway Track Surface Faults Dataset\Flakings\1.MOV_20201221091849_5417.JPEG,1.MOV_20201221091849_5417.JPEG,Flakings,,0.9995,0.9992,0.0,True
C:\Users\acous\Desktop\sih2026\Railway Track Surface Faults Dataset\Flakings\1.MOV_20201221091849_5418.JPEG,1.MOV_20201221091849_5418.JPEG,Flakings,,0.9997,0.9995,0.0,True
C:\Users\acous\Desktop\sih2026\Railway Track Surface Faults Dataset\Flakings\1.MOV_20201221091849_5419.JPEG,1.MOV_20201221091849_5419.JPEG,Flakings,,0.9987,0.998,0.0,True
C:\Users\acous\Desktop\sih2026\Railway Track Surface Faults Dataset\Flakings\1.MOV_20201221091849_5420.JPEG,1.MOV_20201221091849_5420.JPEG,Flakings,,0.9999,0.9998,0.0,True
C:\Users\acous\Desktop\sih2026\Railway Track Surface Faults Dataset\Flakings\1.MOV_20201221091849_5421.JPEG,1.MOV_20201221091849_5421.JPEG,Flakings,,0.9998,0.9997,0.0,True
C:\Users\acous\Desktop\sih2026\Railway Track Surface Faults Dataset\Flakings\1.MOV_20201221091849_5422.JPEG,1.MOV_20201221091849_5422.JPEG,Flakings,,0.9988,0.9978,0.0,True
C:\Users\acous\Desktop\sih2026\Railway Track Surface Faults Dataset\Flakings\1.MOV_20201221091849_5423.JPEG,1.MOV_20201221091849_5423.JPEG,Flakings,,0.9993,0.9988,0.0,True
C:\Users\acous\Desktop\sih2026\Railway Track Surface Faults Dataset\Flakings\1.MOV_20201221091849_5424.JPEG,1.MOV_20201221091849_5424.JPEG,Flakings,,0.9977,0.9959,0.0,True
C:\Users\acous\Desktop\sih2026\Railway Track Surface Faults Dataset\Flakings\1.MOV_20201221091849_5425.JPEG,1.MOV_20201221091849_5425.JPEG,Flakings,,0.9939,0.9898,0.0,True
C:\Users\acous\Desktop\sih2026\Railway Track Surface Faults Dataset\Flakings\1.MOV_20201221091849_5426.JPEG,1.MOV_20201221091849_5426.JPEG,Flakings,,0.9991,0.9984,0.0,True
C:\Users\acous\Desktop\sih2026\Railway Track Surface Faults Dataset\Flakings\1.MOV_20201221091849_5427.JPEG,1.MOV_20201221091849_5427.JPEG,Flakings,,0.999,0.9981,0.0,True
C:\Users\acous\Desktop\sih2026\Railway Track Surface Faults Dataset\Flakings\1.MOV_20201221091849_5428.JPEG,1.MOV_20201221091849_5428.JPEG,Flakings,,0.9973,0.9948,0.0,True
C:\Users\acous\Desktop\sih2026\Railway Track Surface Faults Dataset\Flakings\1.MOV_20201221091849_5429.JPEG,1.MOV_20201221091849_5429.JPEG,Flakings,,0.9996,0.9992,0.0,True
C:\Users\acous\Desktop\sih2026\Railway Track Surface Faults Dataset\Flakings\1.MOV_20201221091849_5430.JPEG,1.MOV_20201221091849_5430.JPEG,Flakings,,0.9998,0.9996,0.0,True
C:\Users\acous\Desktop\sih2026\Railway Track Surface Faults Dataset\Flakings\1.MOV_20201221091849_5431.JPEG,1.MOV_20201221091849_5431.JPEG,Flakings,,0.9989,0.9981,0.0,True
C:\Users\acous\Desktop\sih2026\Railway Track Surface Faults Dataset\Flakings\1.MOV_20201221091849_5432.JPEG,1.MOV_20201221091849_5432.JPEG,Flakings,,0.9996,0.9993,0.0,True
C:\Users\acous\Desktop\sih2026\Railway Track Surface Faults Dataset\Flakings\1.MOV_20201221091849_5433.JPEG,1.MOV_20201221091849_5433.JPEG,Flakings,,0.9998,0.9997,0.0,True
C:\Users\acous\Desktop\sih2026\Railway Track Surface Faults Dataset\Flakings\1.MOV_20201221091849_5434.JPEG,1.MOV_20201221091849_5434.JPEG,Flakings,,0.9995,0.9992,0.0,True
C:\Users\acous\Desktop\sih2026\Railway Track Surface Faults Dataset\Flakings\1.MOV_20201221091849_5435.JPEG,1.MOV_20201221091849_5435.JPEG,Flakings,,0.9997,0.9994,0.0,True
C:\Users\acous\Desktop\sih2026\Railway Track Surface Faults Dataset\Flakings\1.MOV_20201221091849_5436.JPEG,1.MOV_20201221091849_5436.JPEG,Flakings,,0.9996,0.9993,0.0,True
C:\Users\acous\Desktop\sih2026\Railway Track Surface Faults Dataset\Flakings\1.MOV_20201221091849_5437.JPEG,1.MOV_20201221091849_5437.JPEG,Flakings,,0.9984,0.9971,0.0,True
C:\Users\acous\Desktop\sih2026\Railway Track Surface Faults Dataset\Flakings\1.MOV_20201221091849_5438.JPEG,1.MOV_20201221091849_5438.JPEG,Flakings,,0.9983,0.9967,0.0,True
C:\Users\acous\Desktop\sih2026\Railway Track Surface Faults Dataset\Flakings\1.MOV_20201221091849_5439.JPEG,1.MOV_20201221091849_5439.JPEG,Flakings,,0.9995,0.9991,0.0,True
C:\Users\acous\Desktop\sih2026\Railway Track Surface Faults Dataset\Flakings\1.MOV_20201221091849_5440.JPEG,1.MOV_20201221091849_5440.JPEG,Flakings,,0.9989,0.998,0.0,True
C:\Users\acous\Desktop\sih2026\Railway Track Surface Faults Dataset\Flakings\1.MOV_20201221091849_5441.JPEG,1.MOV_20201221091849_5441.JPEG,Flakings,,0.9994,0.9989,0.0,True
C:\Users\acous\Desktop\sih2026\Railway Track Surface Faults Dataset\Flakings\1.MOV_20201221091849_5442.JPEG,1.MOV_20201221091849_5442.JPEG,Flakings,,0.9997,0.9994,0.0,True
C:\Users\acous\Desktop\sih2026\Railway Track Surface Faults Dataset\Flakings\1.MOV_20201221091849_5443.JPEG,1.MOV_20201221091849_5443.JPEG,Flakings,,0.9998,0.9996,0.0,True
C:\Users\acous\Desktop\sih2026\Railway Track Surface Faults Dataset\Flakings\1.MOV_20201221091849_5444.JPEG,1.MOV_20201221091849_5444.JPEG,Flakings,,0.9991,0.9986,0.0,True
C:\Users\acous\Desktop\sih2026\Railway Track Surface Faults Dataset\Flakings\1.MOV_20201221091849_5445.JPEG,1.MOV_20201221091849_5445.JPEG,Flakings,,0.9952,0.991,0.0,True
C:\Users\acous\Desktop\sih2026\Railway Track Surface Faults Dataset\Flakings\1.MOV_20201221091849_5446.JPEG,1.MOV_20201221091849_5446.JPEG,Flakings,,0.9978,0.9957,0.0,True
C:\Users\acous\Desktop\sih2026\Railway Track Surface Faults Dataset\Flakings\1.MOV_20201221091849_5447.JPEG,1.MOV_20201221091849_5447.JPEG,Flakings,,0.9986,0.9973,0.0,True
C:\Users\acous\Desktop\sih2026\Railway Track Surface Faults Dataset\Flakings\1.MOV_20201221091849_5448.JPEG,1.MOV_20201221091849_5448.JPEG,Flakings,,0.9998,0.9996,0.0,True
C:\Users\acous\Desktop\sih2026\Railway Track Surface Faults Dataset\Flakings\1.MOV_20201221091849_5449.JPEG,1.MOV_20201221091849_5449.JPEG,Flakings,,0.9986,0.9972,0.0,True
C:\Users\acous\Desktop\sih2026\Railway Track Surface Faults Dataset\Flakings\1.MOV_20201221091849_5450.JPEG,1.MOV_20201221091849_5450.JPEG,Flakings,,0.9999,0.9999,0.0,True
C:\Users\acous\Desktop\sih2026\Railway Track Surface Faults Dataset\Flakings\1.MOV_20201221091849_5451.JPEG,1.MOV_20201221091849_5451.JPEG,Flakings,,0.9999,0.9999,0.0,True
C:\Users\acous\Desktop\sih2026\Railway Track Surface Faults Dataset\Flakings\1.MOV_20201221091849_5452.JPEG,1.MOV_20201221091849_5452.JPEG,Flakings,,0.9998,0.9996,0.0,True
C:\Users\acous\Desktop\sih2026\Railway Track Surface Faults Dataset\Flakings\1.MOV_20201221091849_5453.JPEG,1.MOV_20201221091849_5453.JPEG,Flakings,,0.9997,0.9994,0.0,True
C:\Users\acous\Desktop\sih2026\Railway Track Surface Faults Dataset\Flakings\1.MOV_20201221091849_5454.JPEG,1.MOV_20201221091849_5454.JPEG,Flakings,,0.9987,0.9975,0.0,True
C:\Users\acous\Desktop\sih2026\Railway Track Surface Faults Dataset\Flakings\1.MOV_20201221091849_5455.JPEG,1.MOV_20201221091849_5455.JPEG,Flakings,,0.9994,0.999,0.0,True
C:\Users\acous\Desktop\sih2026\Railway Track Surface Faults Dataset\Flakings\1.MOV_20201221091849_5456.JPEG,1.MOV_20201221091849_5456.JPEG,Flakings,,0.9995,0.9991,0.0,True
C:\Users\acous\Desktop\sih2026\Railway Track Surface Faults Dataset\Flakings\1.MOV_20201221091849_5457.JPEG,1.MOV_20201221091849_5457.JPEG,Flakings,,0.9996,0.9992,0.0,True
C:\Users\acous\Desktop\sih2026\Railway Track Surface Faults Dataset\Flakings\1.MOV_20201221091849_5458.JPEG,1.MOV_20201221091849_5458.JPEG,Flakings,,0.9997,0.9994,0.0,True
C:\Users\acous\Desktop\sih2026\Railway Track Surface Faults Dataset\Flakings\1.MOV_20201221091849_5459.JPEG,1.MOV_20201221091849_5459.JPEG,Flakings,,0.9997,0.9994,0.0,True
C:\Users\acous\Desktop\sih2026\Railway Track Surface Faults Dataset\Flakings\1.MOV_20201221091849_5460.JPEG,1.MOV_20201221091849_5460.JPEG,Flakings,,0.9996,0.9992,0.0,True
C:\Users\acous\Desktop\sih2026\Railway Track Surface Faults Dataset\Flakings\1.MOV_20201221091849_5461.JPEG,1.MOV_20201221091849_5461.JPEG,Flakings,,0.9997,0.9994,0.0,True
C:\Users\acous\Desktop\sih2026\Railway Track Surface Faults Dataset\Flakings\1.MOV_20201221091849_5462.JPEG,1.MOV_20201221091849_5462.JPEG,Flakings,,0.9997,0.9994,0.0,True
C:\Users\acous\Desktop\sih2026\Railway Track Surface Faults Dataset\Flakings\1.MOV_20201221091849_5463.JPEG,1.MOV_20201221091849_5463.JPEG,Flakings,,0.9998,0.9997,0.0,True
C:\Users\acous\Desktop\sih2026\Railway Track Surface Faults Dataset\Flakings\1.MOV_20201221091849_5464.JPEG,1.MOV_20201221091849_5464.JPEG,Flakings,,0.9998,0.9996,0.0,True
C:\Users\acous\Desktop\sih2026\Railway Track Surface Faults Dataset\Flakings\1.MOV_20201221091849_5465.JPEG,1.MOV_20201221091849_5465.JPEG,Flakings,,0.9999,0.9998,0.0,True
C:\Users\acous\Desktop\sih2026\Railway Track Surface Faults Dataset\Flakings\1.MOV_20201221091849_5466.JPEG,1.MOV_20201221091849_5466.JPEG,Flakings,,0.9999,0.9998,0.0,True
C:\Users\acous\Desktop\sih2026\Railway Track Surface Faults Dataset\Flakings\1.MOV_20201221091849_5467.JPEG,1.MOV_20201221091849_5467.JPEG,Flakings,,0.9999,0.9998,0.0,True
C:\Users\acous\Desktop\sih2026\Railway Track Surface Faults Dataset\Flakings\1.MOV_20201221091849_5468.JPEG,1.MOV_20201221091849_5468.JPEG,Flakings,,0.9999,0.9998,0.0,True
C:\Users\acous\Desktop\sih2026\Railway Track Surface Faults Dataset\Flakings\1.MOV_20201221091849_5469.JPEG,1.MOV_20201221091849_5469.JPEG,Flakings,,0.9999,0.9998,0.0,True
C:\Users\acous\Desktop\sih2026\Railway Track Surface Faults Dataset\Flakings\1.MOV_20201221091849_5470.JPEG,1.MOV_20201221091849_5470.JPEG,Flakings,,0.9998,0.9997,0.0,True
C:\Users\acous\Desktop\sih2026\Railway Track Surface Faults Dataset\Flakings\1.MOV_20201221091849_5471.JPEG,1.MOV_20201221091849_5471.JPEG,Flakings,,1.0,1.0,0.0,True
C:\Users\acous\Desktop\sih2026\Railway Track Surface Faults Dataset\Flakings\1.MOV_20201221091849_5472.JPEG,1.MOV_20201221091849_5472.JPEG,Flakings,,1.0,1.0,0.0,True
C:\Users\acous\Desktop\sih2026\Railway Track Surface Faults Dataset\Flakings\1.MOV_20201221091849_5473.JPEG,1.MOV_20201221091849_5473.JPEG,Flakings,,0.9999,0.9999,0.0,True
C:\Users\acous\Desktop\sih2026\Railway Track Surface Faults Dataset\Flakings\1.MOV_20201221091849_5474.JPEG,1.MOV_20201221091849_5474.JPEG,Flakings,,1.0,1.0,0.0,True
C:\Users\acous\Desktop\sih2026\Railway Track Surface Faults Dataset\Flakings\1.MOV_20201221091849_5475.JPEG,1.MOV_20201221091849_5475.JPEG,Flakings,,1.0,1.0,0.0,True
C:\Users\acous\Desktop\sih2026\Railway Track Surface Faults Dataset\Flakings\1.MOV_20201221091849_5476.JPEG,1.MOV_20201221091849_5476.JPEG,Flakings,,0.9999,0.9998,0.0,True
C:\Users\acous\Desktop\sih2026\Railway Track Surface Faults Dataset\Flakings\1.MOV_20201221091849_5477.JPEG,1.MOV_20201221091849_5477.JPEG,Flakings,,0.9999,0.9998,0.0,True
C:\Users\acous\Desktop\sih2026\Railway Track Surface Faults Dataset\Flakings\1.MOV_20201221091849_5478.JPEG,1.MOV_20201221091849_5478.JPEG,Flakings,,0.9993,0.9988,0.0,True
C:\Users\acous\Desktop\sih2026\Railway Track Surface Faults Dataset\Flakings\1.MOV_20201221091849_5479.JPEG,1.MOV_20201221091849_5479.JPEG,Flakings,,0.9989,0.9982,0.0,True
C:\Users\acous\Desktop\sih2026\Railway Track Surface Faults Dataset\Flakings\1.MOV_20201221091849_5480.JPEG,1.MOV_20201221091849_5480.JPEG,Flakings,,0.9998,0.9997,0.0,True
C:\Users\acous\Desktop\sih2026\Railway Track Surface Faults Dataset\Flakings\1.MOV_20201221091849_5481.JPEG,1.MOV_20201221091849_5481.JPEG,Flakings,,0.9995,0.9991,0.0,True
C:\Users\acous\Desktop\sih2026\Railway Track Surface Faults Dataset\Flakings\1.MOV_20201221091849_5482.JPEG,1.MOV_20201221091849_5482.JPEG,Flakings,,0.9993,0.9989,0.0,True
C:\Users\acous\Desktop\sih2026\Railway Track Surface Faults Dataset\Flakings\1.MOV_20201221091849_5483.JPEG,1.MOV_20201221091849_5483.JPEG,Flakings,,0.9997,0.9994,0.0,True
C:\Users\acous\Desktop\sih2026\Railway Track Surface Faults Dataset\Flakings\1.MOV_20201221091849_5484.JPEG,1.MOV_20201221091849_5484.JPEG,Flakings,,0.9993,0.9987,0.0,True
C:\Users\acous\Desktop\sih2026\Railway Track Surface Faults Dataset\Flakings\1.MOV_20201221091849_5485.JPEG,1.MOV_20201221091849_5485.JPEG,Flakings,,0.9987,0.9974,0.0,True
C:\Users\acous\Desktop\sih2026\Railway Track Surface Faults Dataset\Flakings\1.MOV_20201221091849_5486.JPEG,1.MOV_20201221091849_5486.JPEG,Flakings,,0.9978,0.9956,0.0,True
C:\Users\acous\Desktop\sih2026\Railway Track Surface Faults Dataset\Flakings\1.MOV_20201221091849_5487.JPEG,1.MOV_20201221091849_5487.JPEG,Flakings,,0.9982,0.9964,0.0,True
C:\Users\acous\Desktop\sih2026\Railway Track Surface Faults Dataset\Flakings\1.MOV_20201221091849_5488.JPEG,1.MOV_20201221091849_5488.JPEG,Flakings,,0.9975,0.995,0.0,True
C:\Users\acous\Desktop\sih2026\Railway Track Surface Faults Dataset\Flakings\1.MOV_20201221091849_5489.JPEG,1.MOV_20201221091849_5489.JPEG,Flakings,,0.9981,0.9962,0.0,True
C:\Users\acous\Desktop\sih2026\Railway Track Surface Faults Dataset\Flakings\1.MOV_20201221091849_5490.JPEG,1.MOV_20201221091849_5490.JPEG,Flakings,,0.9938,0.9877,0.0,True
C:\Users\acous\Desktop\sih2026\Railway Track Surface Faults Dataset\Flakings\1.MOV_20201221091849_5491.JPEG,1.MOV_20201221091849_5491.JPEG,Flakings,,0.9975,0.995,0.0,True
C:\Users\acous\Desktop\sih2026\Railway Track Surface Faults Dataset\Flakings\1.MOV_20201221091849_5492.JPEG,1.MOV_20201221091849_5492.JPEG,Flakings,,0.9932,0.9865,0.0,True
C:\Users\acous\Desktop\sih2026\Railway Track Surface Faults Dataset\Flakings\1.MOV_20201221091849_5493.JPEG,1.MOV_20201221091849_5493.JPEG,Flakings,,0.9292,0.8584,0.0,True
C:\Users\acous\Desktop\sih2026\Railway Track Surface Faults Dataset\Flakings\1.MOV_20201221091849_5494.JPEG,1.MOV_20201221091849_5494.JPEG,Flakings,,0.996,0.9921,0.0,True
C:\Users\acous\Desktop\sih2026\Railway Track Surface Faults Dataset\Flakings\1.MOV_20201221091849_5495.JPEG,1.MOV_20201221091849_5495.JPEG,Flakings,,0.9929,0.9858,0.0,True
C:\Users\acous\Desktop\sih2026\Railway Track Surface Faults Dataset\Flakings\1.MOV_20201221091849_5496.JPEG,1.MOV_20201221091849_5496.JPEG,Flakings,,0.9744,0.9489,0.0,True
C:\Users\acous\Desktop\sih2026\Railway Track Surface Faults Dataset\Flakings\1.MOV_20201221091849_5497.JPEG,1.MOV_20201221091849_5497.JPEG,Flakings,,0.9927,0.9855,0.0,True
C:\Users\acous\Desktop\sih2026\Railway Track Surface Faults Dataset\Flakings\1.MOV_20201221091849_5498.JPEG,1.MOV_20201221091849_5498.JPEG,Flakings,,0.9956,0.9913,0.0,True
C:\Users\acous\Desktop\sih2026\Railway Track Surface Faults Dataset\Flakings\1.MOV_20201221091849_5499.JPEG,1.MOV_20201221091849_5499.JPEG,Flakings,,0.9959,0.9919,0.0,True
C:\Users\acous\Desktop\sih2026\Railway Track Surface Faults Dataset\Flakings\1.MOV_20201221091849_5500.JPEG,1.MOV_20201221091849_5500.JPEG,Flakings,,0.9825,0.9651,0.0,True
C:\Users\acous\Desktop\sih2026\Railway Track Surface Faults Dataset\Flakings\1.MOV_20201221091849_5501.JPEG,1.MOV_20201221091849_5501.JPEG,Flakings,,0.9728,0.9547,0.0,True
C:\Users\acous\Desktop\sih2026\Railway Track Surface Faults Dataset\Flakings\1.MOV_20201221091849_5510.JPEG,1.MOV_20201221091849_5510.JPEG,Flakings,,0.9964,0.9929,0.0,True
C:\Users\acous\Desktop\sih2026\Railway Track Surface Faults Dataset\Flakings\1.MOV_20201221091849_5511.JPEG,1.MOV_20201221091849_5511.JPEG,Flakings,,0.9938,0.9877,0.0,True
C:\Users\acous\Desktop\sih2026\Railway Track Surface Faults Dataset\Flakings\1.MOV_20201221091849_5512.JPEG,1.MOV_20201221091849_5512.JPEG,Flakings,,0.9972,0.9944,0.0,True
C:\Users\acous\Desktop\sih2026\Railway Track Surface Faults Dataset\Flakings\1.MOV_20201221091849_5513.JPEG,1.MOV_20201221091849_5513.JPEG,Flakings,,0.9972,0.9944,0.0,True
C:\Users\acous\Desktop\sih2026\Railway Track Surface Faults Dataset\Flakings\1.MOV_20201221091849_5514.JPEG,1.MOV_20201221091849_5514.JPEG,Flakings,,0.9972,0.9944,0.0,True
C:\Users\acous\Desktop\sih2026\Railway Track Surface Faults Dataset\Flakings\1.MOV_20201221091849_5515.JPEG,1.MOV_20201221091849_5515.JPEG,Flakings,,0.995,0.9901,0.0,True
C:\Users\acous\Desktop\sih2026\Railway Track Surface Faults Dataset\Flakings\1.MOV_20201221091849_5516.JPEG,1.MOV_20201221091849_5516.JPEG,Flakings,,0.995,0.99,0.0,True
C:\Users\acous\Desktop\sih2026\Railway Track Surface Faults Dataset\Flakings\1.MOV_20201221091849_5517.JPEG,1.MOV_20201221091849_5517.JPEG,Flakings,,0.998,0.996,0.0,True
C:\Users\acous\Desktop\sih2026\Railway Track Surface Faults Dataset\Flakings\1.MOV_20201221091849_5518.JPEG,1.MOV_20201221091849_5518.JPEG,Flakings,,0.9929,0.9858,0.0,True
C:\Users\acous\Desktop\sih2026\Railway Track Surface Faults Dataset\Flakings\1.MOV_20201221091849_5519.JPEG,1.MOV_20201221091849_5519.JPEG,Flakings,,0.9967,0.9935,0.0,True
C:\Users\acous\Desktop\sih2026\Railway Track Surface Faults Dataset\Flakings\1.MOV_20201221091849_5520.JPEG,1.MOV_20201221091849_5520.JPEG,Flakings,,0.9924,0.9851,0.0,True
C:\Users\acous\Desktop\sih2026\Railway Track Surface Faults Dataset\Flakings\1.MOV_20201221091849_5521.JPEG,1.MOV_20201221091849_5521.JPEG,Flakings,,0.9908,0.9833,0.0,True
C:\Users\acous\Desktop\sih2026\Railway Track Surface Faults Dataset\Flakings\1.MOV_20201221091849_5522.JPEG,1.MOV_20201221091849_5522.JPEG,Flakings,,0.9462,0.9052,0.0,True
C:\Users\acous\Desktop\sih2026\Railway Track Surface Faults Dataset\Flakings\1.MOV_20201221091849_5523.JPEG,1.MOV_20201221091849_5523.JPEG,Flakings,,0.9619,0.9282,0.0,True
C:\Users\acous\Desktop\sih2026\Railway Track Surface Faults Dataset\Flakings\1.MOV_20201221091849_5524.JPEG,1.MOV_20201221091849_5524.JPEG,Flakings,,0.9851,0.9718,0.0,True
C:\Users\acous\Desktop\sih2026\Railway Track Surface Faults Dataset\Flakings\1.MOV_20201221091849_5525.JPEG,1.MOV_20201221091849_5525.JPEG,Flakings,,0.9972,0.9952,0.0,True
C:\Users\acous\Desktop\sih2026\Railway Track Surface Faults Dataset\Flakings\1.MOV_20201221091849_5526.JPEG,1.MOV_20201221091849_5526.JPEG,Flakings,,0.9958,0.9923,0.0,True
C:\Users\acous\Desktop\sih2026\Railway Track Surface Faults Dataset\Flakings\1.MOV_20201221091849_5527.JPEG,1.MOV_20201221091849_5527.JPEG,Flakings,,0.9822,0.966,0.0,True
C:\Users\acous\Desktop\sih2026\Railway Track Surface Faults Dataset\Flakings\1.MOV_20201221091849_5528.JPEG,1.MOV_20201221091849_5528.JPEG,Flakings,,0.9721,0.9496,0.0,True
C:\Users\acous\Desktop\sih2026\Railway Track Surface Faults Dataset\Flakings\1.MOV_20201221091849_5529.JPEG,1.MOV_20201221091849_5529.JPEG,Flakings,,0.9988,0.998,0.0,True
C:\Users\acous\Desktop\sih2026\Railway Track Surface Faults Dataset\Flakings\1.MOV_20201221091849_5530.JPEG,1.MOV_20201221091849_5530.JPEG,Flakings,,0.9975,0.9961,0.0,True
C:\Users\acous\Desktop\sih2026\Railway Track Surface Faults Dataset\Flakings\1.MOV_20201221091849_5531.JPEG,1.MOV_20201221091849_5531.JPEG,Flakings,,0.9949,0.9922,0.0,True
C:\Users\acous\Desktop\sih2026\Railway Track Surface Faults Dataset\Flakings\1.MOV_20201221091849_5532.JPEG,1.MOV_20201221091849_5532.JPEG,Flakings,,0.9998,0.9997,0.0,True
C:\Users\acous\Desktop\sih2026\Railway Track Surface Faults Dataset\Flakings\1.MOV_20201221091849_5533.JPEG,1.MOV_20201221091849_5533.JPEG,Flakings,,0.9904,0.9853,0.0,True
C:\Users\acous\Desktop\sih2026\Railway Track Surface Faults Dataset\Flakings\1.MOV_20201221091849_5534.JPEG,1.MOV_20201221091849_5534.JPEG,Flakings,,0.9993,0.9988,0.0,True
C:\Users\acous\Desktop\sih2026\Railway Track Surface Faults Dataset\Flakings\1.MOV_20201221091849_5535.JPEG,1.MOV_20201221091849_5535.JPEG,Flakings,,0.9966,0.9938,0.0,True
C:\Users\acous\Desktop\sih2026\Railway Track Surface Faults Dataset\Flakings\1.MOV_20201221091849_5536.JPEG,1.MOV_20201221091849_5536.JPEG,Flakings,,0.9983,0.9969,0.0,True
C:\Users\acous\Desktop\sih2026\Railway Track Surface Faults Dataset\Flakings\1.MOV_20201221091849_5537.JPEG,1.MOV_20201221091849_5537.JPEG,Flakings,,0.9959,0.9939,0.0,True
C:\Users\acous\Desktop\sih2026\Railway Track Surface Faults Dataset\Flakings\1.MOV_20201221091849_5538.JPEG,1.MOV_20201221091849_5538.JPEG,Flakings,,0.9981,0.9963,0.0,True
C:\Users\acous\Desktop\sih2026\Railway Track Surface Faults Dataset\Flakings\1.MOV_20201221091849_5539.JPEG,1.MOV_20201221091849_5539.JPEG,Flakings,,0.9976,0.9954,0.0,True
C:\Users\acous\Desktop\sih2026\Railway Track Surface Faults Dataset\Flakings\1.MOV_20201221091849_5540.JPEG,1.MOV_20201221091849_5540.JPEG,Flakings,,0.9992,0.9984,0.0,True
C:\Users\acous\Desktop\sih2026\Railway Track Surface Faults Dataset\Flakings\1.MOV_20201221091849_5541.JPEG,1.MOV_20201221091849_5541.JPEG,Flakings,,0.9986,0.9972,0.0,True
C:\Users\acous\Desktop\sih2026\Railway Track Surface Faults Dataset\Flakings\1.MOV_20201221091849_5542.JPEG,1.MOV_20201221091849_5542.JPEG,Flakings,,0.9988,0.9976,0.0,True
C:\Users\acous\Desktop\sih2026\Railway Track Surface Faults Dataset\Flakings\1.MOV_20201221091849_5543.JPEG,1.MOV_20201221091849_5543.JPEG,Flakings,,0.995,0.99,0.0,True
C:\Users\acous\Desktop\sih2026\Railway Track Surface Faults Dataset\Flakings\1.MOV_20201221091849_5544.JPEG,1.MOV_20201221091849_5544.JPEG,Flakings,,0.9966,0.9932,0.0,True
C:\Users\acous\Desktop\sih2026\Railway Track Surface Faults Dataset\Flakings\1.MOV_20201221091849_5545.JPEG,1.MOV_20201221091849_5545.JPEG,Flakings,,0.9968,0.9936,0.0,True
C:\Users\acous\Desktop\sih2026\Railway Track Surface Faults Dataset\Flakings\1.MOV_20201221091849_5546.JPEG,1.MOV_20201221091849_5546.JPEG,Flakings,,0.9943,0.9886,0.0,True
C:\Users\acous\Desktop\sih2026\Railway Track Surface Faults Dataset\Flakings\1.MOV_20201221091849_5547.JPEG,1.MOV_20201221091849_5547.JPEG,Flakings,,0.9917,0.9835,0.0,True
C:\Users\acous\Desktop\sih2026\Railway Track Surface Faults Dataset\Flakings\1.MOV_20201221091849_5548.JPEG,1.MOV_20201221091849_5548.JPEG,Flakings,,0.9425,0.8853,0.0,True
C:\Users\acous\Desktop\sih2026\Railway Track Surface Faults Dataset\Flakings\1.MOV_20201221091849_5549.JPEG,1.MOV_20201221091849_5549.JPEG,Flakings,,0.9795,0.9592,0.0,True
C:\Users\acous\Desktop\sih2026\Railway Track Surface Faults Dataset\Flakings\1.MOV_20201221091849_5550.JPEG,1.MOV_20201221091849_5550.JPEG,Flakings,,0.9974,0.9949,0.0,True
C:\Users\acous\Desktop\sih2026\Railway Track Surface Faults Dataset\Flakings\1.MOV_20201221091849_5551.JPEG,1.MOV_20201221091849_5551.JPEG,Flakings,,0.995,0.9905,0.0,True
C:\Users\acous\Desktop\sih2026\Railway Track Surface Faults Dataset\Flakings\1.MOV_20201221091849_5552.JPEG,1.MOV_20201221091849_5552.JPEG,Flakings,,0.9721,0.9448,0.0,True
C:\Users\acous\Desktop\sih2026\Railway Track Surface Faults Dataset\Flakings\1.MOV_20201221091849_5553.JPEG,1.MOV_20201221091849_5553.JPEG,Flakings,,0.954,0.9116,0.0,True
C:\Users\acous\Desktop\sih2026\Railway Track Surface Faults Dataset\Flakings\1.MOV_20201221091849_5554.JPEG,1.MOV_20201221091849_5554.JPEG,Flakings,,0.951,0.9043,0.0,True
C:\Users\acous\Desktop\sih2026\Railway Track Surface Faults Dataset\Flakings\1.MOV_20201221091849_5555.JPEG,1.MOV_20201221091849_5555.JPEG,Flakings,,0.9571,0.9145,0.0,True
C:\Users\acous\Desktop\sih2026\Railway Track Surface Faults Dataset\Flakings\1.MOV_20201221091849_5556.JPEG,1.MOV_20201221091849_5556.JPEG,Flakings,,0.9148,0.8299,0.0,True
C:\Users\acous\Desktop\sih2026\Railway Track Surface Faults Dataset\Flakings\1.MOV_20201221091849_5557.JPEG,1.MOV_20201221091849_5557.JPEG,Flakings,,0.8464,0.6931,0.0,True
C:\Users\acous\Desktop\sih2026\Railway Track Surface Faults Dataset\Flakings\1.MOV_20201221091849_5558.JPEG,1.MOV_20201221091849_5558.JPEG,Flakings,,0.8267,0.6536,0.0,True
C:\Users\acous\Desktop\sih2026\Railway Track Surface Faults Dataset\Flakings\1.MOV_20201221091849_5559.JPEG,1.MOV_20201221091849_5559.JPEG,Flakings,,0.9461,0.8923,0.0,True
C:\Users\acous\Desktop\sih2026\Railway Track Surface Faults Dataset\Flakings\1.MOV_20201221091849_5560.JPEG,1.MOV_20201221091849_5560.JPEG,Flakings,,0.9042,0.8085,0.0,True
C:\Users\acous\Desktop\sih2026\Railway Track Surface Faults Dataset\Flakings\1.MOV_20201221091849_5561.JPEG,1.MOV_20201221091849_5561.JPEG,Flakings,,0.5393,0.0788,0.0,True
C:\Users\acous\Desktop\sih2026\Railway Track Surface Faults Dataset\Flakings\1.MOV_20201221091849_5562.JPEG,1.MOV_20201221091849_5562.JPEG,Flakings,,0.8503,0.7008,0.0,True
C:\Users\acous\Desktop\sih2026\Railway Track Surface Faults Dataset\Flakings\1.MOV_20201221091849_5563.JPEG,1.MOV_20201221091849_5563.JPEG,Flakings,,0.9747,0.9499,0.0,True
C:\Users\acous\Desktop\sih2026\Railway Track Surface Faults Dataset\Flakings\1.MOV_20201221091849_5564.JPEG,1.MOV_20201221091849_5564.JPEG,Flakings,,0.968,0.9371,0.0,True
C:\Users\acous\Desktop\sih2026\Railway Track Surface Faults Dataset\Flakings\1.MOV_20201221091849_5565.JPEG,1.MOV_20201221091849_5565.JPEG,Flakings,,0.9245,0.8534,0.0,True
C:\Users\acous\Desktop\sih2026\Railway Track Surface Faults Dataset\Flakings\1.MOV_20201221091849_5566.JPEG,1.MOV_20201221091849_5566.JPEG,Flakings,,0.8421,0.685,0.0,True
C:\Users\acous\Desktop\sih2026\Railway Track Surface Faults Dataset\Flakings\1.MOV_20201221091849_5567.JPEG,1.MOV_20201221091849_5567.JPEG,Flakings,,0.995,0.9903,0.0,True
C:\Users\acous\Desktop\sih2026\Railway Track Surface Faults Dataset\Flakings\1.MOV_20201221091849_5568.JPEG,1.MOV_20201221091849_5568.JPEG,Flakings,,0.9951,0.9903,0.0,True
C:\Users\acous\Desktop\sih2026\Railway Track Surface Faults Dataset\Flakings\1.MOV_20201221091849_5569.JPEG,1.MOV_20201221091849_5569.JPEG,Flakings,,0.9966,0.9932,0.0,True
C:\Users\acous\Desktop\sih2026\Railway Track Surface Faults Dataset\Flakings\1.MOV_20201221091849_5570.JPEG,1.MOV_20201221091849_5570.JPEG,Flakings,,0.9985,0.997,0.0,True
C:\Users\acous\Desktop\sih2026\Railway Track Surface Faults Dataset\Flakings\1.MOV_20201221091849_5571.JPEG,1.MOV_20201221091849_5571.JPEG,Flakings,,0.9971,0.9943,0.0,True
C:\Users\acous\Desktop\sih2026\Railway Track Surface Faults Dataset\Flakings\1.MOV_20201221091849_5572.JPEG,1.MOV_20201221091849_5572.JPEG,Flakings,,0.9612,0.9226,0.0,True
C:\Users\acous\Desktop\sih2026\Railway Track Surface Faults Dataset\Flakings\1.MOV_20201221091849_5573.JPEG,1.MOV_20201221091849_5573.JPEG,Flakings,,0.9854,0.9708,0.0,True
C:\Users\acous\Desktop\sih2026\Railway Track Surface Faults Dataset\Flakings\1.MOV_20201221091849_5574.JPEG,1.MOV_20201221091849_5574.JPEG,Flakings,,0.9898,0.9801,0.0,True
C:\Users\acous\Desktop\sih2026\Railway Track Surface Faults Dataset\Flakings\1.MOV_20201221091849_5575.JPEG,1.MOV_20201221091849_5575.JPEG,Flakings,,0.825,0.6507,0.0,True
C:\Users\acous\Desktop\sih2026\Railway Track Surface Faults Dataset\Flakings\1.MOV_20201221091849_5576.JPEG,1.MOV_20201221091849_5576.JPEG,Flakings,,0.9849,0.97,0.0,True
C:\Users\acous\Desktop\sih2026\Railway Track Surface Faults Dataset\Flakings\1.MOV_20201221091849_5577.JPEG,1.MOV_20201221091849_5577.JPEG,Flakings,,0.9851,0.9704,0.0,True
C:\Users\acous\Desktop\sih2026\Railway Track Surface Faults Dataset\Flakings\1.MOV_20201221091849_5578.JPEG,1.MOV_20201221091849_5578.JPEG,Flakings,,0.5222,0.0457,0.0,True
C:\Users\acous\Desktop\sih2026\Railway Track Surface Faults Dataset\Flakings\1.MOV_20201221091849_5579.JPEG,1.MOV_20201221091849_5579.JPEG,Flakings,,0.884,0.7689,0.0,True
C:\Users\acous\Desktop\sih2026\Railway Track Surface Faults Dataset\Flakings\1.MOV_20201221091849_5580.JPEG,1.MOV_20201221091849_5580.JPEG,Flakings,,0.9418,0.8855,0.0,True
C:\Users\acous\Desktop\sih2026\Railway Track Surface Faults Dataset\Flakings\1.MOV_20201221091849_5581.JPEG,1.MOV_20201221091849_5581.JPEG,Flakings,,0.9839,0.9683,0.0,True
C:\Users\acous\Desktop\sih2026\Railway Track Surface Faults Dataset\Flakings\1.MOV_20201221091849_5582.JPEG,1.MOV_20201221091849_5582.JPEG,Flakings,,0.9338,0.8692,0.0,True
C:\Users\acous\Desktop\sih2026\Railway Track Surface Faults Dataset\Flakings\1.MOV_20201221091849_5583.JPEG,1.MOV_20201221091849_5583.JPEG,Flakings,,0.9205,0.8422,0.0,True
C:\Users\acous\Desktop\sih2026\Railway Track Surface Faults Dataset\Flakings\1.MOV_20201221091849_5584.JPEG,1.MOV_20201221091849_5584.JPEG,Flakings,,0.6074,0.215,0.0,True
C:\Users\acous\Desktop\sih2026\Railway Track Surface Faults Dataset\Flakings\1.MOV_20201221091849_5585.JPEG,1.MOV_20201221091849_5585.JPEG,Flakings,,0.9695,0.9391,0.0,True
C:\Users\acous\Desktop\sih2026\Railway Track Surface Faults Dataset\Flakings\1.MOV_20201221091849_5586.JPEG,1.MOV_20201221091849_5586.JPEG,Flakings,,0.7922,0.5851,0.0,True
C:\Users\acous\Desktop\sih2026\Railway Track Surface Faults Dataset\Flakings\1.MOV_20201221091849_5587.JPEG,1.MOV_20201221091849_5587.JPEG,Flakings,,0.6567,0.3138,0.0,True
C:\Users\acous\Desktop\sih2026\Railway Track Surface Faults Dataset\Flakings\1.MOV_20201221091849_5588.JPEG,1.MOV_20201221091849_5588.JPEG,Flakings,,0.8773,0.7547,0.0,True
C:\Users\acous\Desktop\sih2026\Railway Track Surface Faults Dataset\Flakings\1.MOV_20201221091849_5589.JPEG,1.MOV_20201221091849_5589.JPEG,Flakings,,0.9406,0.8812,0.0,True
C:\Users\acous\Desktop\sih2026\Railway Track Surface Faults Dataset\Flakings\1.MOV_20201221091849_5590.JPEG,1.MOV_20201221091849_5590.JPEG,Flakings,,0.9695,0.939,0.0,True
C:\Users\acous\Desktop\sih2026\Railway Track Surface Faults Dataset\Flakings\1.MOV_20201221091849_5591.JPEG,1.MOV_20201221091849_5591.JPEG,Flakings,,0.9497,0.8996,0.0,True
C:\Users\acous\Desktop\sih2026\Railway Track Surface Faults Dataset\Flakings\1.MOV_20201221091849_5592.JPEG,1.MOV_20201221091849_5592.JPEG,Flakings,,0.9541,0.9085,0.0,True
C:\Users\acous\Desktop\sih2026\Railway Track Surface Faults Dataset\Flakings\1.MOV_20201221091849_5593.JPEG,1.MOV_20201221091849_5593.JPEG,Flakings,,0.9641,0.9283,0.0,True
C:\Users\acous\Desktop\sih2026\Railway Track Surface Faults Dataset\Flakings\1.MOV_20201221091849_5602.JPEG,1.MOV_20201221091849_5602.JPEG,Flakings,,0.9994,0.999,0.0,True
C:\Users\acous\Desktop\sih2026\Railway Track Surface Faults Dataset\Flakings\1.MOV_20201221091849_5603.JPEG,1.MOV_20201221091849_5603.JPEG,Flakings,,0.9992,0.9988,0.0,True
C:\Users\acous\Desktop\sih2026\Railway Track Surface Faults Dataset\Flakings\1.MOV_20201221091849_5604.JPEG,1.MOV_20201221091849_5604.JPEG,Flakings,,0.9965,0.9943,0.0,True
C:\Users\acous\Desktop\sih2026\Railway Track Surface Faults Dataset\Flakings\1.MOV_20201221091849_5605.JPEG,1.MOV_20201221091849_5605.JPEG,Flakings,,0.995,0.9905,0.0,True
C:\Users\acous\Desktop\sih2026\Railway Track Surface Faults Dataset\Flakings\1.MOV_20201221091849_5606.JPEG,1.MOV_20201221091849_5606.JPEG,Flakings,,0.9947,0.9903,0.0,True
C:\Users\acous\Desktop\sih2026\Railway Track Surface Faults Dataset\Flakings\1.MOV_20201221091849_5607.JPEG,1.MOV_20201221091849_5607.JPEG,Flakings,,0.991,0.9822,0.0,True
C:\Users\acous\Desktop\sih2026\Railway Track Surface Faults Dataset\Flakings\1.MOV_20201221091849_5608.JPEG,1.MOV_20201221091849_5608.JPEG,Flakings,,0.987,0.9747,0.0,True
C:\Users\acous\Desktop\sih2026\Railway Track Surface Faults Dataset\Flakings\1.MOV_20201221091849_5609.JPEG,1.MOV_20201221091849_5609.JPEG,Flakings,,0.9826,0.9657,0.0,True
C:\Users\acous\Desktop\sih2026\Railway Track Surface Faults Dataset\Flakings\1.MOV_20201221091849_5610.JPEG,1.MOV_20201221091849_5610.JPEG,Flakings,,0.9675,0.9353,0.0,True
C:\Users\acous\Desktop\sih2026\Railway Track Surface Faults Dataset\Flakings\1.MOV_20201221091849_5617.JPEG,1.MOV_20201221091849_5617.JPEG,Flakings,,0.7754,0.551,0.0,True
C:\Users\acous\Desktop\sih2026\Railway Track Surface Faults Dataset\Flakings\1.MOV_20201221091849_5625.JPEG,1.MOV_20201221091849_5625.JPEG,Flakings,,0.9107,0.8225,0.0,True
C:\Users\acous\Desktop\sih2026\Railway Track Surface Faults Dataset\Flakings\1.MOV_20201221091849_5626.JPEG,1.MOV_20201221091849_5626.JPEG,Flakings,,0.9578,0.9166,0.0,True
C:\Users\acous\Desktop\sih2026\Railway Track Surface Faults Dataset\Flakings\1.MOV_20201221091849_5627.JPEG,1.MOV_20201221091849_5627.JPEG,Flakings,,0.9205,0.8439,0.0,True
C:\Users\acous\Desktop\sih2026\Railway Track Surface Faults Dataset\Flakings\1.MOV_20201221091849_5768.JPEG,1.MOV_20201221091849_5768.JPEG,Flakings,,0.9848,0.9727,0.0,True
C:\Users\acous\Desktop\sih2026\Railway Track Surface Faults Dataset\Flakings\1.MOV_20201221091849_5769.JPEG,1.MOV_20201221091849_5769.JPEG,Flakings,,0.9498,0.9197,0.0,True
C:\Users\acous\Desktop\sih2026\Railway Track Surface Faults Dataset\Flakings\1.MOV_20201221091849_5770.JPEG,1.MOV_20201221091849_5770.JPEG,Flakings,,0.9879,0.979,0.0,True
C:\Users\acous\Desktop\sih2026\Railway Track Surface Faults Dataset\Flakings\1.MOV_20201221091849_5771.JPEG,1.MOV_20201221091849_5771.JPEG,Flakings,,0.9705,0.9453,0.0,True
C:\Users\acous\Desktop\sih2026\Railway Track Surface Faults Dataset\Flakings\1.MOV_20201221091849_5772.JPEG,1.MOV_20201221091849_5772.JPEG,Flakings,,0.9886,0.982,0.0,True
C:\Users\acous\Desktop\sih2026\Railway Track Surface Faults Dataset\Flakings\1.MOV_20201221091849_5773.JPEG,1.MOV_20201221091849_5773.JPEG,Flakings,,0.9954,0.9924,0.0,True
C:\Users\acous\Desktop\sih2026\Railway Track Surface Faults Dataset\Flakings\1.MOV_20201221091849_5774.JPEG,1.MOV_20201221091849_5774.JPEG,Flakings,,0.9885,0.9777,0.0,True
C:\Users\acous\Desktop\sih2026\Railway Track Surface Faults Dataset\Flakings\1.MOV_20201221091849_5775.JPEG,1.MOV_20201221091849_5775.JPEG,Flakings,,0.9934,0.9893,0.0,True
C:\Users\acous\Desktop\sih2026\Railway Track Surface Faults Dataset\Flakings\1.MOV_20201221091849_5776.JPEG,1.MOV_20201221091849_5776.JPEG,Flakings,,0.9958,0.9931,0.0,True
C:\Users\acous\Desktop\sih2026\Railway Track Surface Faults Dataset\Flakings\1.MOV_20201221091849_5777.JPEG,1.MOV_20201221091849_5777.JPEG,Flakings,,0.9973,0.9958,0.0,True
C:\Users\acous\Desktop\sih2026\Railway Track Surface Faults Dataset\Flakings\1.MOV_20201221091849_5778.JPEG,1.MOV_20201221091849_5778.JPEG,Flakings,,0.9994,0.9989,0.0,True
C:\Users\acous\Desktop\sih2026\Railway Track Surface Faults Dataset\Flakings\1.MOV_20201221091849_5779.JPEG,1.MOV_20201221091849_5779.JPEG,Flakings,,0.9917,0.9873,0.0,True
C:\Users\acous\Desktop\sih2026\Railway Track Surface Faults Dataset\Flakings\1.MOV_20201221091849_5780.JPEG,1.MOV_20201221091849_5780.JPEG,Flakings,,0.9802,0.9641,0.0,True
C:\Users\acous\Desktop\sih2026\Railway Track Surface Faults Dataset\Flakings\1.MOV_20201221091849_5781.JPEG,1.MOV_20201221091849_5781.JPEG,Flakings,,0.9761,0.9608,0.0,True
C:\Users\acous\Desktop\sih2026\Railway Track Surface Faults Dataset\Flakings\1.MOV_20201221091849_5782.JPEG,1.MOV_20201221091849_5782.JPEG,Flakings,,0.8039,0.6872,0.0,True
C:\Users\acous\Desktop\sih2026\Railway Track Surface Faults Dataset\Flakings\1.MOV_20201221091849_5783.JPEG,1.MOV_20201221091849_5783.JPEG,Flakings,,0.8943,0.8395,0.0,True
C:\Users\acous\Desktop\sih2026\Railway Track Surface Faults Dataset\Flakings\1.MOV_20201221091849_5784.JPEG,1.MOV_20201221091849_5784.JPEG,Flakings,,0.9757,0.9619,0.0,True
C:\Users\acous\Desktop\sih2026\Railway Track Surface Faults Dataset\Flakings\1.MOV_20201221091849_5785.JPEG,1.MOV_20201221091849_5785.JPEG,Flakings,,0.9894,0.9841,0.0,True
C:\Users\acous\Desktop\sih2026\Railway Track Surface Faults Dataset\Flakings\1.MOV_20201221091849_5786.JPEG,1.MOV_20201221091849_5786.JPEG,Flakings,,0.985,0.9713,0.0,True
C:\Users\acous\Desktop\sih2026\Railway Track Surface Faults Dataset\Flakings\1.MOV_20201221091849_5787.JPEG,1.MOV_20201221091849_5787.JPEG,Flakings,,0.9913,0.9866,0.0,True
C:\Users\acous\Desktop\sih2026\Railway Track Surface Faults Dataset\Flakings\1.MOV_20201221091849_5788.JPEG,1.MOV_20201221091849_5788.JPEG,Flakings,,0.986,0.9754,0.0,True
C:\Users\acous\Desktop\sih2026\Railway Track Surface Faults Dataset\Flakings\1.MOV_20201221091849_5789.JPEG,1.MOV_20201221091849_5789.JPEG,Flakings,,0.7367,0.481,0.0,True
C:\Users\acous\Desktop\sih2026\Railway Track Surface Faults Dataset\Flakings\1.MOV_20201221091849_5790.JPEG,1.MOV_20201221091849_5790.JPEG,Flakings,,0.9906,0.9836,0.0,True
C:\Users\acous\Desktop\sih2026\Railway Track Surface Faults Dataset\Flakings\1.MOV_20201221091849_5791.JPEG,1.MOV_20201221091849_5791.JPEG,Flakings,,0.9865,0.9763,0.0,True
C:\Users\acous\Desktop\sih2026\Railway Track Surface Faults Dataset\Flakings\1.MOV_20201221091849_5792.JPEG,1.MOV_20201221091849_5792.JPEG,Flakings,,0.9872,0.9767,0.0,True
C:\Users\acous\Desktop\sih2026\Railway Track Surface Faults Dataset\Flakings\1.MOV_20201221091849_5793.JPEG,1.MOV_20201221091849_5793.JPEG,Flakings,,0.9897,0.9798,0.0,True
C:\Users\acous\Desktop\sih2026\Railway Track Surface Faults Dataset\Flakings\1.MOV_20201221091849_5794.JPEG,1.MOV_20201221091849_5794.JPEG,Flakings,,0.9985,0.9977,0.0,True
C:\Users\acous\Desktop\sih2026\Railway Track Surface Faults Dataset\Flakings\1.MOV_20201221091849_5795.JPEG,1.MOV_20201221091849_5795.JPEG,Flakings,,0.9995,0.9992,0.0,True
C:\Users\acous\Desktop\sih2026\Railway Track Surface Faults Dataset\Flakings\1.MOV_20201221091849_5796.JPEG,1.MOV_20201221091849_5796.JPEG,Flakings,,0.9996,0.9994,0.0,True
C:\Users\acous\Desktop\sih2026\Railway Track Surface Faults Dataset\Flakings\1.MOV_20201221091849_5797.JPEG,1.MOV_20201221091849_5797.JPEG,Flakings,,0.9993,0.9987,0.0,True
C:\Users\acous\Desktop\sih2026\Railway Track Surface Faults Dataset\Flakings\1.MOV_20201221091849_5798.JPEG,1.MOV_20201221091849_5798.JPEG,Flakings,,0.9993,0.9986,0.0,True
C:\Users\acous\Desktop\sih2026\Railway Track Surface Faults Dataset\Flakings\1.MOV_20201221091849_5799.JPEG,1.MOV_20201221091849_5799.JPEG,Flakings,,0.9997,0.9995,0.0,True
C:\Users\acous\Desktop\sih2026\Railway Track Surface Faults Dataset\Flakings\1.MOV_20201221091849_5800.JPEG,1.MOV_20201221091849_5800.JPEG,Flakings,,0.9998,0.9996,0.0,True
C:\Users\acous\Desktop\sih2026\Railway Track Surface Faults Dataset\Flakings\1.MOV_20201221091849_5801.JPEG,1.MOV_20201221091849_5801.JPEG,Flakings,,0.9999,0.9998,0.0,True
C:\Users\acous\Desktop\sih2026\Railway Track Surface Faults Dataset\Flakings\1.MOV_20201221091849_5802.JPEG,1.MOV_20201221091849_5802.JPEG,Flakings,,0.9999,0.9998,0.0,True
C:\Users\acous\Desktop\sih2026\Railway Track Surface Faults Dataset\Flakings\1.MOV_20201221091849_5803.JPEG,1.MOV_20201221091849_5803.JPEG,Flakings,,0.9999,0.9998,0.0,True
C:\Users\acous\Desktop\sih2026\Railway Track Surface Faults Dataset\Flakings\1.MOV_20201221091849_5804.JPEG,1.MOV_20201221091849_5804.JPEG,Flakings,,0.9998,0.9996,0.0,True
C:\Users\acous\Desktop\sih2026\Railway Track Surface Faults Dataset\Flakings\1.MOV_20201221091849_5805.JPEG,1.MOV_20201221091849_5805.JPEG,Flakings,,0.9998,0.9996,0.0,True
C:\Users\acous\Desktop\sih2026\Railway Track Surface Faults Dataset\Flakings\1.MOV_20201221091849_5806.JPEG,1.MOV_20201221091849_5806.JPEG,Flakings,,0.9999,0.9998,0.0,True
C:\Users\acous\Desktop\sih2026\Railway Track Surface Faults Dataset\Flakings\1.MOV_20201221091849_5807.JPEG,1.MOV_20201221091849_5807.JPEG,Flakings,,0.9999,0.9998,0.0,True
C:\Users\acous\Desktop\sih2026\Railway Track Surface Faults Dataset\Flakings\1.MOV_20201221091849_5808.JPEG,1.MOV_20201221091849_5808.JPEG,Flakings,,0.9998,0.9996,0.0,True
C:\Users\acous\Desktop\sih2026\Railway Track Surface Faults Dataset\Flakings\1.MOV_20201221091849_5809.JPEG,1.MOV_20201221091849_5809.JPEG,Flakings,,0.9993,0.9988,0.0,True
C:\Users\acous\Desktop\sih2026\Railway Track Surface Faults Dataset\Flakings\1.MOV_20201221091849_5810.JPEG,1.MOV_20201221091849_5810.JPEG,Flakings,,0.9989,0.9979,0.0,True
C:\Users\acous\Desktop\sih2026\Railway Track Surface Faults Dataset\Flakings\1.MOV_20201221091849_5811.JPEG,1.MOV_20201221091849_5811.JPEG,Flakings,,0.9991,0.9982,0.0,True
C:\Users\acous\Desktop\sih2026\Railway Track Surface Faults Dataset\Flakings\1.MOV_20201221091849_5812.JPEG,1.MOV_20201221091849_5812.JPEG,Flakings,,0.9995,0.999,0.0,True
C:\Users\acous\Desktop\sih2026\Railway Track Surface Faults Dataset\Flakings\1.MOV_20201221091849_5813.JPEG,1.MOV_20201221091849_5813.JPEG,Flakings,,0.9995,0.999,0.0,True
C:\Users\acous\Desktop\sih2026\Railway Track Surface Faults Dataset\Flakings\1.MOV_20201221091849_5814.JPEG,1.MOV_20201221091849_5814.JPEG,Flakings,,0.9997,0.9994,0.0,True
C:\Users\acous\Desktop\sih2026\Railway Track Surface Faults Dataset\Flakings\1.MOV_20201221091849_5815.JPEG,1.MOV_20201221091849_5815.JPEG,Flakings,,0.9997,0.9995,0.0,True
C:\Users\acous\Desktop\sih2026\Railway Track Surface Faults Dataset\Flakings\1.MOV_20201221091849_5816.JPEG,1.MOV_20201221091849_5816.JPEG,Flakings,,0.9997,0.9995,0.0,True
C:\Users\acous\Desktop\sih2026\Railway Track Surface Faults Dataset\Flakings\1.MOV_20201221091849_5817.JPEG,1.MOV_20201221091849_5817.JPEG,Flakings,,0.9998,0.9996,0.0,True
C:\Users\acous\Desktop\sih2026\Railway Track Surface Faults Dataset\Flakings\1.MOV_20201221091849_5818.JPEG,1.MOV_20201221091849_5818.JPEG,Flakings,,0.9998,0.9996,0.0,True
C:\Users\acous\Desktop\sih2026\Railway Track Surface Faults Dataset\Flakings\1.MOV_20201221091849_5819.JPEG,1.MOV_20201221091849_5819.JPEG,Flakings,,0.9999,0.9998,0.0,True
C:\Users\acous\Desktop\sih2026\Railway Track Surface Faults Dataset\Flakings\1.MOV_20201221091849_5820.JPEG,1.MOV_20201221091849_5820.JPEG,Flakings,,0.9999,0.9998,0.0,True
C:\Users\acous\Desktop\sih2026\Railway Track Surface Faults Dataset\Flakings\1.MOV_20201221091849_5821.JPEG,1.MOV_20201221091849_5821.JPEG,Flakings,,0.9998,0.9996,0.0,True
C:\Users\acous\Desktop\sih2026\Railway Track Surface Faults Dataset\Flakings\1.MOV_20201221091849_5822.JPEG,1.MOV_20201221091849_5822.JPEG,Flakings,,0.9997,0.9994,0.0,True
C:\Users\acous\Desktop\sih2026\Railway Track Surface Faults Dataset\Flakings\1.MOV_20201221091849_5823.JPEG,1.MOV_20201221091849_5823.JPEG,Flakings,,0.9997,0.9995,0.0,True
C:\Users\acous\Desktop\sih2026\Railway Track Surface Faults Dataset\Flakings\1.MOV_20201221091849_5824.JPEG,1.MOV_20201221091849_5824.JPEG,Flakings,,0.9995,0.9991,0.0,True
C:\Users\acous\Desktop\sih2026\Railway Track Surface Faults Dataset\Flakings\1.MOV_20201221091849_5825.JPEG,1.MOV_20201221091849_5825.JPEG,Flakings,,0.9996,0.9993,0.0,True
C:\Users\acous\Desktop\sih2026\Railway Track Surface Faults Dataset\Flakings\1.MOV_20201221091849_5826.JPEG,1.MOV_20201221091849_5826.JPEG,Flakings,,0.9998,0.9997,0.0,True
C:\Users\acous\Desktop\sih2026\Railway Track Surface Faults Dataset\Flakings\1.MOV_20201221091849_5827.JPEG,1.MOV_20201221091849_5827.JPEG,Flakings,,0.9963,0.9927,0.0,True
C:\Users\acous\Desktop\sih2026\Railway Track Surface Faults Dataset\Flakings\1.MOV_20201221091849_5828.JPEG,1.MOV_20201221091849_5828.JPEG,Flakings,,0.9993,0.9987,0.0,True
C:\Users\acous\Desktop\sih2026\Railway Track Surface Faults Dataset\Flakings\1.MOV_20201221091849_5829.JPEG,1.MOV_20201221091849_5829.JPEG,Flakings,,0.9999,0.9998,0.0,True
C:\Users\acous\Desktop\sih2026\Railway Track Surface Faults Dataset\Flakings\1.MOV_20201221091849_5830.JPEG,1.MOV_20201221091849_5830.JPEG,Flakings,,0.9999,0.9999,0.0,True
C:\Users\acous\Desktop\sih2026\Railway Track Surface Faults Dataset\Flakings\1.MOV_20201221091849_5831.JPEG,1.MOV_20201221091849_5831.JPEG,Flakings,,0.9997,0.9995,0.0,True
C:\Users\acous\Desktop\sih2026\Railway Track Surface Faults Dataset\Flakings\1.MOV_20201221091849_5832.JPEG,1.MOV_20201221091849_5832.JPEG,Flakings,,0.9988,0.9982,0.0,True
C:\Users\acous\Desktop\sih2026\Railway Track Surface Faults Dataset\Flakings\1.MOV_20201221091849_5833.JPEG,1.MOV_20201221091849_5833.JPEG,Flakings,,0.9933,0.988,0.0,True
C:\Users\acous\Desktop\sih2026\Railway Track Surface Faults Dataset\Flakings\1.MOV_20201221091849_5834.JPEG,1.MOV_20201221091849_5834.JPEG,Flakings,,0.9989,0.9981,0.0,True
C:\Users\acous\Desktop\sih2026\Railway Track Surface Faults Dataset\Flakings\1.MOV_20201221091849_5835.JPEG,1.MOV_20201221091849_5835.JPEG,Flakings,,0.9996,0.9993,0.0,True
C:\Users\acous\Desktop\sih2026\Railway Track Surface Faults Dataset\Flakings\1.MOV_20201221091849_5836.JPEG,1.MOV_20201221091849_5836.JPEG,Flakings,,0.9994,0.999,0.0,True
C:\Users\acous\Desktop\sih2026\Railway Track Surface Faults Dataset\Flakings\1.MOV_20201221091849_5837.JPEG,1.MOV_20201221091849_5837.JPEG,Flakings,,0.9995,0.9991,0.0,True
C:\Users\acous\Desktop\sih2026\Railway Track Surface Faults Dataset\Flakings\1.MOV_20201221091849_5844.JPEG,1.MOV_20201221091849_5844.JPEG,Flakings,,0.999,0.9983,0.0,True
C:\Users\acous\Desktop\sih2026\Railway Track Surface Faults Dataset\Flakings\1.MOV_20201221091849_5845.JPEG,1.MOV_20201221091849_5845.JPEG,Flakings,,0.8967,0.7937,0.0,True
C:\Users\acous\Desktop\sih2026\Railway Track Surface Faults Dataset\Flakings\1.MOV_20201221091849_5846.JPEG,1.MOV_20201221091849_5846.JPEG,Flakings,,0.9937,0.9876,0.0,True
C:\Users\acous\Desktop\sih2026\Railway Track Surface Faults Dataset\Flakings\1.MOV_20201221091849_5847.JPEG,1.MOV_20201221091849_5847.JPEG,Flakings,,0.9964,0.9929,0.0,True
C:\Users\acous\Desktop\sih2026\Railway Track Surface Faults Dataset\Flakings\1.MOV_20201221091849_5848.JPEG,1.MOV_20201221091849_5848.JPEG,Flakings,,0.9797,0.9601,0.0,True
C:\Users\acous\Desktop\sih2026\Railway Track Surface Faults Dataset\Flakings\1.MOV_20201221091849_5849.JPEG,1.MOV_20201221091849_5849.JPEG,Flakings,,0.8949,0.7903,0.0,True
C:\Users\acous\Desktop\sih2026\Railway Track Surface Faults Dataset\Flakings\1.MOV_20201221091849_5850.JPEG,1.MOV_20201221091849_5850.JPEG,Flakings,,0.9949,0.9902,0.0,True
C:\Users\acous\Desktop\sih2026\Railway Track Surface Faults Dataset\Flakings\1.MOV_20201221091849_5851.JPEG,1.MOV_20201221091849_5851.JPEG,Flakings,,0.998,0.9963,0.0,True
C:\Users\acous\Desktop\sih2026\Railway Track Surface Faults Dataset\Flakings\1.MOV_20201221091849_5852.JPEG,1.MOV_20201221091849_5852.JPEG,Flakings,,0.9848,0.9711,0.0,True
C:\Users\acous\Desktop\sih2026\Railway Track Surface Faults Dataset\Flakings\1.MOV_20201221091849_5853.JPEG,1.MOV_20201221091849_5853.JPEG,Flakings,,0.9907,0.9827,0.0,True
C:\Users\acous\Desktop\sih2026\Railway Track Surface Faults Dataset\Flakings\1.MOV_20201221091849_5854.JPEG,1.MOV_20201221091849_5854.JPEG,Flakings,,0.9926,0.9864,0.0,True
C:\Users\acous\Desktop\sih2026\Railway Track Surface Faults Dataset\Flakings\1.MOV_20201221091849_5855.JPEG,1.MOV_20201221091849_5855.JPEG,Flakings,,0.9978,0.9967,0.0,True
C:\Users\acous\Desktop\sih2026\Railway Track Surface Faults Dataset\Flakings\1.MOV_20201221091849_5856.JPEG,1.MOV_20201221091849_5856.JPEG,Flakings,,0.9985,0.9978,0.0,True
C:\Users\acous\Desktop\sih2026\Railway Track Surface Faults Dataset\Flakings\1.MOV_20201221091849_5857.JPEG,1.MOV_20201221091849_5857.JPEG,Flakings,,0.9975,0.9955,0.0,True
C:\Users\acous\Desktop\sih2026\Railway Track Surface Faults Dataset\Flakings\1.MOV_20201221091849_5858.JPEG,1.MOV_20201221091849_5858.JPEG,Flakings,,0.9946,0.9895,0.0,True
C:\Users\acous\Desktop\sih2026\Railway Track Surface Faults Dataset\Flakings\1.MOV_20201221091849_5859.JPEG,1.MOV_20201221091849_5859.JPEG,Flakings,,0.9894,0.9792,0.0,True
C:\Users\acous\Desktop\sih2026\Railway Track Surface Faults Dataset\Flakings\1.MOV_20201221091849_5860.JPEG,1.MOV_20201221091849_5860.JPEG,Flakings,,0.9989,0.9981,0.0,True
C:\Users\acous\Desktop\sih2026\Railway Track Surface Faults Dataset\Flakings\1.MOV_20201221091849_5861.JPEG,1.MOV_20201221091849_5861.JPEG,Flakings,,0.9995,0.9992,0.0,True
C:\Users\acous\Desktop\sih2026\Railway Track Surface Faults Dataset\Flakings\1.MOV_20201221091849_5862.JPEG,1.MOV_20201221091849_5862.JPEG,Flakings,,0.9986,0.9978,0.0,True
C:\Users\acous\Desktop\sih2026\Railway Track Surface Faults Dataset\Flakings\1.MOV_20201221091849_5863.JPEG,1.MOV_20201221091849_5863.JPEG,Flakings,,0.9991,0.9984,0.0,True
C:\Users\acous\Desktop\sih2026\Railway Track Surface Faults Dataset\Flakings\1.MOV_20201221091849_5864.JPEG,1.MOV_20201221091849_5864.JPEG,Flakings,,0.9994,0.9991,0.0,True
C:\Users\acous\Desktop\sih2026\Railway Track Surface Faults Dataset\Flakings\1.MOV_20201221091849_5865.JPEG,1.MOV_20201221091849_5865.JPEG,Flakings,,0.9993,0.9988,0.0,True
C:\Users\acous\Desktop\sih2026\Railway Track Surface Faults Dataset\Flakings\1.MOV_20201221091849_5866.JPEG,1.MOV_20201221091849_5866.JPEG,Flakings,,0.9997,0.9995,0.0,True
C:\Users\acous\Desktop\sih2026\Railway Track Surface Faults Dataset\Flakings\1.MOV_20201221091849_5867.JPEG,1.MOV_20201221091849_5867.JPEG,Flakings,,0.9993,0.999,0.0,True
C:\Users\acous\Desktop\sih2026\Railway Track Surface Faults Dataset\Flakings\1.MOV_20201221091849_5868.JPEG,1.MOV_20201221091849_5868.JPEG,Flakings,,0.9997,0.9995,0.0,True
C:\Users\acous\Desktop\sih2026\Railway Track Surface Faults Dataset\Flakings\1.MOV_20201221091849_5869.JPEG,1.MOV_20201221091849_5869.JPEG,Flakings,,0.9997,0.9995,0.0,True
C:\Users\acous\Desktop\sih2026\Railway Track Surface Faults Dataset\Flakings\1.MOV_20201221091849_5870.JPEG,1.MOV_20201221091849_5870.JPEG,Flakings,,0.9999,0.9999,0.0,True
C:\Users\acous\Desktop\sih2026\Railway Track Surface Faults Dataset\Flakings\1.MOV_20201221091849_5871.JPEG,1.MOV_20201221091849_5871.JPEG,Flakings,,0.9999,0.9999,0.0,True
C:\Users\acous\Desktop\sih2026\Railway Track Surface Faults Dataset\Flakings\1.MOV_20201221091849_5872.JPEG,1.MOV_20201221091849_5872.JPEG,Flakings,,0.9994,0.999,0.0,True
C:\Users\acous\Desktop\sih2026\Railway Track Surface Faults Dataset\Flakings\1.MOV_20201221091849_5873.JPEG,1.MOV_20201221091849_5873.JPEG,Flakings,,0.9986,0.9974,0.0,True
C:\Users\acous\Desktop\sih2026\Railway Track Surface Faults Dataset\Flakings\1.MOV_20201221091849_5874.JPEG,1.MOV_20201221091849_5874.JPEG,Flakings,,0.9979,0.9959,0.0,True
C:\Users\acous\Desktop\sih2026\Railway Track Surface Faults Dataset\Flakings\1.MOV_20201221091849_5875.JPEG,1.MOV_20201221091849_5875.JPEG,Flakings,,0.9958,0.992,0.0,True
C:\Users\acous\Desktop\sih2026\Railway Track Surface Faults Dataset\Flakings\1.MOV_20201221091849_5876.JPEG,1.MOV_20201221091849_5876.JPEG,Flakings,,0.9993,0.9987,0.0,True
C:\Users\acous\Desktop\sih2026\Railway Track Surface Faults Dataset\Flakings\1.MOV_20201221091849_5883.JPEG,1.MOV_20201221091849_5883.JPEG,Flakings,,0.9998,0.9996,0.0,True
C:\Users\acous\Desktop\sih2026\Railway Track Surface Faults Dataset\Flakings\1.MOV_20201221091849_5884.JPEG,1.MOV_20201221091849_5884.JPEG,Flakings,,0.9991,0.9986,0.0,True
C:\Users\acous\Desktop\sih2026\Railway Track Surface Faults Dataset\Flakings\1.MOV_20201221091849_5885.JPEG,1.MOV_20201221091849_5885.JPEG,Flakings,,0.9932,0.9876,0.0,True
C:\Users\acous\Desktop\sih2026\Railway Track Surface Faults Dataset\Flakings\1.MOV_20201221091849_5886.JPEG,1.MOV_20201221091849_5886.JPEG,Flakings,,0.998,0.9967,0.0,True
C:\Users\acous\Desktop\sih2026\Railway Track Surface Faults Dataset\Flakings\1.MOV_20201221091849_5887.JPEG,1.MOV_20201221091849_5887.JPEG,Flakings,,0.999,0.9983,0.0,True
C:\Users\acous\Desktop\sih2026\Railway Track Surface Faults Dataset\Flakings\1.MOV_20201221091849_5888.JPEG,1.MOV_20201221091849_5888.JPEG,Flakings,,0.9988,0.9978,0.0,True
C:\Users\acous\Desktop\sih2026\Railway Track Surface Faults Dataset\Flakings\1.MOV_20201221091849_5889.JPEG,1.MOV_20201221091849_5889.JPEG,Flakings,,0.9993,0.9987,0.0,True
C:\Users\acous\Desktop\sih2026\Railway Track Surface Faults Dataset\Flakings\1.MOV_20201221091849_5890.JPEG,1.MOV_20201221091849_5890.JPEG,Flakings,,0.9995,0.9992,0.0,True
C:\Users\acous\Desktop\sih2026\Railway Track Surface Faults Dataset\Flakings\1.MOV_20201221091849_5891.JPEG,1.MOV_20201221091849_5891.JPEG,Flakings,,0.9993,0.9988,0.0,True
C:\Users\acous\Desktop\sih2026\Railway Track Surface Faults Dataset\Flakings\1.MOV_20201221091849_5892.JPEG,1.MOV_20201221091849_5892.JPEG,Flakings,,0.9973,0.9954,0.0,True
C:\Users\acous\Desktop\sih2026\Railway Track Surface Faults Dataset\Flakings\1.MOV_20201221091849_5893.JPEG,1.MOV_20201221091849_5893.JPEG,Flakings,,0.9966,0.9941,0.0,True
C:\Users\acous\Desktop\sih2026\Railway Track Surface Faults Dataset\Flakings\1.MOV_20201221091849_5894.JPEG,1.MOV_20201221091849_5894.JPEG,Flakings,,0.9987,0.9977,0.0,True
C:\Users\acous\Desktop\sih2026\Railway Track Surface Faults Dataset\Flakings\1.MOV_20201221091849_5895.JPEG,1.MOV_20201221091849_5895.JPEG,Flakings,,0.9987,0.9977,0.0,True
C:\Users\acous\Desktop\sih2026\Railway Track Surface Faults Dataset\Flakings\1.MOV_20201221091849_5896.JPEG,1.MOV_20201221091849_5896.JPEG,Flakings,,0.9984,0.9976,0.0,True
C:\Users\acous\Desktop\sih2026\Railway Track Surface Faults Dataset\Flakings\1.MOV_20201221091849_5897.JPEG,1.MOV_20201221091849_5897.JPEG,Flakings,,0.9971,0.9957,0.0,True
C:\Users\acous\Desktop\sih2026\Railway Track Surface Faults Dataset\Flakings\1.MOV_20201221091849_5898.JPEG,1.MOV_20201221091849_5898.JPEG,Flakings,,0.9963,0.9939,0.0,True
C:\Users\acous\Desktop\sih2026\Railway Track Surface Faults Dataset\Flakings\1.MOV_20201221091849_5899.JPEG,1.MOV_20201221091849_5899.JPEG,Flakings,,0.9946,0.99,0.0,True
C:\Users\acous\Desktop\sih2026\Railway Track Surface Faults Dataset\Flakings\1.MOV_20201221091849_5900.JPEG,1.MOV_20201221091849_5900.JPEG,Flakings,,0.998,0.9964,0.0,True
C:\Users\acous\Desktop\sih2026\Railway Track Surface Faults Dataset\Flakings\1.MOV_20201221091849_5901.JPEG,1.MOV_20201221091849_5901.JPEG,Flakings,,0.9995,0.9991,0.0,True
C:\Users\acous\Desktop\sih2026\Railway Track Surface Faults Dataset\Flakings\1.MOV_20201221091849_5902.JPEG,1.MOV_20201221091849_5902.JPEG,Flakings,,0.9975,0.9958,0.0,True
C:\Users\acous\Desktop\sih2026\Railway Track Surface Faults Dataset\Flakings\1.MOV_20201221091849_5903.JPEG,1.MOV_20201221091849_5903.JPEG,Flakings,,0.9965,0.9941,0.0,True
C:\Users\acous\Desktop\sih2026\Railway Track Surface Faults Dataset\Flakings\1.MOV_20201221091849_5904.JPEG,1.MOV_20201221091849_5904.JPEG,Flakings,,0.9989,0.9982,0.0,True
C:\Users\acous\Desktop\sih2026\Railway Track Surface Faults Dataset\Flakings\1.MOV_20201221091849_5905.JPEG,1.MOV_20201221091849_5905.JPEG,Flakings,,0.999,0.9983,0.0,True
C:\Users\acous\Desktop\sih2026\Railway Track Surface Faults Dataset\Flakings\1.MOV_20201221091849_5906.JPEG,1.MOV_20201221091849_5906.JPEG,Flakings,,0.9994,0.9989,0.0,True
C:\Users\acous\Desktop\sih2026\Railway Track Surface Faults Dataset\Flakings\1.MOV_20201221091849_5907.JPEG,1.MOV_20201221091849_5907.JPEG,Flakings,,0.9962,0.9936,0.0,True
C:\Users\acous\Desktop\sih2026\Railway Track Surface Faults Dataset\Flakings\1.MOV_20201221091849_5908.JPEG,1.MOV_20201221091849_5908.JPEG,Flakings,,0.9984,0.9973,0.0,True
C:\Users\acous\Desktop\sih2026\Railway Track Surface Faults Dataset\Flakings\1.MOV_20201221091849_5909.JPEG,1.MOV_20201221091849_5909.JPEG,Flakings,,0.9986,0.9975,0.0,True
C:\Users\acous\Desktop\sih2026\Railway Track Surface Faults Dataset\Flakings\1.MOV_20201221091849_5910.JPEG,1.MOV_20201221091849_5910.JPEG,Flakings,,0.9985,0.9974,0.0,True
C:\Users\acous\Desktop\sih2026\Railway Track Surface Faults Dataset\Flakings\1.MOV_20201221091849_5911.JPEG,1.MOV_20201221091849_5911.JPEG,Flakings,,0.9992,0.9985,0.0,True
C:\Users\acous\Desktop\sih2026\Railway Track Surface Faults Dataset\Flakings\1.MOV_20201221091849_5912.JPEG,1.MOV_20201221091849_5912.JPEG,Flakings,,0.9904,0.9831,0.0,True
C:\Users\acous\Desktop\sih2026\Railway Track Surface Faults Dataset\Flakings\1.MOV_20201221091849_5913.JPEG,1.MOV_20201221091849_5913.JPEG,Flakings,,0.9982,0.9968,0.0,True
C:\Users\acous\Desktop\sih2026\Railway Track Surface Faults Dataset\Flakings\1.MOV_20201221091849_5914.JPEG,1.MOV_20201221091849_5914.JPEG,Flakings,,0.9984,0.9971,0.0,True
C:\Users\acous\Desktop\sih2026\Railway Track Surface Faults Dataset\Flakings\1.MOV_20201221091849_5915.JPEG,1.MOV_20201221091849_5915.JPEG,Flakings,,0.9984,0.9971,0.0,True
C:\Users\acous\Desktop\sih2026\Railway Track Surface Faults Dataset\Flakings\1.MOV_20201221091849_5917.JPEG,1.MOV_20201221091849_5917.JPEG,Flakings,,0.9976,0.9962,0.0,True
C:\Users\acous\Desktop\sih2026\Railway Track Surface Faults Dataset\Flakings\1.MOV_20201221091849_5918.JPEG,1.MOV_20201221091849_5918.JPEG,Flakings,,0.9965,0.9946,0.0,True
C:\Users\acous\Desktop\sih2026\Railway Track Surface Faults Dataset\Flakings\1.MOV_20201221091849_5919.JPEG,1.MOV_20201221091849_5919.JPEG,Flakings,,0.9965,0.9936,0.0,True
C:\Users\acous\Desktop\sih2026\Railway Track Surface Faults Dataset\Flakings\1.MOV_20201221091849_5920.JPEG,1.MOV_20201221091849_5920.JPEG,Flakings,,0.9946,0.9896,0.0,True
C:\Users\acous\Desktop\sih2026\Railway Track Surface Faults Dataset\Flakings\1.MOV_20201221091849_5921.JPEG,1.MOV_20201221091849_5921.JPEG,Flakings,,0.9863,0.9744,0.0,True
C:\Users\acous\Desktop\sih2026\Railway Track Surface Faults Dataset\Flakings\1.MOV_20201221091849_5922.JPEG,1.MOV_20201221091849_5922.JPEG,Flakings,,0.9791,0.9658,0.0,True
C:\Users\acous\Desktop\sih2026\Railway Track Surface Faults Dataset\Flakings\1.MOV_20201221091849_5923.JPEG,1.MOV_20201221091849_5923.JPEG,Flakings,,0.9964,0.9936,0.0,True
C:\Users\acous\Desktop\sih2026\Railway Track Surface Faults Dataset\Flakings\1.MOV_20201221091849_5924.JPEG,1.MOV_20201221091849_5924.JPEG,Flakings,,0.9977,0.9958,0.0,True
C:\Users\acous\Desktop\sih2026\Railway Track Surface Faults Dataset\Flakings\1.MOV_20201221091849_5925.JPEG,1.MOV_20201221091849_5925.JPEG,Flakings,,0.9993,0.9988,0.0,True
C:\Users\acous\Desktop\sih2026\Railway Track Surface Faults Dataset\Flakings\1.MOV_20201221091849_5926.JPEG,1.MOV_20201221091849_5926.JPEG,Flakings,,0.9985,0.9973,0.0,True
C:\Users\acous\Desktop\sih2026\Railway Track Surface Faults Dataset\Flakings\1.MOV_20201221091849_5927.JPEG,1.MOV_20201221091849_5927.JPEG,Flakings,,0.9969,0.9942,0.0,True
C:\Users\acous\Desktop\sih2026\Railway Track Surface Faults Dataset\Flakings\1.MOV_20201221091849_5928.JPEG,1.MOV_20201221091849_5928.JPEG,Flakings,,0.9961,0.9925,0.0,True
C:\Users\acous\Desktop\sih2026\Railway Track Surface Faults Dataset\Flakings\1.MOV_20201221091849_5929.JPEG,1.MOV_20201221091849_5929.JPEG,Flakings,,0.9958,0.992,0.0,True
C:\Users\acous\Desktop\sih2026\Railway Track Surface Faults Dataset\Flakings\1.MOV_20201221091849_5930.JPEG,1.MOV_20201221091849_5930.JPEG,Flakings,,0.9968,0.994,0.0,True
C:\Users\acous\Desktop\sih2026\Railway Track Surface Faults Dataset\Flakings\1.MOV_20201221091849_5931.JPEG,1.MOV_20201221091849_5931.JPEG,Flakings,,0.9945,0.9894,0.0,True
C:\Users\acous\Desktop\sih2026\Railway Track Surface Faults Dataset\Flakings\1.MOV_20201221091849_5932.JPEG,1.MOV_20201221091849_5932.JPEG,Flakings,,0.9974,0.9953,0.0,True
C:\Users\acous\Desktop\sih2026\Railway Track Surface Faults Dataset\Flakings\1.MOV_20201221091849_5933.JPEG,1.MOV_20201221091849_5933.JPEG,Flakings,,0.9933,0.9894,0.0,True
C:\Users\acous\Desktop\sih2026\Railway Track Surface Faults Dataset\Flakings\1.MOV_20201221091849_5934.JPEG,1.MOV_20201221091849_5934.JPEG,Flakings,,0.9924,0.9859,0.0,True
C:\Users\acous\Desktop\sih2026\Railway Track Surface Faults Dataset\Flakings\1.MOV_20201221091849_5935.JPEG,1.MOV_20201221091849_5935.JPEG,Flakings,,0.9979,0.996,0.0,True
C:\Users\acous\Desktop\sih2026\Railway Track Surface Faults Dataset\Flakings\1.MOV_20201221091849_5936.JPEG,1.MOV_20201221091849_5936.JPEG,Flakings,,0.9965,0.9932,0.0,True
C:\Users\acous\Desktop\sih2026\Railway Track Surface Faults Dataset\Flakings\1.MOV_20201221091849_5937.JPEG,1.MOV_20201221091849_5937.JPEG,Flakings,,0.9992,0.9984,0.0,True
C:\Users\acous\Desktop\sih2026\Railway Track Surface Faults Dataset\Flakings\1.MOV_20201221091849_5938.JPEG,1.MOV_20201221091849_5938.JPEG,Flakings,,0.9961,0.9924,0.0,True
C:\Users\acous\Desktop\sih2026\Railway Track Surface Faults Dataset\Flakings\1.MOV_20201221091849_5939.JPEG,1.MOV_20201221091849_5939.JPEG,Flakings,,0.9993,0.9986,0.0,True
C:\Users\acous\Desktop\sih2026\Railway Track Surface Faults Dataset\Flakings\1.MOV_20201221091849_5940.JPEG,1.MOV_20201221091849_5940.JPEG,Flakings,,0.9983,0.9968,0.0,True
C:\Users\acous\Desktop\sih2026\Railway Track Surface Faults Dataset\Flakings\1.MOV_20201221091849_6085.JPEG,1.MOV_20201221091849_6085.JPEG,Flakings,,0.9976,0.9964,0.0,True
C:\Users\acous\Desktop\sih2026\Railway Track Surface Faults Dataset\Flakings\1.MOV_20201221091849_6086.JPEG,1.MOV_20201221091849_6086.JPEG,Flakings,,0.9953,0.993,0.0,True
C:\Users\acous\Desktop\sih2026\Railway Track Surface Faults Dataset\Flakings\1.MOV_20201221091849_6087.JPEG,1.MOV_20201221091849_6087.JPEG,Flakings,,0.9813,0.973,0.0,True
C:\Users\acous\Desktop\sih2026\Railway Track Surface Faults Dataset\Flakings\1.MOV_20201221091849_6088.JPEG,1.MOV_20201221091849_6088.JPEG,Flakings,,0.9966,0.9949,0.0,True
C:\Users\acous\Desktop\sih2026\Railway Track Surface Faults Dataset\Flakings\1.MOV_20201221091849_6089.JPEG,1.MOV_20201221091849_6089.JPEG,Flakings,,0.9887,0.9822,0.0,True
C:\Users\acous\Desktop\sih2026\Railway Track Surface Faults Dataset\Flakings\1.MOV_20201221091849_6090.JPEG,1.MOV_20201221091849_6090.JPEG,Flakings,,0.9796,0.9671,0.0,True
C:\Users\acous\Desktop\sih2026\Railway Track Surface Faults Dataset\Flakings\1.MOV_20201221091849_6091.JPEG,1.MOV_20201221091849_6091.JPEG,Flakings,,0.9832,0.9753,0.0,True
C:\Users\acous\Desktop\sih2026\Railway Track Surface Faults Dataset\Flakings\1.MOV_20201221091849_6092.JPEG,1.MOV_20201221091849_6092.JPEG,Flakings,,0.9741,0.9635,0.0,True
C:\Users\acous\Desktop\sih2026\Railway Track Surface Faults Dataset\Flakings\1.MOV_20201221091849_6093.JPEG,1.MOV_20201221091849_6093.JPEG,Flakings,,0.9938,0.9909,0.0,True
C:\Users\acous\Desktop\sih2026\Railway Track Surface Faults Dataset\Flakings\1.MOV_20201221091849_6094.JPEG,1.MOV_20201221091849_6094.JPEG,Flakings,,0.9958,0.9933,0.0,True
C:\Users\acous\Desktop\sih2026\Railway Track Surface Faults Dataset\Flakings\1.MOV_20201221091849_6095.JPEG,1.MOV_20201221091849_6095.JPEG,Flakings,,0.9987,0.9981,0.0,True
C:\Users\acous\Desktop\sih2026\Railway Track Surface Faults Dataset\Flakings\1.MOV_20201221091849_6096.JPEG,1.MOV_20201221091849_6096.JPEG,Flakings,,0.9989,0.9984,0.0,True
C:\Users\acous\Desktop\sih2026\Railway Track Surface Faults Dataset\Flakings\1.MOV_20201221091849_6097.JPEG,1.MOV_20201221091849_6097.JPEG,Flakings,,0.9962,0.9935,0.0,True
C:\Users\acous\Desktop\sih2026\Railway Track Surface Faults Dataset\Flakings\1.MOV_20201221091849_6098.JPEG,1.MOV_20201221091849_6098.JPEG,Flakings,,0.9191,0.8414,0.0,True
C:\Users\acous\Desktop\sih2026\Railway Track Surface Faults Dataset\Flakings\1.MOV_20201221091849_6099.JPEG,1.MOV_20201221091849_6099.JPEG,Flakings,,0.9825,0.968,0.0,True
C:\Users\acous\Desktop\sih2026\Railway Track Surface Faults Dataset\Flakings\1.MOV_20201221091849_6100.JPEG,1.MOV_20201221091849_6100.JPEG,Flakings,,0.9908,0.9864,0.0,True
C:\Users\acous\Desktop\sih2026\Railway Track Surface Faults Dataset\Flakings\1.MOV_20201221091849_6101.JPEG,1.MOV_20201221091849_6101.JPEG,Flakings,,0.9733,0.9598,0.0,True
C:\Users\acous\Desktop\sih2026\Railway Track Surface Faults Dataset\Flakings\1.MOV_20201221091849_6102.JPEG,1.MOV_20201221091849_6102.JPEG,Flakings,,0.9913,0.9867,0.0,True
C:\Users\acous\Desktop\sih2026\Railway Track Surface Faults Dataset\Flakings\1.MOV_20201221091849_6103.JPEG,1.MOV_20201221091849_6103.JPEG,Flakings,,0.9835,0.9684,0.0,True
C:\Users\acous\Desktop\sih2026\Railway Track Surface Faults Dataset\Flakings\1.MOV_20201221091849_6104.JPEG,1.MOV_20201221091849_6104.JPEG,Flakings,,0.9733,0.9487,0.0,True
C:\Users\acous\Desktop\sih2026\Railway Track Surface Faults Dataset\Flakings\1.MOV_20201221091849_6105.JPEG,1.MOV_20201221091849_6105.JPEG,Flakings,,0.9916,0.9839,0.0,True
C:\Users\acous\Desktop\sih2026\Railway Track Surface Faults Dataset\Flakings\1.MOV_20201221091849_6106.JPEG,1.MOV_20201221091849_6106.JPEG,Flakings,,0.9966,0.9934,0.0,True
C:\Users\acous\Desktop\sih2026\Railway Track Surface Faults Dataset\Flakings\1.MOV_20201221091849_6107.JPEG,1.MOV_20201221091849_6107.JPEG,Flakings,,0.994,0.9896,0.0,True
C:\Users\acous\Desktop\sih2026\Railway Track Surface Faults Dataset\Flakings\1.MOV_20201221091849_6108.JPEG,1.MOV_20201221091849_6108.JPEG,Flakings,,0.9843,0.9741,0.0,True
C:\Users\acous\Desktop\sih2026\Railway Track Surface Faults Dataset\Flakings\1.MOV_20201221091849_6109.JPEG,1.MOV_20201221091849_6109.JPEG,Flakings,,0.9891,0.9834,0.0,True
C:\Users\acous\Desktop\sih2026\Railway Track Surface Faults Dataset\Flakings\1.MOV_20201221091849_6110.JPEG,1.MOV_20201221091849_6110.JPEG,Flakings,,0.9893,0.9812,0.0,True
C:\Users\acous\Desktop\sih2026\Railway Track Surface Faults Dataset\Flakings\1.MOV_20201221091849_6111.JPEG,1.MOV_20201221091849_6111.JPEG,Flakings,,0.9511,0.9042,0.0,True
C:\Users\acous\Desktop\sih2026\Railway Track Surface Faults Dataset\Flakings\1.MOV_20201221091849_6112.JPEG,1.MOV_20201221091849_6112.JPEG,Flakings,,0.9774,0.9577,0.0,True
C:\Users\acous\Desktop\sih2026\Railway Track Surface Faults Dataset\Flakings\1.MOV_20201221091849_6118.JPEG,1.MOV_20201221091849_6118.JPEG,Flakings,,0.943,0.8868,0.0,True
C:\Users\acous\Desktop\sih2026\Railway Track Surface Faults Dataset\Flakings\1.MOV_20201221091849_6119.JPEG,1.MOV_20201221091849_6119.JPEG,Flakings,,0.9323,0.8701,0.0,True
C:\Users\acous\Desktop\sih2026\Railway Track Surface Faults Dataset\Flakings\1.MOV_20201221091849_6120.JPEG,1.MOV_20201221091849_6120.JPEG,Flakings,,0.9407,0.8895,0.0,True
C:\Users\acous\Desktop\sih2026\Railway Track Surface Faults Dataset\Flakings\1.MOV_20201221091849_6121.JPEG,1.MOV_20201221091849_6121.JPEG,Flakings,,0.982,0.9675,0.0,True
C:\Users\acous\Desktop\sih2026\Railway Track Surface Faults Dataset\Flakings\1.MOV_20201221091849_6122.JPEG,1.MOV_20201221091849_6122.JPEG,Flakings,,0.9605,0.9235,0.0,True
C:\Users\acous\Desktop\sih2026\Railway Track Surface Faults Dataset\Flakings\1.MOV_20201221091849_6123.JPEG,1.MOV_20201221091849_6123.JPEG,Flakings,,0.9654,0.9315,0.0,True
C:\Users\acous\Desktop\sih2026\Railway Track Surface Faults Dataset\Flakings\1.MOV_20201221091849_6124.JPEG,1.MOV_20201221091849_6124.JPEG,Flakings,,0.9898,0.9825,0.0,True
C:\Users\acous\Desktop\sih2026\Railway Track Surface Faults Dataset\Flakings\1.MOV_20201221091849_6125.JPEG,1.MOV_20201221091849_6125.JPEG,Flakings,,0.9922,0.9867,0.0,True
C:\Users\acous\Desktop\sih2026\Railway Track Surface Faults Dataset\Flakings\1.MOV_20201221091849_6126.JPEG,1.MOV_20201221091849_6126.JPEG,Flakings,,0.987,0.9766,0.0,True
C:\Users\acous\Desktop\sih2026\Railway Track Surface Faults Dataset\Flakings\1.MOV_20201221091849_6127.JPEG,1.MOV_20201221091849_6127.JPEG,Flakings,,0.9979,0.9962,0.0,True
C:\Users\acous\Desktop\sih2026\Railway Track Surface Faults Dataset\Flakings\1.MOV_20201221091849_6128.JPEG,1.MOV_20201221091849_6128.JPEG,Flakings,,0.9931,0.9866,0.0,True
C:\Users\acous\Desktop\sih2026\Railway Track Surface Faults Dataset\Flakings\1.MOV_20201221091849_6129.JPEG,1.MOV_20201221091849_6129.JPEG,Flakings,,0.9816,0.9638,0.0,True
C:\Users\acous\Desktop\sih2026\Railway Track Surface Faults Dataset\Flakings\1.MOV_20201221091849_6130.JPEG,1.MOV_20201221091849_6130.JPEG,Flakings,,0.9922,0.9847,0.0,True
C:\Users\acous\Desktop\sih2026\Railway Track Surface Faults Dataset\Flakings\1.MOV_20201221091849_6131.JPEG,1.MOV_20201221091849_6131.JPEG,Flakings,,0.9979,0.9958,0.0,True
C:\Users\acous\Desktop\sih2026\Railway Track Surface Faults Dataset\Flakings\1.MOV_20201221091849_6132.JPEG,1.MOV_20201221091849_6132.JPEG,Flakings,,0.9979,0.9959,0.0,True
C:\Users\acous\Desktop\sih2026\Railway Track Surface Faults Dataset\Flakings\1.MOV_20201221091849_6133.JPEG,1.MOV_20201221091849_6133.JPEG,Flakings,,0.9888,0.9795,0.0,True
C:\Users\acous\Desktop\sih2026\Railway Track Surface Faults Dataset\Flakings\1.MOV_20201221091849_6134.JPEG,1.MOV_20201221091849_6134.JPEG,Flakings,,0.997,0.9945,0.0,True
C:\Users\acous\Desktop\sih2026\Railway Track Surface Faults Dataset\Flakings\1.MOV_20201221091849_6135.JPEG,1.MOV_20201221091849_6135.JPEG,Flakings,,0.9979,0.997,0.0,True
C:\Users\acous\Desktop\sih2026\Railway Track Surface Faults Dataset\Flakings\1.MOV_20201221091849_6136.JPEG,1.MOV_20201221091849_6136.JPEG,Flakings,,0.9986,0.9977,0.0,True
C:\Users\acous\Desktop\sih2026\Railway Track Surface Faults Dataset\Flakings\1.MOV_20201221091849_6137.JPEG,1.MOV_20201221091849_6137.JPEG,Flakings,,0.954,0.9211,0.0,True
C:\Users\acous\Desktop\sih2026\Railway Track Surface Faults Dataset\Flakings\1.MOV_20201221091849_6138.JPEG,1.MOV_20201221091849_6138.JPEG,Flakings,,0.9205,0.8807,0.0,True
C:\Users\acous\Desktop\sih2026\Railway Track Surface Faults Dataset\Flakings\1.MOV_20201221091849_6139.JPEG,1.MOV_20201221091849_6139.JPEG,Flakings,,0.9776,0.9621,0.0,True
C:\Users\acous\Desktop\sih2026\Railway Track Surface Faults Dataset\Flakings\1.MOV_20201221091849_6140.JPEG,1.MOV_20201221091849_6140.JPEG,Flakings,,0.9953,0.9923,0.0,True
C:\Users\acous\Desktop\sih2026\Railway Track Surface Faults Dataset\Flakings\1.MOV_20201221091849_6141.JPEG,1.MOV_20201221091849_6141.JPEG,Flakings,,0.9921,0.9857,0.0,True
C:\Users\acous\Desktop\sih2026\Railway Track Surface Faults Dataset\Flakings\1.MOV_20201221091849_6142.JPEG,1.MOV_20201221091849_6142.JPEG,Flakings,,0.9807,0.9719,0.0,True
C:\Users\acous\Desktop\sih2026\Railway Track Surface Faults Dataset\Flakings\1.MOV_20201221091849_6143.JPEG,1.MOV_20201221091849_6143.JPEG,Flakings,,0.9985,0.9978,0.0,True
C:\Users\acous\Desktop\sih2026\Railway Track Surface Faults Dataset\Flakings\1.MOV_20201221091849_6144.JPEG,1.MOV_20201221091849_6144.JPEG,Flakings,,0.9989,0.9983,0.0,True
C:\Users\acous\Desktop\sih2026\Railway Track Surface Faults Dataset\Flakings\1.MOV_20201221091849_6145.JPEG,1.MOV_20201221091849_6145.JPEG,Flakings,,0.9869,0.9767,0.0,True
C:\Users\acous\Desktop\sih2026\Railway Track Surface Faults Dataset\Flakings\1.MOV_20201221091849_6146.JPEG,1.MOV_20201221091849_6146.JPEG,Flakings,,0.995,0.9903,0.0,True
C:\Users\acous\Desktop\sih2026\Railway Track Surface Faults Dataset\Flakings\1.MOV_20201221091849_6147.JPEG,1.MOV_20201221091849_6147.JPEG,Flakings,,0.9986,0.9973,0.0,True
C:\Users\acous\Desktop\sih2026\Railway Track Surface Faults Dataset\Flakings\1.MOV_20201221091849_6148.JPEG,1.MOV_20201221091849_6148.JPEG,Flakings,,0.9988,0.9977,0.0,True
C:\Users\acous\Desktop\sih2026\Railway Track Surface Faults Dataset\Flakings\1.MOV_20201221091849_6149.JPEG,1.MOV_20201221091849_6149.JPEG,Flakings,,0.9993,0.999,0.0,True
C:\Users\acous\Desktop\sih2026\Railway Track Surface Faults Dataset\Flakings\1.MOV_20201221091849_6150.JPEG,1.MOV_20201221091849_6150.JPEG,Flakings,,0.9999,0.9999,0.0,True
C:\Users\acous\Desktop\sih2026\Railway Track Surface Faults Dataset\Flakings\1.MOV_20201221091849_6151.JPEG,1.MOV_20201221091849_6151.JPEG,Flakings,,0.9997,0.9995,0.0,True
C:\Users\acous\Desktop\sih2026\Railway Track Surface Faults Dataset\Flakings\1.MOV_20201221091849_6152.JPEG,1.MOV_20201221091849_6152.JPEG,Flakings,,0.9997,0.9996,0.0,True
C:\Users\acous\Desktop\sih2026\Railway Track Surface Faults Dataset\Flakings\1.MOV_20201221091849_6153.JPEG,1.MOV_20201221091849_6153.JPEG,Flakings,,0.9986,0.9973,0.0,True
C:\Users\acous\Desktop\sih2026\Railway Track Surface Faults Dataset\Flakings\1.MOV_20201221091849_6154.JPEG,1.MOV_20201221091849_6154.JPEG,Flakings,,0.9834,0.9676,0.0,True
C:\Users\acous\Desktop\sih2026\Railway Track Surface Faults Dataset\Flakings\1.MOV_20201221091849_6155.JPEG,1.MOV_20201221091849_6155.JPEG,Flakings,,0.9972,0.9956,0.0,True
C:\Users\acous\Desktop\sih2026\Railway Track Surface Faults Dataset\Flakings\1.MOV_20201221091849_6156.JPEG,1.MOV_20201221091849_6156.JPEG,Flakings,,0.9883,0.9802,0.0,True
C:\Users\acous\Desktop\sih2026\Railway Track Surface Faults Dataset\Flakings\1.MOV_20201221091849_6157.JPEG,1.MOV_20201221091849_6157.JPEG,Flakings,,0.9946,0.9907,0.0,True
C:\Users\acous\Desktop\sih2026\Railway Track Surface Faults Dataset\Flakings\1.MOV_20201221091849_6158.JPEG,1.MOV_20201221091849_6158.JPEG,Flakings,,0.9764,0.9623,0.0,True
C:\Users\acous\Desktop\sih2026\Railway Track Surface Faults Dataset\Flakings\1.MOV_20201221091849_6159.JPEG,1.MOV_20201221091849_6159.JPEG,Flakings,,0.9985,0.9975,0.0,True
C:\Users\acous\Desktop\sih2026\Railway Track Surface Faults Dataset\Flakings\1.MOV_20201221091849_6160.JPEG,1.MOV_20201221091849_6160.JPEG,Flakings,,0.9923,0.9869,0.0,True
C:\Users\acous\Desktop\sih2026\Railway Track Surface Faults Dataset\Flakings\1.MOV_20201221091849_6161.JPEG,1.MOV_20201221091849_6161.JPEG,Flakings,,0.9989,0.9979,0.0,True
C:\Users\acous\Desktop\sih2026\Railway Track Surface Faults Dataset\Flakings\1.MOV_20201221091849_6162.JPEG,1.MOV_20201221091849_6162.JPEG,Flakings,,0.9982,0.9965,0.0,True
C:\Users\acous\Desktop\sih2026\Railway Track Surface Faults Dataset\Flakings\1.MOV_20201221091849_6163.JPEG,1.MOV_20201221091849_6163.JPEG,Flakings,,0.9985,0.9973,0.0,True
C:\Users\acous\Desktop\sih2026\Railway Track Surface Faults Dataset\Flakings\1.MOV_20201221091849_6164.JPEG,1.MOV_20201221091849_6164.JPEG,Flakings,,0.9985,0.9972,0.0,True
C:\Users\acous\Desktop\sih2026\Railway Track Surface Faults Dataset\Flakings\1.MOV_20201221091849_6165.JPEG,1.MOV_20201221091849_6165.JPEG,Flakings,,0.994,0.9905,0.0,True
C:\Users\acous\Desktop\sih2026\Railway Track Surface Faults Dataset\Flakings\1.MOV_20201221091849_6166.JPEG,1.MOV_20201221091849_6166.JPEG,Flakings,,0.998,0.9962,0.0,True
C:\Users\acous\Desktop\sih2026\Railway Track Surface Faults Dataset\Flakings\1.MOV_20201221091849_6167.JPEG,1.MOV_20201221091849_6167.JPEG,Flakings,,0.998,0.9961,0.0,True
C:\Users\acous\Desktop\sih2026\Railway Track Surface Faults Dataset\Flakings\1.MOV_20201221091849_6168.JPEG,1.MOV_20201221091849_6168.JPEG,Flakings,,0.9973,0.9948,0.0,True
C:\Users\acous\Desktop\sih2026\Railway Track Surface Faults Dataset\Flakings\1.MOV_20201221091849_6169.JPEG,1.MOV_20201221091849_6169.JPEG,Flakings,,0.9985,0.997,0.0,True
C:\Users\acous\Desktop\sih2026\Railway Track Surface Faults Dataset\Flakings\1.MOV_20201221091849_6170.JPEG,1.MOV_20201221091849_6170.JPEG,Flakings,,0.9989,0.9978,0.0,True
C:\Users\acous\Desktop\sih2026\Railway Track Surface Faults Dataset\Flakings\1.MOV_20201221091849_6171.JPEG,1.MOV_20201221091849_6171.JPEG,Flakings,,0.997,0.994,0.0,True
C:\Users\acous\Desktop\sih2026\Railway Track Surface Faults Dataset\Flakings\1.MOV_20201221091849_6172.JPEG,1.MOV_20201221091849_6172.JPEG,Flakings,,0.9892,0.9784,0.0,True
C:\Users\acous\Desktop\sih2026\Railway Track Surface Faults Dataset\Flakings\1.MOV_20201221091849_6173.JPEG,1.MOV_20201221091849_6173.JPEG,Flakings,,0.999,0.9981,0.0,True
C:\Users\acous\Desktop\sih2026\Railway Track Surface Faults Dataset\Flakings\1.MOV_20201221091849_6174.JPEG,1.MOV_20201221091849_6174.JPEG,Flakings,,0.9978,0.9958,0.0,True
C:\Users\acous\Desktop\sih2026\Railway Track Surface Faults Dataset\Flakings\1.MOV_20201221091849_6175.JPEG,1.MOV_20201221091849_6175.JPEG,Flakings,,0.9847,0.9704,0.0,True
C:\Users\acous\Desktop\sih2026\Railway Track Surface Faults Dataset\Flakings\1.MOV_20201221091849_6176.JPEG,1.MOV_20201221091849_6176.JPEG,Flakings,,0.9971,0.9946,0.0,True
C:\Users\acous\Desktop\sih2026\Railway Track Surface Faults Dataset\Flakings\1.MOV_20201221091849_6177.JPEG,1.MOV_20201221091849_6177.JPEG,Flakings,,0.9951,0.9914,0.0,True
C:\Users\acous\Desktop\sih2026\Railway Track Surface Faults Dataset\Flakings\1.MOV_20201221091849_6178.JPEG,1.MOV_20201221091849_6178.JPEG,Flakings,,0.9995,0.9991,0.0,True
C:\Users\acous\Desktop\sih2026\Railway Track Surface Faults Dataset\Flakings\1.MOV_20201221091849_6179.JPEG,1.MOV_20201221091849_6179.JPEG,Flakings,,0.9986,0.9975,0.0,True
C:\Users\acous\Desktop\sih2026\Railway Track Surface Faults Dataset\Flakings\1.MOV_20201221091849_6180.JPEG,1.MOV_20201221091849_6180.JPEG,Flakings,,0.9976,0.9958,0.0,True
C:\Users\acous\Desktop\sih2026\Railway Track Surface Faults Dataset\Flakings\1.MOV_20201221091849_6181.JPEG,1.MOV_20201221091849_6181.JPEG,Flakings,,0.982,0.9745,0.0,True
C:\Users\acous\Desktop\sih2026\Railway Track Surface Faults Dataset\Flakings\1.MOV_20201221091849_6182.JPEG,1.MOV_20201221091849_6182.JPEG,Flakings,,0.9936,0.9905,0.0,True
C:\Users\acous\Desktop\sih2026\Railway Track Surface Faults Dataset\Flakings\1.MOV_20201221091849_6183.JPEG,1.MOV_20201221091849_6183.JPEG,Flakings,,0.9963,0.9945,0.0,True
C:\Users\acous\Desktop\sih2026\Railway Track Surface Faults Dataset\Flakings\1.MOV_20201221091849_6184.JPEG,1.MOV_20201221091849_6184.JPEG,Flakings,,0.9895,0.9822,0.0,True
C:\Users\acous\Desktop\sih2026\Railway Track Surface Faults Dataset\Flakings\1.MOV_20201221091849_6185.JPEG,1.MOV_20201221091849_6185.JPEG,Flakings,,0.9896,0.9832,0.0,True
C:\Users\acous\Desktop\sih2026\Railway Track Surface Faults Dataset\Flakings\1.MOV_20201221091849_6186.JPEG,1.MOV_20201221091849_6186.JPEG,Flakings,,0.9928,0.9879,0.0,True
C:\Users\acous\Desktop\sih2026\Railway Track Surface Faults Dataset\Flakings\1.MOV_20201221091849_6187.JPEG,1.MOV_20201221091849_6187.JPEG,Flakings,,0.9989,0.998,0.0,True
C:\Users\acous\Desktop\sih2026\Railway Track Surface Faults Dataset\Flakings\1.MOV_20201221091849_6188.JPEG,1.MOV_20201221091849_6188.JPEG,Flakings,,0.9912,0.9835,0.0,True
C:\Users\acous\Desktop\sih2026\Railway Track Surface Faults Dataset\Flakings\1.MOV_20201221091849_6189.JPEG,1.MOV_20201221091849_6189.JPEG,Flakings,,0.9932,0.9876,0.0,True
C:\Users\acous\Desktop\sih2026\Railway Track Surface Faults Dataset\Flakings\1.MOV_20201221091849_6190.JPEG,1.MOV_20201221091849_6190.JPEG,Flakings,,0.9638,0.9321,0.0,True
C:\Users\acous\Desktop\sih2026\Railway Track Surface Faults Dataset\Flakings\1.MOV_20201221091849_6191.JPEG,1.MOV_20201221091849_6191.JPEG,Flakings,,0.997,0.9944,0.0,True
C:\Users\acous\Desktop\sih2026\Railway Track Surface Faults Dataset\Flakings\1.MOV_20201221091849_6192.JPEG,1.MOV_20201221091849_6192.JPEG,Flakings,,0.9987,0.9976,0.0,True
C:\Users\acous\Desktop\sih2026\Railway Track Surface Faults Dataset\Flakings\1.MOV_20201221091849_6193.JPEG,1.MOV_20201221091849_6193.JPEG,Flakings,,0.9843,0.9703,0.0,True
C:\Users\acous\Desktop\sih2026\Railway Track Surface Faults Dataset\Flakings\1.MOV_20201221091849_6194.JPEG,1.MOV_20201221091849_6194.JPEG,Flakings,,0.9927,0.9861,0.0,True
C:\Users\acous\Desktop\sih2026\Railway Track Surface Faults Dataset\Flakings\1.MOV_20201221091849_6195.JPEG,1.MOV_20201221091849_6195.JPEG,Flakings,,0.9627,0.9258,0.0,True
C:\Users\acous\Desktop\sih2026\Railway Track Surface Faults Dataset\Flakings\1.MOV_20201221091849_6196.JPEG,1.MOV_20201221091849_6196.JPEG,Flakings,,0.9724,0.9457,0.0,True
C:\Users\acous\Desktop\sih2026\Railway Track Surface Faults Dataset\Flakings\1.MOV_20201221091849_6197.JPEG,1.MOV_20201221091849_6197.JPEG,Flakings,,0.9725,0.9479,0.0,True
C:\Users\acous\Desktop\sih2026\Railway Track Surface Faults Dataset\Flakings\1.MOV_20201221091849_6198.JPEG,1.MOV_20201221091849_6198.JPEG,Flakings,,0.989,0.9787,0.0,True
C:\Users\acous\Desktop\sih2026\Railway Track Surface Faults Dataset\Flakings\1.MOV_20201221091849_6199.JPEG,1.MOV_20201221091849_6199.JPEG,Flakings,,0.961,0.9253,0.0,True
C:\Users\acous\Desktop\sih2026\Railway Track Surface Faults Dataset\Flakings\1.MOV_20201221091849_6200.JPEG,1.MOV_20201221091849_6200.JPEG,Flakings,,0.992,0.9848,0.0,True
C:\Users\acous\Desktop\sih2026\Railway Track Surface Faults Dataset\Flakings\1.MOV_20201221091849_6201.JPEG,1.MOV_20201221091849_6201.JPEG,Flakings,,0.9966,0.9939,0.0,True
C:\Users\acous\Desktop\sih2026\Railway Track Surface Faults Dataset\Flakings\1.MOV_20201221091849_6202.JPEG,1.MOV_20201221091849_6202.JPEG,Flakings,,0.9965,0.9937,0.0,True
C:\Users\acous\Desktop\sih2026\Railway Track Surface Faults Dataset\Flakings\1.MOV_20201221091849_6203.JPEG,1.MOV_20201221091849_6203.JPEG,Flakings,,0.989,0.98,0.0,True
C:\Users\acous\Desktop\sih2026\Railway Track Surface Faults Dataset\Flakings\1.MOV_20201221091849_6204.JPEG,1.MOV_20201221091849_6204.JPEG,Flakings,,0.9785,0.9651,0.0,True
C:\Users\acous\Desktop\sih2026\Railway Track Surface Faults Dataset\Flakings\1.MOV_20201221091849_6205.JPEG,1.MOV_20201221091849_6205.JPEG,Flakings,,0.9557,0.9137,0.0,True
C:\Users\acous\Desktop\sih2026\Railway Track Surface Faults Dataset\Flakings\1.MOV_20201221091849_6206.JPEG,1.MOV_20201221091849_6206.JPEG,Flakings,,0.8828,0.7679,0.0,True
C:\Users\acous\Desktop\sih2026\Railway Track Surface Faults Dataset\Flakings\1.MOV_20201221091849_6207.JPEG,1.MOV_20201221091849_6207.JPEG,Flakings,,0.9742,0.9514,0.0,True
C:\Users\acous\Desktop\sih2026\Railway Track Surface Faults Dataset\Flakings\1.MOV_20201221091849_6208.JPEG,1.MOV_20201221091849_6208.JPEG,Flakings,,0.999,0.9983,0.0,True
C:\Users\acous\Desktop\sih2026\Railway Track Surface Faults Dataset\Flakings\1.MOV_20201221091849_6209.JPEG,1.MOV_20201221091849_6209.JPEG,Flakings,,0.9968,0.994,0.0,True
C:\Users\acous\Desktop\sih2026\Railway Track Surface Faults Dataset\Flakings\1.MOV_20201221091849_6210.JPEG,1.MOV_20201221091849_6210.JPEG,Flakings,,0.999,0.9983,0.0,True
C:\Users\acous\Desktop\sih2026\Railway Track Surface Faults Dataset\Flakings\1.MOV_20201221091849_6211.JPEG,1.MOV_20201221091849_6211.JPEG,Flakings,,0.9991,0.9985,0.0,True
C:\Users\acous\Desktop\sih2026\Railway Track Surface Faults Dataset\Flakings\1.MOV_20201221091849_6212.JPEG,1.MOV_20201221091849_6212.JPEG,Flakings,,0.9986,0.9976,0.0,True
C:\Users\acous\Desktop\sih2026\Railway Track Surface Faults Dataset\Flakings\1.MOV_20201221091849_6213.JPEG,1.MOV_20201221091849_6213.JPEG,Flakings,,0.9993,0.999,0.0,True
C:\Users\acous\Desktop\sih2026\Railway Track Surface Faults Dataset\Flakings\1.MOV_20201221091849_6214.JPEG,1.MOV_20201221091849_6214.JPEG,Flakings,,0.9995,0.9992,0.0,True
C:\Users\acous\Desktop\sih2026\Railway Track Surface Faults Dataset\Flakings\1.MOV_20201221091849_6215.JPEG,1.MOV_20201221091849_6215.JPEG,Flakings,,0.999,0.9985,0.0,True
C:\Users\acous\Desktop\sih2026\Railway Track Surface Faults Dataset\Flakings\1.MOV_20201221091849_6216.JPEG,1.MOV_20201221091849_6216.JPEG,Flakings,,0.9976,0.9955,0.0,True
C:\Users\acous\Desktop\sih2026\Railway Track Surface Faults Dataset\Flakings\1.MOV_20201221091849_6217.JPEG,1.MOV_20201221091849_6217.JPEG,Flakings,,0.9618,0.9267,0.0,True
C:\Users\acous\Desktop\sih2026\Railway Track Surface Faults Dataset\Flakings\1.MOV_20201221091849_6218.JPEG,1.MOV_20201221091849_6218.JPEG,Flakings,,0.9883,0.9769,0.0,True
C:\Users\acous\Desktop\sih2026\Railway Track Surface Faults Dataset\Flakings\1.MOV_20201221091849_6219.JPEG,1.MOV_20201221091849_6219.JPEG,Flakings,,0.9924,0.985,0.0,True
C:\Users\acous\Desktop\sih2026\Railway Track Surface Faults Dataset\Flakings\1.MOV_20201221091849_6220.JPEG,1.MOV_20201221091849_6220.JPEG,Flakings,,0.6796,0.3611,0.0,True
C:\Users\acous\Desktop\sih2026\Railway Track Surface Faults Dataset\Flakings\1.MOV_20201221091849_6221.JPEG,1.MOV_20201221091849_6221.JPEG,Flakings,,0.9041,0.8085,0.0,True
C:\Users\acous\Desktop\sih2026\Railway Track Surface Faults Dataset\Flakings\1.MOV_20201221091849_6222.JPEG,1.MOV_20201221091849_6222.JPEG,Flakings,,0.9898,0.9803,0.0,True
C:\Users\acous\Desktop\sih2026\Railway Track Surface Faults Dataset\Flakings\1.MOV_20201221091849_6223.JPEG,1.MOV_20201221091849_6223.JPEG,Flakings,,0.8835,0.7675,0.0,True
C:\Users\acous\Desktop\sih2026\Railway Track Surface Faults Dataset\Flakings\1.MOV_20201221091849_6224.JPEG,1.MOV_20201221091849_6224.JPEG,Flakings,,0.9976,0.9953,0.0,True
C:\Users\acous\Desktop\sih2026\Railway Track Surface Faults Dataset\Flakings\1.MOV_20201221091849_6225.JPEG,1.MOV_20201221091849_6225.JPEG,Flakings,,0.9977,0.9955,0.0,True
C:\Users\acous\Desktop\sih2026\Railway Track Surface Faults Dataset\Flakings\1.MOV_20201221091849_6226.JPEG,1.MOV_20201221091849_6226.JPEG,Flakings,,0.9995,0.999,0.0,True
C:\Users\acous\Desktop\sih2026\Railway Track Surface Faults Dataset\Flakings\1.MOV_20201221091849_6227.JPEG,1.MOV_20201221091849_6227.JPEG,Flakings,,0.9997,0.9995,0.0,True
C:\Users\acous\Desktop\sih2026\Railway Track Surface Faults Dataset\Flakings\1.MOV_20201221091849_6228.JPEG,1.MOV_20201221091849_6228.JPEG,Flakings,,0.9999,0.9998,0.0,True
C:\Users\acous\Desktop\sih2026\Railway Track Surface Faults Dataset\Flakings\1.MOV_20201221091849_6229.JPEG,1.MOV_20201221091849_6229.JPEG,Flakings,,0.9994,0.9989,0.0,True
C:\Users\acous\Desktop\sih2026\Railway Track Surface Faults Dataset\Flakings\1.MOV_20201221091849_6230.JPEG,1.MOV_20201221091849_6230.JPEG,Flakings,,0.9997,0.9995,0.0,True
C:\Users\acous\Desktop\sih2026\Railway Track Surface Faults Dataset\Flakings\1.MOV_20201221091849_6238.JPEG,1.MOV_20201221091849_6238.JPEG,Flakings,,0.9989,0.998,0.0,True
C:\Users\acous\Desktop\sih2026\Railway Track Surface Faults Dataset\Flakings\1.MOV_20201221091849_6239.JPEG,1.MOV_20201221091849_6239.JPEG,Flakings,,0.9993,0.9989,0.0,True
C:\Users\acous\Desktop\sih2026\Railway Track Surface Faults Dataset\Flakings\1.MOV_20201221091849_6240.JPEG,1.MOV_20201221091849_6240.JPEG,Flakings,,0.9998,0.9997,0.0,True
C:\Users\acous\Desktop\sih2026\Railway Track Surface Faults Dataset\Flakings\1.MOV_20201221091849_6241.JPEG,1.MOV_20201221091849_6241.JPEG,Flakings,,0.9997,0.9994,0.0,True
C:\Users\acous\Desktop\sih2026\Railway Track Surface Faults Dataset\Flakings\1.MOV_20201221091849_6242.JPEG,1.MOV_20201221091849_6242.JPEG,Flakings,,0.9998,0.9996,0.0,True
C:\Users\acous\Desktop\sih2026\Railway Track Surface Faults Dataset\Flakings\1.MOV_20201221091849_6243.JPEG,1.MOV_20201221091849_6243.JPEG,Flakings,,0.9997,0.9996,0.0,True
C:\Users\acous\Desktop\sih2026\Railway Track Surface Faults Dataset\Flakings\1.MOV_20201221091849_6244.JPEG,1.MOV_20201221091849_6244.JPEG,Flakings,,0.9992,0.9987,0.0,True
C:\Users\acous\Desktop\sih2026\Railway Track Surface Faults Dataset\Flakings\1.MOV_20201221091849_6245.JPEG,1.MOV_20201221091849_6245.JPEG,Flakings,,0.9988,0.9981,0.0,True
C:\Users\acous\Desktop\sih2026\Railway Track Surface Faults Dataset\Flakings\1.MOV_20201221091849_6246.JPEG,1.MOV_20201221091849_6246.JPEG,Flakings,,0.9918,0.9849,0.0,True
C:\Users\acous\Desktop\sih2026\Railway Track Surface Faults Dataset\Flakings\1.MOV_20201221091849_6247.JPEG,1.MOV_20201221091849_6247.JPEG,Flakings,,0.9891,0.9784,0.0,True
C:\Users\acous\Desktop\sih2026\Railway Track Surface Faults Dataset\Flakings\1.MOV_20201221091849_6248.JPEG,1.MOV_20201221091849_6248.JPEG,Flakings,,0.9995,0.9991,0.0,True
C:\Users\acous\Desktop\sih2026\Railway Track Surface Faults Dataset\Flakings\1.MOV_20201221091849_6249.JPEG,1.MOV_20201221091849_6249.JPEG,Flakings,,0.9991,0.9986,0.0,True
C:\Users\acous\Desktop\sih2026\Railway Track Surface Faults Dataset\Flakings\1.MOV_20201221091849_6250.JPEG,1.MOV_20201221091849_6250.JPEG,Flakings,,0.9979,0.9966,0.0,True
C:\Users\acous\Desktop\sih2026\Railway Track Surface Faults Dataset\Flakings\1.MOV_20201221091849_6251.JPEG,1.MOV_20201221091849_6251.JPEG,Flakings,,0.9997,0.9995,0.0,True
C:\Users\acous\Desktop\sih2026\Railway Track Surface Faults Dataset\Flakings\1.MOV_20201221091849_6252.JPEG,1.MOV_20201221091849_6252.JPEG,Flakings,,0.9997,0.9995,0.0,True
C:\Users\acous\Desktop\sih2026\Railway Track Surface Faults Dataset\Flakings\1.MOV_20201221091849_6253.JPEG,1.MOV_20201221091849_6253.JPEG,Flakings,,0.9994,0.9988,0.0,True
C:\Users\acous\Desktop\sih2026\Railway Track Surface Faults Dataset\Flakings\1.MOV_20201221091849_6254.JPEG,1.MOV_20201221091849_6254.JPEG,Flakings,,0.9996,0.9993,0.0,True
C:\Users\acous\Desktop\sih2026\Railway Track Surface Faults Dataset\Flakings\1.MOV_20201221091849_6255.JPEG,1.MOV_20201221091849_6255.JPEG,Flakings,,0.9873,0.9763,0.0,True
C:\Users\acous\Desktop\sih2026\Railway Track Surface Faults Dataset\Flakings\1.MOV_20201221091849_6256.JPEG,1.MOV_20201221091849_6256.JPEG,Flakings,,0.9568,0.932,0.0,True
C:\Users\acous\Desktop\sih2026\Railway Track Surface Faults Dataset\Flakings\1.MOV_20201221091849_6257.JPEG,1.MOV_20201221091849_6257.JPEG,Flakings,,0.6525,0.3099,0.0,True
C:\Users\acous\Desktop\sih2026\Railway Track Surface Faults Dataset\Flakings\1.MOV_20201221091849_6258.JPEG,1.MOV_20201221091849_6258.JPEG,Flakings,,0.7102,0.5026,0.0,True
C:\Users\acous\Desktop\sih2026\Railway Track Surface Faults Dataset\Flakings\1.MOV_20201221091849_6259.JPEG,1.MOV_20201221091849_6259.JPEG,Flakings,,0.7938,0.5925,0.0,True
C:\Users\acous\Desktop\sih2026\Railway Track Surface Faults Dataset\Flakings\1.MOV_20201221091849_6260.JPEG,1.MOV_20201221091849_6260.JPEG,Flakings,,0.9258,0.8713,0.0,True
C:\Users\acous\Desktop\sih2026\Railway Track Surface Faults Dataset\Flakings\1.MOV_20201221091849_6261.JPEG,1.MOV_20201221091849_6261.JPEG,Flakings,,0.9708,0.9438,0.0,True
C:\Users\acous\Desktop\sih2026\Railway Track Surface Faults Dataset\Flakings\1.MOV_20201221091849_6262.JPEG,1.MOV_20201221091849_6262.JPEG,Flakings,,0.8764,0.7616,0.0,True
C:\Users\acous\Desktop\sih2026\Railway Track Surface Faults Dataset\Flakings\1.MOV_20201221091849_6263.JPEG,1.MOV_20201221091849_6263.JPEG,Flakings,,0.9393,0.8959,0.0,True
C:\Users\acous\Desktop\sih2026\Railway Track Surface Faults Dataset\Flakings\1.MOV_20201221091849_6264.JPEG,1.MOV_20201221091849_6264.JPEG,Flakings,,0.9751,0.9546,0.0,True
C:\Users\acous\Desktop\sih2026\Railway Track Surface Faults Dataset\Flakings\1.MOV_20201221091849_6265.JPEG,1.MOV_20201221091849_6265.JPEG,Flakings,,0.9866,0.9782,0.0,True
C:\Users\acous\Desktop\sih2026\Railway Track Surface Faults Dataset\Flakings\1.MOV_20201221091849_6266.JPEG,1.MOV_20201221091849_6266.JPEG,Flakings,,0.9622,0.9369,0.0,True
C:\Users\acous\Desktop\sih2026\Railway Track Surface Faults Dataset\Flakings\1.MOV_20201221091849_6267.JPEG,1.MOV_20201221091849_6267.JPEG,Flakings,,0.9261,0.8829,0.0,True
C:\Users\acous\Desktop\sih2026\Railway Track Surface Faults Dataset\Flakings\1.MOV_20201221091849_6268.JPEG,1.MOV_20201221091849_6268.JPEG,Flakings,,0.9812,0.9646,0.0,True
C:\Users\acous\Desktop\sih2026\Railway Track Surface Faults Dataset\Flakings\1.MOV_20201221091849_6269.JPEG,1.MOV_20201221091849_6269.JPEG,Flakings,,0.9938,0.9879,0.0,True
C:\Users\acous\Desktop\sih2026\Railway Track Surface Faults Dataset\Flakings\1.MOV_20201221091849_6270.JPEG,1.MOV_20201221091849_6270.JPEG,Flakings,,0.9975,0.9962,0.0,True
C:\Users\acous\Desktop\sih2026\Railway Track Surface Faults Dataset\Flakings\1.MOV_20201221091849_6271.JPEG,1.MOV_20201221091849_6271.JPEG,Flakings,,0.999,0.9981,0.0,True
C:\Users\acous\Desktop\sih2026\Railway Track Surface Faults Dataset\Flakings\1.MOV_20201221091849_6272.JPEG,1.MOV_20201221091849_6272.JPEG,Flakings,,0.9956,0.9935,0.0,True
C:\Users\acous\Desktop\sih2026\Railway Track Surface Faults Dataset\Flakings\1.MOV_20201221091849_6273.JPEG,1.MOV_20201221091849_6273.JPEG,Flakings,,0.9777,0.9601,0.0,True
C:\Users\acous\Desktop\sih2026\Railway Track Surface Faults Dataset\Flakings\1.MOV_20201221091849_6274.JPEG,1.MOV_20201221091849_6274.JPEG,Flakings,,0.9943,0.99,0.0,True
C:\Users\acous\Desktop\sih2026\Railway Track Surface Faults Dataset\Flakings\1.MOV_20201221091849_6275.JPEG,1.MOV_20201221091849_6275.JPEG,Flakings,,0.9994,0.9989,0.0,True
C:\Users\acous\Desktop\sih2026\Railway Track Surface Faults Dataset\Flakings\1.MOV_20201221091849_6276.JPEG,1.MOV_20201221091849_6276.JPEG,Flakings,,0.9993,0.999,0.0,True
C:\Users\acous\Desktop\sih2026\Railway Track Surface Faults Dataset\Flakings\1.MOV_20201221091849_6277.JPEG,1.MOV_20201221091849_6277.JPEG,Flakings,,0.9991,0.9986,0.0,True
C:\Users\acous\Desktop\sih2026\Railway Track Surface Faults Dataset\Flakings\1.MOV_20201221091849_6278.JPEG,1.MOV_20201221091849_6278.JPEG,Flakings,,0.9962,0.9943,0.0,True
C:\Users\acous\Desktop\sih2026\Railway Track Surface Faults Dataset\Flakings\1.MOV_20201221091849_6279.JPEG,1.MOV_20201221091849_6279.JPEG,Flakings,,0.9971,0.9946,0.0,True
C:\Users\acous\Desktop\sih2026\Railway Track Surface Faults Dataset\Flakings\1.MOV_20201221091849_6280.JPEG,1.MOV_20201221091849_6280.JPEG,Flakings,,0.99,0.9808,0.0,True
C:\Users\acous\Desktop\sih2026\Railway Track Surface Faults Dataset\Flakings\1.MOV_20201221091849_6281.JPEG,1.MOV_20201221091849_6281.JPEG,Flakings,,0.9884,0.9795,0.0,True
C:\Users\acous\Desktop\sih2026\Railway Track Surface Faults Dataset\Flakings\1.MOV_20201221091849_6282.JPEG,1.MOV_20201221091849_6282.JPEG,Flakings,,0.9874,0.9789,0.0,True
C:\Users\acous\Desktop\sih2026\Railway Track Surface Faults Dataset\Flakings\1.MOV_20201221091849_6283.JPEG,1.MOV_20201221091849_6283.JPEG,Flakings,,0.9432,0.8963,0.0,True
C:\Users\acous\Desktop\sih2026\Railway Track Surface Faults Dataset\Flakings\1.MOV_20201221091849_6284.JPEG,1.MOV_20201221091849_6284.JPEG,Flakings,,0.9964,0.9943,0.0,True
C:\Users\acous\Desktop\sih2026\Railway Track Surface Faults Dataset\Flakings\1.MOV_20201221091849_6285.JPEG,1.MOV_20201221091849_6285.JPEG,Flakings,,0.9945,0.9919,0.0,True
C:\Users\acous\Desktop\sih2026\Railway Track Surface Faults Dataset\Flakings\1.MOV_20201221091849_6286.JPEG,1.MOV_20201221091849_6286.JPEG,Flakings,,0.9921,0.9869,0.0,True
C:\Users\acous\Desktop\sih2026\Railway Track Surface Faults Dataset\Flakings\1.MOV_20201221091849_6287.JPEG,1.MOV_20201221091849_6287.JPEG,Flakings,,0.9949,0.9917,0.0,True
C:\Users\acous\Desktop\sih2026\Railway Track Surface Faults Dataset\Flakings\1.MOV_20201221091849_6288.JPEG,1.MOV_20201221091849_6288.JPEG,Flakings,,0.9904,0.982,0.0,True
C:\Users\acous\Desktop\sih2026\Railway Track Surface Faults Dataset\Flakings\1.MOV_20201221091849_6289.JPEG,1.MOV_20201221091849_6289.JPEG,Flakings,,0.9896,0.9807,0.0,True
C:\Users\acous\Desktop\sih2026\Railway Track Surface Faults Dataset\Flakings\1.MOV_20201221091849_6290.JPEG,1.MOV_20201221091849_6290.JPEG,Flakings,,0.99,0.9805,0.0,True
C:\Users\acous\Desktop\sih2026\Railway Track Surface Faults Dataset\Flakings\1.MOV_20201221091849_6291.JPEG,1.MOV_20201221091849_6291.JPEG,Flakings,,0.9959,0.992,0.0,True
C:\Users\acous\Desktop\sih2026\Railway Track Surface Faults Dataset\Flakings\1.MOV_20201221091849_6292.JPEG,1.MOV_20201221091849_6292.JPEG,Flakings,,0.9995,0.9991,0.0,True
C:\Users\acous\Desktop\sih2026\Railway Track Surface Faults Dataset\Flakings\1.MOV_20201221091849_6293.JPEG,1.MOV_20201221091849_6293.JPEG,Flakings,,0.9989,0.998,0.0,True
C:\Users\acous\Desktop\sih2026\Railway Track Surface Faults Dataset\Flakings\1.MOV_20201221091849_6294.JPEG,1.MOV_20201221091849_6294.JPEG,Flakings,,0.9835,0.9723,0.0,True
C:\Users\acous\Desktop\sih2026\Railway Track Surface Faults Dataset\Flakings\1.MOV_20201221091849_6295.JPEG,1.MOV_20201221091849_6295.JPEG,Flakings,,0.9942,0.9911,0.0,True
C:\Users\acous\Desktop\sih2026\Railway Track Surface Faults Dataset\Flakings\1.MOV_20201221091849_6296.JPEG,1.MOV_20201221091849_6296.JPEG,Flakings,,0.9992,0.9989,0.0,True
C:\Users\acous\Desktop\sih2026\Railway Track Surface Faults Dataset\Flakings\1.MOV_20201221091849_6297.JPEG,1.MOV_20201221091849_6297.JPEG,Flakings,,0.9909,0.9829,0.0,True
C:\Users\acous\Desktop\sih2026\Railway Track Surface Faults Dataset\Flakings\1.MOV_20201221091849_6298.JPEG,1.MOV_20201221091849_6298.JPEG,Flakings,,0.9256,0.8598,0.0,True
C:\Users\acous\Desktop\sih2026\Railway Track Surface Faults Dataset\Flakings\1.MOV_20201221091849_6299.JPEG,1.MOV_20201221091849_6299.JPEG,Flakings,,0.982,0.9724,0.0,True
C:\Users\acous\Desktop\sih2026\Railway Track Surface Faults Dataset\Flakings\1.MOV_20201221091849_6300.JPEG,1.MOV_20201221091849_6300.JPEG,Flakings,,0.9904,0.9836,0.0,True
C:\Users\acous\Desktop\sih2026\Railway Track Surface Faults Dataset\Flakings\1.MOV_20201221091849_6301.JPEG,1.MOV_20201221091849_6301.JPEG,Flakings,,0.9976,0.9953,0.0,True
C:\Users\acous\Desktop\sih2026\Railway Track Surface Faults Dataset\Flakings\1.MOV_20201221091849_6302.JPEG,1.MOV_20201221091849_6302.JPEG,Flakings,,0.9986,0.9973,0.0,True
C:\Users\acous\Desktop\sih2026\Railway Track Surface Faults Dataset\Flakings\1.MOV_20201221091849_6303.JPEG,1.MOV_20201221091849_6303.JPEG,Flakings,,0.9988,0.998,0.0,True
C:\Users\acous\Desktop\sih2026\Railway Track Surface Faults Dataset\Flakings\1.MOV_20201221091849_6304.JPEG,1.MOV_20201221091849_6304.JPEG,Flakings,,0.9941,0.9902,0.0,True
C:\Users\acous\Desktop\sih2026\Railway Track Surface Faults Dataset\Flakings\1.MOV_20201221091849_6412.JPEG,1.MOV_20201221091849_6412.JPEG,Flakings,,0.9993,0.9989,0.0,True
C:\Users\acous\Desktop\sih2026\Railway Track Surface Faults Dataset\Flakings\1.MOV_20201221091849_6413.JPEG,1.MOV_20201221091849_6413.JPEG,Flakings,,0.9939,0.9893,0.0,True
C:\Users\acous\Desktop\sih2026\Railway Track Surface Faults Dataset\Flakings\1.MOV_20201221091849_6414.JPEG,1.MOV_20201221091849_6414.JPEG,Flakings,,0.9992,0.9988,0.0,True
C:\Users\acous\Desktop\sih2026\Railway Track Surface Faults Dataset\Flakings\1.MOV_20201221091849_6415.JPEG,1.MOV_20201221091849_6415.JPEG,Flakings,,0.9994,0.9989,0.0,True
C:\Users\acous\Desktop\sih2026\Railway Track Surface Faults Dataset\Flakings\1.MOV_20201221091849_6416.JPEG,1.MOV_20201221091849_6416.JPEG,Flakings,,0.9997,0.9995,0.0,True
C:\Users\acous\Desktop\sih2026\Railway Track Surface Faults Dataset\Flakings\1.MOV_20201221091849_6417.JPEG,1.MOV_20201221091849_6417.JPEG,Flakings,,0.9998,0.9996,0.0,True
C:\Users\acous\Desktop\sih2026\Railway Track Surface Faults Dataset\Flakings\1.MOV_20201221091849_6418.JPEG,1.MOV_20201221091849_6418.JPEG,Flakings,,0.9993,0.9987,0.0,True
C:\Users\acous\Desktop\sih2026\Railway Track Surface Faults Dataset\Flakings\1.MOV_20201221091849_6419.JPEG,1.MOV_20201221091849_6419.JPEG,Flakings,,0.9996,0.9993,0.0,True
C:\Users\acous\Desktop\sih2026\Railway Track Surface Faults Dataset\Flakings\1.MOV_20201221091849_6420.JPEG,1.MOV_20201221091849_6420.JPEG,Flakings,,0.9998,0.9996,0.0,True
C:\Users\acous\Desktop\sih2026\Railway Track Surface Faults Dataset\Flakings\1.MOV_20201221091849_6421.JPEG,1.MOV_20201221091849_6421.JPEG,Flakings,,0.9999,0.9998,0.0,True
C:\Users\acous\Desktop\sih2026\Railway Track Surface Faults Dataset\Flakings\1.MOV_20201221091849_6422.JPEG,1.MOV_20201221091849_6422.JPEG,Flakings,,0.9996,0.9993,0.0,True
C:\Users\acous\Desktop\sih2026\Railway Track Surface Faults Dataset\Flakings\1.MOV_20201221091849_6423.JPEG,1.MOV_20201221091849_6423.JPEG,Flakings,,0.9993,0.9988,0.0,True
C:\Users\acous\Desktop\sih2026\Railway Track Surface Faults Dataset\Flakings\1.MOV_20201221091849_6424.JPEG,1.MOV_20201221091849_6424.JPEG,Flakings,,0.9992,0.9985,0.0,True
C:\Users\acous\Desktop\sih2026\Railway Track Surface Faults Dataset\Flakings\1.MOV_20201221091849_6425.JPEG,1.MOV_20201221091849_6425.JPEG,Flakings,,0.9958,0.9919,0.0,True
C:\Users\acous\Desktop\sih2026\Railway Track Surface Faults Dataset\Flakings\1.MOV_20201221091849_6426.JPEG,1.MOV_20201221091849_6426.JPEG,Flakings,,0.9978,0.9957,0.0,True
C:\Users\acous\Desktop\sih2026\Railway Track Surface Faults Dataset\Flakings\1.MOV_20201221091849_6427.JPEG,1.MOV_20201221091849_6427.JPEG,Flakings,,0.9984,0.997,0.0,True
C:\Users\acous\Desktop\sih2026\Railway Track Surface Faults Dataset\Flakings\1.MOV_20201221091849_6580.JPEG,1.MOV_20201221091849_6580.JPEG,Flakings,,0.9979,0.9961,0.0,True
C:\Users\acous\Desktop\sih2026\Railway Track Surface Faults Dataset\Flakings\1.MOV_20201221091849_6581.JPEG,1.MOV_20201221091849_6581.JPEG,Flakings,,0.9855,0.9746,0.0,True
C:\Users\acous\Desktop\sih2026\Railway Track Surface Faults Dataset\Flakings\1.MOV_20201221091849_6582.JPEG,1.MOV_20201221091849_6582.JPEG,Flakings,,0.9806,0.9635,0.0,True
C:\Users\acous\Desktop\sih2026\Railway Track Surface Faults Dataset\Flakings\1.MOV_20201221091849_6583.JPEG,1.MOV_20201221091849_6583.JPEG,Flakings,,0.9981,0.9968,0.0,True
C:\Users\acous\Desktop\sih2026\Railway Track Surface Faults Dataset\Flakings\1.MOV_20201221091849_6584.JPEG,1.MOV_20201221091849_6584.JPEG,Flakings,,0.9981,0.9972,0.0,True
C:\Users\acous\Desktop\sih2026\Railway Track Surface Faults Dataset\Flakings\1.MOV_20201221091849_6585.JPEG,1.MOV_20201221091849_6585.JPEG,Flakings,,0.998,0.9972,0.0,True
C:\Users\acous\Desktop\sih2026\Railway Track Surface Faults Dataset\Flakings\1.MOV_20201221091849_6586.JPEG,1.MOV_20201221091849_6586.JPEG,Flakings,,0.9978,0.997,0.0,True
C:\Users\acous\Desktop\sih2026\Railway Track Surface Faults Dataset\Flakings\1.MOV_20201221091849_6587.JPEG,1.MOV_20201221091849_6587.JPEG,Flakings,,0.9987,0.9979,0.0,True
C:\Users\acous\Desktop\sih2026\Railway Track Surface Faults Dataset\Flakings\1.MOV_20201221091849_6588.JPEG,1.MOV_20201221091849_6588.JPEG,Flakings,,0.9967,0.9941,0.0,True
C:\Users\acous\Desktop\sih2026\Railway Track Surface Faults Dataset\Flakings\1.MOV_20201221091849_6589.JPEG,1.MOV_20201221091849_6589.JPEG,Flakings,,0.9973,0.9959,0.0,True
C:\Users\acous\Desktop\sih2026\Railway Track Surface Faults Dataset\Flakings\1.MOV_20201221091849_6590.JPEG,1.MOV_20201221091849_6590.JPEG,Flakings,,0.9933,0.9897,0.0,True
C:\Users\acous\Desktop\sih2026\Railway Track Surface Faults Dataset\Flakings\1.MOV_20201221091849_6591.JPEG,1.MOV_20201221091849_6591.JPEG,Flakings,,0.9917,0.9845,0.0,True
C:\Users\acous\Desktop\sih2026\Railway Track Surface Faults Dataset\Flakings\1.MOV_20201221091849_6592.JPEG,1.MOV_20201221091849_6592.JPEG,Flakings,,0.9735,0.9495,0.0,True
C:\Users\acous\Desktop\sih2026\Railway Track Surface Faults Dataset\Flakings\1.MOV_20201221091849_6593.JPEG,1.MOV_20201221091849_6593.JPEG,Flakings,,0.9863,0.9731,0.0,True
C:\Users\acous\Desktop\sih2026\Railway Track Surface Faults Dataset\Flakings\1.MOV_20201221091849_6594.JPEG,1.MOV_20201221091849_6594.JPEG,Flakings,,0.9909,0.9825,0.0,True
C:\Users\acous\Desktop\sih2026\Railway Track Surface Faults Dataset\Flakings\1.MOV_20201221091849_6595.JPEG,1.MOV_20201221091849_6595.JPEG,Flakings,,0.996,0.9926,0.0,True
C:\Users\acous\Desktop\sih2026\Railway Track Surface Faults Dataset\Flakings\1.MOV_20201221091849_6596.JPEG,1.MOV_20201221091849_6596.JPEG,Flakings,,0.9989,0.9983,0.0,True
C:\Users\acous\Desktop\sih2026\Railway Track Surface Faults Dataset\Flakings\1.MOV_20201221091849_6597.JPEG,1.MOV_20201221091849_6597.JPEG,Flakings,,0.9978,0.9964,0.0,True
C:\Users\acous\Desktop\sih2026\Railway Track Surface Faults Dataset\Flakings\1.MOV_20201221091849_6598.JPEG,1.MOV_20201221091849_6598.JPEG,Flakings,,0.9959,0.9927,0.0,True
C:\Users\acous\Desktop\sih2026\Railway Track Surface Faults Dataset\Flakings\1.MOV_20201221091849_6599.JPEG,1.MOV_20201221091849_6599.JPEG,Flakings,,0.998,0.9969,0.0,True
C:\Users\acous\Desktop\sih2026\Railway Track Surface Faults Dataset\Flakings\1.MOV_20201221091849_6600.JPEG,1.MOV_20201221091849_6600.JPEG,Flakings,,0.9788,0.9667,0.0,True
C:\Users\acous\Desktop\sih2026\Railway Track Surface Faults Dataset\Flakings\1.MOV_20201221091849_6601.JPEG,1.MOV_20201221091849_6601.JPEG,Flakings,,0.9952,0.9923,0.0,True
C:\Users\acous\Desktop\sih2026\Railway Track Surface Faults Dataset\Flakings\1.MOV_20201221091849_6602.JPEG,1.MOV_20201221091849_6602.JPEG,Flakings,,0.9964,0.9941,0.0,True
C:\Users\acous\Desktop\sih2026\Railway Track Surface Faults Dataset\Flakings\1.MOV_20201221091849_6603.JPEG,1.MOV_20201221091849_6603.JPEG,Flakings,,0.9898,0.9828,0.0,True
C:\Users\acous\Desktop\sih2026\Railway Track Surface Faults Dataset\Flakings\1.MOV_20201221091849_6604.JPEG,1.MOV_20201221091849_6604.JPEG,Flakings,,0.9591,0.9352,0.0,True
C:\Users\acous\Desktop\sih2026\Railway Track Surface Faults Dataset\Flakings\1.MOV_20201221091849_6605.JPEG,1.MOV_20201221091849_6605.JPEG,Flakings,,0.9373,0.8957,0.0,True
C:\Users\acous\Desktop\sih2026\Railway Track Surface Faults Dataset\Flakings\1.MOV_20201221091849_6606.JPEG,1.MOV_20201221091849_6606.JPEG,Flakings,,0.9916,0.985,0.0,True
C:\Users\acous\Desktop\sih2026\Railway Track Surface Faults Dataset\Flakings\1.MOV_20201221091849_6607.JPEG,1.MOV_20201221091849_6607.JPEG,Flakings,,0.9948,0.9915,0.0,True
C:\Users\acous\Desktop\sih2026\Railway Track Surface Faults Dataset\Flakings\1.MOV_20201221091849_6608.JPEG,1.MOV_20201221091849_6608.JPEG,Flakings,,0.9828,0.9684,0.0,True
C:\Users\acous\Desktop\sih2026\Railway Track Surface Faults Dataset\Flakings\1.MOV_20201221091849_6609.JPEG,1.MOV_20201221091849_6609.JPEG,Flakings,,0.9924,0.9867,0.0,True
C:\Users\acous\Desktop\sih2026\Railway Track Surface Faults Dataset\Flakings\1.MOV_20201221091849_6610.JPEG,1.MOV_20201221091849_6610.JPEG,Flakings,,0.9699,0.9466,0.0,True
C:\Users\acous\Desktop\sih2026\Railway Track Surface Faults Dataset\Flakings\1.MOV_20201221091849_6611.JPEG,1.MOV_20201221091849_6611.JPEG,Flakings,,0.9592,0.9227,0.0,True
C:\Users\acous\Desktop\sih2026\Railway Track Surface Faults Dataset\Flakings\1.MOV_20201221091849_6612.JPEG,1.MOV_20201221091849_6612.JPEG,Flakings,,0.9885,0.9787,0.0,True
C:\Users\acous\Desktop\sih2026\Railway Track Surface Faults Dataset\Flakings\1.MOV_20201221091849_6613.JPEG,1.MOV_20201221091849_6613.JPEG,Flakings,,0.9101,0.8349,0.0,True
C:\Users\acous\Desktop\sih2026\Railway Track Surface Faults Dataset\Flakings\1.MOV_20201221091849_6614.JPEG,1.MOV_20201221091849_6614.JPEG,Flakings,,0.9406,0.8861,0.0,True
C:\Users\acous\Desktop\sih2026\Railway Track Surface Faults Dataset\Flakings\1.MOV_20201221091849_6615.JPEG,1.MOV_20201221091849_6615.JPEG,Flakings,,0.8895,0.7904,0.0,True
C:\Users\acous\Desktop\sih2026\Railway Track Surface Faults Dataset\Flakings\1.MOV_20201221091849_6616.JPEG,1.MOV_20201221091849_6616.JPEG,Flakings,,0.9248,0.8662,0.0,True
C:\Users\acous\Desktop\sih2026\Railway Track Surface Faults Dataset\Flakings\1.MOV_20201221091849_6617.JPEG,1.MOV_20201221091849_6617.JPEG,Flakings,,0.859,0.759,0.0,True
C:\Users\acous\Desktop\sih2026\Railway Track Surface Faults Dataset\Flakings\1.MOV_20201221091849_6618.JPEG,1.MOV_20201221091849_6618.JPEG,Flakings,,0.9076,0.8395,0.0,True
C:\Users\acous\Desktop\sih2026\Railway Track Surface Faults Dataset\Flakings\1.MOV_20201221091849_6619.JPEG,1.MOV_20201221091849_6619.JPEG,Flakings,,0.9547,0.9167,0.0,True
C:\Users\acous\Desktop\sih2026\Railway Track Surface Faults Dataset\Flakings\1.MOV_20201221091849_6620.JPEG,1.MOV_20201221091849_6620.JPEG,Flakings,,0.9398,0.9022,0.0,True
C:\Users\acous\Desktop\sih2026\Railway Track Surface Faults Dataset\Flakings\1.MOV_20201221091849_6621.JPEG,1.MOV_20201221091849_6621.JPEG,Flakings,,0.9843,0.9743,0.0,True
C:\Users\acous\Desktop\sih2026\Railway Track Surface Faults Dataset\Flakings\1.MOV_20201221091849_6622.JPEG,1.MOV_20201221091849_6622.JPEG,Flakings,,0.9236,0.8763,0.0,True
C:\Users\acous\Desktop\sih2026\Railway Track Surface Faults Dataset\Flakings\1.MOV_20201221091849_6623.JPEG,1.MOV_20201221091849_6623.JPEG,Flakings,,0.9441,0.8932,0.0,True
C:\Users\acous\Desktop\sih2026\Railway Track Surface Faults Dataset\Flakings\1.MOV_20201221091849_6624.JPEG,1.MOV_20201221091849_6624.JPEG,Flakings,,0.9976,0.9957,0.0,True
C:\Users\acous\Desktop\sih2026\Railway Track Surface Faults Dataset\Flakings\1.MOV_20201221091849_6625.JPEG,1.MOV_20201221091849_6625.JPEG,Flakings,,0.968,0.9379,0.0,True
C:\Users\acous\Desktop\sih2026\Railway Track Surface Faults Dataset\Flakings\1.MOV_20201221091849_6626.JPEG,1.MOV_20201221091849_6626.JPEG,Flakings,,0.9959,0.9926,0.0,True
C:\Users\acous\Desktop\sih2026\Railway Track Surface Faults Dataset\Flakings\1.MOV_20201221091849_6627.JPEG,1.MOV_20201221091849_6627.JPEG,Flakings,,0.9944,0.9896,0.0,True
C:\Users\acous\Desktop\sih2026\Railway Track Surface Faults Dataset\Flakings\1.MOV_20201221091849_6628.JPEG,1.MOV_20201221091849_6628.JPEG,Flakings,,0.9888,0.9801,0.0,True
C:\Users\acous\Desktop\sih2026\Railway Track Surface Faults Dataset\Flakings\1.MOV_20201221091849_6629.JPEG,1.MOV_20201221091849_6629.JPEG,Flakings,,0.9911,0.9875,0.0,True
C:\Users\acous\Desktop\sih2026\Railway Track Surface Faults Dataset\Flakings\1.MOV_20201221091849_6630.JPEG,1.MOV_20201221091849_6630.JPEG,Flakings,,0.9972,0.9953,0.0,True
C:\Users\acous\Desktop\sih2026\Railway Track Surface Faults Dataset\Flakings\1.MOV_20201221091849_6631.JPEG,1.MOV_20201221091849_6631.JPEG,Flakings,,0.9995,0.9992,0.0,True
C:\Users\acous\Desktop\sih2026\Railway Track Surface Faults Dataset\Flakings\1.MOV_20201221091849_6632.JPEG,1.MOV_20201221091849_6632.JPEG,Flakings,,0.9988,0.998,0.0,True
C:\Users\acous\Desktop\sih2026\Railway Track Surface Faults Dataset\Flakings\1.MOV_20201221091849_6633.JPEG,1.MOV_20201221091849_6633.JPEG,Flakings,,0.995,0.9926,0.0,True
C:\Users\acous\Desktop\sih2026\Railway Track Surface Faults Dataset\Flakings\1.MOV_20201221091849_6634.JPEG,1.MOV_20201221091849_6634.JPEG,Flakings,,0.9868,0.9767,0.0,True
C:\Users\acous\Desktop\sih2026\Railway Track Surface Faults Dataset\Flakings\1.MOV_20201221091849_6635.JPEG,1.MOV_20201221091849_6635.JPEG,Flakings,,0.9965,0.9947,0.0,True
C:\Users\acous\Desktop\sih2026\Railway Track Surface Faults Dataset\Flakings\1.MOV_20201221091849_6636.JPEG,1.MOV_20201221091849_6636.JPEG,Flakings,,0.9982,0.9969,0.0,True
C:\Users\acous\Desktop\sih2026\Railway Track Surface Faults Dataset\Flakings\1.MOV_20201221091849_6637.JPEG,1.MOV_20201221091849_6637.JPEG,Flakings,,0.9975,0.9963,0.0,True
C:\Users\acous\Desktop\sih2026\Railway Track Surface Faults Dataset\Flakings\1.MOV_20201221091849_6638.JPEG,1.MOV_20201221091849_6638.JPEG,Flakings,,0.9988,0.9981,0.0,True
C:\Users\acous\Desktop\sih2026\Railway Track Surface Faults Dataset\Flakings\1.MOV_20201221091849_6639.JPEG,1.MOV_20201221091849_6639.JPEG,Flakings,,0.9992,0.9988,0.0,True
C:\Users\acous\Desktop\sih2026\Railway Track Surface Faults Dataset\Flakings\1.MOV_20201221091849_6640.JPEG,1.MOV_20201221091849_6640.JPEG,Flakings,,0.9958,0.9935,0.0,True
C:\Users\acous\Desktop\sih2026\Railway Track Surface Faults Dataset\Flakings\1.MOV_20201221091849_6641.JPEG,1.MOV_20201221091849_6641.JPEG,Flakings,,0.9994,0.9991,0.0,True
C:\Users\acous\Desktop\sih2026\Railway Track Surface Faults Dataset\Flakings\1.MOV_20201221091849_6642.JPEG,1.MOV_20201221091849_6642.JPEG,Flakings,,0.9994,0.9992,0.0,True
C:\Users\acous\Desktop\sih2026\Railway Track Surface Faults Dataset\Flakings\1.MOV_20201221091849_6643.JPEG,1.MOV_20201221091849_6643.JPEG,Flakings,,0.9997,0.9995,0.0,True
C:\Users\acous\Desktop\sih2026\Railway Track Surface Faults Dataset\Flakings\1.MOV_20201221091849_6644.JPEG,1.MOV_20201221091849_6644.JPEG,Flakings,,0.9997,0.9995,0.0,True
C:\Users\acous\Desktop\sih2026\Railway Track Surface Faults Dataset\Flakings\1.MOV_20201221091849_6645.JPEG,1.MOV_20201221091849_6645.JPEG,Flakings,,0.9999,0.9998,0.0,True
C:\Users\acous\Desktop\sih2026\Railway Track Surface Faults Dataset\Flakings\1.MOV_20201221091849_6646.JPEG,1.MOV_20201221091849_6646.JPEG,Flakings,,0.9998,0.9997,0.0,True
C:\Users\acous\Desktop\sih2026\Railway Track Surface Faults Dataset\Flakings\1.MOV_20201221091849_6647.JPEG,1.MOV_20201221091849_6647.JPEG,Flakings,,0.9976,0.9964,0.0,True
C:\Users\acous\Desktop\sih2026\Railway Track Surface Faults Dataset\Flakings\1.MOV_20201221091849_6648.JPEG,1.MOV_20201221091849_6648.JPEG,Flakings,,0.9985,0.9972,0.0,True
C:\Users\acous\Desktop\sih2026\Railway Track Surface Faults Dataset\Flakings\1.MOV_20201221091849_6649.JPEG,1.MOV_20201221091849_6649.JPEG,Flakings,,0.9983,0.997,0.0,True
C:\Users\acous\Desktop\sih2026\Railway Track Surface Faults Dataset\Flakings\1.MOV_20201221091849_6650.JPEG,1.MOV_20201221091849_6650.JPEG,Flakings,,0.9996,0.9995,0.0,True
C:\Users\acous\Desktop\sih2026\Railway Track Surface Faults Dataset\Flakings\1.MOV_20201221091849_6651.JPEG,1.MOV_20201221091849_6651.JPEG,Flakings,,0.9994,0.9992,0.0,True
C:\Users\acous\Desktop\sih2026\Railway Track Surface Faults Dataset\Flakings\1.MOV_20201221091849_6652.JPEG,1.MOV_20201221091849_6652.JPEG,Flakings,,0.9975,0.9963,0.0,True
C:\Users\acous\Desktop\sih2026\Railway Track Surface Faults Dataset\Flakings\1.MOV_20201221091849_6653.JPEG,1.MOV_20201221091849_6653.JPEG,Flakings,,0.9846,0.9788,0.0,True
C:\Users\acous\Desktop\sih2026\Railway Track Surface Faults Dataset\Flakings\1.MOV_20201221091849_6654.JPEG,1.MOV_20201221091849_6654.JPEG,Flakings,,0.9943,0.9898,0.0,True
C:\Users\acous\Desktop\sih2026\Railway Track Surface Faults Dataset\Flakings\1.MOV_20201221091849_6655.JPEG,1.MOV_20201221091849_6655.JPEG,Flakings,,0.9244,0.8806,0.0,True
C:\Users\acous\Desktop\sih2026\Railway Track Surface Faults Dataset\Flakings\1.MOV_20201221091849_6656.JPEG,1.MOV_20201221091849_6656.JPEG,Flakings,,0.9952,0.9932,0.0,True
C:\Users\acous\Desktop\sih2026\Railway Track Surface Faults Dataset\Flakings\1.MOV_20201221091849_6657.JPEG,1.MOV_20201221091849_6657.JPEG,Flakings,,0.9972,0.9961,0.0,True
C:\Users\acous\Desktop\sih2026\Railway Track Surface Faults Dataset\Flakings\1.MOV_20201221091849_6658.JPEG,1.MOV_20201221091849_6658.JPEG,Flakings,,0.9902,0.9837,0.0,True
C:\Users\acous\Desktop\sih2026\Railway Track Surface Faults Dataset\Flakings\1.MOV_20201221091849_6659.JPEG,1.MOV_20201221091849_6659.JPEG,Flakings,,0.9716,0.9451,0.0,True
C:\Users\acous\Desktop\sih2026\Railway Track Surface Faults Dataset\Flakings\1.MOV_20201221091849_6660.JPEG,1.MOV_20201221091849_6660.JPEG,Flakings,,0.9849,0.9761,0.0,True
C:\Users\acous\Desktop\sih2026\Railway Track Surface Faults Dataset\Flakings\1.MOV_20201221091849_6661.JPEG,1.MOV_20201221091849_6661.JPEG,Flakings,,0.9967,0.9943,0.0,True
C:\Users\acous\Desktop\sih2026\Railway Track Surface Faults Dataset\Flakings\1.MOV_20201221091849_6662.JPEG,1.MOV_20201221091849_6662.JPEG,Flakings,,0.9506,0.9106,0.0,True
C:\Users\acous\Desktop\sih2026\Railway Track Surface Faults Dataset\Flakings\1.MOV_20201221091849_6663.JPEG,1.MOV_20201221091849_6663.JPEG,Flakings,,0.9906,0.983,0.0,True
C:\Users\acous\Desktop\sih2026\Railway Track Surface Faults Dataset\Flakings\1.MOV_20201221091849_6664.JPEG,1.MOV_20201221091849_6664.JPEG,Flakings,,0.9891,0.9823,0.0,True
C:\Users\acous\Desktop\sih2026\Railway Track Surface Faults Dataset\Flakings\1.MOV_20201221091849_6665.JPEG,1.MOV_20201221091849_6665.JPEG,Flakings,,0.9791,0.9626,0.0,True
C:\Users\acous\Desktop\sih2026\Railway Track Surface Faults Dataset\Flakings\1.MOV_20201221091849_6666.JPEG,1.MOV_20201221091849_6666.JPEG,Flakings,,0.9755,0.9543,0.0,True
C:\Users\acous\Desktop\sih2026\Railway Track Surface Faults Dataset\Flakings\1.MOV_20201221091849_6667.JPEG,1.MOV_20201221091849_6667.JPEG,Flakings,,0.9055,0.8171,0.0,True
C:\Users\acous\Desktop\sih2026\Railway Track Surface Faults Dataset\Flakings\1.MOV_20201221091849_6668.JPEG,1.MOV_20201221091849_6668.JPEG,Flakings,,0.9507,0.9033,0.0,True
C:\Users\acous\Desktop\sih2026\Railway Track Surface Faults Dataset\Flakings\1.MOV_20201221091849_6669.JPEG,1.MOV_20201221091849_6669.JPEG,Flakings,,0.8834,0.7686,0.0,True
C:\Users\acous\Desktop\sih2026\Railway Track Surface Faults Dataset\Flakings\1.MOV_20201221091849_6670.JPEG,1.MOV_20201221091849_6670.JPEG,Flakings,,0.8565,0.7161,0.0,True
C:\Users\acous\Desktop\sih2026\Railway Track Surface Faults Dataset\Flakings\1.MOV_20201221091849_6748.JPEG,1.MOV_20201221091849_6748.JPEG,Flakings,,0.9989,0.9978,0.0,True
C:\Users\acous\Desktop\sih2026\Railway Track Surface Faults Dataset\Flakings\1.MOV_20201221091849_6749.JPEG,1.MOV_20201221091849_6749.JPEG,Flakings,,0.9779,0.9559,0.0,True
C:\Users\acous\Desktop\sih2026\Railway Track Surface Faults Dataset\Flakings\1.MOV_20201221091849_6750.JPEG,1.MOV_20201221091849_6750.JPEG,Flakings,,0.9912,0.9825,0.0,True
C:\Users\acous\Desktop\sih2026\Railway Track Surface Faults Dataset\Flakings\1.MOV_20201221091849_6751.JPEG,1.MOV_20201221091849_6751.JPEG,Flakings,,0.8931,0.7865,0.0,True
C:\Users\acous\Desktop\sih2026\Railway Track Surface Faults Dataset\Flakings\1.MOV_20201221091849_6752.JPEG,1.MOV_20201221091849_6752.JPEG,Flakings,,0.7536,0.5087,0.0,True
C:\Users\acous\Desktop\sih2026\Railway Track Surface Faults Dataset\Flakings\1.MOV_20201221091849_6753.JPEG,1.MOV_20201221091849_6753.JPEG,Flakings,,0.9052,0.8132,0.0,True
C:\Users\acous\Desktop\sih2026\Railway Track Surface Faults Dataset\Flakings\1.MOV_20201221091849_6754.JPEG,1.MOV_20201221091849_6754.JPEG,Flakings,,0.9767,0.9546,0.0,True
C:\Users\acous\Desktop\sih2026\Railway Track Surface Faults Dataset\Flakings\1.MOV_20201221091849_6755.JPEG,1.MOV_20201221091849_6755.JPEG,Flakings,,0.8598,0.7316,0.0,True
C:\Users\acous\Desktop\sih2026\Railway Track Surface Faults Dataset\Flakings\1.MOV_20201221091849_6756.JPEG,1.MOV_20201221091849_6756.JPEG,Flakings,,0.8406,0.692,0.0,True
C:\Users\acous\Desktop\sih2026\Railway Track Surface Faults Dataset\Flakings\1.MOV_20201221091849_6757.JPEG,1.MOV_20201221091849_6757.JPEG,Flakings,,0.9085,0.835,0.0,True
C:\Users\acous\Desktop\sih2026\Railway Track Surface Faults Dataset\Flakings\1.MOV_20201221091849_6758.JPEG,1.MOV_20201221091849_6758.JPEG,Flakings,,0.9763,0.9555,0.0,True
C:\Users\acous\Desktop\sih2026\Railway Track Surface Faults Dataset\Flakings\1.MOV_20201221091849_6759.JPEG,1.MOV_20201221091849_6759.JPEG,Flakings,,0.8469,0.7003,0.0,True
C:\Users\acous\Desktop\sih2026\Railway Track Surface Faults Dataset\Flakings\1.MOV_20201221091849_6760.JPEG,1.MOV_20201221091849_6760.JPEG,Flakings,,0.9494,0.9009,0.0,True
C:\Users\acous\Desktop\sih2026\Railway Track Surface Faults Dataset\Flakings\1.MOV_20201221091849_6761.JPEG,1.MOV_20201221091849_6761.JPEG,Flakings,,0.9946,0.9903,0.0,True
C:\Users\acous\Desktop\sih2026\Railway Track Surface Faults Dataset\Flakings\1.MOV_20201221091849_6762.JPEG,1.MOV_20201221091849_6762.JPEG,Flakings,,0.9814,0.9633,0.0,True
C:\Users\acous\Desktop\sih2026\Railway Track Surface Faults Dataset\Flakings\1.MOV_20201221091849_6763.JPEG,1.MOV_20201221091849_6763.JPEG,Flakings,,0.9863,0.9746,0.0,True
C:\Users\acous\Desktop\sih2026\Railway Track Surface Faults Dataset\Flakings\1.MOV_20201221091849_6764.JPEG,1.MOV_20201221091849_6764.JPEG,Flakings,,0.9928,0.9862,0.0,True
C:\Users\acous\Desktop\sih2026\Railway Track Surface Faults Dataset\Flakings\1.MOV_20201221091849_6765.JPEG,1.MOV_20201221091849_6765.JPEG,Flakings,,0.9964,0.993,0.0,True
C:\Users\acous\Desktop\sih2026\Railway Track Surface Faults Dataset\Flakings\1.MOV_20201221091849_6766.JPEG,1.MOV_20201221091849_6766.JPEG,Flakings,,0.9848,0.9705,0.0,True
C:\Users\acous\Desktop\sih2026\Railway Track Surface Faults Dataset\Flakings\1.MOV_20201221091849_6767.JPEG,1.MOV_20201221091849_6767.JPEG,Flakings,,0.9983,0.9968,0.0,True
C:\Users\acous\Desktop\sih2026\Railway Track Surface Faults Dataset\Flakings\1.MOV_20201221091849_6768.JPEG,1.MOV_20201221091849_6768.JPEG,Flakings,,0.9994,0.999,0.0,True
C:\Users\acous\Desktop\sih2026\Railway Track Surface Faults Dataset\Flakings\1.MOV_20201221091849_6769.JPEG,1.MOV_20201221091849_6769.JPEG,Flakings,,0.997,0.9958,0.0,True
C:\Users\acous\Desktop\sih2026\Railway Track Surface Faults Dataset\Flakings\1.MOV_20201221091849_6770.JPEG,1.MOV_20201221091849_6770.JPEG,Flakings,,0.9831,0.9685,0.0,True
C:\Users\acous\Desktop\sih2026\Railway Track Surface Faults Dataset\Flakings\1.MOV_20201221091849_6771.JPEG,1.MOV_20201221091849_6771.JPEG,Flakings,,0.9971,0.995,0.0,True
C:\Users\acous\Desktop\sih2026\Railway Track Surface Faults Dataset\Flakings\1.MOV_20201221091849_6772.JPEG,1.MOV_20201221091849_6772.JPEG,Flakings,,0.9611,0.9255,0.0,True
C:\Users\acous\Desktop\sih2026\Railway Track Surface Faults Dataset\Flakings\1.MOV_20201221091849_6773.JPEG,1.MOV_20201221091849_6773.JPEG,Flakings,,0.9227,0.8783,0.0,True
C:\Users\acous\Desktop\sih2026\Railway Track Surface Faults Dataset\Flakings\1.MOV_20201221091849_6774.JPEG,1.MOV_20201221091849_6774.JPEG,Flakings,,0.8989,0.823,0.0,True
C:\Users\acous\Desktop\sih2026\Railway Track Surface Faults Dataset\Flakings\1.MOV_20201221091849_6775.JPEG,1.MOV_20201221091849_6775.JPEG,Flakings,,0.9913,0.9857,0.0,True
C:\Users\acous\Desktop\sih2026\Railway Track Surface Faults Dataset\Flakings\1.MOV_20201221091849_6776.JPEG,1.MOV_20201221091849_6776.JPEG,Flakings,,0.9888,0.9787,0.0,True
C:\Users\acous\Desktop\sih2026\Railway Track Surface Faults Dataset\Flakings\1.MOV_20201221091849_6777.JPEG,1.MOV_20201221091849_6777.JPEG,Flakings,,0.9951,0.9909,0.0,True
C:\Users\acous\Desktop\sih2026\Railway Track Surface Faults Dataset\Flakings\1.MOV_20201221091849_6778.JPEG,1.MOV_20201221091849_6778.JPEG,Flakings,,0.9973,0.9949,0.0,True
C:\Users\acous\Desktop\sih2026\Railway Track Surface Faults Dataset\Flakings\1.MOV_20201221091849_6779.JPEG,1.MOV_20201221091849_6779.JPEG,Flakings,,0.9934,0.9878,0.0,True
C:\Users\acous\Desktop\sih2026\Railway Track Surface Faults Dataset\Flakings\1.MOV_20201221091849_6780.JPEG,1.MOV_20201221091849_6780.JPEG,Flakings,,0.9983,0.9968,0.0,True
C:\Users\acous\Desktop\sih2026\Railway Track Surface Faults Dataset\Flakings\1.MOV_20201221091849_6781.JPEG,1.MOV_20201221091849_6781.JPEG,Flakings,,0.9993,0.9988,0.0,True
C:\Users\acous\Desktop\sih2026\Railway Track Surface Faults Dataset\Flakings\1.MOV_20201221091849_6782.JPEG,1.MOV_20201221091849_6782.JPEG,Flakings,,0.9987,0.9978,0.0,True
C:\Users\acous\Desktop\sih2026\Railway Track Surface Faults Dataset\Flakings\1.MOV_20201221091849_6783.JPEG,1.MOV_20201221091849_6783.JPEG,Flakings,,0.9984,0.9972,0.0,True
C:\Users\acous\Desktop\sih2026\Railway Track Surface Faults Dataset\Flakings\1.MOV_20201221091849_6784.JPEG,1.MOV_20201221091849_6784.JPEG,Flakings,,0.9989,0.998,0.0,True
C:\Users\acous\Desktop\sih2026\Railway Track Surface Faults Dataset\Flakings\1.MOV_20201221091849_6785.JPEG,1.MOV_20201221091849_6785.JPEG,Flakings,,0.9972,0.9946,0.0,True
C:\Users\acous\Desktop\sih2026\Railway Track Surface Faults Dataset\Flakings\1.MOV_20201221091849_6786.JPEG,1.MOV_20201221091849_6786.JPEG,Flakings,,0.9791,0.9594,0.0,True
C:\Users\acous\Desktop\sih2026\Railway Track Surface Faults Dataset\Flakings\1.MOV_20201221091849_6787.JPEG,1.MOV_20201221091849_6787.JPEG,Flakings,,0.9871,0.9765,0.0,True
C:\Users\acous\Desktop\sih2026\Railway Track Surface Faults Dataset\Flakings\1.MOV_20201221091849_6788.JPEG,1.MOV_20201221091849_6788.JPEG,Flakings,,0.9706,0.9434,0.0,True
C:\Users\acous\Desktop\sih2026\Railway Track Surface Faults Dataset\Flakings\1.MOV_20201221091849_6789.JPEG,1.MOV_20201221091849_6789.JPEG,Flakings,,0.9932,0.9865,0.0,True
C:\Users\acous\Desktop\sih2026\Railway Track Surface Faults Dataset\Flakings\1.MOV_20201221091849_6790.JPEG,1.MOV_20201221091849_6790.JPEG,Flakings,,0.9937,0.9875,0.0,True
C:\Users\acous\Desktop\sih2026\Railway Track Surface Faults Dataset\Flakings\1.MOV_20201221091849_6791.JPEG,1.MOV_20201221091849_6791.JPEG,Flakings,,0.8938,0.7881,0.0,True
C:\Users\acous\Desktop\sih2026\Railway Track Surface Faults Dataset\Flakings\1.MOV_20201221091849_6792.JPEG,1.MOV_20201221091849_6792.JPEG,Flakings,,0.9823,0.965,0.0,True
C:\Users\acous\Desktop\sih2026\Railway Track Surface Faults Dataset\Flakings\1.MOV_20201221091849_6793.JPEG,1.MOV_20201221091849_6793.JPEG,Flakings,,0.989,0.9785,0.0,True
C:\Users\acous\Desktop\sih2026\Railway Track Surface Faults Dataset\Flakings\1.MOV_20201221091849_6794.JPEG,1.MOV_20201221091849_6794.JPEG,Flakings,,0.596,0.1937,0.0,True
C:\Users\acous\Desktop\sih2026\Railway Track Surface Faults Dataset\Flakings\1.MOV_20201221091849_6795.JPEG,1.MOV_20201221091849_6795.JPEG,Flakings,,0.7405,0.4836,0.0,True
C:\Users\acous\Desktop\sih2026\Railway Track Surface Faults Dataset\Flakings\1.MOV_20201221091849_6796.JPEG,1.MOV_20201221091849_6796.JPEG,Flakings,,0.7843,0.5718,0.0,True
C:\Users\acous\Desktop\sih2026\Railway Track Surface Faults Dataset\Flakings\1.MOV_20201221091849_6797.JPEG,1.MOV_20201221091849_6797.JPEG,Flakings,,0.5124,0.0284,0.0,True
C:\Users\acous\Desktop\sih2026\Railway Track Surface Faults Dataset\Flakings\1.MOV_20201221091849_6798.JPEG,1.MOV_20201221091849_6798.JPEG,Flakings,,0.7453,0.5103,0.0,True
C:\Users\acous\Desktop\sih2026\Railway Track Surface Faults Dataset\Flakings\1.MOV_20201221091849_6799.JPEG,1.MOV_20201221091849_6799.JPEG,Flakings,,0.9495,0.9034,0.0,True
C:\Users\acous\Desktop\sih2026\Railway Track Surface Faults Dataset\Flakings\1.MOV_20201221091849_6800.JPEG,1.MOV_20201221091849_6800.JPEG,Flakings,,0.9612,0.9234,0.0,True
C:\Users\acous\Desktop\sih2026\Railway Track Surface Faults Dataset\Flakings\1.MOV_20201221091849_6801.JPEG,1.MOV_20201221091849_6801.JPEG,Flakings,,0.6954,0.4335,0.0,True
C:\Users\acous\Desktop\sih2026\Railway Track Surface Faults Dataset\Flakings\1.MOV_20201221091849_6802.JPEG,1.MOV_20201221091849_6802.JPEG,Flakings,,0.9744,0.9519,0.0,True
C:\Users\acous\Desktop\sih2026\Railway Track Surface Faults Dataset\Flakings\1.MOV_20201221091849_6803.JPEG,1.MOV_20201221091849_6803.JPEG,Flakings,,0.9535,0.9091,0.0,True
C:\Users\acous\Desktop\sih2026\Railway Track Surface Faults Dataset\Flakings\1.MOV_20201221091849_6804.JPEG,1.MOV_20201221091849_6804.JPEG,Flakings,,0.8512,0.7379,0.0,True
C:\Users\acous\Desktop\sih2026\Railway Track Surface Faults Dataset\Flakings\1.MOV_20201221091849_6805.JPEG,1.MOV_20201221091849_6805.JPEG,Flakings,,0.9446,0.8926,0.0,True
C:\Users\acous\Desktop\sih2026\Railway Track Surface Faults Dataset\Flakings\1.MOV_20201221091849_6806.JPEG,1.MOV_20201221091849_6806.JPEG,Flakings,,0.9557,0.9157,0.0,True
C:\Users\acous\Desktop\sih2026\Railway Track Surface Faults Dataset\Flakings\1.MOV_20201221091849_6807.JPEG,1.MOV_20201221091849_6807.JPEG,Flakings,,0.9892,0.98,0.0,True
C:\Users\acous\Desktop\sih2026\Railway Track Surface Faults Dataset\Flakings\1.MOV_20201221091849_6808.JPEG,1.MOV_20201221091849_6808.JPEG,Flakings,,0.9499,0.9052,0.0,True
C:\Users\acous\Desktop\sih2026\Railway Track Surface Faults Dataset\Flakings\1.MOV_20201221091849_6809.JPEG,1.MOV_20201221091849_6809.JPEG,Flakings,,0.9956,0.9916,0.0,True
C:\Users\acous\Desktop\sih2026\Railway Track Surface Faults Dataset\Flakings\1.MOV_20201221091849_6810.JPEG,1.MOV_20201221091849_6810.JPEG,Flakings,,0.997,0.9942,0.0,True
C:\Users\acous\Desktop\sih2026\Railway Track Surface Faults Dataset\Flakings\1.MOV_20201221091849_6811.JPEG,1.MOV_20201221091849_6811.JPEG,Flakings,,0.9857,0.9727,0.0,True
C:\Users\acous\Desktop\sih2026\Railway Track Surface Faults Dataset\Flakings\1.MOV_20201221091849_6812.JPEG,1.MOV_20201221091849_6812.JPEG,Flakings,,0.9093,0.824,0.0,True
C:\Users\acous\Desktop\sih2026\Railway Track Surface Faults Dataset\Flakings\1.MOV_20201221091849_6813.JPEG,1.MOV_20201221091849_6813.JPEG,Flakings,,0.9624,0.9264,0.0,True
C:\Users\acous\Desktop\sih2026\Railway Track Surface Faults Dataset\Flakings\1.MOV_20201221091849_6814.JPEG,1.MOV_20201221091849_6814.JPEG,Flakings,,0.8085,0.6192,0.0,True
C:\Users\acous\Desktop\sih2026\Railway Track Surface Faults Dataset\Flakings\1.MOV_20201221091849_6815.JPEG,1.MOV_20201221091849_6815.JPEG,Flakings,,0.572,0.1499,0.0,True
C:\Users\acous\Desktop\sih2026\Railway Track Surface Faults Dataset\Flakings\1.MOV_20201221091849_6816.JPEG,1.MOV_20201221091849_6816.JPEG,Flakings,,0.5226,0.0532,0.0,True
C:\Users\acous\Desktop\sih2026\Railway Track Surface Faults Dataset\Flakings\1.MOV_20201221091849_6817.JPEG,1.MOV_20201221091849_6817.JPEG,Flakings,,0.7202,0.4622,0.0,True
C:\Users\acous\Desktop\sih2026\Railway Track Surface Faults Dataset\Flakings\1.MOV_20201221091849_6818.JPEG,1.MOV_20201221091849_6818.JPEG,Flakings,,0.8661,0.74,0.0,True
C:\Users\acous\Desktop\sih2026\Railway Track Surface Faults Dataset\Flakings\1.MOV_20201221091849_6819.JPEG,1.MOV_20201221091849_6819.JPEG,Flakings,,0.9175,0.8392,0.0,True
C:\Users\acous\Desktop\sih2026\Railway Track Surface Faults Dataset\Flakings\1.MOV_20201221091849_6820.JPEG,1.MOV_20201221091849_6820.JPEG,Flakings,,0.935,0.8842,0.0,True
C:\Users\acous\Desktop\sih2026\Railway Track Surface Faults Dataset\Flakings\1.MOV_20201221091849_6821.JPEG,1.MOV_20201221091849_6821.JPEG,Flakings,,0.9978,0.9964,0.0,True
C:\Users\acous\Desktop\sih2026\Railway Track Surface Faults Dataset\Flakings\1.MOV_20201221091849_6822.JPEG,1.MOV_20201221091849_6822.JPEG,Flakings,,0.9976,0.9958,0.0,True
C:\Users\acous\Desktop\sih2026\Railway Track Surface Faults Dataset\Flakings\1.MOV_20201221091849_6823.JPEG,1.MOV_20201221091849_6823.JPEG,Flakings,,0.9916,0.9853,0.0,True
C:\Users\acous\Desktop\sih2026\Railway Track Surface Faults Dataset\Flakings\1.MOV_20201221091849_6824.JPEG,1.MOV_20201221091849_6824.JPEG,Flakings,,0.9937,0.9885,0.0,True
C:\Users\acous\Desktop\sih2026\Railway Track Surface Faults Dataset\Flakings\1.MOV_20201221091849_6825.JPEG,1.MOV_20201221091849_6825.JPEG,Flakings,,0.9923,0.9869,0.0,True
C:\Users\acous\Desktop\sih2026\Railway Track Surface Faults Dataset\Flakings\1.MOV_20201221091849_6826.JPEG,1.MOV_20201221091849_6826.JPEG,Flakings,,0.9958,0.9933,0.0,True
C:\Users\acous\Desktop\sih2026\Railway Track Surface Faults Dataset\Flakings\1.MOV_20201221091849_6827.JPEG,1.MOV_20201221091849_6827.JPEG,Flakings,,0.9953,0.993,0.0,True
C:\Users\acous\Desktop\sih2026\Railway Track Surface Faults Dataset\Flakings\1.MOV_20201221091849_6828.JPEG,1.MOV_20201221091849_6828.JPEG,Flakings,,0.9877,0.9808,0.0,True
C:\Users\acous\Desktop\sih2026\Railway Track Surface Faults Dataset\Flakings\1.MOV_20201221091849_6829.JPEG,1.MOV_20201221091849_6829.JPEG,Flakings,,0.9774,0.9653,0.0,True
C:\Users\acous\Desktop\sih2026\Railway Track Surface Faults Dataset\Flakings\1.MOV_20201221091849_6830.JPEG,1.MOV_20201221091849_6830.JPEG,Flakings,,0.8261,0.7088,0.0,True
C:\Users\acous\Desktop\sih2026\Railway Track Surface Faults Dataset\Flakings\1.MOV_20201221091849_6831.JPEG,1.MOV_20201221091849_6831.JPEG,Flakings,,0.8409,0.7137,0.0,True
C:\Users\acous\Desktop\sih2026\Railway Track Surface Faults Dataset\Flakings\1.MOV_20201221091849_6832.JPEG,1.MOV_20201221091849_6832.JPEG,Flakings,,0.9177,0.8756,0.0,True
C:\Users\acous\Desktop\sih2026\Railway Track Surface Faults Dataset\Flakings\1.MOV_20201221091849_6833.JPEG,1.MOV_20201221091849_6833.JPEG,Flakings,,0.9612,0.9398,0.0,True
C:\Users\acous\Desktop\sih2026\Railway Track Surface Faults Dataset\Flakings\1.MOV_20201221091849_6858.JPEG,1.MOV_20201221091849_6858.JPEG,Flakings,,0.9151,0.8303,0.0,True
C:\Users\acous\Desktop\sih2026\Railway Track Surface Faults Dataset\Flakings\1.MOV_20201221091849_6859.JPEG,1.MOV_20201221091849_6859.JPEG,Flakings,,0.8302,0.6605,0.0,True
C:\Users\acous\Desktop\sih2026\Railway Track Surface Faults Dataset\Flakings\1.MOV_20201221091849_6860.JPEG,1.MOV_20201221091849_6860.JPEG,Flakings,,0.7631,0.5264,0.0,True
C:\Users\acous\Desktop\sih2026\Railway Track Surface Faults Dataset\Flakings\1.MOV_20201221091849_6861.JPEG,1.MOV_20201221091849_6861.JPEG,Flakings,,0.96,0.9202,0.0,True
C:\Users\acous\Desktop\sih2026\Railway Track Surface Faults Dataset\Flakings\1.MOV_20201221091849_6862.JPEG,1.MOV_20201221091849_6862.JPEG,Flakings,,0.9556,0.9114,0.0,True
C:\Users\acous\Desktop\sih2026\Railway Track Surface Faults Dataset\Flakings\1.MOV_20201221091849_6863.JPEG,1.MOV_20201221091849_6863.JPEG,Flakings,,0.9666,0.9341,0.0,True
C:\Users\acous\Desktop\sih2026\Railway Track Surface Faults Dataset\Flakings\1.MOV_20201221091849_6864.JPEG,1.MOV_20201221091849_6864.JPEG,Flakings,,0.9952,0.9905,0.0,True
C:\Users\acous\Desktop\sih2026\Railway Track Surface Faults Dataset\Flakings\1.MOV_20201221091849_6865.JPEG,1.MOV_20201221091849_6865.JPEG,Flakings,,0.9913,0.9828,0.0,True
C:\Users\acous\Desktop\sih2026\Railway Track Surface Faults Dataset\Flakings\1.MOV_20201221091849_6866.JPEG,1.MOV_20201221091849_6866.JPEG,Flakings,,0.9978,0.9957,0.0,True
C:\Users\acous\Desktop\sih2026\Railway Track Surface Faults Dataset\Flakings\1.MOV_20201221091849_6867.JPEG,1.MOV_20201221091849_6867.JPEG,Flakings,,0.9987,0.9974,0.0,True
C:\Users\acous\Desktop\sih2026\Railway Track Surface Faults Dataset\Flakings\1.MOV_20201221091849_6868.JPEG,1.MOV_20201221091849_6868.JPEG,Flakings,,0.9907,0.9815,0.0,True
C:\Users\acous\Desktop\sih2026\Railway Track Surface Faults Dataset\Flakings\1.MOV_20201221091849_6869.JPEG,1.MOV_20201221091849_6869.JPEG,Flakings,,0.9853,0.971,0.0,True
C:\Users\acous\Desktop\sih2026\Railway Track Surface Faults Dataset\Flakings\1.MOV_20201221091849_6870.JPEG,1.MOV_20201221091849_6870.JPEG,Flakings,,0.9142,0.8329,0.0,True
C:\Users\acous\Desktop\sih2026\Railway Track Surface Faults Dataset\Flakings\1.MOV_20201221091849_6871.JPEG,1.MOV_20201221091849_6871.JPEG,Flakings,,0.7429,0.4898,0.0,True
C:\Users\acous\Desktop\sih2026\Railway Track Surface Faults Dataset\Flakings\1.MOV_20201221091849_6872.JPEG,1.MOV_20201221091849_6872.JPEG,Flakings,,0.9395,0.8811,0.0,True
C:\Users\acous\Desktop\sih2026\Railway Track Surface Faults Dataset\Flakings\1.MOV_20201221091849_6873.JPEG,1.MOV_20201221091849_6873.JPEG,Flakings,,0.9486,0.8985,0.0,True
C:\Users\acous\Desktop\sih2026\Railway Track Surface Faults Dataset\Flakings\1.MOV_20201221091849_6874.JPEG,1.MOV_20201221091849_6874.JPEG,Flakings,,0.4991,0.0013,0.0,True
C:\Users\acous\Desktop\sih2026\Railway Track Surface Faults Dataset\Flakings\1.MOV_20201221091849_6875.JPEG,1.MOV_20201221091849_6875.JPEG,Flakings,,0.6891,0.385,0.0,True
C:\Users\acous\Desktop\sih2026\Railway Track Surface Faults Dataset\Flakings\1.MOV_20201221091849_6876.JPEG,1.MOV_20201221091849_6876.JPEG,Flakings,,0.8609,0.7227,0.0,True
C:\Users\acous\Desktop\sih2026\Railway Track Surface Faults Dataset\Flakings\1.MOV_20201221091849_6877.JPEG,1.MOV_20201221091849_6877.JPEG,Flakings,,0.978,0.9574,0.0,True
C:\Users\acous\Desktop\sih2026\Railway Track Surface Faults Dataset\Flakings\1.MOV_20201221091849_6878.JPEG,1.MOV_20201221091849_6878.JPEG,Flakings,,0.8968,0.7944,0.0,True
C:\Users\acous\Desktop\sih2026\Railway Track Surface Faults Dataset\Flakings\1.MOV_20201221091849_6879.JPEG,1.MOV_20201221091849_6879.JPEG,Flakings,,0.9714,0.9443,0.0,True
C:\Users\acous\Desktop\sih2026\Railway Track Surface Faults Dataset\Flakings\1.MOV_20201221091849_6880.JPEG,1.MOV_20201221091849_6880.JPEG,Flakings,,0.9956,0.9913,0.0,True
C:\Users\acous\Desktop\sih2026\Railway Track Surface Faults Dataset\Flakings\1.MOV_20201221091849_6881.JPEG,1.MOV_20201221091849_6881.JPEG,Flakings,,0.9871,0.9785,0.0,True
C:\Users\acous\Desktop\sih2026\Railway Track Surface Faults Dataset\Flakings\1.MOV_20201221091849_6882.JPEG,1.MOV_20201221091849_6882.JPEG,Flakings,,0.9787,0.9581,0.0,True
C:\Users\acous\Desktop\sih2026\Railway Track Surface Faults Dataset\Flakings\1.MOV_20201221091849_6883.JPEG,1.MOV_20201221091849_6883.JPEG,Flakings,,0.9884,0.9773,0.0,True
C:\Users\acous\Desktop\sih2026\Railway Track Surface Faults Dataset\Flakings\1.MOV_20201221091849_6884.JPEG,1.MOV_20201221091849_6884.JPEG,Flakings,,0.9937,0.9877,0.0,True
C:\Users\acous\Desktop\sih2026\Railway Track Surface Faults Dataset\Flakings\1.MOV_20201221091849_6885.JPEG,1.MOV_20201221091849_6885.JPEG,Flakings,,0.9961,0.9924,0.0,True
C:\Users\acous\Desktop\sih2026\Railway Track Surface Faults Dataset\Flakings\1.MOV_20201221091849_6886.JPEG,1.MOV_20201221091849_6886.JPEG,Flakings,,0.9987,0.9975,0.0,True
C:\Users\acous\Desktop\sih2026\Railway Track Surface Faults Dataset\Flakings\1.MOV_20201221091849_6887.JPEG,1.MOV_20201221091849_6887.JPEG,Flakings,,0.9951,0.9913,0.0,True
C:\Users\acous\Desktop\sih2026\Railway Track Surface Faults Dataset\Flakings\1.MOV_20201221091849_6888.JPEG,1.MOV_20201221091849_6888.JPEG,Flakings,,0.9932,0.9871,0.0,True
C:\Users\acous\Desktop\sih2026\Railway Track Surface Faults Dataset\Flakings\1.MOV_20201221091849_6889.JPEG,1.MOV_20201221091849_6889.JPEG,Flakings,,0.9971,0.9952,0.0,True
C:\Users\acous\Desktop\sih2026\Railway Track Surface Faults Dataset\Flakings\1.MOV_20201221091849_6890.JPEG,1.MOV_20201221091849_6890.JPEG,Flakings,,0.9932,0.9897,0.0,True
C:\Users\acous\Desktop\sih2026\Railway Track Surface Faults Dataset\Flakings\1.MOV_20201221091849_6891.JPEG,1.MOV_20201221091849_6891.JPEG,Flakings,,0.9752,0.9543,0.0,True
C:\Users\acous\Desktop\sih2026\Railway Track Surface Faults Dataset\Flakings\1.MOV_20201221091849_6892.JPEG,1.MOV_20201221091849_6892.JPEG,Flakings,,0.9893,0.9807,0.0,True
C:\Users\acous\Desktop\sih2026\Railway Track Surface Faults Dataset\Flakings\1.MOV_20201221091849_6893.JPEG,1.MOV_20201221091849_6893.JPEG,Flakings,,0.9983,0.9968,0.0,True
C:\Users\acous\Desktop\sih2026\Railway Track Surface Faults Dataset\Flakings\1.MOV_20201221091849_6894.JPEG,1.MOV_20201221091849_6894.JPEG,Flakings,,0.9933,0.9868,0.0,True
C:\Users\acous\Desktop\sih2026\Railway Track Surface Faults Dataset\Flakings\1.MOV_20201221091849_6895.JPEG,1.MOV_20201221091849_6895.JPEG,Flakings,,0.997,0.9941,0.0,True
C:\Users\acous\Desktop\sih2026\Railway Track Surface Faults Dataset\Flakings\1.MOV_20201221091849_6896.JPEG,1.MOV_20201221091849_6896.JPEG,Flakings,,0.9983,0.9969,0.0,True
C:\Users\acous\Desktop\sih2026\Railway Track Surface Faults Dataset\Flakings\1.MOV_20201221091849_6897.JPEG,1.MOV_20201221091849_6897.JPEG,Flakings,,0.9918,0.9858,0.0,True
C:\Users\acous\Desktop\sih2026\Railway Track Surface Faults Dataset\Flakings\1.MOV_20201221091849_6898.JPEG,1.MOV_20201221091849_6898.JPEG,Flakings,,0.983,0.9723,0.0,True
C:\Users\acous\Desktop\sih2026\Railway Track Surface Faults Dataset\Flakings\1.MOV_20201221091849_6903.JPEG,1.MOV_20201221091849_6903.JPEG,Flakings,,0.6281,0.2572,0.0,True
C:\Users\acous\Desktop\sih2026\Railway Track Surface Faults Dataset\Flakings\1.MOV_20201221091849_6904.JPEG,1.MOV_20201221091849_6904.JPEG,Flakings,,0.9405,0.8817,0.0,True
C:\Users\acous\Desktop\sih2026\Railway Track Surface Faults Dataset\Flakings\1.MOV_20201221091849_6905.JPEG,1.MOV_20201221091849_6905.JPEG,Flakings,,0.9634,0.94,0.0,True
C:\Users\acous\Desktop\sih2026\Railway Track Surface Faults Dataset\Flakings\1.MOV_20201221091849_6906.JPEG,1.MOV_20201221091849_6906.JPEG,Flakings,,0.882,0.777,0.0,True
C:\Users\acous\Desktop\sih2026\Railway Track Surface Faults Dataset\Flakings\1.MOV_20201221091849_6907.JPEG,1.MOV_20201221091849_6907.JPEG,Flakings,,0.9755,0.9584,0.0,True
C:\Users\acous\Desktop\sih2026\Railway Track Surface Faults Dataset\Flakings\1.MOV_20201221091849_6908.JPEG,1.MOV_20201221091849_6908.JPEG,Flakings,,0.9901,0.9811,0.0,True
C:\Users\acous\Desktop\sih2026\Railway Track Surface Faults Dataset\Flakings\1.MOV_20201221091849_6909.JPEG,1.MOV_20201221091849_6909.JPEG,Flakings,,0.9792,0.96,0.0,True
C:\Users\acous\Desktop\sih2026\Railway Track Surface Faults Dataset\Flakings\1.MOV_20201221091849_6910.JPEG,1.MOV_20201221091849_6910.JPEG,Flakings,,0.992,0.9843,0.0,True
C:\Users\acous\Desktop\sih2026\Railway Track Surface Faults Dataset\Flakings\1.MOV_20201221091849_6911.JPEG,1.MOV_20201221091849_6911.JPEG,Flakings,,0.9967,0.9935,0.0,True
C:\Users\acous\Desktop\sih2026\Railway Track Surface Faults Dataset\Flakings\1.MOV_20201221091849_6912.JPEG,1.MOV_20201221091849_6912.JPEG,Flakings,,0.9854,0.971,0.0,True
C:\Users\acous\Desktop\sih2026\Railway Track Surface Faults Dataset\Flakings\1.MOV_20201221091849_6913.JPEG,1.MOV_20201221091849_6913.JPEG,Flakings,,0.9948,0.9898,0.0,True
C:\Users\acous\Desktop\sih2026\Railway Track Surface Faults Dataset\Flakings\1.MOV_20201221091849_6918.JPEG,1.MOV_20201221091849_6918.JPEG,Flakings,,0.994,0.9883,0.0,True
C:\Users\acous\Desktop\sih2026\Railway Track Surface Faults Dataset\Flakings\1.MOV_20201221091849_6919.JPEG,1.MOV_20201221091849_6919.JPEG,Flakings,,0.9589,0.9181,0.0,True
C:\Users\acous\Desktop\sih2026\Railway Track Surface Faults Dataset\Flakings\1.MOV_20201221091849_6920.JPEG,1.MOV_20201221091849_6920.JPEG,Flakings,,0.9971,0.9943,0.0,True
C:\Users\acous\Desktop\sih2026\Railway Track Surface Faults Dataset\Flakings\1.MOV_20201221091849_6921.JPEG,1.MOV_20201221091849_6921.JPEG,Flakings,,0.9945,0.9891,0.0,True
C:\Users\acous\Desktop\sih2026\Railway Track Surface Faults Dataset\Flakings\1.MOV_20201221091849_6922.JPEG,1.MOV_20201221091849_6922.JPEG,Flakings,,0.9951,0.9918,0.0,True
C:\Users\acous\Desktop\sih2026\Railway Track Surface Faults Dataset\Flakings\1.MOV_20201221091849_6923.JPEG,1.MOV_20201221091849_6923.JPEG,Flakings,,0.9959,0.9921,0.0,True
C:\Users\acous\Desktop\sih2026\Railway Track Surface Faults Dataset\Flakings\1.MOV_20201221091849_6924.JPEG,1.MOV_20201221091849_6924.JPEG,Flakings,,0.9996,0.9992,0.0,True
C:\Users\acous\Desktop\sih2026\Railway Track Surface Faults Dataset\Flakings\1.MOV_20201221091849_6925.JPEG,1.MOV_20201221091849_6925.JPEG,Flakings,,0.9999,0.9998,0.0,True
C:\Users\acous\Desktop\sih2026\Railway Track Surface Faults Dataset\Flakings\1.MOV_20201221091849_6926.JPEG,1.MOV_20201221091849_6926.JPEG,Flakings,,0.9984,0.9969,0.0,True
C:\Users\acous\Desktop\sih2026\Railway Track Surface Faults Dataset\Flakings\1.MOV_20201221091849_6927.JPEG,1.MOV_20201221091849_6927.JPEG,Flakings,,0.9993,0.9987,0.0,True
C:\Users\acous\Desktop\sih2026\Railway Track Surface Faults Dataset\Flakings\1.MOV_20201221091849_6928.JPEG,1.MOV_20201221091849_6928.JPEG,Flakings,,0.9914,0.9831,0.0,True
C:\Users\acous\Desktop\sih2026\Railway Track Surface Faults Dataset\Flakings\1.MOV_20201221091849_6929.JPEG,1.MOV_20201221091849_6929.JPEG,Flakings,,0.9994,0.9988,0.0,True
C:\Users\acous\Desktop\sih2026\Railway Track Surface Faults Dataset\Flakings\1.MOV_20201221091849_6930.JPEG,1.MOV_20201221091849_6930.JPEG,Flakings,,0.9987,0.9974,0.0,True
C:\Users\acous\Desktop\sih2026\Railway Track Surface Faults Dataset\Flakings\1.MOV_20201221091849_6931.JPEG,1.MOV_20201221091849_6931.JPEG,Flakings,,0.9973,0.9946,0.0,True
C:\Users\acous\Desktop\sih2026\Railway Track Surface Faults Dataset\Flakings\1.MOV_20201221091849_6932.JPEG,1.MOV_20201221091849_6932.JPEG,Flakings,,0.9989,0.9978,0.0,True
C:\Users\acous\Desktop\sih2026\Railway Track Surface Faults Dataset\Flakings\1.MOV_20201221091849_6933.JPEG,1.MOV_20201221091849_6933.JPEG,Flakings,,0.9992,0.9985,0.0,True
C:\Users\acous\Desktop\sih2026\Railway Track Surface Faults Dataset\Flakings\1.MOV_20201221091849_6934.JPEG,1.MOV_20201221091849_6934.JPEG,Flakings,,0.9984,0.9969,0.0,True
C:\Users\acous\Desktop\sih2026\Railway Track Surface Faults Dataset\Flakings\1.MOV_20201221091849_6935.JPEG,1.MOV_20201221091849_6935.JPEG,Flakings,,0.9969,0.9939,0.0,True
C:\Users\acous\Desktop\sih2026\Railway Track Surface Faults Dataset\Flakings\1.MOV_20201221091849_6936.JPEG,1.MOV_20201221091849_6936.JPEG,Flakings,,0.9848,0.9698,0.0,True
C:\Users\acous\Desktop\sih2026\Railway Track Surface Faults Dataset\Flakings\1.MOV_20201221091849_6937.JPEG,1.MOV_20201221091849_6937.JPEG,Flakings,,0.9991,0.9982,0.0,True
C:\Users\acous\Desktop\sih2026\Railway Track Surface Faults Dataset\Flakings\1.MOV_20201221091849_6938.JPEG,1.MOV_20201221091849_6938.JPEG,Flakings,,0.9901,0.9805,0.0,True
C:\Users\acous\Desktop\sih2026\Railway Track Surface Faults Dataset\Flakings\1.MOV_20201221091849_6939.JPEG,1.MOV_20201221091849_6939.JPEG,Flakings,,0.9777,0.9585,0.0,True
C:\Users\acous\Desktop\sih2026\Railway Track Surface Faults Dataset\Flakings\1.MOV_20201221091849_6940.JPEG,1.MOV_20201221091849_6940.JPEG,Flakings,,0.9896,0.9815,0.0,True
C:\Users\acous\Desktop\sih2026\Railway Track Surface Faults Dataset\Flakings\1.MOV_20201221091849_6941.JPEG,1.MOV_20201221091849_6941.JPEG,Flakings,,0.9891,0.9789,0.0,True
C:\Users\acous\Desktop\sih2026\Railway Track Surface Faults Dataset\Flakings\1.MOV_20201221091849_6942.JPEG,1.MOV_20201221091849_6942.JPEG,Flakings,,0.997,0.9948,0.0,True
C:\Users\acous\Desktop\sih2026\Railway Track Surface Faults Dataset\Flakings\1.MOV_20201221091849_6943.JPEG,1.MOV_20201221091849_6943.JPEG,Flakings,,0.989,0.9802,0.0,True
C:\Users\acous\Desktop\sih2026\Railway Track Surface Faults Dataset\Flakings\1.MOV_20201221091849_6944.JPEG,1.MOV_20201221091849_6944.JPEG,Flakings,,0.9904,0.9818,0.0,True
C:\Users\acous\Desktop\sih2026\Railway Track Surface Faults Dataset\Flakings\1.MOV_20201221091849_6945.JPEG,1.MOV_20201221091849_6945.JPEG,Flakings,,0.9977,0.9959,0.0,True
C:\Users\acous\Desktop\sih2026\Railway Track Surface Faults Dataset\Flakings\1.MOV_20201221091849_6946.JPEG,1.MOV_20201221091849_6946.JPEG,Flakings,,0.9994,0.9989,0.0,True
C:\Users\acous\Desktop\sih2026\Railway Track Surface Faults Dataset\Flakings\1.MOV_20201221091849_6947.JPEG,1.MOV_20201221091849_6947.JPEG,Flakings,,0.9935,0.9873,0.0,True
C:\Users\acous\Desktop\sih2026\Railway Track Surface Faults Dataset\Flakings\1.MOV_20201221091849_6948.JPEG,1.MOV_20201221091849_6948.JPEG,Flakings,,0.996,0.9923,0.0,True
C:\Users\acous\Desktop\sih2026\Railway Track Surface Faults Dataset\Flakings\1.MOV_20201221091849_6949.JPEG,1.MOV_20201221091849_6949.JPEG,Flakings,,0.9917,0.9856,0.0,True
C:\Users\acous\Desktop\sih2026\Railway Track Surface Faults Dataset\Flakings\1.MOV_20201221091849_6950.JPEG,1.MOV_20201221091849_6950.JPEG,Flakings,,0.9947,0.9896,0.0,True
C:\Users\acous\Desktop\sih2026\Railway Track Surface Faults Dataset\Flakings\1.MOV_20201221091849_6951.JPEG,1.MOV_20201221091849_6951.JPEG,Flakings,,0.9925,0.9852,0.0,True
C:\Users\acous\Desktop\sih2026\Railway Track Surface Faults Dataset\Flakings\1.MOV_20201221091849_6952.JPEG,1.MOV_20201221091849_6952.JPEG,Flakings,,0.9986,0.9972,0.0,True
C:\Users\acous\Desktop\sih2026\Railway Track Surface Faults Dataset\Flakings\1.MOV_20201221091849_6953.JPEG,1.MOV_20201221091849_6953.JPEG,Flakings,,0.9971,0.9943,0.0,True
C:\Users\acous\Desktop\sih2026\Railway Track Surface Faults Dataset\Flakings\1.MOV_20201221091849_6954.JPEG,1.MOV_20201221091849_6954.JPEG,Flakings,,0.982,0.9641,0.0,True
C:\Users\acous\Desktop\sih2026\Railway Track Surface Faults Dataset\Flakings\1.MOV_20201221091849_6955.JPEG,1.MOV_20201221091849_6955.JPEG,Flakings,,0.9975,0.9951,0.0,True
C:\Users\acous\Desktop\sih2026\Railway Track Surface Faults Dataset\Flakings\1.MOV_20201221091849_6956.JPEG,1.MOV_20201221091849_6956.JPEG,Flakings,,0.9866,0.9733,0.0,True
C:\Users\acous\Desktop\sih2026\Railway Track Surface Faults Dataset\Flakings\1.MOV_20201221091849_6957.JPEG,1.MOV_20201221091849_6957.JPEG,Flakings,,0.9831,0.9663,0.0,True
C:\Users\acous\Desktop\sih2026\Railway Track Surface Faults Dataset\Flakings\1.MOV_20201221091849_6958.JPEG,1.MOV_20201221091849_6958.JPEG,Flakings,,0.9941,0.9886,0.0,True
C:\Users\acous\Desktop\sih2026\Railway Track Surface Faults Dataset\Flakings\1.MOV_20201221091849_6959.JPEG,1.MOV_20201221091849_6959.JPEG,Flakings,,0.9707,0.9422,0.0,True
C:\Users\acous\Desktop\sih2026\Railway Track Surface Faults Dataset\Flakings\1.MOV_20201221091849_6960.JPEG,1.MOV_20201221091849_6960.JPEG,Flakings,,0.9968,0.9937,0.0,True
C:\Users\acous\Desktop\sih2026\Railway Track Surface Faults Dataset\Flakings\1.MOV_20201221091849_6961.JPEG,1.MOV_20201221091849_6961.JPEG,Flakings,,0.9975,0.9951,0.0,True
C:\Users\acous\Desktop\sih2026\Railway Track Surface Faults Dataset\Flakings\1.MOV_20201221091849_6962.JPEG,1.MOV_20201221091849_6962.JPEG,Flakings,,0.9832,0.9669,0.0,True
C:\Users\acous\Desktop\sih2026\Railway Track Surface Faults Dataset\Flakings\1.MOV_20201221091849_6963.JPEG,1.MOV_20201221091849_6963.JPEG,Flakings,,0.9946,0.9893,0.0,True
C:\Users\acous\Desktop\sih2026\Railway Track Surface Faults Dataset\Flakings\1.MOV_20201221091849_6964.JPEG,1.MOV_20201221091849_6964.JPEG,Flakings,,0.9993,0.9987,0.0,True
C:\Users\acous\Desktop\sih2026\Railway Track Surface Faults Dataset\Flakings\1.MOV_20201221091849_6965.JPEG,1.MOV_20201221091849_6965.JPEG,Flakings,,0.9977,0.996,0.0,True
C:\Users\acous\Desktop\sih2026\Railway Track Surface Faults Dataset\Flakings\1.MOV_20201221091849_6966.JPEG,1.MOV_20201221091849_6966.JPEG,Flakings,,0.9989,0.998,0.0,True
C:\Users\acous\Desktop\sih2026\Railway Track Surface Faults Dataset\Flakings\1.MOV_20201221091849_6967.JPEG,1.MOV_20201221091849_6967.JPEG,Flakings,,0.9948,0.9911,0.0,True
C:\Users\acous\Desktop\sih2026\Railway Track Surface Faults Dataset\Flakings\1.MOV_20201221091849_6968.JPEG,1.MOV_20201221091849_6968.JPEG,Flakings,,0.9991,0.9984,0.0,True
C:\Users\acous\Desktop\sih2026\Railway Track Surface Faults Dataset\Flakings\1.MOV_20201221091849_6969.JPEG,1.MOV_20201221091849_6969.JPEG,Flakings,,0.9962,0.9942,0.0,True
C:\Users\acous\Desktop\sih2026\Railway Track Surface Faults Dataset\Flakings\1.MOV_20201221091849_6970.JPEG,1.MOV_20201221091849_6970.JPEG,Flakings,,0.9991,0.9985,0.0,True
C:\Users\acous\Desktop\sih2026\Railway Track Surface Faults Dataset\Flakings\1.MOV_20201221091849_6971.JPEG,1.MOV_20201221091849_6971.JPEG,Flakings,,0.9967,0.9943,0.0,True
C:\Users\acous\Desktop\sih2026\Railway Track Surface Faults Dataset\Flakings\1.MOV_20201221091849_6972.JPEG,1.MOV_20201221091849_6972.JPEG,Flakings,,0.9947,0.9897,0.0,True
C:\Users\acous\Desktop\sih2026\Railway Track Surface Faults Dataset\Flakings\1.MOV_20201221091849_6973.JPEG,1.MOV_20201221091849_6973.JPEG,Flakings,,0.9975,0.9951,0.0,True
C:\Users\acous\Desktop\sih2026\Railway Track Surface Faults Dataset\Flakings\1.MOV_20201221091849_6974.JPEG,1.MOV_20201221091849_6974.JPEG,Flakings,,0.9874,0.9751,0.0,True
C:\Users\acous\Desktop\sih2026\Railway Track Surface Faults Dataset\Flakings\1.MOV_20201221091849_6975.JPEG,1.MOV_20201221091849_6975.JPEG,Flakings,,0.9981,0.9962,0.0,True
C:\Users\acous\Desktop\sih2026\Railway Track Surface Faults Dataset\Flakings\1.MOV_20201221091849_6976.JPEG,1.MOV_20201221091849_6976.JPEG,Flakings,,0.9981,0.9962,0.0,True
C:\Users\acous\Desktop\sih2026\Railway Track Surface Faults Dataset\Flakings\1.MOV_20201221091849_6977.JPEG,1.MOV_20201221091849_6977.JPEG,Flakings,,0.9963,0.9927,0.0,True
C:\Users\acous\Desktop\sih2026\Railway Track Surface Faults Dataset\Flakings\1.MOV_20201221091849_6978.JPEG,1.MOV_20201221091849_6978.JPEG,Flakings,,0.9982,0.9966,0.0,True
C:\Users\acous\Desktop\sih2026\Railway Track Surface Faults Dataset\Flakings\1.MOV_20201221091849_6979.JPEG,1.MOV_20201221091849_6979.JPEG,Flakings,,0.9987,0.9976,0.0,True
C:\Users\acous\Desktop\sih2026\Railway Track Surface Faults Dataset\Flakings\1.MOV_20201221091849_6995.JPEG,1.MOV_20201221091849_6995.JPEG,Flakings,,0.9942,0.989,0.0,True
C:\Users\acous\Desktop\sih2026\Railway Track Surface Faults Dataset\Flakings\1.MOV_20201221091849_6996.JPEG,1.MOV_20201221091849_6996.JPEG,Flakings,,0.9921,0.9844,0.0,True
C:\Users\acous\Desktop\sih2026\Railway Track Surface Faults Dataset\Flakings\1.MOV_20201221091849_6997.JPEG,1.MOV_20201221091849_6997.JPEG,Flakings,,0.9992,0.9988,0.0,True
C:\Users\acous\Desktop\sih2026\Railway Track Surface Faults Dataset\Flakings\1.MOV_20201221091849_6998.JPEG,1.MOV_20201221091849_6998.JPEG,Flakings,,0.9976,0.9964,0.0,True
C:\Users\acous\Desktop\sih2026\Railway Track Surface Faults Dataset\Flakings\1.MOV_20201221091849_6999.JPEG,1.MOV_20201221091849_6999.JPEG,Flakings,,0.9806,0.9616,0.0,True
C:\Users\acous\Desktop\sih2026\Railway Track Surface Faults Dataset\Flakings\1.MOV_20201221091849_7000.JPEG,1.MOV_20201221091849_7000.JPEG,Flakings,,0.9902,0.9811,0.0,True
C:\Users\acous\Desktop\sih2026\Railway Track Surface Faults Dataset\Flakings\1.MOV_20201221091849_7001.JPEG,1.MOV_20201221091849_7001.JPEG,Flakings,,0.9996,0.9992,0.0,True
C:\Users\acous\Desktop\sih2026\Railway Track Surface Faults Dataset\Flakings\1.MOV_20201221091849_7002.JPEG,1.MOV_20201221091849_7002.JPEG,Flakings,,0.9974,0.9949,0.0,True
C:\Users\acous\Desktop\sih2026\Railway Track Surface Faults Dataset\Flakings\1.MOV_20201221091849_7003.JPEG,1.MOV_20201221091849_7003.JPEG,Flakings,,0.8636,0.7308,0.0,True
C:\Users\acous\Desktop\sih2026\Railway Track Surface Faults Dataset\Flakings\1.MOV_20201221091849_7004.JPEG,1.MOV_20201221091849_7004.JPEG,Flakings,,0.9362,0.884,0.0,True
C:\Users\acous\Desktop\sih2026\Railway Track Surface Faults Dataset\Flakings\1.MOV_20201221091849_7005.JPEG,1.MOV_20201221091849_7005.JPEG,Flakings,,0.7988,0.6103,0.0,True
C:\Users\acous\Desktop\sih2026\Railway Track Surface Faults Dataset\Flakings\1.MOV_20201221091849_7006.JPEG,1.MOV_20201221091849_7006.JPEG,Flakings,,0.745,0.5085,0.0,True
C:\Users\acous\Desktop\sih2026\Railway Track Surface Faults Dataset\Flakings\1.MOV_20201221091849_7007.JPEG,1.MOV_20201221091849_7007.JPEG,Flakings,,0.6886,0.4283,0.0,True
C:\Users\acous\Desktop\sih2026\Railway Track Surface Faults Dataset\Flakings\1.MOV_20201221091849_7008.JPEG,1.MOV_20201221091849_7008.JPEG,Flakings,,0.9277,0.8575,0.0,True
C:\Users\acous\Desktop\sih2026\Railway Track Surface Faults Dataset\Flakings\1.MOV_20201221091849_7009.JPEG,1.MOV_20201221091849_7009.JPEG,Flakings,,0.9583,0.9169,0.0,True
C:\Users\acous\Desktop\sih2026\Railway Track Surface Faults Dataset\Flakings\1.MOV_20201221091849_7010.JPEG,1.MOV_20201221091849_7010.JPEG,Flakings,,0.8915,0.7934,0.0,True
C:\Users\acous\Desktop\sih2026\Railway Track Surface Faults Dataset\Flakings\1.MOV_20201221091849_7011.JPEG,1.MOV_20201221091849_7011.JPEG,Flakings,,0.8048,0.615,0.0,True
C:\Users\acous\Desktop\sih2026\Railway Track Surface Faults Dataset\Flakings\1.MOV_20201221091849_7012.JPEG,1.MOV_20201221091849_7012.JPEG,Flakings,,0.8898,0.7971,0.0,True
C:\Users\acous\Desktop\sih2026\Railway Track Surface Faults Dataset\Flakings\1.MOV_20201221091849_7013.JPEG,1.MOV_20201221091849_7013.JPEG,Flakings,,0.7775,0.5608,0.0,True
C:\Users\acous\Desktop\sih2026\Railway Track Surface Faults Dataset\Flakings\1.MOV_20201221091849_7014.JPEG,1.MOV_20201221091849_7014.JPEG,Flakings,,0.8976,0.7994,0.0,True
C:\Users\acous\Desktop\sih2026\Railway Track Surface Faults Dataset\Flakings\1.MOV_20201221091849_7015.JPEG,1.MOV_20201221091849_7015.JPEG,Flakings,,0.7548,0.5156,0.0,True
C:\Users\acous\Desktop\sih2026\Railway Track Surface Faults Dataset\Flakings\1.MOV_20201221091849_7016.JPEG,1.MOV_20201221091849_7016.JPEG,Flakings,,0.937,0.8752,0.0,True
C:\Users\acous\Desktop\sih2026\Railway Track Surface Faults Dataset\Flakings\1.MOV_20201221091849_7017.JPEG,1.MOV_20201221091849_7017.JPEG,Flakings,,0.9319,0.8666,0.0,True
C:\Users\acous\Desktop\sih2026\Railway Track Surface Faults Dataset\Flakings\1.MOV_20201221091849_7018.JPEG,1.MOV_20201221091849_7018.JPEG,Flakings,,0.8325,0.6766,0.0,True
C:\Users\acous\Desktop\sih2026\Railway Track Surface Faults Dataset\Flakings\1.MOV_20201221091849_7019.JPEG,1.MOV_20201221091849_7019.JPEG,Flakings,,0.8307,0.666,0.0,True
C:\Users\acous\Desktop\sih2026\Railway Track Surface Faults Dataset\Flakings\1.MOV_20201221091849_7020.JPEG,1.MOV_20201221091849_7020.JPEG,Flakings,,0.8104,0.632,0.0,True
C:\Users\acous\Desktop\sih2026\Railway Track Surface Faults Dataset\Flakings\1.MOV_20201221091849_7021.JPEG,1.MOV_20201221091849_7021.JPEG,Flakings,,0.9103,0.8233,0.0,True
C:\Users\acous\Desktop\sih2026\Railway Track Surface Faults Dataset\Flakings\1.MOV_20201221091849_7022.JPEG,1.MOV_20201221091849_7022.JPEG,Flakings,,0.9496,0.9008,0.0,True
C:\Users\acous\Desktop\sih2026\Railway Track Surface Faults Dataset\Flakings\1.MOV_20201221091849_7023.JPEG,1.MOV_20201221091849_7023.JPEG,Flakings,,0.9724,0.9456,0.0,True
C:\Users\acous\Desktop\sih2026\Railway Track Surface Faults Dataset\Flakings\1.MOV_20201221091849_7024.JPEG,1.MOV_20201221091849_7024.JPEG,Flakings,,0.892,0.7857,0.0,True
C:\Users\acous\Desktop\sih2026\Railway Track Surface Faults Dataset\Flakings\1.MOV_20201221091849_7025.JPEG,1.MOV_20201221091849_7025.JPEG,Flakings,,0.957,0.9145,0.0,True
C:\Users\acous\Desktop\sih2026\Railway Track Surface Faults Dataset\Flakings\1.MOV_20201221091849_7026.JPEG,1.MOV_20201221091849_7026.JPEG,Flakings,,0.9898,0.9799,0.0,True
C:\Users\acous\Desktop\sih2026\Railway Track Surface Faults Dataset\Flakings\1.MOV_20201221091849_7027.JPEG,1.MOV_20201221091849_7027.JPEG,Flakings,,0.8964,0.7943,0.0,True
C:\Users\acous\Desktop\sih2026\Railway Track Surface Faults Dataset\Flakings\1.MOV_20201221091849_7028.JPEG,1.MOV_20201221091849_7028.JPEG,Flakings,,0.9157,0.8323,0.0,True
C:\Users\acous\Desktop\sih2026\Railway Track Surface Faults Dataset\Flakings\1.MOV_20201221091849_7029.JPEG,1.MOV_20201221091849_7029.JPEG,Flakings,,0.9524,0.9056,0.0,True
C:\Users\acous\Desktop\sih2026\Railway Track Surface Faults Dataset\Flakings\1.MOV_20201221091849_7030.JPEG,1.MOV_20201221091849_7030.JPEG,Flakings,,0.9619,0.9258,0.0,True
C:\Users\acous\Desktop\sih2026\Railway Track Surface Faults Dataset\Flakings\1.MOV_20201221091849_7031.JPEG,1.MOV_20201221091849_7031.JPEG,Flakings,,0.9509,0.9026,0.0,True
C:\Users\acous\Desktop\sih2026\Railway Track Surface Faults Dataset\Flakings\1.MOV_20201221091849_7032.JPEG,1.MOV_20201221091849_7032.JPEG,Flakings,,0.8146,0.6309,0.0,True
C:\Users\acous\Desktop\sih2026\Railway Track Surface Faults Dataset\Flakings\1.MOV_20201221091849_7033.JPEG,1.MOV_20201221091849_7033.JPEG,Flakings,,0.974,0.9497,0.0,True
C:\Users\acous\Desktop\sih2026\Railway Track Surface Faults Dataset\Flakings\1.MOV_20201221091849_7034.JPEG,1.MOV_20201221091849_7034.JPEG,Flakings,,0.9793,0.9616,0.0,True
C:\Users\acous\Desktop\sih2026\Railway Track Surface Faults Dataset\Flakings\1.MOV_20201221091849_7035.JPEG,1.MOV_20201221091849_7035.JPEG,Flakings,,0.6979,0.4267,0.0,True
C:\Users\acous\Desktop\sih2026\Railway Track Surface Faults Dataset\Flakings\1.MOV_20201221091849_7036.JPEG,1.MOV_20201221091849_7036.JPEG,Flakings,,0.4919,0.0226,0.0,True
C:\Users\acous\Desktop\sih2026\Railway Track Surface Faults Dataset\Flakings\1.MOV_20201221091849_7037.JPEG,1.MOV_20201221091849_7037.JPEG,Flakings,,0.9137,0.8341,0.0,True
C:\Users\acous\Desktop\sih2026\Railway Track Surface Faults Dataset\Flakings\1.MOV_20201221091849_7038.JPEG,1.MOV_20201221091849_7038.JPEG,Flakings,,0.8987,0.8136,0.0,True
C:\Users\acous\Desktop\sih2026\Railway Track Surface Faults Dataset\Flakings\1.MOV_20201221091849_7039.JPEG,1.MOV_20201221091849_7039.JPEG,Flakings,,0.7873,0.5968,0.0,True
C:\Users\acous\Desktop\sih2026\Railway Track Surface Faults Dataset\Flakings\1.MOV_20201221091849_7040.JPEG,1.MOV_20201221091849_7040.JPEG,Flakings,,0.9868,0.9784,0.0,True
C:\Users\acous\Desktop\sih2026\Railway Track Surface Faults Dataset\Flakings\1.MOV_20201221091849_7041.JPEG,1.MOV_20201221091849_7041.JPEG,Flakings,,0.9764,0.9645,0.0,True
C:\Users\acous\Desktop\sih2026\Railway Track Surface Faults Dataset\Flakings\1.MOV_20201221091849_7042.JPEG,1.MOV_20201221091849_7042.JPEG,Flakings,,0.6767,0.3723,0.0,True
C:\Users\acous\Desktop\sih2026\Railway Track Surface Faults Dataset\Flakings\1.MOV_20201221091849_7043.JPEG,1.MOV_20201221091849_7043.JPEG,Flakings,,0.9224,0.8513,0.0,True
C:\Users\acous\Desktop\sih2026\Railway Track Surface Faults Dataset\Flakings\1.MOV_20201221091849_7044.JPEG,1.MOV_20201221091849_7044.JPEG,Flakings,,0.962,0.9274,0.0,True
C:\Users\acous\Desktop\sih2026\Railway Track Surface Faults Dataset\Flakings\1.MOV_20201221091849_7045.JPEG,1.MOV_20201221091849_7045.JPEG,Flakings,,0.8877,0.778,0.0,True
C:\Users\acous\Desktop\sih2026\Railway Track Surface Faults Dataset\Flakings\1.MOV_20201221091849_7046.JPEG,1.MOV_20201221091849_7046.JPEG,Flakings,,0.6543,0.3298,0.0,True
C:\Users\acous\Desktop\sih2026\Railway Track Surface Faults Dataset\Flakings\1.MOV_20201221091849_7047.JPEG,1.MOV_20201221091849_7047.JPEG,Flakings,,0.5476,0.0986,0.0,True
C:\Users\acous\Desktop\sih2026\Railway Track Surface Faults Dataset\Flakings\1.MOV_20201221091849_7048.JPEG,1.MOV_20201221091849_7048.JPEG,Flakings,,0.9673,0.9357,0.0,True
C:\Users\acous\Desktop\sih2026\Railway Track Surface Faults Dataset\Flakings\1.MOV_20201221091849_7049.JPEG,1.MOV_20201221091849_7049.JPEG,Flakings,,0.8778,0.766,0.0,True
C:\Users\acous\Desktop\sih2026\Railway Track Surface Faults Dataset\Flakings\1.MOV_20201221091849_7050.JPEG,1.MOV_20201221091849_7050.JPEG,Flakings,,0.5765,0.1766,0.0,True
C:\Users\acous\Desktop\sih2026\Railway Track Surface Faults Dataset\Flakings\1.MOV_20201221091849_7051.JPEG,1.MOV_20201221091849_7051.JPEG,Flakings,,0.6089,0.32,0.0,True
C:\Users\acous\Desktop\sih2026\Railway Track Surface Faults Dataset\Flakings\1.MOV_20201221091849_7052.JPEG,1.MOV_20201221091849_7052.JPEG,Flakings,,0.6881,0.3854,0.0,True
C:\Users\acous\Desktop\sih2026\Railway Track Surface Faults Dataset\Flakings\1.MOV_20201221091849_7053.JPEG,1.MOV_20201221091849_7053.JPEG,Flakings,,0.8473,0.7027,0.0,True
C:\Users\acous\Desktop\sih2026\Railway Track Surface Faults Dataset\Flakings\1.MOV_20201221091849_7054.JPEG,1.MOV_20201221091849_7054.JPEG,Flakings,,0.6421,0.4216,0.0,True
C:\Users\acous\Desktop\sih2026\Railway Track Surface Faults Dataset\Flakings\1.MOV_20201221091849_7055.JPEG,1.MOV_20201221091849_7055.JPEG,Flakings,,0.9458,0.9067,0.0,True
C:\Users\acous\Desktop\sih2026\Railway Track Surface Faults Dataset\Flakings\1.MOV_20201221091849_7056.JPEG,1.MOV_20201221091849_7056.JPEG,Flakings,,0.9873,0.9796,0.0,True
C:\Users\acous\Desktop\sih2026\Railway Track Surface Faults Dataset\Flakings\1.MOV_20201221091849_7057.JPEG,1.MOV_20201221091849_7057.JPEG,Flakings,,0.9614,0.9318,0.0,True
C:\Users\acous\Desktop\sih2026\Railway Track Surface Faults Dataset\Flakings\1.MOV_20201221091849_7058.JPEG,1.MOV_20201221091849_7058.JPEG,Flakings,,0.9853,0.973,0.0,True
C:\Users\acous\Desktop\sih2026\Railway Track Surface Faults Dataset\Flakings\1.MOV_20201221091849_7059.JPEG,1.MOV_20201221091849_7059.JPEG,Flakings,,0.9822,0.9724,0.0,True
C:\Users\acous\Desktop\sih2026\Railway Track Surface Faults Dataset\Flakings\1.MOV_20201221091849_7060.JPEG,1.MOV_20201221091849_7060.JPEG,Flakings,,0.9037,0.824,0.0,True
C:\Users\acous\Desktop\sih2026\Railway Track Surface Faults Dataset\Flakings\1.MOV_20201221091849_7061.JPEG,1.MOV_20201221091849_7061.JPEG,Flakings,,0.9837,0.9756,0.0,True
C:\Users\acous\Desktop\sih2026\Railway Track Surface Faults Dataset\Flakings\1.MOV_20201221091849_7062.JPEG,1.MOV_20201221091849_7062.JPEG,Flakings,,0.9366,0.9044,0.0,True
C:\Users\acous\Desktop\sih2026\Railway Track Surface Faults Dataset\Flakings\1.MOV_20201221091849_7063.JPEG,1.MOV_20201221091849_7063.JPEG,Flakings,,0.9769,0.956,0.0,True
C:\Users\acous\Desktop\sih2026\Railway Track Surface Faults Dataset\Flakings\1.MOV_20201221091849_7064.JPEG,1.MOV_20201221091849_7064.JPEG,Flakings,,0.9925,0.9852,0.0,True
C:\Users\acous\Desktop\sih2026\Railway Track Surface Faults Dataset\Flakings\1.MOV_20201221091849_7065.JPEG,1.MOV_20201221091849_7065.JPEG,Flakings,,0.9584,0.917,0.0,True
C:\Users\acous\Desktop\sih2026\Railway Track Surface Faults Dataset\Flakings\1.MOV_20201221091849_7066.JPEG,1.MOV_20201221091849_7066.JPEG,Flakings,,0.9514,0.9033,0.0,True
C:\Users\acous\Desktop\sih2026\Railway Track Surface Faults Dataset\Flakings\1.MOV_20201221091849_7067.JPEG,1.MOV_20201221091849_7067.JPEG,Flakings,,0.9885,0.9775,0.0,True
C:\Users\acous\Desktop\sih2026\Railway Track Surface Faults Dataset\Flakings\1.MOV_20201221091849_7068.JPEG,1.MOV_20201221091849_7068.JPEG,Flakings,,0.9789,0.9581,0.0,True
C:\Users\acous\Desktop\sih2026\Railway Track Surface Faults Dataset\Flakings\1.MOV_20201221091849_7069.JPEG,1.MOV_20201221091849_7069.JPEG,Flakings,,0.9703,0.9409,0.0,True
C:\Users\acous\Desktop\sih2026\Railway Track Surface Faults Dataset\Flakings\1.MOV_20201221091849_7070.JPEG,1.MOV_20201221091849_7070.JPEG,Flakings,,0.9757,0.9522,0.0,True
C:\Users\acous\Desktop\sih2026\Railway Track Surface Faults Dataset\Flakings\1.MOV_20201221091849_7071.JPEG,1.MOV_20201221091849_7071.JPEG,Flakings,,0.9929,0.9859,0.0,True
C:\Users\acous\Desktop\sih2026\Railway Track Surface Faults Dataset\Flakings\1.MOV_20201221091849_7072.JPEG,1.MOV_20201221091849_7072.JPEG,Flakings,,0.9178,0.8367,0.0,True
C:\Users\acous\Desktop\sih2026\Railway Track Surface Faults Dataset\Flakings\1.MOV_20201221091849_7073.JPEG,1.MOV_20201221091849_7073.JPEG,Flakings,,0.9516,0.9035,0.0,True
C:\Users\acous\Desktop\sih2026\Railway Track Surface Faults Dataset\Flakings\1.MOV_20201221091849_7074.JPEG,1.MOV_20201221091849_7074.JPEG,Flakings,,0.9653,0.9307,0.0,True
C:\Users\acous\Desktop\sih2026\Railway Track Surface Faults Dataset\Flakings\1.MOV_20201221091849_7075.JPEG,1.MOV_20201221091849_7075.JPEG,Flakings,,0.9937,0.9876,0.0,True
C:\Users\acous\Desktop\sih2026\Railway Track Surface Faults Dataset\Flakings\1.MOV_20201221091849_7076.JPEG,1.MOV_20201221091849_7076.JPEG,Flakings,,0.9938,0.989,0.0,True
C:\Users\acous\Desktop\sih2026\Railway Track Surface Faults Dataset\Flakings\1.MOV_20201221091849_7077.JPEG,1.MOV_20201221091849_7077.JPEG,Flakings,,0.9502,0.9021,0.0,True
C:\Users\acous\Desktop\sih2026\Railway Track Surface Faults Dataset\Flakings\1.MOV_20201221091849_7078.JPEG,1.MOV_20201221091849_7078.JPEG,Flakings,,0.9984,0.9974,0.0,True
C:\Users\acous\Desktop\sih2026\Railway Track Surface Faults Dataset\Flakings\1.MOV_20201221091849_7079.JPEG,1.MOV_20201221091849_7079.JPEG,Flakings,,0.9993,0.9989,0.0,True
C:\Users\acous\Desktop\sih2026\Railway Track Surface Faults Dataset\Flakings\1.MOV_20201221091849_7080.JPEG,1.MOV_20201221091849_7080.JPEG,Flakings,,0.9986,0.998,0.0,True
C:\Users\acous\Desktop\sih2026\Railway Track Surface Faults Dataset\Flakings\1.MOV_20201221091849_7081.JPEG,1.MOV_20201221091849_7081.JPEG,Flakings,,0.9993,0.9987,0.0,True
C:\Users\acous\Desktop\sih2026\Railway Track Surface Faults Dataset\Flakings\1.MOV_20201221091849_7082.JPEG,1.MOV_20201221091849_7082.JPEG,Flakings,,0.9998,0.9997,0.0,True
C:\Users\acous\Desktop\sih2026\Railway Track Surface Faults Dataset\Flakings\1.MOV_20201221091849_7083.JPEG,1.MOV_20201221091849_7083.JPEG,Flakings,,0.9998,0.9996,0.0,True
C:\Users\acous\Desktop\sih2026\Railway Track Surface Faults Dataset\Flakings\1.MOV_20201221091849_7084.JPEG,1.MOV_20201221091849_7084.JPEG,Flakings,,0.9977,0.9957,0.0,True
C:\Users\acous\Desktop\sih2026\Railway Track Surface Faults Dataset\Flakings\1.MOV_20201221091849_7085.JPEG,1.MOV_20201221091849_7085.JPEG,Flakings,,0.996,0.9923,0.0,True
C:\Users\acous\Desktop\sih2026\Railway Track Surface Faults Dataset\Flakings\1.MOV_20201221091849_7086.JPEG,1.MOV_20201221091849_7086.JPEG,Flakings,,0.9997,0.9994,0.0,True
C:\Users\acous\Desktop\sih2026\Railway Track Surface Faults Dataset\Flakings\1.MOV_20201221091849_7087.JPEG,1.MOV_20201221091849_7087.JPEG,Flakings,,0.999,0.9981,0.0,True
C:\Users\acous\Desktop\sih2026\Railway Track Surface Faults Dataset\Flakings\1.MOV_20201221091849_7088.JPEG,1.MOV_20201221091849_7088.JPEG,Flakings,,0.9876,0.9756,0.0,True
C:\Users\acous\Desktop\sih2026\Railway Track Surface Faults Dataset\Flakings\1.MOV_20201221091849_7089.JPEG,1.MOV_20201221091849_7089.JPEG,Flakings,,0.9893,0.9796,0.0,True
C:\Users\acous\Desktop\sih2026\Railway Track Surface Faults Dataset\Flakings\1.MOV_20201221091849_7090.JPEG,1.MOV_20201221091849_7090.JPEG,Flakings,,0.9893,0.9786,0.0,True
C:\Users\acous\Desktop\sih2026\Railway Track Surface Faults Dataset\Flakings\1.MOV_20201221091849_7091.JPEG,1.MOV_20201221091849_7091.JPEG,Flakings,,0.9546,0.9103,0.0,True
C:\Users\acous\Desktop\sih2026\Railway Track Surface Faults Dataset\Flakings\1.MOV_20201221091849_7092.JPEG,1.MOV_20201221091849_7092.JPEG,Flakings,,0.9892,0.9786,0.0,True
C:\Users\acous\Desktop\sih2026\Railway Track Surface Faults Dataset\Flakings\1.MOV_20201221091849_7093.JPEG,1.MOV_20201221091849_7093.JPEG,Flakings,,0.9439,0.8899,0.0,True
C:\Users\acous\Desktop\sih2026\Railway Track Surface Faults Dataset\Flakings\1.MOV_20201221091849_7094.JPEG,1.MOV_20201221091849_7094.JPEG,Flakings,,0.9523,0.9052,0.0,True
C:\Users\acous\Desktop\sih2026\Railway Track Surface Faults Dataset\Flakings\1.MOV_20201221091849_7095.JPEG,1.MOV_20201221091849_7095.JPEG,Flakings,,0.8609,0.7229,0.0,True
C:\Users\acous\Desktop\sih2026\Railway Track Surface Faults Dataset\Flakings\1.MOV_20201221091849_7096.JPEG,1.MOV_20201221091849_7096.JPEG,Flakings,,0.9745,0.9502,0.0,True
C:\Users\acous\Desktop\sih2026\Railway Track Surface Faults Dataset\Flakings\1.MOV_20201221091849_7097.JPEG,1.MOV_20201221091849_7097.JPEG,Flakings,,0.9903,0.9809,0.0,True
C:\Users\acous\Desktop\sih2026\Railway Track Surface Faults Dataset\Flakings\1.MOV_20201221091849_7098.JPEG,1.MOV_20201221091849_7098.JPEG,Flakings,,0.7641,0.5336,0.0,True
C:\Users\acous\Desktop\sih2026\Railway Track Surface Faults Dataset\Flakings\1.MOV_20201221091849_7099.JPEG,1.MOV_20201221091849_7099.JPEG,Flakings,,0.9591,0.9224,0.0,True
C:\Users\acous\Desktop\sih2026\Railway Track Surface Faults Dataset\Flakings\1.MOV_20201221091849_7100.JPEG,1.MOV_20201221091849_7100.JPEG,Flakings,,0.9904,0.9813,0.0,True
C:\Users\acous\Desktop\sih2026\Railway Track Surface Faults Dataset\Flakings\1.MOV_20201221091849_7101.JPEG,1.MOV_20201221091849_7101.JPEG,Flakings,,0.9322,0.8677,0.0,True
C:\Users\acous\Desktop\sih2026\Railway Track Surface Faults Dataset\Flakings\1.MOV_20201221091849_7102.JPEG,1.MOV_20201221091849_7102.JPEG,Flakings,,0.9707,0.9426,0.0,True
C:\Users\acous\Desktop\sih2026\Railway Track Surface Faults Dataset\Flakings\1.MOV_20201221091849_7103.JPEG,1.MOV_20201221091849_7103.JPEG,Flakings,,0.9928,0.986,0.0,True
C:\Users\acous\Desktop\sih2026\Railway Track Surface Faults Dataset\Flakings\1.MOV_20201221091849_7104.JPEG,1.MOV_20201221091849_7104.JPEG,Flakings,,0.9979,0.9964,0.0,True
C:\Users\acous\Desktop\sih2026\Railway Track Surface Faults Dataset\Flakings\1.MOV_20201221091849_7105.JPEG,1.MOV_20201221091849_7105.JPEG,Flakings,,0.999,0.9981,0.0,True
C:\Users\acous\Desktop\sih2026\Railway Track Surface Faults Dataset\Flakings\1.MOV_20201221091849_7106.JPEG,1.MOV_20201221091849_7106.JPEG,Flakings,,0.9991,0.9984,0.0,True
C:\Users\acous\Desktop\sih2026\Railway Track Surface Faults Dataset\Flakings\1.MOV_20201221091849_7107.JPEG,1.MOV_20201221091849_7107.JPEG,Flakings,,0.9971,0.9943,0.0,True
C:\Users\acous\Desktop\sih2026\Railway Track Surface Faults Dataset\Flakings\1.MOV_20201221091849_7108.JPEG,1.MOV_20201221091849_7108.JPEG,Flakings,,0.9951,0.9902,0.0,True
C:\Users\acous\Desktop\sih2026\Railway Track Surface Faults Dataset\Flakings\1.MOV_20201221091849_7109.JPEG,1.MOV_20201221091849_7109.JPEG,Flakings,,0.9972,0.9945,0.0,True
C:\Users\acous\Desktop\sih2026\Railway Track Surface Faults Dataset\Flakings\1.MOV_20201221091849_7110.JPEG,1.MOV_20201221091849_7110.JPEG,Flakings,,0.9837,0.9683,0.0,True
C:\Users\acous\Desktop\sih2026\Railway Track Surface Faults Dataset\Flakings\1.MOV_20201221091849_7111.JPEG,1.MOV_20201221091849_7111.JPEG,Flakings,,0.9986,0.9972,0.0,True
C:\Users\acous\Desktop\sih2026\Railway Track Surface Faults Dataset\Flakings\1.MOV_20201221091849_7112.JPEG,1.MOV_20201221091849_7112.JPEG,Flakings,,0.9989,0.9978,0.0,True
C:\Users\acous\Desktop\sih2026\Railway Track Surface Faults Dataset\Flakings\1.MOV_20201221091849_7113.JPEG,1.MOV_20201221091849_7113.JPEG,Flakings,,0.9962,0.9924,0.0,True
C:\Users\acous\Desktop\sih2026\Railway Track Surface Faults Dataset\Flakings\1.MOV_20201221091849_7114.JPEG,1.MOV_20201221091849_7114.JPEG,Flakings,,0.9798,0.9597,0.0,True
C:\Users\acous\Desktop\sih2026\Railway Track Surface Faults Dataset\Flakings\1.MOV_20201221091849_7115.JPEG,1.MOV_20201221091849_7115.JPEG,Flakings,,0.9945,0.9891,0.0,True
C:\Users\acous\Desktop\sih2026\Railway Track Surface Faults Dataset\Flakings\1.MOV_20201221091849_7116.JPEG,1.MOV_20201221091849_7116.JPEG,Flakings,,0.9984,0.9971,0.0,True
C:\Users\acous\Desktop\sih2026\Railway Track Surface Faults Dataset\Flakings\1.MOV_20201221091849_7117.JPEG,1.MOV_20201221091849_7117.JPEG,Flakings,,0.9905,0.9835,0.0,True
C:\Users\acous\Desktop\sih2026\Railway Track Surface Faults Dataset\Flakings\1.MOV_20201221091849_7118.JPEG,1.MOV_20201221091849_7118.JPEG,Flakings,,0.9933,0.9868,0.0,True
C:\Users\acous\Desktop\sih2026\Railway Track Surface Faults Dataset\Flakings\1.MOV_20201221091849_7119.JPEG,1.MOV_20201221091849_7119.JPEG,Flakings,,0.985,0.9701,0.0,True
C:\Users\acous\Desktop\sih2026\Railway Track Surface Faults Dataset\Flakings\1.MOV_20201221091849_7120.JPEG,1.MOV_20201221091849_7120.JPEG,Flakings,,0.9905,0.9811,0.0,True
C:\Users\acous\Desktop\sih2026\Railway Track Surface Faults Dataset\Flakings\1.MOV_20201221091849_7121.JPEG,1.MOV_20201221091849_7121.JPEG,Flakings,,0.7969,0.5963,0.0,True
C:\Users\acous\Desktop\sih2026\Railway Track Surface Faults Dataset\Flakings\1.MOV_20201221091849_7122.JPEG,1.MOV_20201221091849_7122.JPEG,Flakings,,0.8067,0.6146,0.0,True
C:\Users\acous\Desktop\sih2026\Railway Track Surface Faults Dataset\Flakings\1.MOV_20201221091849_7123.JPEG,1.MOV_20201221091849_7123.JPEG,Flakings,,0.5984,0.1973,0.0,True
C:\Users\acous\Desktop\sih2026\Railway Track Surface Faults Dataset\Flakings\1.MOV_20201221091849_7124.JPEG,1.MOV_20201221091849_7124.JPEG,Flakings,,0.9886,0.9773,0.0,True
C:\Users\acous\Desktop\sih2026\Railway Track Surface Faults Dataset\Flakings\1.MOV_20201221091849_7125.JPEG,1.MOV_20201221091849_7125.JPEG,Flakings,,0.7538,0.5087,0.0,True
C:\Users\acous\Desktop\sih2026\Railway Track Surface Faults Dataset\Flakings\1.MOV_20201221091849_7126.JPEG,1.MOV_20201221091849_7126.JPEG,Flakings,,0.9531,0.9064,0.0,True
C:\Users\acous\Desktop\sih2026\Railway Track Surface Faults Dataset\Flakings\1.MOV_20201221091849_7127.JPEG,1.MOV_20201221091849_7127.JPEG,Flakings,,0.9768,0.9538,0.0,True
C:\Users\acous\Desktop\sih2026\Railway Track Surface Faults Dataset\Flakings\1.MOV_20201221091849_7128.JPEG,1.MOV_20201221091849_7128.JPEG,Flakings,,0.9801,0.9603,0.0,True
C:\Users\acous\Desktop\sih2026\Railway Track Surface Faults Dataset\Flakings\1.MOV_20201221091849_7129.JPEG,1.MOV_20201221091849_7129.JPEG,Flakings,,0.9119,0.8241,0.0,True
C:\Users\acous\Desktop\sih2026\Railway Track Surface Faults Dataset\Flakings\1.MOV_20201221091849_7130.JPEG,1.MOV_20201221091849_7130.JPEG,Flakings,,0.9159,0.8326,0.0,True
C:\Users\acous\Desktop\sih2026\Railway Track Surface Faults Dataset\Flakings\1.MOV_20201221091849_7131.JPEG,1.MOV_20201221091849_7131.JPEG,Flakings,,0.9567,0.9228,0.0,True
C:\Users\acous\Desktop\sih2026\Railway Track Surface Faults Dataset\Flakings\1.MOV_20201221091849_7132.JPEG,1.MOV_20201221091849_7132.JPEG,Flakings,,0.9914,0.9845,0.0,True
C:\Users\acous\Desktop\sih2026\Railway Track Surface Faults Dataset\Flakings\1.MOV_20201221091849_7133.JPEG,1.MOV_20201221091849_7133.JPEG,Flakings,,0.9473,0.8972,0.0,True
C:\Users\acous\Desktop\sih2026\Railway Track Surface Faults Dataset\Flakings\1.MOV_20201221091849_7134.JPEG,1.MOV_20201221091849_7134.JPEG,Flakings,,0.9921,0.9845,0.0,True
C:\Users\acous\Desktop\sih2026\Railway Track Surface Faults Dataset\Flakings\1.MOV_20201221091849_7135.JPEG,1.MOV_20201221091849_7135.JPEG,Flakings,,0.9803,0.9651,0.0,True
C:\Users\acous\Desktop\sih2026\Railway Track Surface Faults Dataset\Flakings\1.MOV_20201221091849_7136.JPEG,1.MOV_20201221091849_7136.JPEG,Flakings,,0.9953,0.9911,0.0,True
C:\Users\acous\Desktop\sih2026\Railway Track Surface Faults Dataset\Flakings\1.MOV_20201221091849_7137.JPEG,1.MOV_20201221091849_7137.JPEG,Flakings,,0.9957,0.9918,0.0,True
C:\Users\acous\Desktop\sih2026\Railway Track Surface Faults Dataset\Flakings\1.MOV_20201221091849_7138.JPEG,1.MOV_20201221091849_7138.JPEG,Flakings,,0.983,0.9678,0.0,True
C:\Users\acous\Desktop\sih2026\Railway Track Surface Faults Dataset\Flakings\1.MOV_20201221091849_7139.JPEG,1.MOV_20201221091849_7139.JPEG,Flakings,,0.9863,0.9739,0.0,True
C:\Users\acous\Desktop\sih2026\Railway Track Surface Faults Dataset\Flakings\1.MOV_20201221091849_7140.JPEG,1.MOV_20201221091849_7140.JPEG,Flakings,,0.9971,0.9949,0.0,True
C:\Users\acous\Desktop\sih2026\Railway Track Surface Faults Dataset\Flakings\1.MOV_20201221091849_7141.JPEG,1.MOV_20201221091849_7141.JPEG,Flakings,,0.999,0.9981,0.0,True
C:\Users\acous\Desktop\sih2026\Railway Track Surface Faults Dataset\Flakings\1.MOV_20201221091849_7142.JPEG,1.MOV_20201221091849_7142.JPEG,Flakings,,0.9943,0.9889,0.0,True
C:\Users\acous\Desktop\sih2026\Railway Track Surface Faults Dataset\Flakings\1.MOV_20201221091849_7143.JPEG,1.MOV_20201221091849_7143.JPEG,Flakings,,0.9878,0.977,0.0,True
C:\Users\acous\Desktop\sih2026\Railway Track Surface Faults Dataset\Flakings\1.MOV_20201221091849_7144.JPEG,1.MOV_20201221091849_7144.JPEG,Flakings,,0.9971,0.9943,0.0,True
C:\Users\acous\Desktop\sih2026\Railway Track Surface Faults Dataset\Flakings\1.MOV_20201221091849_7145.JPEG,1.MOV_20201221091849_7145.JPEG,Flakings,,0.9952,0.9907,0.0,True
C:\Users\acous\Desktop\sih2026\Railway Track Surface Faults Dataset\Flakings\1.MOV_20201221091849_7146.JPEG,1.MOV_20201221091849_7146.JPEG,Flakings,,0.998,0.9961,0.0,True
C:\Users\acous\Desktop\sih2026\Railway Track Surface Faults Dataset\Flakings\1.MOV_20201221091849_7147.JPEG,1.MOV_20201221091849_7147.JPEG,Flakings,,0.9952,0.9906,0.0,True
C:\Users\acous\Desktop\sih2026\Railway Track Surface Faults Dataset\Flakings\1.MOV_20201221091849_7148.JPEG,1.MOV_20201221091849_7148.JPEG,Flakings,,0.9971,0.9942,0.0,True
C:\Users\acous\Desktop\sih2026\Railway Track Surface Faults Dataset\Flakings\1.MOV_20201221091849_7149.JPEG,1.MOV_20201221091849_7149.JPEG,Flakings,,0.9994,0.9989,0.0,True
C:\Users\acous\Desktop\sih2026\Railway Track Surface Faults Dataset\Flakings\1.MOV_20201221091849_7150.JPEG,1.MOV_20201221091849_7150.JPEG,Flakings,,0.9994,0.9988,0.0,True
C:\Users\acous\Desktop\sih2026\Railway Track Surface Faults Dataset\Flakings\1.MOV_20201221091849_7151.JPEG,1.MOV_20201221091849_7151.JPEG,Flakings,,0.9997,0.9995,0.0,True
C:\Users\acous\Desktop\sih2026\Railway Track Surface Faults Dataset\Flakings\1.MOV_20201221091849_7152.JPEG,1.MOV_20201221091849_7152.JPEG,Flakings,,0.9995,0.9991,0.0,True
C:\Users\acous\Desktop\sih2026\Railway Track Surface Faults Dataset\Flakings\1.MOV_20201221091849_7153.JPEG,1.MOV_20201221091849_7153.JPEG,Flakings,,0.998,0.9961,0.0,True
C:\Users\acous\Desktop\sih2026\Railway Track Surface Faults Dataset\Flakings\1.MOV_20201221091849_7154.JPEG,1.MOV_20201221091849_7154.JPEG,Flakings,,0.9998,0.9997,0.0,True
C:\Users\acous\Desktop\sih2026\Railway Track Surface Faults Dataset\Flakings\1.MOV_20201221091849_7155.JPEG,1.MOV_20201221091849_7155.JPEG,Flakings,,0.9987,0.9979,0.0,True
C:\Users\acous\Desktop\sih2026\Railway Track Surface Faults Dataset\Flakings\1.MOV_20201221091849_7156.JPEG,1.MOV_20201221091849_7156.JPEG,Flakings,,0.9992,0.9986,0.0,True
C:\Users\acous\Desktop\sih2026\Railway Track Surface Faults Dataset\Flakings\1.MOV_20201221091849_7157.JPEG,1.MOV_20201221091849_7157.JPEG,Flakings,,0.9996,0.9994,0.0,True
C:\Users\acous\Desktop\sih2026\Railway Track Surface Faults Dataset\Flakings\1.MOV_20201221091849_7158.JPEG,1.MOV_20201221091849_7158.JPEG,Flakings,,0.9997,0.9994,0.0,True
C:\Users\acous\Desktop\sih2026\Railway Track Surface Faults Dataset\Flakings\1.MOV_20201221091849_7159.JPEG,1.MOV_20201221091849_7159.JPEG,Flakings,,0.9997,0.9995,0.0,True
C:\Users\acous\Desktop\sih2026\Railway Track Surface Faults Dataset\Flakings\1.MOV_20201221091849_7160.JPEG,1.MOV_20201221091849_7160.JPEG,Flakings,,0.9998,0.9997,0.0,True
C:\Users\acous\Desktop\sih2026\Railway Track Surface Faults Dataset\Flakings\1.MOV_20201221091849_7161.JPEG,1.MOV_20201221091849_7161.JPEG,Flakings,,0.9996,0.9992,0.0,True
C:\Users\acous\Desktop\sih2026\Railway Track Surface Faults Dataset\Flakings\1.MOV_20201221091849_7162.JPEG,1.MOV_20201221091849_7162.JPEG,Flakings,,0.9997,0.9995,0.0,True
C:\Users\acous\Desktop\sih2026\Railway Track Surface Faults Dataset\Flakings\1.MOV_20201221091849_7163.JPEG,1.MOV_20201221091849_7163.JPEG,Flakings,,0.9993,0.9989,0.0,True
C:\Users\acous\Desktop\sih2026\Railway Track Surface Faults Dataset\Flakings\1.MOV_20201221091849_7164.JPEG,1.MOV_20201221091849_7164.JPEG,Flakings,,0.9995,0.9991,0.0,True
C:\Users\acous\Desktop\sih2026\Railway Track Surface Faults Dataset\Flakings\1.MOV_20201221091849_7165.JPEG,1.MOV_20201221091849_7165.JPEG,Flakings,,0.9964,0.9935,0.0,True
C:\Users\acous\Desktop\sih2026\Railway Track Surface Faults Dataset\Flakings\1.MOV_20201221091849_7166.JPEG,1.MOV_20201221091849_7166.JPEG,Flakings,,0.9906,0.9825,0.0,True
C:\Users\acous\Desktop\sih2026\Railway Track Surface Faults Dataset\Flakings\1.MOV_20201221091849_7167.JPEG,1.MOV_20201221091849_7167.JPEG,Flakings,,0.997,0.9949,0.0,True
C:\Users\acous\Desktop\sih2026\Railway Track Surface Faults Dataset\Flakings\1.MOV_20201221091849_7168.JPEG,1.MOV_20201221091849_7168.JPEG,Flakings,,0.9997,0.9995,0.0,True
C:\Users\acous\Desktop\sih2026\Railway Track Surface Faults Dataset\Flakings\1.MOV_20201221091849_7169.JPEG,1.MOV_20201221091849_7169.JPEG,Flakings,,0.999,0.9981,0.0,True
C:\Users\acous\Desktop\sih2026\Railway Track Surface Faults Dataset\Flakings\1.MOV_20201221091849_7170.JPEG,1.MOV_20201221091849_7170.JPEG,Flakings,,0.9996,0.9994,0.0,True
C:\Users\acous\Desktop\sih2026\Railway Track Surface Faults Dataset\Flakings\1.MOV_20201221091849_7171.JPEG,1.MOV_20201221091849_7171.JPEG,Flakings,,0.9995,0.9991,0.0,True
C:\Users\acous\Desktop\sih2026\Railway Track Surface Faults Dataset\Flakings\1.MOV_20201221091849_7172.JPEG,1.MOV_20201221091849_7172.JPEG,Flakings,,0.9974,0.9954,0.0,True
C:\Users\acous\Desktop\sih2026\Railway Track Surface Faults Dataset\Flakings\1.MOV_20201221091849_7173.JPEG,1.MOV_20201221091849_7173.JPEG,Flakings,,0.9942,0.9913,0.0,True
C:\Users\acous\Desktop\sih2026\Railway Track Surface Faults Dataset\Flakings\1.MOV_20201221091849_7174.JPEG,1.MOV_20201221091849_7174.JPEG,Flakings,,0.9959,0.9921,0.0,True
C:\Users\acous\Desktop\sih2026\Railway Track Surface Faults Dataset\Flakings\1.MOV_20201221091849_7175.JPEG,1.MOV_20201221091849_7175.JPEG,Flakings,,0.9983,0.9968,0.0,True
C:\Users\acous\Desktop\sih2026\Railway Track Surface Faults Dataset\Flakings\1.MOV_20201221091849_7176.JPEG,1.MOV_20201221091849_7176.JPEG,Flakings,,0.996,0.9923,0.0,True
C:\Users\acous\Desktop\sih2026\Railway Track Surface Faults Dataset\Flakings\1.MOV_20201221091849_7177.JPEG,1.MOV_20201221091849_7177.JPEG,Flakings,,0.9958,0.9918,0.0,True
C:\Users\acous\Desktop\sih2026\Railway Track Surface Faults Dataset\Flakings\1.MOV_20201221091849_7178.JPEG,1.MOV_20201221091849_7178.JPEG,Flakings,,0.9979,0.9958,0.0,True
C:\Users\acous\Desktop\sih2026\Railway Track Surface Faults Dataset\Flakings\1.MOV_20201221091849_7179.JPEG,1.MOV_20201221091849_7179.JPEG,Flakings,,0.9981,0.9962,0.0,True
C:\Users\acous\Desktop\sih2026\Railway Track Surface Faults Dataset\Flakings\1.MOV_20201221091849_7180.JPEG,1.MOV_20201221091849_7180.JPEG,Flakings,,0.9931,0.9863,0.0,True
C:\Users\acous\Desktop\sih2026\Railway Track Surface Faults Dataset\Flakings\1.MOV_20201221091849_7181.JPEG,1.MOV_20201221091849_7181.JPEG,Flakings,,0.9979,0.996,0.0,True
C:\Users\acous\Desktop\sih2026\Railway Track Surface Faults Dataset\Flakings\1.MOV_20201221091849_7182.JPEG,1.MOV_20201221091849_7182.JPEG,Flakings,,0.998,0.9961,0.0,True
C:\Users\acous\Desktop\sih2026\Railway Track Surface Faults Dataset\Flakings\1.MOV_20201221091849_7183.JPEG,1.MOV_20201221091849_7183.JPEG,Flakings,,0.9983,0.9966,0.0,True
C:\Users\acous\Desktop\sih2026\Railway Track Surface Faults Dataset\Flakings\1.MOV_20201221091849_7184.JPEG,1.MOV_20201221091849_7184.JPEG,Flakings,,0.9939,0.9879,0.0,True
C:\Users\acous\Desktop\sih2026\Railway Track Surface Faults Dataset\Flakings\1.MOV_20201221091849_7185.JPEG,1.MOV_20201221091849_7185.JPEG,Flakings,,0.9971,0.9943,0.0,True
C:\Users\acous\Desktop\sih2026\Railway Track Surface Faults Dataset\Flakings\1.MOV_20201221091849_7186.JPEG,1.MOV_20201221091849_7186.JPEG,Flakings,,0.9993,0.9987,0.0,True
C:\Users\acous\Desktop\sih2026\Railway Track Surface Faults Dataset\Flakings\1.MOV_20201221091849_7187.JPEG,1.MOV_20201221091849_7187.JPEG,Flakings,,0.9995,0.9991,0.0,True
C:\Users\acous\Desktop\sih2026\Railway Track Surface Faults Dataset\Flakings\1.MOV_20201221091849_7188.JPEG,1.MOV_20201221091849_7188.JPEG,Flakings,,0.9986,0.9972,0.0,True
C:\Users\acous\Desktop\sih2026\Railway Track Surface Faults Dataset\Flakings\1.MOV_20201221091849_7189.JPEG,1.MOV_20201221091849_7189.JPEG,Flakings,,0.9168,0.8337,0.0,True
C:\Users\acous\Desktop\sih2026\Railway Track Surface Faults Dataset\Flakings\1.MOV_20201221091849_7190.JPEG,1.MOV_20201221091849_7190.JPEG,Flakings,,0.908,0.816,0.0,True
C:\Users\acous\Desktop\sih2026\Railway Track Surface Faults Dataset\Flakings\1.MOV_20201221091849_7191.JPEG,1.MOV_20201221091849_7191.JPEG,Flakings,,0.9282,0.8567,0.0,True
C:\Users\acous\Desktop\sih2026\Railway Track Surface Faults Dataset\Flakings\1.MOV_20201221091849_7192.JPEG,1.MOV_20201221091849_7192.JPEG,Flakings,,0.9346,0.8694,0.0,True
C:\Users\acous\Desktop\sih2026\Railway Track Surface Faults Dataset\Flakings\1.MOV_20201221091849_7193.JPEG,1.MOV_20201221091849_7193.JPEG,Flakings,,0.946,0.8929,0.0,True
C:\Users\acous\Desktop\sih2026\Railway Track Surface Faults Dataset\Flakings\1.MOV_20201221091849_7194.JPEG,1.MOV_20201221091849_7194.JPEG,Flakings,,0.9698,0.94,0.0,True
C:\Users\acous\Desktop\sih2026\Railway Track Surface Faults Dataset\Flakings\1.MOV_20201221091849_7195.JPEG,1.MOV_20201221091849_7195.JPEG,Flakings,,0.9564,0.9131,0.0,True
C:\Users\acous\Desktop\sih2026\Railway Track Surface Faults Dataset\Flakings\1.MOV_20201221091849_7196.JPEG,1.MOV_20201221091849_7196.JPEG,Flakings,,0.9926,0.9854,0.0,True
C:\Users\acous\Desktop\sih2026\Railway Track Surface Faults Dataset\Flakings\1.MOV_20201221091849_7197.JPEG,1.MOV_20201221091849_7197.JPEG,Flakings,,0.9966,0.9932,0.0,True
C:\Users\acous\Desktop\sih2026\Railway Track Surface Faults Dataset\Flakings\1.MOV_20201221091849_7198.JPEG,1.MOV_20201221091849_7198.JPEG,Flakings,,0.9978,0.9956,0.0,True
C:\Users\acous\Desktop\sih2026\Railway Track Surface Faults Dataset\Flakings\1.MOV_20201221091849_7199.JPEG,1.MOV_20201221091849_7199.JPEG,Flakings,,0.9851,0.9708,0.0,True
C:\Users\acous\Desktop\sih2026\Railway Track Surface Faults Dataset\Flakings\1.MOV_20201221091849_7200.JPEG,1.MOV_20201221091849_7200.JPEG,Flakings,,0.9756,0.9516,0.0,True
C:\Users\acous\Desktop\sih2026\Railway Track Surface Faults Dataset\Flakings\1.MOV_20201221091849_7201.JPEG,1.MOV_20201221091849_7201.JPEG,Flakings,,0.9997,0.9994,0.0,True
C:\Users\acous\Desktop\sih2026\Railway Track Surface Faults Dataset\Flakings\1.MOV_20201221091849_7202.JPEG,1.MOV_20201221091849_7202.JPEG,Flakings,,0.9983,0.9969,0.0,True
C:\Users\acous\Desktop\sih2026\Railway Track Surface Faults Dataset\Flakings\1.MOV_20201221091849_7203.JPEG,1.MOV_20201221091849_7203.JPEG,Flakings,,0.9989,0.998,0.0,True
C:\Users\acous\Desktop\sih2026\Railway Track Surface Faults Dataset\Flakings\1.MOV_20201221091849_7204.JPEG,1.MOV_20201221091849_7204.JPEG,Flakings,,0.9957,0.9937,0.0,True
C:\Users\acous\Desktop\sih2026\Railway Track Surface Faults Dataset\Flakings\1.MOV_20201221091849_7205.JPEG,1.MOV_20201221091849_7205.JPEG,Flakings,,0.9945,0.9915,0.0,True
C:\Users\acous\Desktop\sih2026\Railway Track Surface Faults Dataset\Flakings\1.MOV_20201221091849_7206.JPEG,1.MOV_20201221091849_7206.JPEG,Flakings,,0.9918,0.9876,0.0,True
C:\Users\acous\Desktop\sih2026\Railway Track Surface Faults Dataset\Flakings\1.MOV_20201221091849_7207.JPEG,1.MOV_20201221091849_7207.JPEG,Flakings,,0.9785,0.9581,0.0,True
C:\Users\acous\Desktop\sih2026\Railway Track Surface Faults Dataset\Flakings\1.MOV_20201221091849_7208.JPEG,1.MOV_20201221091849_7208.JPEG,Flakings,,0.9785,0.9614,0.0,True
C:\Users\acous\Desktop\sih2026\Railway Track Surface Faults Dataset\Flakings\1.MOV_20201221091849_7209.JPEG,1.MOV_20201221091849_7209.JPEG,Flakings,,0.9819,0.9691,0.0,True
C:\Users\acous\Desktop\sih2026\Railway Track Surface Faults Dataset\Flakings\1.MOV_20201221091849_7210.JPEG,1.MOV_20201221091849_7210.JPEG,Flakings,,0.9946,0.9918,0.0,True
C:\Users\acous\Desktop\sih2026\Railway Track Surface Faults Dataset\Flakings\1.MOV_20201221091849_7211.JPEG,1.MOV_20201221091849_7211.JPEG,Flakings,,0.8791,0.8022,0.0,True
C:\Users\acous\Desktop\sih2026\Railway Track Surface Faults Dataset\Flakings\1.MOV_20201221091849_7212.JPEG,1.MOV_20201221091849_7212.JPEG,Flakings,,0.9958,0.9939,0.0,True
C:\Users\acous\Desktop\sih2026\Railway Track Surface Faults Dataset\Flakings\1.MOV_20201221091849_7213.JPEG,1.MOV_20201221091849_7213.JPEG,Flakings,,0.9874,0.9818,0.0,True
C:\Users\acous\Desktop\sih2026\Railway Track Surface Faults Dataset\Flakings\1.MOV_20201221091849_7214.JPEG,1.MOV_20201221091849_7214.JPEG,Flakings,,0.9772,0.9675,0.0,True
C:\Users\acous\Desktop\sih2026\Railway Track Surface Faults Dataset\Flakings\1.MOV_20201221091849_7215.JPEG,1.MOV_20201221091849_7215.JPEG,Flakings,,0.9811,0.9724,0.0,True
C:\Users\acous\Desktop\sih2026\Railway Track Surface Faults Dataset\Flakings\1.MOV_20201221091849_7216.JPEG,1.MOV_20201221091849_7216.JPEG,Flakings,,0.9946,0.9908,0.0,True
C:\Users\acous\Desktop\sih2026\Railway Track Surface Faults Dataset\Flakings\1.MOV_20201221091849_7217.JPEG,1.MOV_20201221091849_7217.JPEG,Flakings,,0.9982,0.997,0.0,True
C:\Users\acous\Desktop\sih2026\Railway Track Surface Faults Dataset\Flakings\1.MOV_20201221091849_7218.JPEG,1.MOV_20201221091849_7218.JPEG,Flakings,,0.9922,0.9877,0.0,True
C:\Users\acous\Desktop\sih2026\Railway Track Surface Faults Dataset\Flakings\1.MOV_20201221091849_7219.JPEG,1.MOV_20201221091849_7219.JPEG,Flakings,,0.9959,0.9942,0.0,True
C:\Users\acous\Desktop\sih2026\Railway Track Surface Faults Dataset\Flakings\1.MOV_20201221091849_7220.JPEG,1.MOV_20201221091849_7220.JPEG,Flakings,,0.9994,0.999,0.0,True
C:\Users\acous\Desktop\sih2026\Railway Track Surface Faults Dataset\Flakings\1.MOV_20201221091849_7221.JPEG,1.MOV_20201221091849_7221.JPEG,Flakings,,0.9982,0.9968,0.0,True
C:\Users\acous\Desktop\sih2026\Railway Track Surface Faults Dataset\Flakings\1.MOV_20201221091849_7222.JPEG,1.MOV_20201221091849_7222.JPEG,Flakings,,0.9986,0.9976,0.0,True
C:\Users\acous\Desktop\sih2026\Railway Track Surface Faults Dataset\Flakings\1.MOV_20201221091849_7223.JPEG,1.MOV_20201221091849_7223.JPEG,Flakings,,0.9997,0.9995,0.0,True
C:\Users\acous\Desktop\sih2026\Railway Track Surface Faults Dataset\Flakings\1.MOV_20201221091849_7224.JPEG,1.MOV_20201221091849_7224.JPEG,Flakings,,0.9996,0.9993,0.0,True
C:\Users\acous\Desktop\sih2026\Railway Track Surface Faults Dataset\Flakings\1.MOV_20201221091849_7225.JPEG,1.MOV_20201221091849_7225.JPEG,Flakings,,0.9984,0.9978,0.0,True
C:\Users\acous\Desktop\sih2026\Railway Track Surface Faults Dataset\Flakings\1.MOV_20201221091849_7226.JPEG,1.MOV_20201221091849_7226.JPEG,Flakings,,0.9988,0.998,0.0,True
C:\Users\acous\Desktop\sih2026\Railway Track Surface Faults Dataset\Flakings\1.MOV_20201221091849_7227.JPEG,1.MOV_20201221091849_7227.JPEG,Flakings,,0.998,0.997,0.0,True
C:\Users\acous\Desktop\sih2026\Railway Track Surface Faults Dataset\Flakings\1.MOV_20201221091849_7228.JPEG,1.MOV_20201221091849_7228.JPEG,Flakings,,0.9718,0.9496,0.0,True
C:\Users\acous\Desktop\sih2026\Railway Track Surface Faults Dataset\Flakings\1.MOV_20201221091849_7229.JPEG,1.MOV_20201221091849_7229.JPEG,Flakings,,0.991,0.9836,0.0,True
C:\Users\acous\Desktop\sih2026\Railway Track Surface Faults Dataset\Flakings\1.MOV_20201221091849_7230.JPEG,1.MOV_20201221091849_7230.JPEG,Flakings,,0.9559,0.9144,0.0,True
C:\Users\acous\Desktop\sih2026\Railway Track Surface Faults Dataset\Flakings\1.MOV_20201221091849_7231.JPEG,1.MOV_20201221091849_7231.JPEG,Flakings,,0.9972,0.9951,0.0,True
C:\Users\acous\Desktop\sih2026\Railway Track Surface Faults Dataset\Flakings\1.MOV_20201221091849_7232.JPEG,1.MOV_20201221091849_7232.JPEG,Flakings,,0.9887,0.9808,0.0,True
C:\Users\acous\Desktop\sih2026\Railway Track Surface Faults Dataset\Flakings\1.MOV_20201221091849_7233.JPEG,1.MOV_20201221091849_7233.JPEG,Flakings,,0.9891,0.9787,0.0,True
C:\Users\acous\Desktop\sih2026\Railway Track Surface Faults Dataset\Flakings\1.MOV_20201221091849_7650.JPEG,1.MOV_20201221091849_7650.JPEG,Flakings,,0.7371,0.4747,0.0,True
C:\Users\acous\Desktop\sih2026\Railway Track Surface Faults Dataset\Flakings\1.MOV_20201221091849_7651.JPEG,1.MOV_20201221091849_7651.JPEG,Flakings,,0.8556,0.7117,0.0,True
C:\Users\acous\Desktop\sih2026\Railway Track Surface Faults Dataset\Flakings\1.MOV_20201221091849_7874.JPEG,1.MOV_20201221091849_7874.JPEG,Flakings,,0.9871,0.9747,0.0,True
C:\Users\acous\Desktop\sih2026\Railway Track Surface Faults Dataset\Flakings\1.MOV_20201221091849_7875.JPEG,1.MOV_20201221091849_7875.JPEG,Flakings,,0.9577,0.9163,0.0,True
C:\Users\acous\Desktop\sih2026\Railway Track Surface Faults Dataset\Flakings\1.MOV_20201221091849_7876.JPEG,1.MOV_20201221091849_7876.JPEG,Flakings,,0.959,0.9183,0.0,True
C:\Users\acous\Desktop\sih2026\Railway Track Surface Faults Dataset\Flakings\1.MOV_20201221091849_9464.JPEG,1.MOV_20201221091849_9464.JPEG,Flakings,,0.5974,0.2031,0.0,True
C:\Users\acous\Desktop\sih2026\Railway Track Surface Faults Dataset\Flakings\1.MOV_20201221091849_9465.JPEG,1.MOV_20201221091849_9465.JPEG,Flakings,,0.7691,0.5545,0.0,True
C:\Users\acous\Desktop\sih2026\Railway Track Surface Faults Dataset\Flakings\1.MOV_20201221091849_9466.JPEG,1.MOV_20201221091849_9466.JPEG,Flakings,,0.8905,0.7841,0.0,True
C:\Users\acous\Desktop\sih2026\Railway Track Surface Faults Dataset\Flakings\1.MOV_20201221091849_9467.JPEG,1.MOV_20201221091849_9467.JPEG,Flakings,,0.4865,0.0135,0.0,True
C:\Users\acous\Desktop\sih2026\Railway Track Surface Faults Dataset\Flakings\1.MOV_20201221091849_9468.JPEG,1.MOV_20201221091849_9468.JPEG,Flakings,,0.7984,0.6543,0.0,True
C:\Users\acous\Desktop\sih2026\Railway Track Surface Faults Dataset\Flakings\1.MOV_20201221091849_9469.JPEG,1.MOV_20201221091849_9469.JPEG,Flakings,,0.7781,0.6535,0.0,True
C:\Users\acous\Desktop\sih2026\Railway Track Surface Faults Dataset\Flakings\1.MOV_20201221091849_9470.JPEG,1.MOV_20201221091849_9470.JPEG,Flakings,,0.5116,0.1558,0.0,True
C:\Users\acous\Desktop\sih2026\Railway Track Surface Faults Dataset\Flakings\1.MOV_20201221091849_9471.JPEG,1.MOV_20201221091849_9471.JPEG,Flakings,,0.7935,0.6256,0.0,True
C:\Users\acous\Desktop\sih2026\Railway Track Surface Faults Dataset\Flakings\1.MOV_20201221091849_9472.JPEG,1.MOV_20201221091849_9472.JPEG,Flakings,,0.8385,0.7072,0.0,True
C:\Users\acous\Desktop\sih2026\Railway Track Surface Faults Dataset\Flakings\1.MOV_20201221091849_9473.JPEG,1.MOV_20201221091849_9473.JPEG,Flakings,,0.5915,0.1902,0.0,True
C:\Users\acous\Desktop\sih2026\Railway Track Surface Faults Dataset\Flakings\1.MOV_20201221091849_9474.JPEG,1.MOV_20201221091849_9474.JPEG,Flakings,,0.6462,0.2927,0.0,True
C:\Users\acous\Desktop\sih2026\Railway Track Surface Faults Dataset\Flakings\1.MOV_20201221091849_9475.JPEG,1.MOV_20201221091849_9475.JPEG,Flakings,,0.7172,0.4362,0.0,True
C:\Users\acous\Desktop\sih2026\Railway Track Surface Faults Dataset\Flakings\1.MOV_20201221091849_9476.JPEG,1.MOV_20201221091849_9476.JPEG,Flakings,,0.9289,0.8618,0.0,True
C:\Users\acous\Desktop\sih2026\Railway Track Surface Faults Dataset\Flakings\1.MOV_20201221091849_9477.JPEG,1.MOV_20201221091849_9477.JPEG,Flakings,,0.9614,0.9284,0.0,True
C:\Users\acous\Desktop\sih2026\Railway Track Surface Faults Dataset\Flakings\1.MOV_20201221091849_9478.JPEG,1.MOV_20201221091849_9478.JPEG,Flakings,,0.8789,0.8139,0.0,True
C:\Users\acous\Desktop\sih2026\Railway Track Surface Faults Dataset\Flakings\1.MOV_20201221091849_9479.JPEG,1.MOV_20201221091849_9479.JPEG,Flakings,,0.9615,0.9285,0.0,True
C:\Users\acous\Desktop\sih2026\Railway Track Surface Faults Dataset\Flakings\1.MOV_20201221091849_9480.JPEG,1.MOV_20201221091849_9480.JPEG,Flakings,,0.7929,0.6702,0.0,True
C:\Users\acous\Desktop\sih2026\Railway Track Surface Faults Dataset\Flakings\1.MOV_20201221091849_9481.JPEG,1.MOV_20201221091849_9481.JPEG,Flakings,,0.8514,0.7153,0.0,True
C:\Users\acous\Desktop\sih2026\Railway Track Surface Faults Dataset\Flakings\1.MOV_20201221091849_9482.JPEG,1.MOV_20201221091849_9482.JPEG,Flakings,,0.9573,0.9213,0.0,True
C:\Users\acous\Desktop\sih2026\Railway Track Surface Faults Dataset\Flakings\1.MOV_20201221091849_9483.JPEG,1.MOV_20201221091849_9483.JPEG,Flakings,,0.8067,0.631,0.0,True
C:\Users\acous\Desktop\sih2026\Railway Track Surface Faults Dataset\Flakings\1.MOV_20201221091849_9484.JPEG,1.MOV_20201221091849_9484.JPEG,Flakings,,0.9166,0.8435,0.0,True
C:\Users\acous\Desktop\sih2026\Railway Track Surface Faults Dataset\Flakings\1.MOV_20201221091849_9485.JPEG,1.MOV_20201221091849_9485.JPEG,Flakings,,0.7431,0.5226,0.0,True
C:\Users\acous\Desktop\sih2026\Railway Track Surface Faults Dataset\Flakings\1.MOV_20201221091849_9486.JPEG,1.MOV_20201221091849_9486.JPEG,Flakings,,0.7475,0.5305,0.0,True
C:\Users\acous\Desktop\sih2026\Railway Track Surface Faults Dataset\Flakings\3.MOV_20201221130147_1534.JPEG,3.MOV_20201221130147_1534.JPEG,Flakings,,0.6453,0.2932,0.0,True
C:\Users\acous\Desktop\sih2026\Railway Track Surface Faults Dataset\Flakings\3.MOV_20201221130147_1535.JPEG,3.MOV_20201221130147_1535.JPEG,Flakings,,0.7792,0.5643,0.0,True
C:\Users\acous\Desktop\sih2026\Railway Track Surface Faults Dataset\Flakings\3.MOV_20201221130147_1536.JPEG,3.MOV_20201221130147_1536.JPEG,Flakings,,0.6279,0.2648,0.0,True
C:\Users\acous\Desktop\sih2026\Railway Track Surface Faults Dataset\Flakings\3.MOV_20201221130147_1537.JPEG,3.MOV_20201221130147_1537.JPEG,Flakings,,0.7574,0.5189,0.0,True
C:\Users\acous\Desktop\sih2026\Railway Track Surface Faults Dataset\Flakings\3.MOV_20201221130147_1538.JPEG,3.MOV_20201221130147_1538.JPEG,Flakings,,0.6996,0.4021,0.0,True
C:\Users\acous\Desktop\sih2026\Railway Track Surface Faults Dataset\Flakings\3.MOV_20201221130147_1545.JPEG,3.MOV_20201221130147_1545.JPEG,Flakings,,0.5235,0.1821,0.0,True
C:\Users\acous\Desktop\sih2026\Railway Track Surface Faults Dataset\Flakings\3.MOV_20201221130147_1546.JPEG,3.MOV_20201221130147_1546.JPEG,Flakings,,0.5496,0.2994,0.0,True
C:\Users\acous\Desktop\sih2026\Railway Track Surface Faults Dataset\Flakings\3.MOV_20201221130147_1547.JPEG,3.MOV_20201221130147_1547.JPEG,Flakings,,0.5201,0.2275,0.0,True
C:\Users\acous\Desktop\sih2026\Railway Track Surface Faults Dataset\Flakings\3.MOV_20201221130147_1548.JPEG,3.MOV_20201221130147_1548.JPEG,Flakings,,0.4853,0.0827,0.0,True
C:\Users\acous\Desktop\sih2026\Railway Track Surface Faults Dataset\Flakings\3.MOV_20201221130147_1549.JPEG,3.MOV_20201221130147_1549.JPEG,Flakings,,0.8994,0.8193,0.0,True
C:\Users\acous\Desktop\sih2026\Railway Track Surface Faults Dataset\Flakings\3.MOV_20201221130147_1550.JPEG,3.MOV_20201221130147_1550.JPEG,Flakings,,0.6752,0.3687,0.0,True
C:\Users\acous\Desktop\sih2026\Railway Track Surface Faults Dataset\Flakings\3.MOV_20201221130147_2138.JPEG,3.MOV_20201221130147_2138.JPEG,Flakings,,0.9744,0.9605,0.0,True
C:\Users\acous\Desktop\sih2026\Railway Track Surface Faults Dataset\Flakings\3.MOV_20201221130147_2139.JPEG,3.MOV_20201221130147_2139.JPEG,Flakings,,0.7412,0.5103,0.0,True
C:\Users\acous\Desktop\sih2026\Railway Track Surface Faults Dataset\Flakings\3.MOV_20201221130147_2140.JPEG,3.MOV_20201221130147_2140.JPEG,Flakings,,0.6928,0.406,0.0,True
C:\Users\acous\Desktop\sih2026\Railway Track Surface Faults Dataset\Flakings\3.MOV_20201221130147_2141.JPEG,3.MOV_20201221130147_2141.JPEG,Flakings,,0.9806,0.9681,0.0,True
C:\Users\acous\Desktop\sih2026\Railway Track Surface Faults Dataset\Flakings\3.MOV_20201221130147_2142.JPEG,3.MOV_20201221130147_2142.JPEG,Flakings,,0.6553,0.3256,0.0,True
C:\Users\acous\Desktop\sih2026\Railway Track Surface Faults Dataset\Flakings\3.MOV_20201221130147_2143.JPEG,3.MOV_20201221130147_2143.JPEG,Flakings,,0.7864,0.5961,0.0,True
C:\Users\acous\Desktop\sih2026\Railway Track Surface Faults Dataset\Flakings\3.MOV_20201221130147_2144.JPEG,3.MOV_20201221130147_2144.JPEG,Flakings,,0.938,0.8982,0.0,True
C:\Users\acous\Desktop\sih2026\Railway Track Surface Faults Dataset\Flakings\3.MOV_20201221130147_2145.JPEG,3.MOV_20201221130147_2145.JPEG,Flakings,,0.9803,0.9643,0.0,True
C:\Users\acous\Desktop\sih2026\Railway Track Surface Faults Dataset\Flakings\3.MOV_20201221130147_2146.JPEG,3.MOV_20201221130147_2146.JPEG,Flakings,,0.9765,0.9577,0.0,True
C:\Users\acous\Desktop\sih2026\Railway Track Surface Faults Dataset\Flakings\3.MOV_20201221130147_3860.JPEG,3.MOV_20201221130147_3860.JPEG,Flakings,,0.9573,0.9348,0.0,True
C:\Users\acous\Desktop\sih2026\Railway Track Surface Faults Dataset\Flakings\3.MOV_20201221130147_3861.JPEG,3.MOV_20201221130147_3861.JPEG,Flakings,,0.9974,0.9949,0.0,True
C:\Users\acous\Desktop\sih2026\Railway Track Surface Faults Dataset\Flakings\3.MOV_20201221130147_3862.JPEG,3.MOV_20201221130147_3862.JPEG,Flakings,,0.9832,0.9668,0.0,True
C:\Users\acous\Desktop\sih2026\Railway Track Surface Faults Dataset\Flakings\3.MOV_20201221130147_3863.JPEG,3.MOV_20201221130147_3863.JPEG,Flakings,,0.9673,0.9355,0.0,True
C:\Users\acous\Desktop\sih2026\Railway Track Surface Faults Dataset\Flakings\3.MOV_20201221130147_3864.JPEG,3.MOV_20201221130147_3864.JPEG,Flakings,,0.9301,0.8634,0.0,True
C:\Users\acous\Desktop\sih2026\Railway Track Surface Faults Dataset\Flakings\3.MOV_20201221130147_3865.JPEG,3.MOV_20201221130147_3865.JPEG,Flakings,,0.7016,0.4101,0.0,True
C:\Users\acous\Desktop\sih2026\Railway Track Surface Faults Dataset\Flakings\3.MOV_20201221130147_3866.JPEG,3.MOV_20201221130147_3866.JPEG,Flakings,,0.7456,0.4985,0.0,True
C:\Users\acous\Desktop\sih2026\Railway Track Surface Faults Dataset\Flakings\3.MOV_20201221130147_3867.JPEG,3.MOV_20201221130147_3867.JPEG,Flakings,,0.785,0.5913,0.0,True
C:\Users\acous\Desktop\sih2026\Railway Track Surface Faults Dataset\Flakings\3.MOV_20201221130147_3868.JPEG,3.MOV_20201221130147_3868.JPEG,Flakings,,0.7919,0.6154,0.0,True
C:\Users\acous\Desktop\sih2026\Railway Track Surface Faults Dataset\Flakings\3.MOV_20201221130147_3869.JPEG,3.MOV_20201221130147_3869.JPEG,Flakings,,0.9402,0.8818,0.0,True
C:\Users\acous\Desktop\sih2026\Railway Track Surface Faults Dataset\Flakings\3.MOV_20201221130147_3870.JPEG,3.MOV_20201221130147_3870.JPEG,Flakings,,0.8003,0.6066,0.0,True
C:\Users\acous\Desktop\sih2026\Railway Track Surface Faults Dataset\Flakings\3.MOV_20201221130147_3871.JPEG,3.MOV_20201221130147_3871.JPEG,Flakings,,0.8544,0.7105,0.0,True
C:\Users\acous\Desktop\sih2026\Railway Track Surface Faults Dataset\Flakings\3.MOV_20201221130147_3872.JPEG,3.MOV_20201221130147_3872.JPEG,Flakings,,0.9927,0.9861,0.0,True
C:\Users\acous\Desktop\sih2026\Railway Track Surface Faults Dataset\Flakings\3.MOV_20201221130147_3873.JPEG,3.MOV_20201221130147_3873.JPEG,Flakings,,0.9971,0.9956,0.0,True
C:\Users\acous\Desktop\sih2026\Railway Track Surface Faults Dataset\Flakings\3.MOV_20201221130147_3874.JPEG,3.MOV_20201221130147_3874.JPEG,Flakings,,0.8516,0.7034,0.0,True
C:\Users\acous\Desktop\sih2026\Railway Track Surface Faults Dataset\Flakings\3.MOV_20201221130147_3875.JPEG,3.MOV_20201221130147_3875.JPEG,Flakings,,0.9332,0.869,0.0,True
C:\Users\acous\Desktop\sih2026\Railway Track Surface Faults Dataset\Flakings\3.MOV_20201221130147_3876.JPEG,3.MOV_20201221130147_3876.JPEG,Flakings,,0.8715,0.7494,0.0,True
C:\Users\acous\Desktop\sih2026\Railway Track Surface Faults Dataset\Flakings\3.MOV_20201221130147_3877.JPEG,3.MOV_20201221130147_3877.JPEG,Flakings,,0.9395,0.9081,0.0,True
C:\Users\acous\Desktop\sih2026\Railway Track Surface Faults Dataset\Flakings\3.MOV_20201221130147_3878.JPEG,3.MOV_20201221130147_3878.JPEG,Flakings,,0.977,0.9596,0.0,True
C:\Users\acous\Desktop\sih2026\Railway Track Surface Faults Dataset\Flakings\3.MOV_20201221130147_3879.JPEG,3.MOV_20201221130147_3879.JPEG,Flakings,,0.997,0.995,0.0,True
C:\Users\acous\Desktop\sih2026\Railway Track Surface Faults Dataset\Flakings\3.MOV_20201221130147_3880.JPEG,3.MOV_20201221130147_3880.JPEG,Flakings,,0.9895,0.9795,0.0,True
C:\Users\acous\Desktop\sih2026\Railway Track Surface Faults Dataset\Flakings\3.MOV_20201221130147_3881.JPEG,3.MOV_20201221130147_3881.JPEG,Flakings,,0.9897,0.9813,0.0,True
C:\Users\acous\Desktop\sih2026\Railway Track Surface Faults Dataset\Flakings\3.MOV_20201221130147_3882.JPEG,3.MOV_20201221130147_3882.JPEG,Flakings,,0.9832,0.974,0.0,True
C:\Users\acous\Desktop\sih2026\Railway Track Surface Faults Dataset\Flakings\3.MOV_20201221130147_3883.JPEG,3.MOV_20201221130147_3883.JPEG,Flakings,,0.9972,0.9948,0.0,True
C:\Users\acous\Desktop\sih2026\Railway Track Surface Faults Dataset\Flakings\3.MOV_20201221130147_3884.JPEG,3.MOV_20201221130147_3884.JPEG,Flakings,,0.9809,0.9707,0.0,True
C:\Users\acous\Desktop\sih2026\Railway Track Surface Faults Dataset\Flakings\3.MOV_20201221130147_3885.JPEG,3.MOV_20201221130147_3885.JPEG,Flakings,,0.9971,0.9944,0.0,True
C:\Users\acous\Desktop\sih2026\Railway Track Surface Faults Dataset\Flakings\3.MOV_20201221130147_3886.JPEG,3.MOV_20201221130147_3886.JPEG,Flakings,,0.8272,0.6551,0.0,True
C:\Users\acous\Desktop\sih2026\Railway Track Surface Faults Dataset\Flakings\3.MOV_20201221130147_3887.JPEG,3.MOV_20201221130147_3887.JPEG,Flakings,,0.8088,0.6192,0.0,True
C:\Users\acous\Desktop\sih2026\Railway Track Surface Faults Dataset\Flakings\3.MOV_20201221130147_3888.JPEG,3.MOV_20201221130147_3888.JPEG,Flakings,,0.9634,0.9269,0.0,True
C:\Users\acous\Desktop\sih2026\Railway Track Surface Faults Dataset\Flakings\3.MOV_20201221130147_3889.JPEG,3.MOV_20201221130147_3889.JPEG,Flakings,,0.9943,0.9886,0.0,True
C:\Users\acous\Desktop\sih2026\Railway Track Surface Faults Dataset\Flakings\3.MOV_20201221130147_3890.JPEG,3.MOV_20201221130147_3890.JPEG,Flakings,,0.9866,0.9752,0.0,True
C:\Users\acous\Desktop\sih2026\Railway Track Surface Faults Dataset\Flakings\3.MOV_20201221130147_3891.JPEG,3.MOV_20201221130147_3891.JPEG,Flakings,,0.9829,0.9669,0.0,True
C:\Users\acous\Desktop\sih2026\Railway Track Surface Faults Dataset\Flakings\3.MOV_20201221130147_3892.JPEG,3.MOV_20201221130147_3892.JPEG,Flakings,,0.9881,0.9797,0.0,True
C:\Users\acous\Desktop\sih2026\Railway Track Surface Faults Dataset\Flakings\3.MOV_20201221130147_3893.JPEG,3.MOV_20201221130147_3893.JPEG,Flakings,,0.9917,0.9835,0.0,True
C:\Users\acous\Desktop\sih2026\Railway Track Surface Faults Dataset\Flakings\3.MOV_20201221130147_3894.JPEG,3.MOV_20201221130147_3894.JPEG,Flakings,,0.9779,0.9566,0.0,True
C:\Users\acous\Desktop\sih2026\Railway Track Surface Faults Dataset\Flakings\3.MOV_20201221130147_3895.JPEG,3.MOV_20201221130147_3895.JPEG,Flakings,,0.966,0.9324,0.0,True
C:\Users\acous\Desktop\sih2026\Railway Track Surface Faults Dataset\Flakings\3.MOV_20201221130147_3896.JPEG,3.MOV_20201221130147_3896.JPEG,Flakings,,0.9363,0.8784,0.0,True
C:\Users\acous\Desktop\sih2026\Railway Track Surface Faults Dataset\Flakings\3.MOV_20201221130147_3897.JPEG,3.MOV_20201221130147_3897.JPEG,Flakings,,0.8835,0.7906,0.0,True
C:\Users\acous\Desktop\sih2026\Railway Track Surface Faults Dataset\Flakings\3.MOV_20201221130147_3898.JPEG,3.MOV_20201221130147_3898.JPEG,Flakings,,0.9547,0.9168,0.0,True
C:\Users\acous\Desktop\sih2026\Railway Track Surface Faults Dataset\Flakings\3.MOV_20201221130147_3899.JPEG,3.MOV_20201221130147_3899.JPEG,Flakings,,0.8552,0.7137,0.0,True
C:\Users\acous\Desktop\sih2026\Railway Track Surface Faults Dataset\Flakings\3.MOV_20201221130147_3900.JPEG,3.MOV_20201221130147_3900.JPEG,Flakings,,0.8599,0.7223,0.0,True
C:\Users\acous\Desktop\sih2026\Railway Track Surface Faults Dataset\Flakings\3.MOV_20201221130147_3901.JPEG,3.MOV_20201221130147_3901.JPEG,Flakings,,0.6123,0.2422,0.0,True
C:\Users\acous\Desktop\sih2026\Railway Track Surface Faults Dataset\Flakings\3.MOV_20201221130147_3902.JPEG,3.MOV_20201221130147_3902.JPEG,Flakings,,0.7054,0.4121,0.0,True
C:\Users\acous\Desktop\sih2026\Railway Track Surface Faults Dataset\Flakings\3.MOV_20201221130147_3903.JPEG,3.MOV_20201221130147_3903.JPEG,Flakings,,0.5739,0.151,0.0,True
C:\Users\acous\Desktop\sih2026\Railway Track Surface Faults Dataset\Flakings\3.MOV_20201221130147_3904.JPEG,3.MOV_20201221130147_3904.JPEG,Flakings,,0.5725,0.1625,0.0,True
C:\Users\acous\Desktop\sih2026\Railway Track Surface Faults Dataset\Flakings\3.MOV_20201221130147_3905.JPEG,3.MOV_20201221130147_3905.JPEG,Flakings,,0.6032,0.2132,0.0,True
C:\Users\acous\Desktop\sih2026\Railway Track Surface Faults Dataset\Flakings\3.MOV_20201221130147_3906.JPEG,3.MOV_20201221130147_3906.JPEG,Flakings,,0.7776,0.557,0.0,True
C:\Users\acous\Desktop\sih2026\Railway Track Surface Faults Dataset\Flakings\3.MOV_20201221130147_3907.JPEG,3.MOV_20201221130147_3907.JPEG,Flakings,,0.699,0.4021,0.0,True
C:\Users\acous\Desktop\sih2026\Railway Track Surface Faults Dataset\Flakings\3.MOV_20201221130147_3908.JPEG,3.MOV_20201221130147_3908.JPEG,Flakings,,0.8361,0.673,0.0,True
C:\Users\acous\Desktop\sih2026\Railway Track Surface Faults Dataset\Flakings\3.MOV_20201221130147_3909.JPEG,3.MOV_20201221130147_3909.JPEG,Flakings,,0.9458,0.8926,0.0,True
C:\Users\acous\Desktop\sih2026\Railway Track Surface Faults Dataset\Flakings\3.MOV_20201221130147_3910.JPEG,3.MOV_20201221130147_3910.JPEG,Flakings,,0.7436,0.4935,0.0,True
C:\Users\acous\Desktop\sih2026\Railway Track Surface Faults Dataset\Flakings\3.MOV_20201221130147_3911.JPEG,3.MOV_20201221130147_3911.JPEG,Flakings,,0.529,0.0633,0.0,True
C:\Users\acous\Desktop\sih2026\Railway Track Surface Faults Dataset\Flakings\3.MOV_20201221130147_3912.JPEG,3.MOV_20201221130147_3912.JPEG,Flakings,,0.5948,0.2196,0.0,True
C:\Users\acous\Desktop\sih2026\Railway Track Surface Faults Dataset\Flakings\3.MOV_20201221130147_3913.JPEG,3.MOV_20201221130147_3913.JPEG,Flakings,,0.7487,0.5008,0.0,True
C:\Users\acous\Desktop\sih2026\Railway Track Surface Faults Dataset\Flakings\3.MOV_20201221130147_3914.JPEG,3.MOV_20201221130147_3914.JPEG,Flakings,,0.7059,0.462,0.0,True
C:\Users\acous\Desktop\sih2026\Railway Track Surface Faults Dataset\Flakings\3.MOV_20201221130147_3915.JPEG,3.MOV_20201221130147_3915.JPEG,Flakings,,0.5987,0.2371,0.0,True
C:\Users\acous\Desktop\sih2026\Railway Track Surface Faults Dataset\Flakings\3.MOV_20201221130147_3916.JPEG,3.MOV_20201221130147_3916.JPEG,Flakings,,0.5506,0.1126,0.0,True
C:\Users\acous\Desktop\sih2026\Railway Track Surface Faults Dataset\Flakings\3.MOV_20201221130147_3917.JPEG,3.MOV_20201221130147_3917.JPEG,Flakings,,0.6136,0.2374,0.0,True
C:\Users\acous\Desktop\sih2026\Railway Track Surface Faults Dataset\Flakings\3.MOV_20201221130147_3918.JPEG,3.MOV_20201221130147_3918.JPEG,Flakings,,0.8164,0.6975,0.0,True
C:\Users\acous\Desktop\sih2026\Railway Track Surface Faults Dataset\Flakings\3.MOV_20201221130147_3919.JPEG,3.MOV_20201221130147_3919.JPEG,Flakings,,0.8302,0.7431,0.0,True
C:\Users\acous\Desktop\sih2026\Railway Track Surface Faults Dataset\Flakings\3.MOV_20201221130147_3920.JPEG,3.MOV_20201221130147_3920.JPEG,Flakings,,0.7111,0.5051,0.0,True
C:\Users\acous\Desktop\sih2026\Railway Track Surface Faults Dataset\Flakings\3.MOV_20201221130147_3921.JPEG,3.MOV_20201221130147_3921.JPEG,Flakings,,0.5587,0.1728,0.0,True
C:\Users\acous\Desktop\sih2026\Railway Track Surface Faults Dataset\Flakings\3.MOV_20201221130147_3922.JPEG,3.MOV_20201221130147_3922.JPEG,Flakings,,0.7294,0.5756,0.0,True
C:\Users\acous\Desktop\sih2026\Railway Track Surface Faults Dataset\Flakings\3.MOV_20201221130147_3923.JPEG,3.MOV_20201221130147_3923.JPEG,Flakings,,0.8162,0.6373,0.0,True
C:\Users\acous\Desktop\sih2026\Railway Track Surface Faults Dataset\Flakings\3.MOV_20201221130147_3924.JPEG,3.MOV_20201221130147_3924.JPEG,Flakings,,0.9176,0.842,0.0,True
C:\Users\acous\Desktop\sih2026\Railway Track Surface Faults Dataset\Flakings\3.MOV_20201221130147_3925.JPEG,3.MOV_20201221130147_3925.JPEG,Flakings,,0.8347,0.7414,0.0,True
C:\Users\acous\Desktop\sih2026\Railway Track Surface Faults Dataset\Flakings\3.MOV_20201221130147_3926.JPEG,3.MOV_20201221130147_3926.JPEG,Flakings,,0.9131,0.857,0.0,True
C:\Users\acous\Desktop\sih2026\Railway Track Surface Faults Dataset\Flakings\3.MOV_20201221130147_3927.JPEG,3.MOV_20201221130147_3927.JPEG,Flakings,,0.7745,0.6092,0.0,True
C:\Users\acous\Desktop\sih2026\Railway Track Surface Faults Dataset\Flakings\3.MOV_20201221130147_3928.JPEG,3.MOV_20201221130147_3928.JPEG,Flakings,,0.773,0.5917,0.0,True
C:\Users\acous\Desktop\sih2026\Railway Track Surface Faults Dataset\Flakings\3.MOV_20201221130147_3929.JPEG,3.MOV_20201221130147_3929.JPEG,Flakings,,0.8346,0.6875,0.0,True
C:\Users\acous\Desktop\sih2026\Railway Track Surface Faults Dataset\Flakings\3.MOV_20201221130147_3930.JPEG,3.MOV_20201221130147_3930.JPEG,Flakings,,0.8871,0.7979,0.0,True
C:\Users\acous\Desktop\sih2026\Railway Track Surface Faults Dataset\Flakings\3.MOV_20201221130147_3931.JPEG,3.MOV_20201221130147_3931.JPEG,Flakings,,0.8456,0.7283,0.0,True
C:\Users\acous\Desktop\sih2026\Railway Track Surface Faults Dataset\Flakings\3.MOV_20201221130147_3932.JPEG,3.MOV_20201221130147_3932.JPEG,Flakings,,0.8057,0.7118,0.0,True
C:\Users\acous\Desktop\sih2026\Railway Track Surface Faults Dataset\Flakings\3.MOV_20201221130147_3933.JPEG,3.MOV_20201221130147_3933.JPEG,Flakings,,0.868,0.8147,0.0,True
C:\Users\acous\Desktop\sih2026\Railway Track Surface Faults Dataset\Flakings\3.MOV_20201221130147_3934.JPEG,3.MOV_20201221130147_3934.JPEG,Flakings,,0.8084,0.6759,0.0,True
C:\Users\acous\Desktop\sih2026\Railway Track Surface Faults Dataset\Flakings\3.MOV_20201221130147_3935.JPEG,3.MOV_20201221130147_3935.JPEG,Flakings,,0.6913,0.5029,0.0,True
C:\Users\acous\Desktop\sih2026\Railway Track Surface Faults Dataset\Flakings\3.MOV_20201221130147_3936.JPEG,3.MOV_20201221130147_3936.JPEG,Flakings,,0.8697,0.8034,0.0,True
C:\Users\acous\Desktop\sih2026\Railway Track Surface Faults Dataset\Flakings\3.MOV_20201221130147_3937.JPEG,3.MOV_20201221130147_3937.JPEG,Flakings,,0.7906,0.6891,0.0,True
C:\Users\acous\Desktop\sih2026\Railway Track Surface Faults Dataset\Flakings\3.MOV_20201221130147_3938.JPEG,3.MOV_20201221130147_3938.JPEG,Flakings,,0.9006,0.8589,0.0,True
C:\Users\acous\Desktop\sih2026\Railway Track Surface Faults Dataset\Flakings\3.MOV_20201221130147_3939.JPEG,3.MOV_20201221130147_3939.JPEG,Flakings,,0.8019,0.6869,0.0,True
C:\Users\acous\Desktop\sih2026\Railway Track Surface Faults Dataset\Flakings\3.MOV_20201221130147_3940.JPEG,3.MOV_20201221130147_3940.JPEG,Flakings,,0.9481,0.8991,0.0,True
C:\Users\acous\Desktop\sih2026\Railway Track Surface Faults Dataset\Flakings\3.MOV_20201221130147_3941.JPEG,3.MOV_20201221130147_3941.JPEG,Flakings,,0.883,0.7742,0.0,True
C:\Users\acous\Desktop\sih2026\Railway Track Surface Faults Dataset\Flakings\3.MOV_20201221130147_3942.JPEG,3.MOV_20201221130147_3942.JPEG,Flakings,,0.9208,0.8424,0.0,True
C:\Users\acous\Desktop\sih2026\Railway Track Surface Faults Dataset\Flakings\3.MOV_20201221130147_4264.JPEG,3.MOV_20201221130147_4264.JPEG,Flakings,,0.9297,0.8634,0.0,True
C:\Users\acous\Desktop\sih2026\Railway Track Surface Faults Dataset\Flakings\3.MOV_20201221130147_4265.JPEG,3.MOV_20201221130147_4265.JPEG,Flakings,,0.9493,0.9019,0.0,True
C:\Users\acous\Desktop\sih2026\Railway Track Surface Faults Dataset\Flakings\3.MOV_20201221130147_4266.JPEG,3.MOV_20201221130147_4266.JPEG,Flakings,,0.8256,0.6585,0.0,True
C:\Users\acous\Desktop\sih2026\Railway Track Surface Faults Dataset\Flakings\3.MOV_20201221130147_4267.JPEG,3.MOV_20201221130147_4267.JPEG,Flakings,,0.5742,0.1497,0.0,True
C:\Users\acous\Desktop\sih2026\Railway Track Surface Faults Dataset\Flakings\3.MOV_20201221130147_4268.JPEG,3.MOV_20201221130147_4268.JPEG,Flakings,,0.6861,0.3738,0.0,True
C:\Users\acous\Desktop\sih2026\Railway Track Surface Faults Dataset\Flakings\3.MOV_20201221130147_4269.JPEG,3.MOV_20201221130147_4269.JPEG,Flakings,,0.9969,0.9952,0.0,True
C:\Users\acous\Desktop\sih2026\Railway Track Surface Faults Dataset\Flakings\3.MOV_20201221130147_4270.JPEG,3.MOV_20201221130147_4270.JPEG,Flakings,,0.9603,0.9312,0.0,True
C:\Users\acous\Desktop\sih2026\Railway Track Surface Faults Dataset\Flakings\3.MOV_20201221130147_4271.JPEG,3.MOV_20201221130147_4271.JPEG,Flakings,,0.9524,0.9104,0.0,True
C:\Users\acous\Desktop\sih2026\Railway Track Surface Faults Dataset\Flakings\3.MOV_20201221130147_4272.JPEG,3.MOV_20201221130147_4272.JPEG,Flakings,,0.8999,0.8116,0.0,True
C:\Users\acous\Desktop\sih2026\Railway Track Surface Faults Dataset\Flakings\3.MOV_20201221130147_4273.JPEG,3.MOV_20201221130147_4273.JPEG,Flakings,,0.8892,0.832,0.0,True
C:\Users\acous\Desktop\sih2026\Railway Track Surface Faults Dataset\Flakings\3.MOV_20201221130147_4274.JPEG,3.MOV_20201221130147_4274.JPEG,Flakings,,0.9413,0.8974,0.0,True
C:\Users\acous\Desktop\sih2026\Railway Track Surface Faults Dataset\Flakings\3.MOV_20201221130147_4275.JPEG,3.MOV_20201221130147_4275.JPEG,Flakings,,0.9235,0.8814,0.0,True
C:\Users\acous\Desktop\sih2026\Railway Track Surface Faults Dataset\Flakings\3.MOV_20201221130147_4276.JPEG,3.MOV_20201221130147_4276.JPEG,Flakings,,0.961,0.9247,0.0,True
C:\Users\acous\Desktop\sih2026\Railway Track Surface Faults Dataset\Flakings\3.MOV_20201221130147_4277.JPEG,3.MOV_20201221130147_4277.JPEG,Flakings,,0.5456,0.1117,0.0,True
C:\Users\acous\Desktop\sih2026\Railway Track Surface Faults Dataset\Flakings\3.MOV_20201221130147_4278.JPEG,3.MOV_20201221130147_4278.JPEG,Flakings,,0.5681,0.3385,0.0,True
C:\Users\acous\Desktop\sih2026\Railway Track Surface Faults Dataset\Flakings\3.MOV_20201221130147_4279.JPEG,3.MOV_20201221130147_4279.JPEG,Flakings,,0.6881,0.4341,0.0,True
C:\Users\acous\Desktop\sih2026\Railway Track Surface Faults Dataset\Flakings\3.MOV_20201221130147_4280.JPEG,3.MOV_20201221130147_4280.JPEG,Flakings,,0.7183,0.5605,0.0,True
C:\Users\acous\Desktop\sih2026\Railway Track Surface Faults Dataset\Flakings\3.MOV_20201221130147_4281.JPEG,3.MOV_20201221130147_4281.JPEG,Flakings,,0.9127,0.8706,0.0,True
C:\Users\acous\Desktop\sih2026\Railway Track Surface Faults Dataset\Flakings\3.MOV_20201221130147_4282.JPEG,3.MOV_20201221130147_4282.JPEG,Flakings,,0.9254,0.8707,0.0,True
C:\Users\acous\Desktop\sih2026\Railway Track Surface Faults Dataset\Flakings\3.MOV_20201221130147_4283.JPEG,3.MOV_20201221130147_4283.JPEG,Flakings,,0.7547,0.5836,0.0,True
C:\Users\acous\Desktop\sih2026\Railway Track Surface Faults Dataset\Flakings\3.MOV_20201221130147_4284.JPEG,3.MOV_20201221130147_4284.JPEG,Flakings,,0.9921,0.9887,0.0,True
C:\Users\acous\Desktop\sih2026\Railway Track Surface Faults Dataset\Flakings\3.MOV_20201221130147_4285.JPEG,3.MOV_20201221130147_4285.JPEG,Flakings,,0.6192,0.3326,0.0,True
C:\Users\acous\Desktop\sih2026\Railway Track Surface Faults Dataset\Flakings\3.MOV_20201221130147_4286.JPEG,3.MOV_20201221130147_4286.JPEG,Flakings,,0.8826,0.8214,0.0,True
C:\Users\acous\Desktop\sih2026\Railway Track Surface Faults Dataset\Flakings\3.MOV_20201221130147_4287.JPEG,3.MOV_20201221130147_4287.JPEG,Flakings,,0.7742,0.5746,0.0,True
C:\Users\acous\Desktop\sih2026\Railway Track Surface Faults Dataset\Flakings\3.MOV_20201221130147_4288.JPEG,3.MOV_20201221130147_4288.JPEG,Flakings,,0.7995,0.6362,0.0,True
C:\Users\acous\Desktop\sih2026\Railway Track Surface Faults Dataset\Flakings\3.MOV_20201221130147_4289.JPEG,3.MOV_20201221130147_4289.JPEG,Flakings,,0.9471,0.9069,0.0,True
C:\Users\acous\Desktop\sih2026\Railway Track Surface Faults Dataset\Flakings\3.MOV_20201221130147_4290.JPEG,3.MOV_20201221130147_4290.JPEG,Flakings,,0.8624,0.796,0.0,True
C:\Users\acous\Desktop\sih2026\Railway Track Surface Faults Dataset\Flakings\3.MOV_20201221130147_4291.JPEG,3.MOV_20201221130147_4291.JPEG,Flakings,,0.9107,0.8638,0.0,True
C:\Users\acous\Desktop\sih2026\Railway Track Surface Faults Dataset\Flakings\3.MOV_20201221130147_4292.JPEG,3.MOV_20201221130147_4292.JPEG,Flakings,,0.7725,0.6088,0.0,True
C:\Users\acous\Desktop\sih2026\Railway Track Surface Faults Dataset\Flakings\3.MOV_20201221130147_4293.JPEG,3.MOV_20201221130147_4293.JPEG,Flakings,,0.7682,0.6177,0.0,True
C:\Users\acous\Desktop\sih2026\Railway Track Surface Faults Dataset\Flakings\3.MOV_20201221130147_4294.JPEG,3.MOV_20201221130147_4294.JPEG,Flakings,,0.9,0.8558,0.0,True
C:\Users\acous\Desktop\sih2026\Railway Track Surface Faults Dataset\Flakings\3.MOV_20201221130147_4295.JPEG,3.MOV_20201221130147_4295.JPEG,Flakings,,0.8227,0.7083,0.0,True
C:\Users\acous\Desktop\sih2026\Railway Track Surface Faults Dataset\Flakings\3.MOV_20201221130147_4296.JPEG,3.MOV_20201221130147_4296.JPEG,Flakings,,0.8497,0.7579,0.0,True
C:\Users\acous\Desktop\sih2026\Railway Track Surface Faults Dataset\Flakings\3.MOV_20201221130147_4297.JPEG,3.MOV_20201221130147_4297.JPEG,Flakings,,0.9461,0.912,0.0,True
C:\Users\acous\Desktop\sih2026\Railway Track Surface Faults Dataset\Flakings\3.MOV_20201221130147_4298.JPEG,3.MOV_20201221130147_4298.JPEG,Flakings,,0.9543,0.9293,0.0,True
C:\Users\acous\Desktop\sih2026\Railway Track Surface Faults Dataset\Flakings\3.MOV_20201221130147_4299.JPEG,3.MOV_20201221130147_4299.JPEG,Flakings,,0.8008,0.6897,0.0,True
C:\Users\acous\Desktop\sih2026\Railway Track Surface Faults Dataset\Flakings\3.MOV_20201221130147_4300.JPEG,3.MOV_20201221130147_4300.JPEG,Flakings,,0.8293,0.692,0.0,True
C:\Users\acous\Desktop\sih2026\Railway Track Surface Faults Dataset\Flakings\3.MOV_20201221130147_4301.JPEG,3.MOV_20201221130147_4301.JPEG,Flakings,,0.6313,0.2787,0.0,True
C:\Users\acous\Desktop\sih2026\Railway Track Surface Faults Dataset\Flakings\3.MOV_20201221130147_4302.JPEG,3.MOV_20201221130147_4302.JPEG,Flakings,,0.7724,0.635,0.0,True
C:\Users\acous\Desktop\sih2026\Railway Track Surface Faults Dataset\Flakings\3.MOV_20201221130147_4303.JPEG,3.MOV_20201221130147_4303.JPEG,Flakings,,0.5126,0.0293,0.0,True
C:\Users\acous\Desktop\sih2026\Railway Track Surface Faults Dataset\Flakings\3.MOV_20201221130147_4304.JPEG,3.MOV_20201221130147_4304.JPEG,Flakings,,0.6616,0.4603,0.0,True
C:\Users\acous\Desktop\sih2026\Railway Track Surface Faults Dataset\Flakings\3.MOV_20201221130147_4305.JPEG,3.MOV_20201221130147_4305.JPEG,Flakings,,0.7963,0.6016,0.0,True
C:\Users\acous\Desktop\sih2026\Railway Track Surface Faults Dataset\Flakings\3.MOV_20201221130147_4527.JPEG,3.MOV_20201221130147_4527.JPEG,Flakings,,0.885,0.8266,0.0,True
C:\Users\acous\Desktop\sih2026\Railway Track Surface Faults Dataset\Flakings\3.MOV_20201221130147_4528.JPEG,3.MOV_20201221130147_4528.JPEG,Flakings,,0.7621,0.5832,0.0,True
C:\Users\acous\Desktop\sih2026\Railway Track Surface Faults Dataset\Flakings\3.MOV_20201221130147_4529.JPEG,3.MOV_20201221130147_4529.JPEG,Flakings,,0.6357,0.3616,0.0,True
C:\Users\acous\Desktop\sih2026\Railway Track Surface Faults Dataset\Flakings\3.MOV_20201221130147_4530.JPEG,3.MOV_20201221130147_4530.JPEG,Flakings,,0.6493,0.4331,0.0,True
C:\Users\acous\Desktop\sih2026\Railway Track Surface Faults Dataset\Flakings\3.MOV_20201221130147_4531.JPEG,3.MOV_20201221130147_4531.JPEG,Flakings,,0.9009,0.8653,0.0,True
C:\Users\acous\Desktop\sih2026\Railway Track Surface Faults Dataset\Flakings\3.MOV_20201221130147_4532.JPEG,3.MOV_20201221130147_4532.JPEG,Flakings,,0.7744,0.5818,0.0,True
C:\Users\acous\Desktop\sih2026\Railway Track Surface Faults Dataset\Flakings\3.MOV_20201221130147_4533.JPEG,3.MOV_20201221130147_4533.JPEG,Flakings,,0.8867,0.8299,0.0,True
C:\Users\acous\Desktop\sih2026\Railway Track Surface Faults Dataset\Flakings\3.MOV_20201221130147_4534.JPEG,3.MOV_20201221130147_4534.JPEG,Flakings,,0.8202,0.6888,0.0,True
C:\Users\acous\Desktop\sih2026\Railway Track Surface Faults Dataset\Flakings\3.MOV_20201221130147_4535.JPEG,3.MOV_20201221130147_4535.JPEG,Flakings,,0.9263,0.8766,0.0,True
C:\Users\acous\Desktop\sih2026\Railway Track Surface Faults Dataset\Flakings\3.MOV_20201221130147_4536.JPEG,3.MOV_20201221130147_4536.JPEG,Flakings,,0.8665,0.7681,0.0,True
C:\Users\acous\Desktop\sih2026\Railway Track Surface Faults Dataset\Flakings\3.MOV_20201221130147_4537.JPEG,3.MOV_20201221130147_4537.JPEG,Flakings,,0.9362,0.8828,0.0,True
C:\Users\acous\Desktop\sih2026\Railway Track Surface Faults Dataset\Flakings\3.MOV_20201221130147_4538.JPEG,3.MOV_20201221130147_4538.JPEG,Flakings,,0.9658,0.9441,0.0,True
C:\Users\acous\Desktop\sih2026\Railway Track Surface Faults Dataset\Flakings\3.MOV_20201221130147_4539.JPEG,3.MOV_20201221130147_4539.JPEG,Flakings,,0.9066,0.8273,0.0,True
C:\Users\acous\Desktop\sih2026\Railway Track Surface Faults Dataset\Flakings\3.MOV_20201221130147_4540.JPEG,3.MOV_20201221130147_4540.JPEG,Flakings,,0.9395,0.8824,0.0,True
C:\Users\acous\Desktop\sih2026\Railway Track Surface Faults Dataset\Flakings\3.MOV_20201221130147_4541.JPEG,3.MOV_20201221130147_4541.JPEG,Flakings,,0.9413,0.8833,0.0,True
C:\Users\acous\Desktop\sih2026\Railway Track Surface Faults Dataset\Flakings\3.MOV_20201221130147_4542.JPEG,3.MOV_20201221130147_4542.JPEG,Flakings,,0.991,0.9839,0.0,True
C:\Users\acous\Desktop\sih2026\Railway Track Surface Faults Dataset\Flakings\3.MOV_20201221130147_4543.JPEG,3.MOV_20201221130147_4543.JPEG,Flakings,,0.7545,0.5605,0.0,True
C:\Users\acous\Desktop\sih2026\Railway Track Surface Faults Dataset\Flakings\3.MOV_20201221130147_4544.JPEG,3.MOV_20201221130147_4544.JPEG,Flakings,,0.9273,0.8654,0.0,True
C:\Users\acous\Desktop\sih2026\Railway Track Surface Faults Dataset\Flakings\3.MOV_20201221130147_4545.JPEG,3.MOV_20201221130147_4545.JPEG,Flakings,,0.7611,0.6081,0.0,True
C:\Users\acous\Desktop\sih2026\Railway Track Surface Faults Dataset\Flakings\3.MOV_20201221130147_4546.JPEG,3.MOV_20201221130147_4546.JPEG,Flakings,,0.9585,0.9186,0.0,True
C:\Users\acous\Desktop\sih2026\Railway Track Surface Faults Dataset\Flakings\3.MOV_20201221130147_4547.JPEG,3.MOV_20201221130147_4547.JPEG,Flakings,,0.8515,0.7269,0.0,True
C:\Users\acous\Desktop\sih2026\Railway Track Surface Faults Dataset\Flakings\3.MOV_20201221130147_4548.JPEG,3.MOV_20201221130147_4548.JPEG,Flakings,,0.9429,0.9134,0.0,True
C:\Users\acous\Desktop\sih2026\Railway Track Surface Faults Dataset\Flakings\3.MOV_20201221130147_4549.JPEG,3.MOV_20201221130147_4549.JPEG,Flakings,,0.7711,0.5586,0.0,True
C:\Users\acous\Desktop\sih2026\Railway Track Surface Faults Dataset\Flakings\3.MOV_20201221130147_4550.JPEG,3.MOV_20201221130147_4550.JPEG,Flakings,,0.7206,0.4462,0.0,True
C:\Users\acous\Desktop\sih2026\Railway Track Surface Faults Dataset\Flakings\3.MOV_20201221130147_4551.JPEG,3.MOV_20201221130147_4551.JPEG,Flakings,,0.9097,0.8549,0.0,True
C:\Users\acous\Desktop\sih2026\Railway Track Surface Faults Dataset\Flakings\3.MOV_20201221130147_4552.JPEG,3.MOV_20201221130147_4552.JPEG,Flakings,,0.9776,0.9593,0.0,True
C:\Users\acous\Desktop\sih2026\Railway Track Surface Faults Dataset\Flakings\3.MOV_20201221130147_4553.JPEG,3.MOV_20201221130147_4553.JPEG,Flakings,,0.9391,0.8794,0.0,True
C:\Users\acous\Desktop\sih2026\Railway Track Surface Faults Dataset\Flakings\3.MOV_20201221130147_4554.JPEG,3.MOV_20201221130147_4554.JPEG,Flakings,,0.987,0.9743,0.0,True
C:\Users\acous\Desktop\sih2026\Railway Track Surface Faults Dataset\Flakings\3.MOV_20201221130147_4555.JPEG,3.MOV_20201221130147_4555.JPEG,Flakings,,0.9667,0.9378,0.0,True
C:\Users\acous\Desktop\sih2026\Railway Track Surface Faults Dataset\Flakings\3.MOV_20201221130147_4556.JPEG,3.MOV_20201221130147_4556.JPEG,Flakings,,0.985,0.9774,0.0,True
C:\Users\acous\Desktop\sih2026\Railway Track Surface Faults Dataset\Flakings\3.MOV_20201221130147_4557.JPEG,3.MOV_20201221130147_4557.JPEG,Flakings,,0.9969,0.9941,0.0,True
C:\Users\acous\Desktop\sih2026\Railway Track Surface Faults Dataset\Flakings\3.MOV_20201221130147_4558.JPEG,3.MOV_20201221130147_4558.JPEG,Flakings,,0.9788,0.9621,0.0,True
C:\Users\acous\Desktop\sih2026\Railway Track Surface Faults Dataset\Flakings\3.MOV_20201221130147_4559.JPEG,3.MOV_20201221130147_4559.JPEG,Flakings,,0.9873,0.9756,0.0,True
C:\Users\acous\Desktop\sih2026\Railway Track Surface Faults Dataset\Flakings\3.MOV_20201221130147_4560.JPEG,3.MOV_20201221130147_4560.JPEG,Flakings,,0.8904,0.7822,0.0,True
C:\Users\acous\Desktop\sih2026\Railway Track Surface Faults Dataset\Flakings\3.MOV_20201221130147_4561.JPEG,3.MOV_20201221130147_4561.JPEG,Flakings,,0.9944,0.9904,0.0,True
C:\Users\acous\Desktop\sih2026\Railway Track Surface Faults Dataset\Flakings\3.MOV_20201221130147_4562.JPEG,3.MOV_20201221130147_4562.JPEG,Flakings,,0.9979,0.9967,0.0,True
C:\Users\acous\Desktop\sih2026\Railway Track Surface Faults Dataset\Flakings\3.MOV_20201221130147_4563.JPEG,3.MOV_20201221130147_4563.JPEG,Flakings,,0.9887,0.9827,0.0,True
C:\Users\acous\Desktop\sih2026\Railway Track Surface Faults Dataset\Flakings\3.MOV_20201221130147_4564.JPEG,3.MOV_20201221130147_4564.JPEG,Flakings,,0.9908,0.9824,0.0,True
C:\Users\acous\Desktop\sih2026\Railway Track Surface Faults Dataset\Flakings\3.MOV_20201221130147_4565.JPEG,3.MOV_20201221130147_4565.JPEG,Flakings,,0.9564,0.9283,0.0,True
C:\Users\acous\Desktop\sih2026\Railway Track Surface Faults Dataset\Flakings\3.MOV_20201221130147_4566.JPEG,3.MOV_20201221130147_4566.JPEG,Flakings,,0.9962,0.9933,0.0,True
C:\Users\acous\Desktop\sih2026\Railway Track Surface Faults Dataset\Flakings\3.MOV_20201221130147_4567.JPEG,3.MOV_20201221130147_4567.JPEG,Flakings,,0.9875,0.9789,0.0,True
C:\Users\acous\Desktop\sih2026\Railway Track Surface Faults Dataset\Flakings\3.MOV_20201221130147_4568.JPEG,3.MOV_20201221130147_4568.JPEG,Flakings,,0.9906,0.9841,0.0,True
C:\Users\acous\Desktop\sih2026\Railway Track Surface Faults Dataset\Flakings\3.MOV_20201221130147_4569.JPEG,3.MOV_20201221130147_4569.JPEG,Flakings,,0.9892,0.9817,0.0,True
C:\Users\acous\Desktop\sih2026\Railway Track Surface Faults Dataset\Flakings\3.MOV_20201221130147_4570.JPEG,3.MOV_20201221130147_4570.JPEG,Flakings,,0.9757,0.9606,0.0,True
C:\Users\acous\Desktop\sih2026\Railway Track Surface Faults Dataset\Flakings\3.MOV_20201221130147_4571.JPEG,3.MOV_20201221130147_4571.JPEG,Flakings,,0.7588,0.5201,0.0,True
C:\Users\acous\Desktop\sih2026\Railway Track Surface Faults Dataset\Flakings\3.MOV_20201221130147_4572.JPEG,3.MOV_20201221130147_4572.JPEG,Flakings,,0.9187,0.8396,0.0,True
C:\Users\acous\Desktop\sih2026\Railway Track Surface Faults Dataset\Flakings\3.MOV_20201221130147_4573.JPEG,3.MOV_20201221130147_4573.JPEG,Flakings,,0.9439,0.8891,0.0,True
C:\Users\acous\Desktop\sih2026\Railway Track Surface Faults Dataset\Flakings\3.MOV_20201221130147_4574.JPEG,3.MOV_20201221130147_4574.JPEG,Flakings,,0.9126,0.8503,0.0,True
C:\Users\acous\Desktop\sih2026\Railway Track Surface Faults Dataset\Flakings\3.MOV_20201221130147_4575.JPEG,3.MOV_20201221130147_4575.JPEG,Flakings,,0.8736,0.7498,0.0,True
C:\Users\acous\Desktop\sih2026\Railway Track Surface Faults Dataset\Flakings\3.MOV_20201221130147_4576.JPEG,3.MOV_20201221130147_4576.JPEG,Flakings,,0.9138,0.8279,0.0,True
C:\Users\acous\Desktop\sih2026\Railway Track Surface Faults Dataset\Flakings\3.MOV_20201221130147_4577.JPEG,3.MOV_20201221130147_4577.JPEG,Flakings,,0.7018,0.4058,0.0,True
C:\Users\acous\Desktop\sih2026\Railway Track Surface Faults Dataset\Flakings\4.MOV_20201222164809_0042.JPEG,4.MOV_20201222164809_0042.JPEG,Flakings,,0.8942,0.8109,0.0,True
C:\Users\acous\Desktop\sih2026\Railway Track Surface Faults Dataset\Flakings\4.MOV_20201222164809_0727.JPEG,4.MOV_20201222164809_0727.JPEG,Flakings,,0.4307,0.0143,0.0,True
C:\Users\acous\Desktop\sih2026\Railway Track Surface Faults Dataset\Flakings\4.MOV_20201222164809_0728.JPEG,4.MOV_20201222164809_0728.JPEG,Flakings,,0.4913,0.2112,0.0,True
C:\Users\acous\Desktop\sih2026\Railway Track Surface Faults Dataset\Flakings\4.MOV_20201222164809_0729.JPEG,4.MOV_20201222164809_0729.JPEG,Flakings,,0.312,0.0159,0.0,True
C:\Users\acous\Desktop\sih2026\Railway Track Surface Faults Dataset\Flakings\4.MOV_20201222164809_0730.JPEG,4.MOV_20201222164809_0730.JPEG,Flakings,,0.4608,0.2162,0.0,True
C:\Users\acous\Desktop\sih2026\Railway Track Surface Faults Dataset\Flakings\4.MOV_20201222164809_0731.JPEG,4.MOV_20201222164809_0731.JPEG,Flakings,,0.6919,0.5222,0.0,True
C:\Users\acous\Desktop\sih2026\Railway Track Surface Faults Dataset\Flakings\4.MOV_20201222164809_0732.JPEG,4.MOV_20201222164809_0732.JPEG,Flakings,,0.3782,0.0261,0.0,True
C:\Users\acous\Desktop\sih2026\Railway Track Surface Faults Dataset\Flakings\4.MOV_20201222164809_0733.JPEG,4.MOV_20201222164809_0733.JPEG,Flakings,,0.6723,0.4038,0.0,True
C:\Users\acous\Desktop\sih2026\Railway Track Surface Faults Dataset\Flakings\4.MOV_20201222164809_0734.JPEG,4.MOV_20201222164809_0734.JPEG,Flakings,,0.6089,0.4237,0.0,True
C:\Users\acous\Desktop\sih2026\Railway Track Surface Faults Dataset\Flakings\4.MOV_20201222164809_0735.JPEG,4.MOV_20201222164809_0735.JPEG,Flakings,,0.817,0.6925,0.0,True
C:\Users\acous\Desktop\sih2026\Railway Track Surface Faults Dataset\Flakings\4.MOV_20201222164809_0736.JPEG,4.MOV_20201222164809_0736.JPEG,Flakings,,0.5594,0.1556,0.0,True
C:\Users\acous\Desktop\sih2026\Railway Track Surface Faults Dataset\Flakings\4.MOV_20201222164809_0737.JPEG,4.MOV_20201222164809_0737.JPEG,Flakings,,0.5236,0.1848,0.0,True
C:\Users\acous\Desktop\sih2026\Railway Track Surface Faults Dataset\Flakings\4.MOV_20201222164809_0738.JPEG,4.MOV_20201222164809_0738.JPEG,Flakings,,0.768,0.6583,0.0,True
C:\Users\acous\Desktop\sih2026\Railway Track Surface Faults Dataset\Flakings\4.MOV_20201222164809_0739.JPEG,4.MOV_20201222164809_0739.JPEG,Flakings,,0.47,0.2622,0.0,True
C:\Users\acous\Desktop\sih2026\Railway Track Surface Faults Dataset\Flakings\4.MOV_20201222164809_0740.JPEG,4.MOV_20201222164809_0740.JPEG,Flakings,,0.7316,0.624,0.0,True
C:\Users\acous\Desktop\sih2026\Railway Track Surface Faults Dataset\Flakings\4.MOV_20201222164809_0741.JPEG,4.MOV_20201222164809_0741.JPEG,Flakings,,0.6676,0.4314,0.0,True
C:\Users\acous\Desktop\sih2026\Railway Track Surface Faults Dataset\Flakings\4.MOV_20201222164809_0742.JPEG,4.MOV_20201222164809_0742.JPEG,Flakings,,0.7702,0.6187,0.0,True
C:\Users\acous\Desktop\sih2026\Railway Track Surface Faults Dataset\Flakings\4.MOV_20201222164809_0743.JPEG,4.MOV_20201222164809_0743.JPEG,Flakings,,0.9171,0.8551,0.0,True
C:\Users\acous\Desktop\sih2026\Railway Track Surface Faults Dataset\Flakings\4.MOV_20201222164809_0744.JPEG,4.MOV_20201222164809_0744.JPEG,Flakings,,0.6551,0.429,0.0,True
C:\Users\acous\Desktop\sih2026\Railway Track Surface Faults Dataset\Flakings\4.MOV_20201222164809_0745.JPEG,4.MOV_20201222164809_0745.JPEG,Flakings,,0.4705,0.0806,0.0,True
C:\Users\acous\Desktop\sih2026\Railway Track Surface Faults Dataset\Flakings\4.MOV_20201222164809_0746.JPEG,4.MOV_20201222164809_0746.JPEG,Flakings,,0.8695,0.7607,0.0,True
C:\Users\acous\Desktop\sih2026\Railway Track Surface Faults Dataset\Flakings\4.MOV_20201222164809_0747.JPEG,4.MOV_20201222164809_0747.JPEG,Flakings,,0.819,0.6465,0.0,True
C:\Users\acous\Desktop\sih2026\Railway Track Surface Faults Dataset\Flakings\4.MOV_20201222164809_0748.JPEG,4.MOV_20201222164809_0748.JPEG,Flakings,,0.6385,0.2818,0.0,True
C:\Users\acous\Desktop\sih2026\Railway Track Surface Faults Dataset\Flakings\4.MOV_20201222164809_0931.JPEG,4.MOV_20201222164809_0931.JPEG,Flakings,,0.9993,0.9989,0.0,True
C:\Users\acous\Desktop\sih2026\Railway Track Surface Faults Dataset\Flakings\4.MOV_20201222164809_0932.JPEG,4.MOV_20201222164809_0932.JPEG,Flakings,,0.9999,0.9999,0.0,True
C:\Users\acous\Desktop\sih2026\Railway Track Surface Faults Dataset\Flakings\4.MOV_20201222164809_0933.JPEG,4.MOV_20201222164809_0933.JPEG,Flakings,,0.9976,0.9959,0.0,True
C:\Users\acous\Desktop\sih2026\Railway Track Surface Faults Dataset\Flakings\4.MOV_20201222164809_0934.JPEG,4.MOV_20201222164809_0934.JPEG,Flakings,,0.9973,0.9955,0.0,True
C:\Users\acous\Desktop\sih2026\Railway Track Surface Faults Dataset\Flakings\4.MOV_20201222164809_1325.JPEG,4.MOV_20201222164809_1325.JPEG,Flakings,,0.9443,0.889,0.0,True
C:\Users\acous\Desktop\sih2026\Railway Track Surface Faults Dataset\Flakings\4.MOV_20201222164809_1326.JPEG,4.MOV_20201222164809_1326.JPEG,Flakings,,0.9333,0.871,0.0,True
C:\Users\acous\Desktop\sih2026\Railway Track Surface Faults Dataset\Flakings\4.MOV_20201222164809_1327.JPEG,4.MOV_20201222164809_1327.JPEG,Flakings,,0.9493,0.8995,0.0,True
C:\Users\acous\Desktop\sih2026\Railway Track Surface Faults Dataset\Flakings\4.MOV_20201222164809_1328.JPEG,4.MOV_20201222164809_1328.JPEG,Flakings,,0.9384,0.8778,0.0,True
C:\Users\acous\Desktop\sih2026\Railway Track Surface Faults Dataset\Flakings\4.MOV_20201222164809_1329.JPEG,4.MOV_20201222164809_1329.JPEG,Flakings,,0.9622,0.926,0.0,True
C:\Users\acous\Desktop\sih2026\Railway Track Surface Faults Dataset\Flakings\4.MOV_20201222164809_1330.JPEG,4.MOV_20201222164809_1330.JPEG,Flakings,,0.9816,0.9648,0.0,True
C:\Users\acous\Desktop\sih2026\Railway Track Surface Faults Dataset\Flakings\4.MOV_20201222164809_1331.JPEG,4.MOV_20201222164809_1331.JPEG,Flakings,,0.9819,0.9663,0.0,True
C:\Users\acous\Desktop\sih2026\Railway Track Surface Faults Dataset\Flakings\4.MOV_20201222164809_1332.JPEG,4.MOV_20201222164809_1332.JPEG,Flakings,,0.9657,0.9423,0.0,True
C:\Users\acous\Desktop\sih2026\Railway Track Surface Faults Dataset\Flakings\4.MOV_20201222164809_1333.JPEG,4.MOV_20201222164809_1333.JPEG,Flakings,,0.9655,0.9374,0.0,True
C:\Users\acous\Desktop\sih2026\Railway Track Surface Faults Dataset\Flakings\4.MOV_20201222164809_1334.JPEG,4.MOV_20201222164809_1334.JPEG,Flakings,,0.9587,0.9188,0.0,True
C:\Users\acous\Desktop\sih2026\Railway Track Surface Faults Dataset\Flakings\4.MOV_20201222164809_1335.JPEG,4.MOV_20201222164809_1335.JPEG,Flakings,,0.985,0.9707,0.0,True
C:\Users\acous\Desktop\sih2026\Railway Track Surface Faults Dataset\Flakings\4.MOV_20201222164809_1336.JPEG,4.MOV_20201222164809_1336.JPEG,Flakings,,0.9832,0.9665,0.0,True
C:\Users\acous\Desktop\sih2026\Railway Track Surface Faults Dataset\Flakings\4.MOV_20201222164809_1337.JPEG,4.MOV_20201222164809_1337.JPEG,Flakings,,0.9823,0.9675,0.0,True
C:\Users\acous\Desktop\sih2026\Railway Track Surface Faults Dataset\Flakings\4.MOV_20201222164809_1338.JPEG,4.MOV_20201222164809_1338.JPEG,Flakings,,0.9277,0.8555,0.0,True
C:\Users\acous\Desktop\sih2026\Railway Track Surface Faults Dataset\Flakings\4.MOV_20201222164809_1339.JPEG,4.MOV_20201222164809_1339.JPEG,Flakings,,0.9781,0.9565,0.0,True
C:\Users\acous\Desktop\sih2026\Railway Track Surface Faults Dataset\Flakings\4.MOV_20201222164809_1340.JPEG,4.MOV_20201222164809_1340.JPEG,Flakings,,0.9793,0.9593,0.0,True
C:\Users\acous\Desktop\sih2026\Railway Track Surface Faults Dataset\Flakings\4.MOV_20201222164809_1341.JPEG,4.MOV_20201222164809_1341.JPEG,Flakings,,0.9779,0.9602,0.0,True
C:\Users\acous\Desktop\sih2026\Railway Track Surface Faults Dataset\Flakings\4.MOV_20201222164809_1342.JPEG,4.MOV_20201222164809_1342.JPEG,Flakings,,0.8993,0.8466,0.0,True
C:\Users\acous\Desktop\sih2026\Railway Track Surface Faults Dataset\Flakings\4.MOV_20201222164809_1343.JPEG,4.MOV_20201222164809_1343.JPEG,Flakings,,0.6465,0.3421,0.0,True
C:\Users\acous\Desktop\sih2026\Railway Track Surface Faults Dataset\Flakings\4.MOV_20201222164809_1344.JPEG,4.MOV_20201222164809_1344.JPEG,Flakings,,0.6305,0.4525,0.0,True
C:\Users\acous\Desktop\sih2026\Railway Track Surface Faults Dataset\Flakings\4.MOV_20201222164809_1345.JPEG,4.MOV_20201222164809_1345.JPEG,Flakings,,0.3794,0.0243,0.0,True
C:\Users\acous\Desktop\sih2026\Railway Track Surface Faults Dataset\Flakings\4.MOV_20201222164809_1346.JPEG,4.MOV_20201222164809_1346.JPEG,Flakings,,0.843,0.7771,0.0,True
C:\Users\acous\Desktop\sih2026\Railway Track Surface Faults Dataset\Flakings\4.MOV_20201222164809_1347.JPEG,4.MOV_20201222164809_1347.JPEG,Flakings,,0.8411,0.7056,0.0,True
C:\Users\acous\Desktop\sih2026\Railway Track Surface Faults Dataset\Flakings\4.MOV_20201222164809_1348.JPEG,4.MOV_20201222164809_1348.JPEG,Flakings,,0.8275,0.7306,0.0,True
C:\Users\acous\Desktop\sih2026\Railway Track Surface Faults Dataset\Flakings\4.MOV_20201222164809_1349.JPEG,4.MOV_20201222164809_1349.JPEG,Flakings,,0.9657,0.9373,0.0,True
C:\Users\acous\Desktop\sih2026\Railway Track Surface Faults Dataset\Flakings\4.MOV_20201222164809_1350.JPEG,4.MOV_20201222164809_1350.JPEG,Flakings,,0.8676,0.7596,0.0,True
C:\Users\acous\Desktop\sih2026\Railway Track Surface Faults Dataset\Flakings\4.MOV_20201222164809_1351.JPEG,4.MOV_20201222164809_1351.JPEG,Flakings,,0.987,0.9779,0.0,True
C:\Users\acous\Desktop\sih2026\Railway Track Surface Faults Dataset\Flakings\4.MOV_20201222164809_1352.JPEG,4.MOV_20201222164809_1352.JPEG,Flakings,,0.9711,0.9512,0.0,True
C:\Users\acous\Desktop\sih2026\Railway Track Surface Faults Dataset\Flakings\4.MOV_20201222164809_1353.JPEG,4.MOV_20201222164809_1353.JPEG,Flakings,,0.9415,0.901,0.0,True
C:\Users\acous\Desktop\sih2026\Railway Track Surface Faults Dataset\Flakings\4.MOV_20201222164809_1354.JPEG,4.MOV_20201222164809_1354.JPEG,Flakings,,0.8986,0.8071,0.0,True
C:\Users\acous\Desktop\sih2026\Railway Track Surface Faults Dataset\Flakings\4.MOV_20201222164809_1355.JPEG,4.MOV_20201222164809_1355.JPEG,Flakings,,0.8937,0.7936,0.0,True
C:\Users\acous\Desktop\sih2026\Railway Track Surface Faults Dataset\Flakings\4.MOV_20201222164809_1356.JPEG,4.MOV_20201222164809_1356.JPEG,Flakings,,0.8714,0.7484,0.0,True
C:\Users\acous\Desktop\sih2026\Railway Track Surface Faults Dataset\Flakings\4.MOV_20201222164809_1357.JPEG,4.MOV_20201222164809_1357.JPEG,Flakings,,0.8992,0.8025,0.0,True
C:\Users\acous\Desktop\sih2026\Railway Track Surface Faults Dataset\Flakings\4.MOV_20201222164809_1358.JPEG,4.MOV_20201222164809_1358.JPEG,Flakings,,0.6659,0.4471,0.0,True
C:\Users\acous\Desktop\sih2026\Railway Track Surface Faults Dataset\Flakings\4.MOV_20201222164809_1359.JPEG,4.MOV_20201222164809_1359.JPEG,Flakings,,0.6919,0.5336,0.0,True
C:\Users\acous\Desktop\sih2026\Railway Track Surface Faults Dataset\Flakings\4.MOV_20201222164809_1360.JPEG,4.MOV_20201222164809_1360.JPEG,Flakings,,0.7754,0.6461,0.0,True
C:\Users\acous\Desktop\sih2026\Railway Track Surface Faults Dataset\Flakings\4.MOV_20201222164809_1361.JPEG,4.MOV_20201222164809_1361.JPEG,Flakings,,0.8823,0.8403,0.0,True
C:\Users\acous\Desktop\sih2026\Railway Track Surface Faults Dataset\Flakings\4.MOV_20201222164809_1362.JPEG,4.MOV_20201222164809_1362.JPEG,Flakings,,0.7921,0.6508,0.0,True
C:\Users\acous\Desktop\sih2026\Railway Track Surface Faults Dataset\Flakings\4.MOV_20201222164809_1462.JPEG,4.MOV_20201222164809_1462.JPEG,Flakings,,0.7952,0.6246,0.0,True
C:\Users\acous\Desktop\sih2026\Railway Track Surface Faults Dataset\Flakings\4.MOV_20201222164809_1463.JPEG,4.MOV_20201222164809_1463.JPEG,Flakings,,0.818,0.6819,0.0,True
C:\Users\acous\Desktop\sih2026\Railway Track Surface Faults Dataset\Flakings\4.MOV_20201222164809_1464.JPEG,4.MOV_20201222164809_1464.JPEG,Flakings,,0.6218,0.2711,0.0,True
C:\Users\acous\Desktop\sih2026\Railway Track Surface Faults Dataset\Flakings\4.MOV_20201222164809_1465.JPEG,4.MOV_20201222164809_1465.JPEG,Flakings,,0.8042,0.6757,0.0,True
C:\Users\acous\Desktop\sih2026\Railway Track Surface Faults Dataset\Flakings\4.MOV_20201222164809_1466.JPEG,4.MOV_20201222164809_1466.JPEG,Flakings,,0.6854,0.5045,0.0,True
C:\Users\acous\Desktop\sih2026\Railway Track Surface Faults Dataset\Flakings\4.MOV_20201222164809_1467.JPEG,4.MOV_20201222164809_1467.JPEG,Flakings,,0.8107,0.6487,0.0,True
C:\Users\acous\Desktop\sih2026\Railway Track Surface Faults Dataset\Flakings\4.MOV_20201222164809_1468.JPEG,4.MOV_20201222164809_1468.JPEG,Flakings,,0.915,0.8383,0.0,True
C:\Users\acous\Desktop\sih2026\Railway Track Surface Faults Dataset\Flakings\4.MOV_20201222164809_1469.JPEG,4.MOV_20201222164809_1469.JPEG,Flakings,,0.8486,0.727,0.0,True
C:\Users\acous\Desktop\sih2026\Railway Track Surface Faults Dataset\Flakings\4.MOV_20201222164809_1470.JPEG,4.MOV_20201222164809_1470.JPEG,Flakings,,0.9281,0.8596,0.0,True
C:\Users\acous\Desktop\sih2026\Railway Track Surface Faults Dataset\Flakings\4.MOV_20201222164809_1471.JPEG,4.MOV_20201222164809_1471.JPEG,Flakings,,0.9865,0.9734,0.0,True
C:\Users\acous\Desktop\sih2026\Railway Track Surface Faults Dataset\Flakings\4.MOV_20201222164809_1472.JPEG,4.MOV_20201222164809_1472.JPEG,Flakings,,0.9788,0.9613,0.0,True
C:\Users\acous\Desktop\sih2026\Railway Track Surface Faults Dataset\Flakings\4.MOV_20201222164809_1473.JPEG,4.MOV_20201222164809_1473.JPEG,Flakings,,0.9936,0.9883,0.0,True
C:\Users\acous\Desktop\sih2026\Railway Track Surface Faults Dataset\Flakings\4.MOV_20201222164809_1474.JPEG,4.MOV_20201222164809_1474.JPEG,Flakings,,0.9917,0.9844,0.0,True
C:\Users\acous\Desktop\sih2026\Railway Track Surface Faults Dataset\Flakings\4.MOV_20201222164809_1475.JPEG,4.MOV_20201222164809_1475.JPEG,Flakings,,0.9845,0.97,0.0,True
C:\Users\acous\Desktop\sih2026\Railway Track Surface Faults Dataset\Flakings\4.MOV_20201222164809_1476.JPEG,4.MOV_20201222164809_1476.JPEG,Flakings,,0.99,0.9812,0.0,True
C:\Users\acous\Desktop\sih2026\Railway Track Surface Faults Dataset\Flakings\5.MOV_20201223130541_0729.JPEG,5.MOV_20201223130541_0729.JPEG,Flakings,,0.8729,0.7477,0.0,True
C:\Users\acous\Desktop\sih2026\Railway Track Surface Faults Dataset\Flakings\5.MOV_20201223130541_0730.JPEG,5.MOV_20201223130541_0730.JPEG,Flakings,,0.9442,0.8888,0.0,True
C:\Users\acous\Desktop\sih2026\Railway Track Surface Faults Dataset\Flakings\5.MOV_20201223130541_0731.JPEG,5.MOV_20201223130541_0731.JPEG,Flakings,,0.9131,0.8317,0.0,True
C:\Users\acous\Desktop\sih2026\Railway Track Surface Faults Dataset\Flakings\5.MOV_20201223130541_0732.JPEG,5.MOV_20201223130541_0732.JPEG,Flakings,,0.9415,0.8875,0.0,True
C:\Users\acous\Desktop\sih2026\Railway Track Surface Faults Dataset\Flakings\5.MOV_20201223130541_0733.JPEG,5.MOV_20201223130541_0733.JPEG,Flakings,,0.9865,0.9796,0.0,True
C:\Users\acous\Desktop\sih2026\Railway Track Surface Faults Dataset\Flakings\5.MOV_20201223130541_0734.JPEG,5.MOV_20201223130541_0734.JPEG,Flakings,,0.997,0.995,0.0,True
C:\Users\acous\Desktop\sih2026\Railway Track Surface Faults Dataset\Flakings\5.MOV_20201223130541_0735.JPEG,5.MOV_20201223130541_0735.JPEG,Flakings,,0.9855,0.9716,0.0,True
C:\Users\acous\Desktop\sih2026\Railway Track Surface Faults Dataset\Flakings\5.MOV_20201223130541_0736.JPEG,5.MOV_20201223130541_0736.JPEG,Flakings,,0.9712,0.9454,0.0,True
C:\Users\acous\Desktop\sih2026\Railway Track Surface Faults Dataset\Flakings\5.MOV_20201223130541_0737.JPEG,5.MOV_20201223130541_0737.JPEG,Flakings,,0.7771,0.6612,0.0,True
C:\Users\acous\Desktop\sih2026\Railway Track Surface Faults Dataset\Flakings\5.MOV_20201223130541_1539.JPEG,5.MOV_20201223130541_1539.JPEG,Flakings,,0.9728,0.9468,0.0,True
C:\Users\acous\Desktop\sih2026\Railway Track Surface Faults Dataset\Flakings\5.MOV_20201223130541_1540.JPEG,5.MOV_20201223130541_1540.JPEG,Flakings,,0.9621,0.9293,0.0,True
C:\Users\acous\Desktop\sih2026\Railway Track Surface Faults Dataset\Flakings\5.MOV_20201223130541_1541.JPEG,5.MOV_20201223130541_1541.JPEG,Flakings,,0.9755,0.9538,0.0,True
C:\Users\acous\Desktop\sih2026\Railway Track Surface Faults Dataset\Flakings\5.MOV_20201223130541_1542.JPEG,5.MOV_20201223130541_1542.JPEG,Flakings,,0.9384,0.8896,0.0,True
C:\Users\acous\Desktop\sih2026\Railway Track Surface Faults Dataset\Flakings\5.MOV_20201223130541_1543.JPEG,5.MOV_20201223130541_1543.JPEG,Flakings,,0.8885,0.8298,0.0,True
C:\Users\acous\Desktop\sih2026\Railway Track Surface Faults Dataset\Flakings\5.MOV_20201223130541_1544.JPEG,5.MOV_20201223130541_1544.JPEG,Flakings,,0.8902,0.8131,0.0,True
C:\Users\acous\Desktop\sih2026\Railway Track Surface Faults Dataset\Flakings\5.MOV_20201223130541_1545.JPEG,5.MOV_20201223130541_1545.JPEG,Flakings,,0.7389,0.5171,0.0,True
C:\Users\acous\Desktop\sih2026\Railway Track Surface Faults Dataset\Flakings\5.MOV_20201223130541_1546.JPEG,5.MOV_20201223130541_1546.JPEG,Flakings,,0.5449,0.22,0.0,True
C:\Users\acous\Desktop\sih2026\Railway Track Surface Faults Dataset\Flakings\5.MOV_20201223130541_2415.JPEG,5.MOV_20201223130541_2415.JPEG,Flakings,,0.9992,0.9986,0.0,True
C:\Users\acous\Desktop\sih2026\Railway Track Surface Faults Dataset\Flakings\5.MOV_20201223130541_2416.JPEG,5.MOV_20201223130541_2416.JPEG,Flakings,,0.9949,0.9907,0.0,True
C:\Users\acous\Desktop\sih2026\Railway Track Surface Faults Dataset\Flakings\5.MOV_20201223130541_2417.JPEG,5.MOV_20201223130541_2417.JPEG,Flakings,,0.9652,0.9412,0.0,True
C:\Users\acous\Desktop\sih2026\Railway Track Surface Faults Dataset\Flakings\5.MOV_20201223130541_2418.JPEG,5.MOV_20201223130541_2418.JPEG,Flakings,,0.9468,0.9096,0.0,True
C:\Users\acous\Desktop\sih2026\Railway Track Surface Faults Dataset\Flakings\5.MOV_20201223130541_2419.JPEG,5.MOV_20201223130541_2419.JPEG,Flakings,,0.9962,0.9935,0.0,True
C:\Users\acous\Desktop\sih2026\Railway Track Surface Faults Dataset\Flakings\5.MOV_20201223130541_2420.JPEG,5.MOV_20201223130541_2420.JPEG,Flakings,,0.9543,0.9167,0.0,True
C:\Users\acous\Desktop\sih2026\Railway Track Surface Faults Dataset\Flakings\5.MOV_20201223130541_2421.JPEG,5.MOV_20201223130541_2421.JPEG,Flakings,,0.9833,0.9701,0.0,True
C:\Users\acous\Desktop\sih2026\Railway Track Surface Faults Dataset\Flakings\5.MOV_20201223130541_2422.JPEG,5.MOV_20201223130541_2422.JPEG,Flakings,,0.9851,0.971,0.0,True
C:\Users\acous\Desktop\sih2026\Railway Track Surface Faults Dataset\Flakings\5.MOV_20201223130541_2423.JPEG,5.MOV_20201223130541_2423.JPEG,Flakings,,0.9967,0.9937,0.0,True
C:\Users\acous\Desktop\sih2026\Railway Track Surface Faults Dataset\Flakings\5.MOV_20201223130541_2424.JPEG,5.MOV_20201223130541_2424.JPEG,Flakings,,0.9825,0.9654,0.0,True
C:\Users\acous\Desktop\sih2026\Railway Track Surface Faults Dataset\Flakings\5.MOV_20201223130541_2425.JPEG,5.MOV_20201223130541_2425.JPEG,Flakings,,0.9958,0.9929,0.0,True
C:\Users\acous\Desktop\sih2026\Railway Track Surface Faults Dataset\Flakings\5.MOV_20201223130541_2426.JPEG,5.MOV_20201223130541_2426.JPEG,Flakings,,0.9936,0.9896,0.0,True
C:\Users\acous\Desktop\sih2026\Railway Track Surface Faults Dataset\Flakings\5.MOV_20201223130541_2427.JPEG,5.MOV_20201223130541_2427.JPEG,Flakings,,0.9912,0.9837,0.0,True
C:\Users\acous\Desktop\sih2026\Railway Track Surface Faults Dataset\Flakings\5.MOV_20201223130541_2428.JPEG,5.MOV_20201223130541_2428.JPEG,Flakings,,0.9835,0.9692,0.0,True
C:\Users\acous\Desktop\sih2026\Railway Track Surface Faults Dataset\Flakings\5.MOV_20201223130541_2429.JPEG,5.MOV_20201223130541_2429.JPEG,Flakings,,0.9839,0.9681,0.0,True
C:\Users\acous\Desktop\sih2026\Railway Track Surface Faults Dataset\Flakings\5.MOV_20201223130541_2430.JPEG,5.MOV_20201223130541_2430.JPEG,Flakings,,0.9965,0.9932,0.0,True
C:\Users\acous\Desktop\sih2026\Railway Track Surface Faults Dataset\Flakings\5.MOV_20201223130541_2431.JPEG,5.MOV_20201223130541_2431.JPEG,Flakings,,0.996,0.9926,0.0,True
C:\Users\acous\Desktop\sih2026\Railway Track Surface Faults Dataset\Flakings\5.MOV_20201223130541_2432.JPEG,5.MOV_20201223130541_2432.JPEG,Flakings,,0.9735,0.9516,0.0,True
C:\Users\acous\Desktop\sih2026\Railway Track Surface Faults Dataset\Flakings\5.MOV_20201223130541_2664.JPEG,5.MOV_20201223130541_2664.JPEG,Flakings,,0.9837,0.973,0.0,True
C:\Users\acous\Desktop\sih2026\Railway Track Surface Faults Dataset\Flakings\5.MOV_20201223130541_2665.JPEG,5.MOV_20201223130541_2665.JPEG,Flakings,,0.9929,0.9881,0.0,True
C:\Users\acous\Desktop\sih2026\Railway Track Surface Faults Dataset\Flakings\5.MOV_20201223130541_2666.JPEG,5.MOV_20201223130541_2666.JPEG,Flakings,,0.9913,0.9827,0.0,True
C:\Users\acous\Desktop\sih2026\Railway Track Surface Faults Dataset\Flakings\5.MOV_20201223130541_2667.JPEG,5.MOV_20201223130541_2667.JPEG,Flakings,,0.9874,0.9753,0.0,True
C:\Users\acous\Desktop\sih2026\Railway Track Surface Faults Dataset\Flakings\5.MOV_20201223130541_2668.JPEG,5.MOV_20201223130541_2668.JPEG,Flakings,,0.9753,0.9511,0.0,True
C:\Users\acous\Desktop\sih2026\Railway Track Surface Faults Dataset\Flakings\5.MOV_20201223130541_2669.JPEG,5.MOV_20201223130541_2669.JPEG,Flakings,,0.9495,0.9013,0.0,True
C:\Users\acous\Desktop\sih2026\Railway Track Surface Faults Dataset\Flakings\5.MOV_20201223130541_2670.JPEG,5.MOV_20201223130541_2670.JPEG,Flakings,,0.9773,0.9587,0.0,True
C:\Users\acous\Desktop\sih2026\Railway Track Surface Faults Dataset\Flakings\5.MOV_20201223130541_2671.JPEG,5.MOV_20201223130541_2671.JPEG,Flakings,,0.9762,0.9571,0.0,True
C:\Users\acous\Desktop\sih2026\Railway Track Surface Faults Dataset\Flakings\5.MOV_20201223130541_2672.JPEG,5.MOV_20201223130541_2672.JPEG,Flakings,,0.9837,0.9752,0.0,True
C:\Users\acous\Desktop\sih2026\Railway Track Surface Faults Dataset\Flakings\5.MOV_20201223130541_2673.JPEG,5.MOV_20201223130541_2673.JPEG,Flakings,,0.979,0.9598,0.0,True
C:\Users\acous\Desktop\sih2026\Railway Track Surface Faults Dataset\Flakings\5.MOV_20201223130541_2674.JPEG,5.MOV_20201223130541_2674.JPEG,Flakings,,0.9969,0.994,0.0,True
C:\Users\acous\Desktop\sih2026\Railway Track Surface Faults Dataset\Flakings\5.MOV_20201223130541_2675.JPEG,5.MOV_20201223130541_2675.JPEG,Flakings,,0.9942,0.9886,0.0,True
C:\Users\acous\Desktop\sih2026\Railway Track Surface Faults Dataset\Flakings\5.MOV_20201223130541_2676.JPEG,5.MOV_20201223130541_2676.JPEG,Flakings,,0.9978,0.9957,0.0,True
C:\Users\acous\Desktop\sih2026\Railway Track Surface Faults Dataset\Flakings\5.MOV_20201223130541_2677.JPEG,5.MOV_20201223130541_2677.JPEG,Flakings,,0.9976,0.9953,0.0,True
C:\Users\acous\Desktop\sih2026\Railway Track Surface Faults Dataset\Flakings\5.MOV_20201223130541_2678.JPEG,5.MOV_20201223130541_2678.JPEG,Flakings,,0.9898,0.98,0.0,True
C:\Users\acous\Desktop\sih2026\Railway Track Surface Faults Dataset\Flakings\5.MOV_20201223130541_2679.JPEG,5.MOV_20201223130541_2679.JPEG,Flakings,,0.9601,0.9204,0.0,True
C:\Users\acous\Desktop\sih2026\Railway Track Surface Faults Dataset\Flakings\5.MOV_20201223130541_2680.JPEG,5.MOV_20201223130541_2680.JPEG,Flakings,,0.9702,0.9408,0.0,True
C:\Users\acous\Desktop\sih2026\Railway Track Surface Faults Dataset\Flakings\5.MOV_20201223130541_2681.JPEG,5.MOV_20201223130541_2681.JPEG,Flakings,,0.9959,0.9919,0.0,True
C:\Users\acous\Desktop\sih2026\Railway Track Surface Faults Dataset\Flakings\5.MOV_20201223130541_2682.JPEG,5.MOV_20201223130541_2682.JPEG,Flakings,,0.9954,0.991,0.0,True
C:\Users\acous\Desktop\sih2026\Railway Track Surface Faults Dataset\Flakings\5.MOV_20201223130541_2683.JPEG,5.MOV_20201223130541_2683.JPEG,Flakings,,0.9886,0.9773,0.0,True
C:\Users\acous\Desktop\sih2026\Railway Track Surface Faults Dataset\Flakings\5.MOV_20201223130541_2684.JPEG,5.MOV_20201223130541_2684.JPEG,Flakings,,0.994,0.9882,0.0,True
C:\Users\acous\Desktop\sih2026\Railway Track Surface Faults Dataset\Flakings\5.MOV_20201223130541_2685.JPEG,5.MOV_20201223130541_2685.JPEG,Flakings,,0.9965,0.9932,0.0,True
C:\Users\acous\Desktop\sih2026\Railway Track Surface Faults Dataset\Flakings\5.MOV_20201223130541_2686.JPEG,5.MOV_20201223130541_2686.JPEG,Flakings,,0.9988,0.9977,0.0,True
C:\Users\acous\Desktop\sih2026\Railway Track Surface Faults Dataset\Flakings\5.MOV_20201223130541_2687.JPEG,5.MOV_20201223130541_2687.JPEG,Flakings,,0.994,0.9882,0.0,True
C:\Users\acous\Desktop\sih2026\Railway Track Surface Faults Dataset\Flakings\5.MOV_20201223130541_2688.JPEG,5.MOV_20201223130541_2688.JPEG,Flakings,,0.9877,0.9755,0.0,True
C:\Users\acous\Desktop\sih2026\Railway Track Surface Faults Dataset\Flakings\5.MOV_20201223130541_2689.JPEG,5.MOV_20201223130541_2689.JPEG,Flakings,,0.9925,0.985,0.0,True
C:\Users\acous\Desktop\sih2026\Railway Track Surface Faults Dataset\Flakings\5.MOV_20201223130541_2690.JPEG,5.MOV_20201223130541_2690.JPEG,Flakings,,0.9898,0.9796,0.0,True
C:\Users\acous\Desktop\sih2026\Railway Track Surface Faults Dataset\Flakings\5.MOV_20201223130541_2691.JPEG,5.MOV_20201223130541_2691.JPEG,Flakings,,0.9961,0.9922,0.0,True
C:\Users\acous\Desktop\sih2026\Railway Track Surface Faults Dataset\Flakings\5.MOV_20201223130541_2692.JPEG,5.MOV_20201223130541_2692.JPEG,Flakings,,0.9754,0.951,0.0,True
C:\Users\acous\Desktop\sih2026\Railway Track Surface Faults Dataset\Flakings\5.MOV_20201223130541_2693.JPEG,5.MOV_20201223130541_2693.JPEG,Flakings,,0.9789,0.9579,0.0,True
C:\Users\acous\Desktop\sih2026\Railway Track Surface Faults Dataset\Flakings\5.MOV_20201223130541_2694.JPEG,5.MOV_20201223130541_2694.JPEG,Flakings,,0.9935,0.9874,0.0,True
C:\Users\acous\Desktop\sih2026\Railway Track Surface Faults Dataset\Flakings\5.MOV_20201223130541_2695.JPEG,5.MOV_20201223130541_2695.JPEG,Flakings,,0.9924,0.9853,0.0,True
C:\Users\acous\Desktop\sih2026\Railway Track Surface Faults Dataset\Flakings\5.MOV_20201223130541_2696.JPEG,5.MOV_20201223130541_2696.JPEG,Flakings,,0.9958,0.9923,0.0,True
C:\Users\acous\Desktop\sih2026\Railway Track Surface Faults Dataset\Flakings\5.MOV_20201223130541_2697.JPEG,5.MOV_20201223130541_2697.JPEG,Flakings,,0.9909,0.9834,0.0,True
C:\Users\acous\Desktop\sih2026\Railway Track Surface Faults Dataset\Flakings\5.MOV_20201223130541_2698.JPEG,5.MOV_20201223130541_2698.JPEG,Flakings,,0.9923,0.985,0.0,True
C:\Users\acous\Desktop\sih2026\Railway Track Surface Faults Dataset\Flakings\5.MOV_20201223130541_2699.JPEG,5.MOV_20201223130541_2699.JPEG,Flakings,,0.9972,0.9945,0.0,True
C:\Users\acous\Desktop\sih2026\Railway Track Surface Faults Dataset\Flakings\5.MOV_20201223130541_2700.JPEG,5.MOV_20201223130541_2700.JPEG,Flakings,,0.9988,0.9978,0.0,True
C:\Users\acous\Desktop\sih2026\Railway Track Surface Faults Dataset\Flakings\5.MOV_20201223130541_2701.JPEG,5.MOV_20201223130541_2701.JPEG,Flakings,,0.9975,0.9951,0.0,True
C:\Users\acous\Desktop\sih2026\Railway Track Surface Faults Dataset\Flakings\5.MOV_20201223130541_2702.JPEG,5.MOV_20201223130541_2702.JPEG,Flakings,,0.9941,0.9884,0.0,True
C:\Users\acous\Desktop\sih2026\Railway Track Surface Faults Dataset\Flakings\5.MOV_20201223130541_2703.JPEG,5.MOV_20201223130541_2703.JPEG,Flakings,,0.9803,0.9618,0.0,True
C:\Users\acous\Desktop\sih2026\Railway Track Surface Faults Dataset\Flakings\5.MOV_20201223130541_2704.JPEG,5.MOV_20201223130541_2704.JPEG,Flakings,,0.9905,0.982,0.0,True
C:\Users\acous\Desktop\sih2026\Railway Track Surface Faults Dataset\Flakings\5.MOV_20201223130541_2705.JPEG,5.MOV_20201223130541_2705.JPEG,Flakings,,0.9654,0.9313,0.0,True
C:\Users\acous\Desktop\sih2026\Railway Track Surface Faults Dataset\Flakings\5.MOV_20201223130541_2706.JPEG,5.MOV_20201223130541_2706.JPEG,Flakings,,0.9886,0.9777,0.0,True
C:\Users\acous\Desktop\sih2026\Railway Track Surface Faults Dataset\Flakings\5.MOV_20201223130541_2707.JPEG,5.MOV_20201223130541_2707.JPEG,Flakings,,0.994,0.9882,0.0,True
C:\Users\acous\Desktop\sih2026\Railway Track Surface Faults Dataset\Flakings\5.MOV_20201223130541_2708.JPEG,5.MOV_20201223130541_2708.JPEG,Flakings,,0.967,0.9344,0.0,True
C:\Users\acous\Desktop\sih2026\Railway Track Surface Faults Dataset\Flakings\5.MOV_20201223130541_2709.JPEG,5.MOV_20201223130541_2709.JPEG,Flakings,,0.9869,0.9741,0.0,True
C:\Users\acous\Desktop\sih2026\Railway Track Surface Faults Dataset\Flakings\5.MOV_20201223130541_2710.JPEG,5.MOV_20201223130541_2710.JPEG,Flakings,,0.9868,0.9742,0.0,True
C:\Users\acous\Desktop\sih2026\Railway Track Surface Faults Dataset\Flakings\5.MOV_20201223130541_2711.JPEG,5.MOV_20201223130541_2711.JPEG,Flakings,,0.9937,0.9883,0.0,True
C:\Users\acous\Desktop\sih2026\Railway Track Surface Faults Dataset\Flakings\5.MOV_20201223130541_2712.JPEG,5.MOV_20201223130541_2712.JPEG,Flakings,,0.9938,0.9897,0.0,True
C:\Users\acous\Desktop\sih2026\Railway Track Surface Faults Dataset\Flakings\5.MOV_20201223130541_2713.JPEG,5.MOV_20201223130541_2713.JPEG,Flakings,,0.985,0.971,0.0,True
C:\Users\acous\Desktop\sih2026\Railway Track Surface Faults Dataset\Flakings\5.MOV_20201223130541_2714.JPEG,5.MOV_20201223130541_2714.JPEG,Flakings,,0.9898,0.9801,0.0,True
C:\Users\acous\Desktop\sih2026\Railway Track Surface Faults Dataset\Flakings\5.MOV_20201223130541_2715.JPEG,5.MOV_20201223130541_2715.JPEG,Flakings,,0.9655,0.9315,0.0,True
C:\Users\acous\Desktop\sih2026\Railway Track Surface Faults Dataset\Flakings\5.MOV_20201223130541_2716.JPEG,5.MOV_20201223130541_2716.JPEG,Flakings,,0.9544,0.9132,0.0,True
C:\Users\acous\Desktop\sih2026\Railway Track Surface Faults Dataset\Flakings\5.MOV_20201223130541_2717.JPEG,5.MOV_20201223130541_2717.JPEG,Flakings,,0.9354,0.8739,0.0,True
C:\Users\acous\Desktop\sih2026\Railway Track Surface Faults Dataset\Flakings\5.MOV_20201223130541_2718.JPEG,5.MOV_20201223130541_2718.JPEG,Flakings,,0.9546,0.9288,0.0,True
C:\Users\acous\Desktop\sih2026\Railway Track Surface Faults Dataset\Flakings\5.MOV_20201223130541_2719.JPEG,5.MOV_20201223130541_2719.JPEG,Flakings,,0.9335,0.8787,0.0,True
C:\Users\acous\Desktop\sih2026\Railway Track Surface Faults Dataset\Flakings\5.MOV_20201223130541_3361.JPEG,5.MOV_20201223130541_3361.JPEG,Flakings,,0.9924,0.9872,0.0,True
C:\Users\acous\Desktop\sih2026\Railway Track Surface Faults Dataset\Flakings\5.MOV_20201223130541_3362.JPEG,5.MOV_20201223130541_3362.JPEG,Flakings,,0.917,0.8547,0.0,True
C:\Users\acous\Desktop\sih2026\Railway Track Surface Faults Dataset\Flakings\5.MOV_20201223130541_3363.JPEG,5.MOV_20201223130541_3363.JPEG,Flakings,,0.7614,0.5329,0.0,True
C:\Users\acous\Desktop\sih2026\Railway Track Surface Faults Dataset\Flakings\5.MOV_20201223130541_3364.JPEG,5.MOV_20201223130541_3364.JPEG,Flakings,,0.8317,0.6671,0.0,True
C:\Users\acous\Desktop\sih2026\Railway Track Surface Faults Dataset\Flakings\5.MOV_20201223130541_3365.JPEG,5.MOV_20201223130541_3365.JPEG,Flakings,,0.9042,0.8089,0.0,True
C:\Users\acous\Desktop\sih2026\Railway Track Surface Faults Dataset\Flakings\5.MOV_20201223130541_3366.JPEG,5.MOV_20201223130541_3366.JPEG,Flakings,,0.6134,0.2275,0.0,True
C:\Users\acous\Desktop\sih2026\Railway Track Surface Faults Dataset\Flakings\5.MOV_20201223130541_3367.JPEG,5.MOV_20201223130541_3367.JPEG,Flakings,,0.9949,0.9909,0.0,True
C:\Users\acous\Desktop\sih2026\Railway Track Surface Faults Dataset\Flakings\5.MOV_20201223130541_3368.JPEG,5.MOV_20201223130541_3368.JPEG,Flakings,,0.9569,0.9235,0.0,True
C:\Users\acous\Desktop\sih2026\Railway Track Surface Faults Dataset\Flakings\5.MOV_20201223130541_3369.JPEG,5.MOV_20201223130541_3369.JPEG,Flakings,,0.5204,0.1008,0.0,True
C:\Users\acous\Desktop\sih2026\Railway Track Surface Faults Dataset\Flakings\5.MOV_20201223130541_3370.JPEG,5.MOV_20201223130541_3370.JPEG,Flakings,,0.9764,0.9561,0.0,True
C:\Users\acous\Desktop\sih2026\Railway Track Surface Faults Dataset\Flakings\5.MOV_20201223130541_3371.JPEG,5.MOV_20201223130541_3371.JPEG,Flakings,,0.9434,0.9047,0.0,True
C:\Users\acous\Desktop\sih2026\Railway Track Surface Faults Dataset\Flakings\5.MOV_20201223130541_3372.JPEG,5.MOV_20201223130541_3372.JPEG,Flakings,,0.9494,0.9225,0.0,True
C:\Users\acous\Desktop\sih2026\Railway Track Surface Faults Dataset\Flakings\5.MOV_20201223130541_3373.JPEG,5.MOV_20201223130541_3373.JPEG,Flakings,,0.9277,0.885,0.0,True
C:\Users\acous\Desktop\sih2026\Railway Track Surface Faults Dataset\Flakings\5.MOV_20201223130541_3374.JPEG,5.MOV_20201223130541_3374.JPEG,Flakings,,0.9881,0.9772,0.0,True
C:\Users\acous\Desktop\sih2026\Railway Track Surface Faults Dataset\Flakings\5.MOV_20201223130541_3375.JPEG,5.MOV_20201223130541_3375.JPEG,Flakings,,0.9925,0.986,0.0,True
C:\Users\acous\Desktop\sih2026\Railway Track Surface Faults Dataset\Flakings\5.MOV_20201223130541_3376.JPEG,5.MOV_20201223130541_3376.JPEG,Flakings,,0.9989,0.9983,0.0,True
C:\Users\acous\Desktop\sih2026\Railway Track Surface Faults Dataset\Flakings\5.MOV_20201223130541_3377.JPEG,5.MOV_20201223130541_3377.JPEG,Flakings,,0.996,0.9929,0.0,True
C:\Users\acous\Desktop\sih2026\Railway Track Surface Faults Dataset\Flakings\5.MOV_20201223130541_3378.JPEG,5.MOV_20201223130541_3378.JPEG,Flakings,,0.9916,0.9857,0.0,True
C:\Users\acous\Desktop\sih2026\Railway Track Surface Faults Dataset\Flakings\5.MOV_20201223130541_3379.JPEG,5.MOV_20201223130541_3379.JPEG,Flakings,,0.9742,0.9582,0.0,True
C:\Users\acous\Desktop\sih2026\Railway Track Surface Faults Dataset\Flakings\5.MOV_20201223130541_3380.JPEG,5.MOV_20201223130541_3380.JPEG,Flakings,,0.998,0.9964,0.0,True
C:\Users\acous\Desktop\sih2026\Railway Track Surface Faults Dataset\Flakings\5.MOV_20201223130541_3381.JPEG,5.MOV_20201223130541_3381.JPEG,Flakings,,0.9915,0.9854,0.0,True
C:\Users\acous\Desktop\sih2026\Railway Track Surface Faults Dataset\Flakings\5.MOV_20201223130541_3382.JPEG,5.MOV_20201223130541_3382.JPEG,Flakings,,0.9975,0.9958,0.0,True
C:\Users\acous\Desktop\sih2026\Railway Track Surface Faults Dataset\Flakings\5.MOV_20201223130541_3383.JPEG,5.MOV_20201223130541_3383.JPEG,Flakings,,0.9997,0.9995,0.0,True
C:\Users\acous\Desktop\sih2026\Railway Track Surface Faults Dataset\Flakings\5.MOV_20201223130541_3384.JPEG,5.MOV_20201223130541_3384.JPEG,Flakings,,0.9992,0.9984,0.0,True
C:\Users\acous\Desktop\sih2026\Railway Track Surface Faults Dataset\Flakings\5.MOV_20201223130541_3385.JPEG,5.MOV_20201223130541_3385.JPEG,Flakings,,0.9969,0.9942,0.0,True
C:\Users\acous\Desktop\sih2026\Railway Track Surface Faults Dataset\Flakings\5.MOV_20201223130541_3386.JPEG,5.MOV_20201223130541_3386.JPEG,Flakings,,0.9892,0.9831,0.0,True
C:\Users\acous\Desktop\sih2026\Railway Track Surface Faults Dataset\Flakings\5.MOV_20201223130541_3387.JPEG,5.MOV_20201223130541_3387.JPEG,Flakings,,0.9041,0.8188,0.0,True
C:\Users\acous\Desktop\sih2026\Railway Track Surface Faults Dataset\Flakings\5.MOV_20201223130541_3388.JPEG,5.MOV_20201223130541_3388.JPEG,Flakings,,0.9986,0.9978,0.0,True
C:\Users\acous\Desktop\sih2026\Railway Track Surface Faults Dataset\Flakings\5.MOV_20201223130541_3389.JPEG,5.MOV_20201223130541_3389.JPEG,Flakings,,0.9978,0.9959,0.0,True
C:\Users\acous\Desktop\sih2026\Railway Track Surface Faults Dataset\Flakings\5.MOV_20201223130541_3390.JPEG,5.MOV_20201223130541_3390.JPEG,Flakings,,0.9986,0.9977,0.0,True
C:\Users\acous\Desktop\sih2026\Railway Track Surface Faults Dataset\Flakings\5.MOV_20201223130541_3391.JPEG,5.MOV_20201223130541_3391.JPEG,Flakings,,0.9988,0.9979,0.0,True
C:\Users\acous\Desktop\sih2026\Railway Track Surface Faults Dataset\Flakings\5.MOV_20201223130541_3392.JPEG,5.MOV_20201223130541_3392.JPEG,Flakings,,0.9985,0.9973,0.0,True
C:\Users\acous\Desktop\sih2026\Railway Track Surface Faults Dataset\Flakings\5.MOV_20201223130541_3393.JPEG,5.MOV_20201223130541_3393.JPEG,Flakings,,0.999,0.9982,0.0,True
C:\Users\acous\Desktop\sih2026\Railway Track Surface Faults Dataset\Flakings\5.MOV_20201223130541_3394.JPEG,5.MOV_20201223130541_3394.JPEG,Flakings,,0.9972,0.9957,0.0,True
C:\Users\acous\Desktop\sih2026\Railway Track Surface Faults Dataset\Flakings\5.MOV_20201223130541_3395.JPEG,5.MOV_20201223130541_3395.JPEG,Flakings,,0.9953,0.9914,0.0,True
C:\Users\acous\Desktop\sih2026\Railway Track Surface Faults Dataset\Flakings\5.MOV_20201223130541_3396.JPEG,5.MOV_20201223130541_3396.JPEG,Flakings,,0.9967,0.9944,0.0,True
C:\Users\acous\Desktop\sih2026\Railway Track Surface Faults Dataset\Flakings\5.MOV_20201223130541_3397.JPEG,5.MOV_20201223130541_3397.JPEG,Flakings,,0.9957,0.9916,0.0,True
C:\Users\acous\Desktop\sih2026\Railway Track Surface Faults Dataset\Flakings\5.MOV_20201223130541_3398.JPEG,5.MOV_20201223130541_3398.JPEG,Flakings,,0.9994,0.999,0.0,True
C:\Users\acous\Desktop\sih2026\Railway Track Surface Faults Dataset\Flakings\5.MOV_20201223130541_3399.JPEG,5.MOV_20201223130541_3399.JPEG,Flakings,,0.9997,0.9995,0.0,True
C:\Users\acous\Desktop\sih2026\Railway Track Surface Faults Dataset\Flakings\5.MOV_20201223130541_3400.JPEG,5.MOV_20201223130541_3400.JPEG,Flakings,,0.9949,0.9899,0.0,True
C:\Users\acous\Desktop\sih2026\Railway Track Surface Faults Dataset\Flakings\5.MOV_20201223130541_3401.JPEG,5.MOV_20201223130541_3401.JPEG,Flakings,,0.9947,0.9894,0.0,True
C:\Users\acous\Desktop\sih2026\Railway Track Surface Faults Dataset\Flakings\5.MOV_20201223130541_3402.JPEG,5.MOV_20201223130541_3402.JPEG,Flakings,,0.9937,0.9896,0.0,True
C:\Users\acous\Desktop\sih2026\Railway Track Surface Faults Dataset\Flakings\5.MOV_20201223130541_3403.JPEG,5.MOV_20201223130541_3403.JPEG,Flakings,,0.9524,0.9051,0.0,True
C:\Users\acous\Desktop\sih2026\Railway Track Surface Faults Dataset\Flakings\5.MOV_20201223130541_3404.JPEG,5.MOV_20201223130541_3404.JPEG,Flakings,,0.9901,0.9805,0.0,True
C:\Users\acous\Desktop\sih2026\Railway Track Surface Faults Dataset\Flakings\5.MOV_20201223130541_3405.JPEG,5.MOV_20201223130541_3405.JPEG,Flakings,,0.9182,0.8373,0.0,True
C:\Users\acous\Desktop\sih2026\Railway Track Surface Faults Dataset\Flakings\5.MOV_20201223130541_3406.JPEG,5.MOV_20201223130541_3406.JPEG,Flakings,,0.9987,0.9974,0.0,True
C:\Users\acous\Desktop\sih2026\Railway Track Surface Faults Dataset\Flakings\5.MOV_20201223130541_3407.JPEG,5.MOV_20201223130541_3407.JPEG,Flakings,,0.9994,0.9988,0.0,True
C:\Users\acous\Desktop\sih2026\Railway Track Surface Faults Dataset\Flakings\5.MOV_20201223130541_3408.JPEG,5.MOV_20201223130541_3408.JPEG,Flakings,,0.9996,0.9994,0.0,True
C:\Users\acous\Desktop\sih2026\Railway Track Surface Faults Dataset\Flakings\5.MOV_20201223130541_3409.JPEG,5.MOV_20201223130541_3409.JPEG,Flakings,,0.9977,0.9958,0.0,True
C:\Users\acous\Desktop\sih2026\Railway Track Surface Faults Dataset\Flakings\5.MOV_20201223130541_3410.JPEG,5.MOV_20201223130541_3410.JPEG,Flakings,,0.9812,0.9696,0.0,True
C:\Users\acous\Desktop\sih2026\Railway Track Surface Faults Dataset\Flakings\5.MOV_20201223130541_3411.JPEG,5.MOV_20201223130541_3411.JPEG,Flakings,,0.9854,0.9746,0.0,True
C:\Users\acous\Desktop\sih2026\Railway Track Surface Faults Dataset\Flakings\5.MOV_20201223130541_3412.JPEG,5.MOV_20201223130541_3412.JPEG,Flakings,,0.988,0.9765,0.0,True
C:\Users\acous\Desktop\sih2026\Railway Track Surface Faults Dataset\Flakings\5.MOV_20201223130541_3413.JPEG,5.MOV_20201223130541_3413.JPEG,Flakings,,0.9969,0.9951,0.0,True
C:\Users\acous\Desktop\sih2026\Railway Track Surface Faults Dataset\Flakings\5.MOV_20201223130541_3414.JPEG,5.MOV_20201223130541_3414.JPEG,Flakings,,0.9429,0.8867,0.0,True
C:\Users\acous\Desktop\sih2026\Railway Track Surface Faults Dataset\Flakings\5.MOV_20201223130541_3415.JPEG,5.MOV_20201223130541_3415.JPEG,Flakings,,0.998,0.9968,0.0,True
C:\Users\acous\Desktop\sih2026\Railway Track Surface Faults Dataset\Flakings\5.MOV_20201223130541_3416.JPEG,5.MOV_20201223130541_3416.JPEG,Flakings,,0.9948,0.9913,0.0,True
C:\Users\acous\Desktop\sih2026\Railway Track Surface Faults Dataset\Flakings\5.MOV_20201223130541_3417.JPEG,5.MOV_20201223130541_3417.JPEG,Flakings,,0.8633,0.7314,0.0,True
C:\Users\acous\Desktop\sih2026\Railway Track Surface Faults Dataset\Flakings\5.MOV_20201223130541_3418.JPEG,5.MOV_20201223130541_3418.JPEG,Flakings,,0.991,0.9865,0.0,True
C:\Users\acous\Desktop\sih2026\Railway Track Surface Faults Dataset\Flakings\5.MOV_20201223130541_3419.JPEG,5.MOV_20201223130541_3419.JPEG,Flakings,,0.9899,0.9812,0.0,True
C:\Users\acous\Desktop\sih2026\Railway Track Surface Faults Dataset\Flakings\5.MOV_20201223130541_3420.JPEG,5.MOV_20201223130541_3420.JPEG,Flakings,,0.9361,0.8896,0.0,True
C:\Users\acous\Desktop\sih2026\Railway Track Surface Faults Dataset\Flakings\5.MOV_20201223130541_3421.JPEG,5.MOV_20201223130541_3421.JPEG,Flakings,,0.9947,0.9899,0.0,True
C:\Users\acous\Desktop\sih2026\Railway Track Surface Faults Dataset\Flakings\5.MOV_20201223130541_3422.JPEG,5.MOV_20201223130541_3422.JPEG,Flakings,,0.9988,0.9978,0.0,True
C:\Users\acous\Desktop\sih2026\Railway Track Surface Faults Dataset\Flakings\5.MOV_20201223130541_3423.JPEG,5.MOV_20201223130541_3423.JPEG,Flakings,,0.9993,0.9986,0.0,True
C:\Users\acous\Desktop\sih2026\Railway Track Surface Faults Dataset\Flakings\5.MOV_20201223130541_3424.JPEG,5.MOV_20201223130541_3424.JPEG,Flakings,,0.9975,0.995,0.0,True
C:\Users\acous\Desktop\sih2026\Railway Track Surface Faults Dataset\Flakings\5.MOV_20201223130541_3425.JPEG,5.MOV_20201223130541_3425.JPEG,Flakings,,0.9895,0.9798,0.0,True
C:\Users\acous\Desktop\sih2026\Railway Track Surface Faults Dataset\Flakings\5.MOV_20201223130541_3426.JPEG,5.MOV_20201223130541_3426.JPEG,Flakings,,0.8704,0.7579,0.0,True
C:\Users\acous\Desktop\sih2026\Railway Track Surface Faults Dataset\Flakings\5.MOV_20201223130541_3427.JPEG,5.MOV_20201223130541_3427.JPEG,Flakings,,0.9926,0.9858,0.0,True
C:\Users\acous\Desktop\sih2026\Railway Track Surface Faults Dataset\Flakings\5.MOV_20201223130541_3428.JPEG,5.MOV_20201223130541_3428.JPEG,Flakings,,0.9976,0.9957,0.0,True
C:\Users\acous\Desktop\sih2026\Railway Track Surface Faults Dataset\Flakings\5.MOV_20201223130541_3429.JPEG,5.MOV_20201223130541_3429.JPEG,Flakings,,0.9838,0.9693,0.0,True
C:\Users\acous\Desktop\sih2026\Railway Track Surface Faults Dataset\Flakings\5.MOV_20201223130541_3430.JPEG,5.MOV_20201223130541_3430.JPEG,Flakings,,0.9989,0.9981,0.0,True
C:\Users\acous\Desktop\sih2026\Railway Track Surface Faults Dataset\Flakings\5.MOV_20201223130541_3431.JPEG,5.MOV_20201223130541_3431.JPEG,Flakings,,0.9995,0.9991,0.0,True
C:\Users\acous\Desktop\sih2026\Railway Track Surface Faults Dataset\Flakings\5.MOV_20201223130541_3432.JPEG,5.MOV_20201223130541_3432.JPEG,Flakings,,0.9993,0.9989,0.0,True
C:\Users\acous\Desktop\sih2026\Railway Track Surface Faults Dataset\Flakings\5.MOV_20201223130541_3433.JPEG,5.MOV_20201223130541_3433.JPEG,Flakings,,0.9872,0.9765,0.0,True
C:\Users\acous\Desktop\sih2026\Railway Track Surface Faults Dataset\Flakings\5.MOV_20201223130541_3434.JPEG,5.MOV_20201223130541_3434.JPEG,Flakings,,0.9902,0.9848,0.0,True
C:\Users\acous\Desktop\sih2026\Railway Track Surface Faults Dataset\Flakings\5.MOV_20201223130541_3435.JPEG,5.MOV_20201223130541_3435.JPEG,Flakings,,0.998,0.9965,0.0,True
C:\Users\acous\Desktop\sih2026\Railway Track Surface Faults Dataset\Flakings\5.MOV_20201223130541_3436.JPEG,5.MOV_20201223130541_3436.JPEG,Flakings,,0.99,0.986,0.0,True
C:\Users\acous\Desktop\sih2026\Railway Track Surface Faults Dataset\Flakings\5.MOV_20201223130541_3437.JPEG,5.MOV_20201223130541_3437.JPEG,Flakings,,0.9876,0.9806,0.0,True
C:\Users\acous\Desktop\sih2026\Railway Track Surface Faults Dataset\Flakings\5.MOV_20201223130541_3438.JPEG,5.MOV_20201223130541_3438.JPEG,Flakings,,0.9972,0.9949,0.0,True
C:\Users\acous\Desktop\sih2026\Railway Track Surface Faults Dataset\Flakings\5.MOV_20201223130541_3439.JPEG,5.MOV_20201223130541_3439.JPEG,Flakings,,0.9994,0.999,0.0,True
C:\Users\acous\Desktop\sih2026\Railway Track Surface Faults Dataset\Flakings\5.MOV_20201223130541_3440.JPEG,5.MOV_20201223130541_3440.JPEG,Flakings,,0.9994,0.999,0.0,True
C:\Users\acous\Desktop\sih2026\Railway Track Surface Faults Dataset\Flakings\5.MOV_20201223130541_3441.JPEG,5.MOV_20201223130541_3441.JPEG,Flakings,,0.9997,0.9994,0.0,True
C:\Users\acous\Desktop\sih2026\Railway Track Surface Faults Dataset\Flakings\5.MOV_20201223130541_3442.JPEG,5.MOV_20201223130541_3442.JPEG,Flakings,,0.9993,0.9987,0.0,True
C:\Users\acous\Desktop\sih2026\Railway Track Surface Faults Dataset\Flakings\5.MOV_20201223130541_3443.JPEG,5.MOV_20201223130541_3443.JPEG,Flakings,,0.9991,0.9985,0.0,True
C:\Users\acous\Desktop\sih2026\Railway Track Surface Faults Dataset\Flakings\5.MOV_20201223130541_3444.JPEG,5.MOV_20201223130541_3444.JPEG,Flakings,,0.9993,0.9989,0.0,True
C:\Users\acous\Desktop\sih2026\Railway Track Surface Faults Dataset\Flakings\5.MOV_20201223130541_3445.JPEG,5.MOV_20201223130541_3445.JPEG,Flakings,,0.9995,0.9991,0.0,True
C:\Users\acous\Desktop\sih2026\Railway Track Surface Faults Dataset\Flakings\5.MOV_20201223130541_3446.JPEG,5.MOV_20201223130541_3446.JPEG,Flakings,,0.9989,0.998,0.0,True
C:\Users\acous\Desktop\sih2026\Railway Track Surface Faults Dataset\Flakings\5.MOV_20201223130541_3447.JPEG,5.MOV_20201223130541_3447.JPEG,Flakings,,0.9999,0.9998,0.0,True
C:\Users\acous\Desktop\sih2026\Railway Track Surface Faults Dataset\Flakings\5.MOV_20201223130541_3448.JPEG,5.MOV_20201223130541_3448.JPEG,Flakings,,0.9998,0.9997,0.0,True
C:\Users\acous\Desktop\sih2026\Railway Track Surface Faults Dataset\Flakings\5.MOV_20201223130541_3449.JPEG,5.MOV_20201223130541_3449.JPEG,Flakings,,0.999,0.9982,0.0,True
C:\Users\acous\Desktop\sih2026\Railway Track Surface Faults Dataset\Flakings\5.MOV_20201223130541_3450.JPEG,5.MOV_20201223130541_3450.JPEG,Flakings,,0.9977,0.9955,0.0,True
C:\Users\acous\Desktop\sih2026\Railway Track Surface Faults Dataset\Flakings\5.MOV_20201223130541_3451.JPEG,5.MOV_20201223130541_3451.JPEG,Flakings,,0.9983,0.9967,0.0,True
C:\Users\acous\Desktop\sih2026\Railway Track Surface Faults Dataset\Flakings\5.MOV_20201223130541_3452.JPEG,5.MOV_20201223130541_3452.JPEG,Flakings,,0.9969,0.9939,0.0,True
C:\Users\acous\Desktop\sih2026\Railway Track Surface Faults Dataset\Flakings\5.MOV_20201223130541_3453.JPEG,5.MOV_20201223130541_3453.JPEG,Flakings,,0.9839,0.9684,0.0,True
C:\Users\acous\Desktop\sih2026\Railway Track Surface Faults Dataset\Flakings\5.MOV_20201223130541_3454.JPEG,5.MOV_20201223130541_3454.JPEG,Flakings,,0.9831,0.9664,0.0,True
C:\Users\acous\Desktop\sih2026\Railway Track Surface Faults Dataset\Flakings\5.MOV_20201223130541_3455.JPEG,5.MOV_20201223130541_3455.JPEG,Flakings,,0.9998,0.9997,0.0,True
C:\Users\acous\Desktop\sih2026\Railway Track Surface Faults Dataset\Flakings\5.MOV_20201223130541_3456.JPEG,5.MOV_20201223130541_3456.JPEG,Flakings,,0.9989,0.9979,0.0,True
C:\Users\acous\Desktop\sih2026\Railway Track Surface Faults Dataset\Flakings\5.MOV_20201223130541_3457.JPEG,5.MOV_20201223130541_3457.JPEG,Flakings,,0.9964,0.9935,0.0,True
C:\Users\acous\Desktop\sih2026\Railway Track Surface Faults Dataset\Flakings\5.MOV_20201223130541_3458.JPEG,5.MOV_20201223130541_3458.JPEG,Flakings,,0.9916,0.9836,0.0,True
C:\Users\acous\Desktop\sih2026\Railway Track Surface Faults Dataset\Flakings\5.MOV_20201223130541_3459.JPEG,5.MOV_20201223130541_3459.JPEG,Flakings,,0.9991,0.9986,0.0,True
C:\Users\acous\Desktop\sih2026\Railway Track Surface Faults Dataset\Flakings\5.MOV_20201223130541_3460.JPEG,5.MOV_20201223130541_3460.JPEG,Flakings,,0.9998,0.9997,0.0,True
C:\Users\acous\Desktop\sih2026\Railway Track Surface Faults Dataset\Flakings\5.MOV_20201223130541_3461.JPEG,5.MOV_20201223130541_3461.JPEG,Flakings,,0.9993,0.9988,0.0,True
C:\Users\acous\Desktop\sih2026\Railway Track Surface Faults Dataset\Flakings\5.MOV_20201223130541_3462.JPEG,5.MOV_20201223130541_3462.JPEG,Flakings,,0.9983,0.9968,0.0,True
C:\Users\acous\Desktop\sih2026\Railway Track Surface Faults Dataset\Flakings\5.MOV_20201223130541_3463.JPEG,5.MOV_20201223130541_3463.JPEG,Flakings,,0.9998,0.9996,0.0,True
C:\Users\acous\Desktop\sih2026\Railway Track Surface Faults Dataset\Flakings\5.MOV_20201223130541_3464.JPEG,5.MOV_20201223130541_3464.JPEG,Flakings,,0.8268,0.6543,0.0,True
C:\Users\acous\Desktop\sih2026\Railway Track Surface Faults Dataset\Flakings\5.MOV_20201223130541_3465.JPEG,5.MOV_20201223130541_3465.JPEG,Flakings,,0.997,0.9954,0.0,True
C:\Users\acous\Desktop\sih2026\Railway Track Surface Faults Dataset\Flakings\5.MOV_20201223130541_3466.JPEG,5.MOV_20201223130541_3466.JPEG,Flakings,,0.9948,0.9919,0.0,True
C:\Users\acous\Desktop\sih2026\Railway Track Surface Faults Dataset\Flakings\5.MOV_20201223130541_3467.JPEG,5.MOV_20201223130541_3467.JPEG,Flakings,,0.9865,0.9778,0.0,True
C:\Users\acous\Desktop\sih2026\Railway Track Surface Faults Dataset\Flakings\5.MOV_20201223130541_3468.JPEG,5.MOV_20201223130541_3468.JPEG,Flakings,,0.9831,0.9709,0.0,True
C:\Users\acous\Desktop\sih2026\Railway Track Surface Faults Dataset\Flakings\5.MOV_20201223130541_3469.JPEG,5.MOV_20201223130541_3469.JPEG,Flakings,,0.9866,0.9751,0.0,True
C:\Users\acous\Desktop\sih2026\Railway Track Surface Faults Dataset\Flakings\5.MOV_20201223130541_3470.JPEG,5.MOV_20201223130541_3470.JPEG,Flakings,,0.9936,0.99,0.0,True
C:\Users\acous\Desktop\sih2026\Railway Track Surface Faults Dataset\Flakings\5.MOV_20201223130541_3471.JPEG,5.MOV_20201223130541_3471.JPEG,Flakings,,0.9931,0.9875,0.0,True
C:\Users\acous\Desktop\sih2026\Railway Track Surface Faults Dataset\Flakings\5.MOV_20201223130541_3472.JPEG,5.MOV_20201223130541_3472.JPEG,Flakings,,0.9927,0.9856,0.0,True
C:\Users\acous\Desktop\sih2026\Railway Track Surface Faults Dataset\Flakings\5.MOV_20201223130541_3473.JPEG,5.MOV_20201223130541_3473.JPEG,Flakings,,0.9996,0.9994,0.0,True
C:\Users\acous\Desktop\sih2026\Railway Track Surface Faults Dataset\Flakings\5.MOV_20201223130541_3474.JPEG,5.MOV_20201223130541_3474.JPEG,Flakings,,0.9976,0.9957,0.0,True
C:\Users\acous\Desktop\sih2026\Railway Track Surface Faults Dataset\Flakings\5.MOV_20201223130541_3475.JPEG,5.MOV_20201223130541_3475.JPEG,Flakings,,0.9972,0.9953,0.0,True
C:\Users\acous\Desktop\sih2026\Railway Track Surface Faults Dataset\Flakings\5.MOV_20201223130541_3476.JPEG,5.MOV_20201223130541_3476.JPEG,Flakings,,0.9861,0.9736,0.0,True
C:\Users\acous\Desktop\sih2026\Railway Track Surface Faults Dataset\Flakings\5.MOV_20201223130541_3477.JPEG,5.MOV_20201223130541_3477.JPEG,Flakings,,0.9983,0.9967,0.0,True
C:\Users\acous\Desktop\sih2026\Railway Track Surface Faults Dataset\Flakings\5.MOV_20201223130541_3478.JPEG,5.MOV_20201223130541_3478.JPEG,Flakings,,0.9991,0.9986,0.0,True
C:\Users\acous\Desktop\sih2026\Railway Track Surface Faults Dataset\Flakings\5.MOV_20201223130541_3479.JPEG,5.MOV_20201223130541_3479.JPEG,Flakings,,0.9993,0.9988,0.0,True
C:\Users\acous\Desktop\sih2026\Railway Track Surface Faults Dataset\Flakings\5.MOV_20201223130541_3480.JPEG,5.MOV_20201223130541_3480.JPEG,Flakings,,0.999,0.9982,0.0,True
C:\Users\acous\Desktop\sih2026\Railway Track Surface Faults Dataset\Flakings\5.MOV_20201223130541_3481.JPEG,5.MOV_20201223130541_3481.JPEG,Flakings,,0.9995,0.999,0.0,True
C:\Users\acous\Desktop\sih2026\Railway Track Surface Faults Dataset\Flakings\5.MOV_20201223130541_3482.JPEG,5.MOV_20201223130541_3482.JPEG,Flakings,,0.9995,0.9993,0.0,True
C:\Users\acous\Desktop\sih2026\Railway Track Surface Faults Dataset\Flakings\5.MOV_20201223130541_3483.JPEG,5.MOV_20201223130541_3483.JPEG,Flakings,,0.9997,0.9994,0.0,True
C:\Users\acous\Desktop\sih2026\Railway Track Surface Faults Dataset\Flakings\5.MOV_20201223130541_3484.JPEG,5.MOV_20201223130541_3484.JPEG,Flakings,,0.997,0.9949,0.0,True
C:\Users\acous\Desktop\sih2026\Railway Track Surface Faults Dataset\Flakings\5.MOV_20201223130541_3485.JPEG,5.MOV_20201223130541_3485.JPEG,Flakings,,0.8986,0.8037,0.0,True
C:\Users\acous\Desktop\sih2026\Railway Track Surface Faults Dataset\Flakings\5.MOV_20201223130541_3486.JPEG,5.MOV_20201223130541_3486.JPEG,Flakings,,0.9954,0.9911,0.0,True
C:\Users\acous\Desktop\sih2026\Railway Track Surface Faults Dataset\Flakings\5.MOV_20201223130541_3487.JPEG,5.MOV_20201223130541_3487.JPEG,Flakings,,0.9966,0.9932,0.0,True
C:\Users\acous\Desktop\sih2026\Railway Track Surface Faults Dataset\Flakings\5.MOV_20201223130541_3488.JPEG,5.MOV_20201223130541_3488.JPEG,Flakings,,0.9986,0.9972,0.0,True
C:\Users\acous\Desktop\sih2026\Railway Track Surface Faults Dataset\Flakings\5.MOV_20201223130541_3489.JPEG,5.MOV_20201223130541_3489.JPEG,Flakings,,0.9997,0.9994,0.0,True
C:\Users\acous\Desktop\sih2026\Railway Track Surface Faults Dataset\Flakings\5.MOV_20201223130541_3490.JPEG,5.MOV_20201223130541_3490.JPEG,Flakings,,0.9998,0.9996,0.0,True
C:\Users\acous\Desktop\sih2026\Railway Track Surface Faults Dataset\Flakings\5.MOV_20201223130541_3491.JPEG,5.MOV_20201223130541_3491.JPEG,Flakings,,0.9998,0.9996,0.0,True
C:\Users\acous\Desktop\sih2026\Railway Track Surface Faults Dataset\Flakings\5.MOV_20201223130541_3492.JPEG,5.MOV_20201223130541_3492.JPEG,Flakings,,0.9985,0.9974,0.0,True
C:\Users\acous\Desktop\sih2026\Railway Track Surface Faults Dataset\Flakings\5.MOV_20201223130541_3493.JPEG,5.MOV_20201223130541_3493.JPEG,Flakings,,0.9987,0.9977,0.0,True
C:\Users\acous\Desktop\sih2026\Railway Track Surface Faults Dataset\Flakings\5.MOV_20201223130541_3508.JPEG,5.MOV_20201223130541_3508.JPEG,Flakings,,0.9906,0.9815,0.0,True
C:\Users\acous\Desktop\sih2026\Railway Track Surface Faults Dataset\Flakings\5.MOV_20201223130541_3509.JPEG,5.MOV_20201223130541_3509.JPEG,Flakings,,0.9893,0.9788,0.0,True
C:\Users\acous\Desktop\sih2026\Railway Track Surface Faults Dataset\Flakings\5.MOV_20201223130541_3510.JPEG,5.MOV_20201223130541_3510.JPEG,Flakings,,0.9925,0.9851,0.0,True
C:\Users\acous\Desktop\sih2026\Railway Track Surface Faults Dataset\Flakings\5.MOV_20201223130541_3511.JPEG,5.MOV_20201223130541_3511.JPEG,Flakings,,0.9976,0.9959,0.0,True
C:\Users\acous\Desktop\sih2026\Railway Track Surface Faults Dataset\Flakings\5.MOV_20201223130541_3676.JPEG,5.MOV_20201223130541_3676.JPEG,Flakings,,0.9982,0.9965,0.0,True
C:\Users\acous\Desktop\sih2026\Railway Track Surface Faults Dataset\Flakings\5.MOV_20201223130541_3677.JPEG,5.MOV_20201223130541_3677.JPEG,Flakings,,0.9938,0.9885,0.0,True
C:\Users\acous\Desktop\sih2026\Railway Track Surface Faults Dataset\Flakings\5.MOV_20201223130541_3678.JPEG,5.MOV_20201223130541_3678.JPEG,Flakings,,0.9877,0.9777,0.0,True
C:\Users\acous\Desktop\sih2026\Railway Track Surface Faults Dataset\Flakings\5.MOV_20201223130541_3679.JPEG,5.MOV_20201223130541_3679.JPEG,Flakings,,0.9884,0.9806,0.0,True
C:\Users\acous\Desktop\sih2026\Railway Track Surface Faults Dataset\Flakings\5.MOV_20201223130541_3680.JPEG,5.MOV_20201223130541_3680.JPEG,Flakings,,0.9913,0.9838,0.0,True
C:\Users\acous\Desktop\sih2026\Railway Track Surface Faults Dataset\Flakings\5.MOV_20201223130541_3681.JPEG,5.MOV_20201223130541_3681.JPEG,Flakings,,0.9911,0.9826,0.0,True
C:\Users\acous\Desktop\sih2026\Railway Track Surface Faults Dataset\Flakings\5.MOV_20201223130541_3682.JPEG,5.MOV_20201223130541_3682.JPEG,Flakings,,0.9842,0.9691,0.0,True
C:\Users\acous\Desktop\sih2026\Railway Track Surface Faults Dataset\Flakings\5.MOV_20201223130541_3683.JPEG,5.MOV_20201223130541_3683.JPEG,Flakings,,0.9858,0.9731,0.0,True
C:\Users\acous\Desktop\sih2026\Railway Track Surface Faults Dataset\Flakings\5.MOV_20201223130541_3684.JPEG,5.MOV_20201223130541_3684.JPEG,Flakings,,0.9968,0.9938,0.0,True
C:\Users\acous\Desktop\sih2026\Railway Track Surface Faults Dataset\Flakings\5.MOV_20201223130541_3685.JPEG,5.MOV_20201223130541_3685.JPEG,Flakings,,0.9949,0.99,0.0,True
C:\Users\acous\Desktop\sih2026\Railway Track Surface Faults Dataset\Flakings\5.MOV_20201223130541_3686.JPEG,5.MOV_20201223130541_3686.JPEG,Flakings,,0.9893,0.9788,0.0,True
C:\Users\acous\Desktop\sih2026\Railway Track Surface Faults Dataset\Flakings\5.MOV_20201223130541_3687.JPEG,5.MOV_20201223130541_3687.JPEG,Flakings,,0.9939,0.9889,0.0,True
C:\Users\acous\Desktop\sih2026\Railway Track Surface Faults Dataset\Flakings\5.MOV_20201223130541_3688.JPEG,5.MOV_20201223130541_3688.JPEG,Flakings,,0.9791,0.9604,0.0,True
C:\Users\acous\Desktop\sih2026\Railway Track Surface Faults Dataset\Flakings\5.MOV_20201223130541_3689.JPEG,5.MOV_20201223130541_3689.JPEG,Flakings,,0.9367,0.8747,0.0,True
C:\Users\acous\Desktop\sih2026\Railway Track Surface Faults Dataset\Flakings\5.MOV_20201223130541_3690.JPEG,5.MOV_20201223130541_3690.JPEG,Flakings,,0.9147,0.8312,0.0,True
C:\Users\acous\Desktop\sih2026\Railway Track Surface Faults Dataset\Flakings\5.MOV_20201223130541_3691.JPEG,5.MOV_20201223130541_3691.JPEG,Flakings,,0.9827,0.9665,0.0,True
C:\Users\acous\Desktop\sih2026\Railway Track Surface Faults Dataset\Flakings\5.MOV_20201223130541_3692.JPEG,5.MOV_20201223130541_3692.JPEG,Flakings,,0.9885,0.9787,0.0,True
C:\Users\acous\Desktop\sih2026\Railway Track Surface Faults Dataset\Flakings\5.MOV_20201223130541_3693.JPEG,5.MOV_20201223130541_3693.JPEG,Flakings,,0.9943,0.9888,0.0,True
C:\Users\acous\Desktop\sih2026\Railway Track Surface Faults Dataset\Flakings\5.MOV_20201223130541_3701.JPEG,5.MOV_20201223130541_3701.JPEG,Flakings,,0.9749,0.9498,0.0,True
C:\Users\acous\Desktop\sih2026\Railway Track Surface Faults Dataset\Flakings\5.MOV_20201223130541_3702.JPEG,5.MOV_20201223130541_3702.JPEG,Flakings,,0.974,0.9481,0.0,True
C:\Users\acous\Desktop\sih2026\Railway Track Surface Faults Dataset\Flakings\5.MOV_20201223130541_3703.JPEG,5.MOV_20201223130541_3703.JPEG,Flakings,,0.9809,0.9623,0.0,True
C:\Users\acous\Desktop\sih2026\Railway Track Surface Faults Dataset\Flakings\5.MOV_20201223130541_3704.JPEG,5.MOV_20201223130541_3704.JPEG,Flakings,,0.998,0.9962,0.0,True
C:\Users\acous\Desktop\sih2026\Railway Track Surface Faults Dataset\Flakings\5.MOV_20201223130541_3705.JPEG,5.MOV_20201223130541_3705.JPEG,Flakings,,0.9996,0.9993,0.0,True
C:\Users\acous\Desktop\sih2026\Railway Track Surface Faults Dataset\Flakings\5.MOV_20201223130541_3706.JPEG,5.MOV_20201223130541_3706.JPEG,Flakings,,0.9991,0.9983,0.0,True
C:\Users\acous\Desktop\sih2026\Railway Track Surface Faults Dataset\Flakings\5.MOV_20201223130541_3707.JPEG,5.MOV_20201223130541_3707.JPEG,Flakings,,0.998,0.9968,0.0,True
C:\Users\acous\Desktop\sih2026\Railway Track Surface Faults Dataset\Flakings\5.MOV_20201223130541_3708.JPEG,5.MOV_20201223130541_3708.JPEG,Flakings,,0.9937,0.9883,0.0,True
C:\Users\acous\Desktop\sih2026\Railway Track Surface Faults Dataset\Flakings\5.MOV_20201223130541_3709.JPEG,5.MOV_20201223130541_3709.JPEG,Flakings,,0.9641,0.9341,0.0,True
C:\Users\acous\Desktop\sih2026\Railway Track Surface Faults Dataset\Flakings\5.MOV_20201223130541_3710.JPEG,5.MOV_20201223130541_3710.JPEG,Flakings,,0.9331,0.8951,0.0,True
C:\Users\acous\Desktop\sih2026\Railway Track Surface Faults Dataset\Flakings\5.MOV_20201223130541_3711.JPEG,5.MOV_20201223130541_3711.JPEG,Flakings,,0.9074,0.8465,0.0,True
C:\Users\acous\Desktop\sih2026\Railway Track Surface Faults Dataset\Flakings\5.MOV_20201223130541_3712.JPEG,5.MOV_20201223130541_3712.JPEG,Flakings,,0.9224,0.8718,0.0,True
C:\Users\acous\Desktop\sih2026\Railway Track Surface Faults Dataset\Flakings\5.MOV_20201223130541_3713.JPEG,5.MOV_20201223130541_3713.JPEG,Flakings,,0.999,0.998,0.0,True
C:\Users\acous\Desktop\sih2026\Railway Track Surface Faults Dataset\Flakings\5.MOV_20201223130541_3714.JPEG,5.MOV_20201223130541_3714.JPEG,Flakings,,0.9994,0.9989,0.0,True
C:\Users\acous\Desktop\sih2026\Railway Track Surface Faults Dataset\Flakings\5.MOV_20201223130541_3715.JPEG,5.MOV_20201223130541_3715.JPEG,Flakings,,0.9984,0.9969,0.0,True
C:\Users\acous\Desktop\sih2026\Railway Track Surface Faults Dataset\Flakings\5.MOV_20201223130541_3716.JPEG,5.MOV_20201223130541_3716.JPEG,Flakings,,0.9991,0.9983,0.0,True
C:\Users\acous\Desktop\sih2026\Railway Track Surface Faults Dataset\Flakings\5.MOV_20201223130541_3717.JPEG,5.MOV_20201223130541_3717.JPEG,Flakings,,0.9878,0.9761,0.0,True
C:\Users\acous\Desktop\sih2026\Railway Track Surface Faults Dataset\Flakings\5.MOV_20201223130541_3718.JPEG,5.MOV_20201223130541_3718.JPEG,Flakings,,0.9916,0.9861,0.0,True
C:\Users\acous\Desktop\sih2026\Railway Track Surface Faults Dataset\Flakings\5.MOV_20201223130541_3719.JPEG,5.MOV_20201223130541_3719.JPEG,Flakings,,0.9446,0.9127,0.0,True
C:\Users\acous\Desktop\sih2026\Railway Track Surface Faults Dataset\Flakings\5.MOV_20201223130541_3720.JPEG,5.MOV_20201223130541_3720.JPEG,Flakings,,0.9315,0.8686,0.0,True
C:\Users\acous\Desktop\sih2026\Railway Track Surface Faults Dataset\Flakings\5.MOV_20201223130541_3721.JPEG,5.MOV_20201223130541_3721.JPEG,Flakings,,0.9436,0.8875,0.0,True
C:\Users\acous\Desktop\sih2026\Railway Track Surface Faults Dataset\Flakings\5.MOV_20201223130541_3722.JPEG,5.MOV_20201223130541_3722.JPEG,Flakings,,0.9426,0.8862,0.0,True
C:\Users\acous\Desktop\sih2026\Railway Track Surface Faults Dataset\Flakings\5.MOV_20201223130541_3723.JPEG,5.MOV_20201223130541_3723.JPEG,Flakings,,0.9703,0.9409,0.0,True
C:\Users\acous\Desktop\sih2026\Railway Track Surface Faults Dataset\Flakings\5.MOV_20201223130541_3724.JPEG,5.MOV_20201223130541_3724.JPEG,Flakings,,0.9789,0.9583,0.0,True
C:\Users\acous\Desktop\sih2026\Railway Track Surface Faults Dataset\Flakings\5.MOV_20201223130541_3725.JPEG,5.MOV_20201223130541_3725.JPEG,Flakings,,0.994,0.9881,0.0,True
C:\Users\acous\Desktop\sih2026\Railway Track Surface Faults Dataset\Flakings\5.MOV_20201223130541_3726.JPEG,5.MOV_20201223130541_3726.JPEG,Flakings,,0.9949,0.9898,0.0,True
C:\Users\acous\Desktop\sih2026\Railway Track Surface Faults Dataset\Flakings\5.MOV_20201223130541_3727.JPEG,5.MOV_20201223130541_3727.JPEG,Flakings,,0.9779,0.9559,0.0,True
C:\Users\acous\Desktop\sih2026\Railway Track Surface Faults Dataset\Flakings\5.MOV_20201223130541_3728.JPEG,5.MOV_20201223130541_3728.JPEG,Flakings,,0.9897,0.9799,0.0,True
C:\Users\acous\Desktop\sih2026\Railway Track Surface Faults Dataset\Flakings\5.MOV_20201223130541_3729.JPEG,5.MOV_20201223130541_3729.JPEG,Flakings,,0.9458,0.8925,0.0,True
C:\Users\acous\Desktop\sih2026\Railway Track Surface Faults Dataset\Flakings\5.MOV_20201223130541_3730.JPEG,5.MOV_20201223130541_3730.JPEG,Flakings,,0.921,0.845,0.0,True
C:\Users\acous\Desktop\sih2026\Railway Track Surface Faults Dataset\Flakings\5.MOV_20201223130541_3731.JPEG,5.MOV_20201223130541_3731.JPEG,Flakings,,0.9884,0.9771,0.0,True
C:\Users\acous\Desktop\sih2026\Railway Track Surface Faults Dataset\Flakings\5.MOV_20201223130541_3783.JPEG,5.MOV_20201223130541_3783.JPEG,Flakings,,0.9609,0.9218,0.0,True
C:\Users\acous\Desktop\sih2026\Railway Track Surface Faults Dataset\Flakings\5.MOV_20201223130541_3784.JPEG,5.MOV_20201223130541_3784.JPEG,Flakings,,0.8593,0.7187,0.0,True
C:\Users\acous\Desktop\sih2026\Railway Track Surface Faults Dataset\Flakings\5.MOV_20201223130541_3785.JPEG,5.MOV_20201223130541_3785.JPEG,Flakings,,0.8897,0.7794,0.0,True
C:\Users\acous\Desktop\sih2026\Railway Track Surface Faults Dataset\Flakings\5.MOV_20201223130541_3786.JPEG,5.MOV_20201223130541_3786.JPEG,Flakings,,0.9969,0.9938,0.0,True
C:\Users\acous\Desktop\sih2026\Railway Track Surface Faults Dataset\Flakings\5.MOV_20201223130541_3787.JPEG,5.MOV_20201223130541_3787.JPEG,Flakings,,0.9943,0.9888,0.0,True
C:\Users\acous\Desktop\sih2026\Railway Track Surface Faults Dataset\Flakings\5.MOV_20201223130541_3788.JPEG,5.MOV_20201223130541_3788.JPEG,Flakings,,0.993,0.9861,0.0,True
C:\Users\acous\Desktop\sih2026\Railway Track Surface Faults Dataset\Flakings\5.MOV_20201223130541_3789.JPEG,5.MOV_20201223130541_3789.JPEG,Flakings,,0.9981,0.9962,0.0,True
C:\Users\acous\Desktop\sih2026\Railway Track Surface Faults Dataset\Flakings\5.MOV_20201223130541_3790.JPEG,5.MOV_20201223130541_3790.JPEG,Flakings,,0.9995,0.999,0.0,True
C:\Users\acous\Desktop\sih2026\Railway Track Surface Faults Dataset\Flakings\5.MOV_20201223130541_3791.JPEG,5.MOV_20201223130541_3791.JPEG,Flakings,,0.9987,0.9976,0.0,True
C:\Users\acous\Desktop\sih2026\Railway Track Surface Faults Dataset\Flakings\5.MOV_20201223130541_3792.JPEG,5.MOV_20201223130541_3792.JPEG,Flakings,,0.9983,0.9967,0.0,True
C:\Users\acous\Desktop\sih2026\Railway Track Surface Faults Dataset\Flakings\5.MOV_20201223130541_3793.JPEG,5.MOV_20201223130541_3793.JPEG,Flakings,,0.9948,0.9896,0.0,True
C:\Users\acous\Desktop\sih2026\Railway Track Surface Faults Dataset\Flakings\5.MOV_20201223130541_3794.JPEG,5.MOV_20201223130541_3794.JPEG,Flakings,,0.9978,0.9957,0.0,True
C:\Users\acous\Desktop\sih2026\Railway Track Surface Faults Dataset\Flakings\5.MOV_20201223130541_3795.JPEG,5.MOV_20201223130541_3795.JPEG,Flakings,,0.9958,0.992,0.0,True
C:\Users\acous\Desktop\sih2026\Railway Track Surface Faults Dataset\Flakings\5.MOV_20201223130541_3796.JPEG,5.MOV_20201223130541_3796.JPEG,Flakings,,0.994,0.9882,0.0,True
C:\Users\acous\Desktop\sih2026\Railway Track Surface Faults Dataset\Flakings\5.MOV_20201223130541_3797.JPEG,5.MOV_20201223130541_3797.JPEG,Flakings,,0.9821,0.9648,0.0,True
C:\Users\acous\Desktop\sih2026\Railway Track Surface Faults Dataset\Flakings\5.MOV_20201223130541_3798.JPEG,5.MOV_20201223130541_3798.JPEG,Flakings,,0.9726,0.9456,0.0,True
C:\Users\acous\Desktop\sih2026\Railway Track Surface Faults Dataset\Flakings\5.MOV_20201223130541_3799.JPEG,5.MOV_20201223130541_3799.JPEG,Flakings,,0.9978,0.9957,0.0,True
C:\Users\acous\Desktop\sih2026\Railway Track Surface Faults Dataset\Flakings\5.MOV_20201223130541_3800.JPEG,5.MOV_20201223130541_3800.JPEG,Flakings,,0.9974,0.9949,0.0,True
C:\Users\acous\Desktop\sih2026\Railway Track Surface Faults Dataset\Flakings\5.MOV_20201223130541_3801.JPEG,5.MOV_20201223130541_3801.JPEG,Flakings,,0.9797,0.9598,0.0,True
C:\Users\acous\Desktop\sih2026\Railway Track Surface Faults Dataset\Flakings\5.MOV_20201223130541_3802.JPEG,5.MOV_20201223130541_3802.JPEG,Flakings,,0.9924,0.985,0.0,True
C:\Users\acous\Desktop\sih2026\Railway Track Surface Faults Dataset\Flakings\5.MOV_20201223130541_3803.JPEG,5.MOV_20201223130541_3803.JPEG,Flakings,,0.9911,0.9823,0.0,True
C:\Users\acous\Desktop\sih2026\Railway Track Surface Faults Dataset\Flakings\5.MOV_20201223130541_3804.JPEG,5.MOV_20201223130541_3804.JPEG,Flakings,,0.9806,0.9614,0.0,True
C:\Users\acous\Desktop\sih2026\Railway Track Surface Faults Dataset\Flakings\5.MOV_20201223130541_3805.JPEG,5.MOV_20201223130541_3805.JPEG,Flakings,,0.9564,0.9143,0.0,True
C:\Users\acous\Desktop\sih2026\Railway Track Surface Faults Dataset\Flakings\5.MOV_20201223130541_3806.JPEG,5.MOV_20201223130541_3806.JPEG,Flakings,,0.8596,0.72,0.0,True
C:\Users\acous\Desktop\sih2026\Railway Track Surface Faults Dataset\Flakings\5.MOV_20201223130541_3807.JPEG,5.MOV_20201223130541_3807.JPEG,Flakings,,0.9102,0.8214,0.0,True
C:\Users\acous\Desktop\sih2026\Railway Track Surface Faults Dataset\Flakings\5.MOV_20201223130541_3808.JPEG,5.MOV_20201223130541_3808.JPEG,Flakings,,0.9804,0.9614,0.0,True
C:\Users\acous\Desktop\sih2026\Railway Track Surface Faults Dataset\Flakings\5.MOV_20201223130541_3809.JPEG,5.MOV_20201223130541_3809.JPEG,Flakings,,0.9778,0.9561,0.0,True
C:\Users\acous\Desktop\sih2026\Railway Track Surface Faults Dataset\Flakings\5.MOV_20201223130541_3810.JPEG,5.MOV_20201223130541_3810.JPEG,Flakings,,0.9531,0.9068,0.0,True
C:\Users\acous\Desktop\sih2026\Railway Track Surface Faults Dataset\Flakings\5.MOV_20201223130541_3811.JPEG,5.MOV_20201223130541_3811.JPEG,Flakings,,0.9983,0.9966,0.0,True
C:\Users\acous\Desktop\sih2026\Railway Track Surface Faults Dataset\Flakings\5.MOV_20201223130541_3812.JPEG,5.MOV_20201223130541_3812.JPEG,Flakings,,0.9966,0.9933,0.0,True
C:\Users\acous\Desktop\sih2026\Railway Track Surface Faults Dataset\Flakings\5.MOV_20201223130541_3813.JPEG,5.MOV_20201223130541_3813.JPEG,Flakings,,0.9955,0.991,0.0,True
C:\Users\acous\Desktop\sih2026\Railway Track Surface Faults Dataset\Flakings\5.MOV_20201223130541_3814.JPEG,5.MOV_20201223130541_3814.JPEG,Flakings,,0.9948,0.9896,0.0,True
C:\Users\acous\Desktop\sih2026\Railway Track Surface Faults Dataset\Flakings\5.MOV_20201223130541_3815.JPEG,5.MOV_20201223130541_3815.JPEG,Flakings,,0.9971,0.9944,0.0,True
C:\Users\acous\Desktop\sih2026\Railway Track Surface Faults Dataset\Flakings\5.MOV_20201223130541_3816.JPEG,5.MOV_20201223130541_3816.JPEG,Flakings,,0.998,0.9964,0.0,True
C:\Users\acous\Desktop\sih2026\Railway Track Surface Faults Dataset\Flakings\5.MOV_20201223130541_3817.JPEG,5.MOV_20201223130541_3817.JPEG,Flakings,,0.999,0.9981,0.0,True
C:\Users\acous\Desktop\sih2026\Railway Track Surface Faults Dataset\Flakings\5.MOV_20201223130541_3818.JPEG,5.MOV_20201223130541_3818.JPEG,Flakings,,0.9933,0.9866,0.0,True
C:\Users\acous\Desktop\sih2026\Railway Track Surface Faults Dataset\Flakings\5.MOV_20201223130541_3819.JPEG,5.MOV_20201223130541_3819.JPEG,Flakings,,0.9966,0.9935,0.0,True
C:\Users\acous\Desktop\sih2026\Railway Track Surface Faults Dataset\Flakings\5.MOV_20201223130541_3820.JPEG,5.MOV_20201223130541_3820.JPEG,Flakings,,0.9983,0.9968,0.0,True
C:\Users\acous\Desktop\sih2026\Railway Track Surface Faults Dataset\Flakings\5.MOV_20201223130541_3821.JPEG,5.MOV_20201223130541_3821.JPEG,Flakings,,0.9987,0.9976,0.0,True
C:\Users\acous\Desktop\sih2026\Railway Track Surface Faults Dataset\Flakings\5.MOV_20201223130541_3822.JPEG,5.MOV_20201223130541_3822.JPEG,Flakings,,0.985,0.9705,0.0,True
C:\Users\acous\Desktop\sih2026\Railway Track Surface Faults Dataset\Flakings\5.MOV_20201223130541_3823.JPEG,5.MOV_20201223130541_3823.JPEG,Flakings,,0.9944,0.9889,0.0,True
C:\Users\acous\Desktop\sih2026\Railway Track Surface Faults Dataset\Flakings\5.MOV_20201223130541_3824.JPEG,5.MOV_20201223130541_3824.JPEG,Flakings,,0.9982,0.9972,0.0,True
C:\Users\acous\Desktop\sih2026\Railway Track Surface Faults Dataset\Flakings\5.MOV_20201223130541_3825.JPEG,5.MOV_20201223130541_3825.JPEG,Flakings,,0.979,0.9592,0.0,True
C:\Users\acous\Desktop\sih2026\Railway Track Surface Faults Dataset\Flakings\5.MOV_20201223130541_3826.JPEG,5.MOV_20201223130541_3826.JPEG,Flakings,,0.9939,0.988,0.0,True
C:\Users\acous\Desktop\sih2026\Railway Track Surface Faults Dataset\Flakings\5.MOV_20201223130541_3827.JPEG,5.MOV_20201223130541_3827.JPEG,Flakings,,0.9606,0.9262,0.0,True
C:\Users\acous\Desktop\sih2026\Railway Track Surface Faults Dataset\Flakings\5.MOV_20201223130541_3828.JPEG,5.MOV_20201223130541_3828.JPEG,Flakings,,0.9712,0.9519,0.0,True
C:\Users\acous\Desktop\sih2026\Railway Track Surface Faults Dataset\Flakings\5.MOV_20201223130541_3829.JPEG,5.MOV_20201223130541_3829.JPEG,Flakings,,0.98,0.9605,0.0,True
C:\Users\acous\Desktop\sih2026\Railway Track Surface Faults Dataset\Flakings\5.MOV_20201223130541_3830.JPEG,5.MOV_20201223130541_3830.JPEG,Flakings,,0.9746,0.9501,0.0,True
C:\Users\acous\Desktop\sih2026\Railway Track Surface Faults Dataset\Flakings\5.MOV_20201223130541_3831.JPEG,5.MOV_20201223130541_3831.JPEG,Flakings,,0.9495,0.8991,0.0,True
C:\Users\acous\Desktop\sih2026\Railway Track Surface Faults Dataset\Flakings\5.MOV_20201223130541_3832.JPEG,5.MOV_20201223130541_3832.JPEG,Flakings,,0.98,0.96,0.0,True
C:\Users\acous\Desktop\sih2026\Railway Track Surface Faults Dataset\Flakings\5.MOV_20201223130541_3833.JPEG,5.MOV_20201223130541_3833.JPEG,Flakings,,0.9831,0.9664,0.0,True
C:\Users\acous\Desktop\sih2026\Railway Track Surface Faults Dataset\Flakings\5.MOV_20201223130541_3834.JPEG,5.MOV_20201223130541_3834.JPEG,Flakings,,0.9612,0.9225,0.0,True
C:\Users\acous\Desktop\sih2026\Railway Track Surface Faults Dataset\Flakings\5.MOV_20201223130541_3835.JPEG,5.MOV_20201223130541_3835.JPEG,Flakings,,0.9732,0.9465,0.0,True
C:\Users\acous\Desktop\sih2026\Railway Track Surface Faults Dataset\Flakings\5.MOV_20201223130541_3836.JPEG,5.MOV_20201223130541_3836.JPEG,Flakings,,0.9858,0.972,0.0,True
C:\Users\acous\Desktop\sih2026\Railway Track Surface Faults Dataset\Flakings\5.MOV_20201223130541_3837.JPEG,5.MOV_20201223130541_3837.JPEG,Flakings,,0.9911,0.9825,0.0,True
C:\Users\acous\Desktop\sih2026\Railway Track Surface Faults Dataset\Flakings\5.MOV_20201223130541_3838.JPEG,5.MOV_20201223130541_3838.JPEG,Flakings,,0.8048,0.6106,0.0,True
C:\Users\acous\Desktop\sih2026\Railway Track Surface Faults Dataset\Flakings\5.MOV_20201223130541_3839.JPEG,5.MOV_20201223130541_3839.JPEG,Flakings,,0.7959,0.5929,0.0,True
C:\Users\acous\Desktop\sih2026\Railway Track Surface Faults Dataset\Flakings\5.MOV_20201223130541_3840.JPEG,5.MOV_20201223130541_3840.JPEG,Flakings,,0.8897,0.7799,0.0,True
C:\Users\acous\Desktop\sih2026\Railway Track Surface Faults Dataset\Flakings\5.MOV_20201223130541_3841.JPEG,5.MOV_20201223130541_3841.JPEG,Flakings,,0.9165,0.834,0.0,True
C:\Users\acous\Desktop\sih2026\Railway Track Surface Faults Dataset\Flakings\5.MOV_20201223130541_3842.JPEG,5.MOV_20201223130541_3842.JPEG,Flakings,,0.9578,0.9163,0.0,True
C:\Users\acous\Desktop\sih2026\Railway Track Surface Faults Dataset\Flakings\5.MOV_20201223130541_3843.JPEG,5.MOV_20201223130541_3843.JPEG,Flakings,,0.9925,0.9862,0.0,True
C:\Users\acous\Desktop\sih2026\Railway Track Surface Faults Dataset\Flakings\5.MOV_20201223130541_3844.JPEG,5.MOV_20201223130541_3844.JPEG,Flakings,,0.9799,0.9621,0.0,True
C:\Users\acous\Desktop\sih2026\Railway Track Surface Faults Dataset\Flakings\5.MOV_20201223130541_3845.JPEG,5.MOV_20201223130541_3845.JPEG,Flakings,,0.9863,0.9759,0.0,True
C:\Users\acous\Desktop\sih2026\Railway Track Surface Faults Dataset\Flakings\5.MOV_20201223130541_3846.JPEG,5.MOV_20201223130541_3846.JPEG,Flakings,,0.9961,0.9926,0.0,True
C:\Users\acous\Desktop\sih2026\Railway Track Surface Faults Dataset\Flakings\5.MOV_20201223130541_3847.JPEG,5.MOV_20201223130541_3847.JPEG,Flakings,,0.9869,0.9743,0.0,True
C:\Users\acous\Desktop\sih2026\Railway Track Surface Faults Dataset\Flakings\5.MOV_20201223130541_3848.JPEG,5.MOV_20201223130541_3848.JPEG,Flakings,,0.9926,0.9877,0.0,True
C:\Users\acous\Desktop\sih2026\Railway Track Surface Faults Dataset\Flakings\5.MOV_20201223130541_3849.JPEG,5.MOV_20201223130541_3849.JPEG,Flakings,,0.9454,0.9033,0.0,True
C:\Users\acous\Desktop\sih2026\Railway Track Surface Faults Dataset\Flakings\5.MOV_20201223130541_3850.JPEG,5.MOV_20201223130541_3850.JPEG,Flakings,,0.9822,0.9659,0.0,True
C:\Users\acous\Desktop\sih2026\Railway Track Surface Faults Dataset\Flakings\5.MOV_20201223130541_3851.JPEG,5.MOV_20201223130541_3851.JPEG,Flakings,,0.9635,0.9284,0.0,True
C:\Users\acous\Desktop\sih2026\Railway Track Surface Faults Dataset\Flakings\5.MOV_20201223130541_3852.JPEG,5.MOV_20201223130541_3852.JPEG,Flakings,,0.958,0.9188,0.0,True
C:\Users\acous\Desktop\sih2026\Railway Track Surface Faults Dataset\Flakings\5.MOV_20201223130541_3853.JPEG,5.MOV_20201223130541_3853.JPEG,Flakings,,0.9561,0.9317,0.0,True
C:\Users\acous\Desktop\sih2026\Railway Track Surface Faults Dataset\Flakings\5.MOV_20201223130541_3854.JPEG,5.MOV_20201223130541_3854.JPEG,Flakings,,0.9132,0.8493,0.0,True
C:\Users\acous\Desktop\sih2026\Railway Track Surface Faults Dataset\Flakings\5.MOV_20201223130541_3855.JPEG,5.MOV_20201223130541_3855.JPEG,Flakings,,0.9652,0.9383,0.0,True
C:\Users\acous\Desktop\sih2026\Railway Track Surface Faults Dataset\Flakings\5.MOV_20201223130541_3856.JPEG,5.MOV_20201223130541_3856.JPEG,Flakings,,0.8858,0.7763,0.0,True
C:\Users\acous\Desktop\sih2026\Railway Track Surface Faults Dataset\Flakings\5.MOV_20201223130541_3857.JPEG,5.MOV_20201223130541_3857.JPEG,Flakings,,0.9345,0.8736,0.0,True
C:\Users\acous\Desktop\sih2026\Railway Track Surface Faults Dataset\Flakings\5.MOV_20201223130541_3858.JPEG,5.MOV_20201223130541_3858.JPEG,Flakings,,0.9807,0.9629,0.0,True
C:\Users\acous\Desktop\sih2026\Railway Track Surface Faults Dataset\Flakings\5.MOV_20201223130541_3859.JPEG,5.MOV_20201223130541_3859.JPEG,Flakings,,0.9919,0.9843,0.0,True
C:\Users\acous\Desktop\sih2026\Railway Track Surface Faults Dataset\Flakings\5.MOV_20201223130541_3860.JPEG,5.MOV_20201223130541_3860.JPEG,Flakings,,0.9915,0.9859,0.0,True
C:\Users\acous\Desktop\sih2026\Railway Track Surface Faults Dataset\Flakings\5.MOV_20201223130541_3861.JPEG,5.MOV_20201223130541_3861.JPEG,Flakings,,0.979,0.9666,0.0,True
C:\Users\acous\Desktop\sih2026\Railway Track Surface Faults Dataset\Flakings\5.MOV_20201223130541_3862.JPEG,5.MOV_20201223130541_3862.JPEG,Flakings,,0.9654,0.944,0.0,True
C:\Users\acous\Desktop\sih2026\Railway Track Surface Faults Dataset\Flakings\5.MOV_20201223130541_3863.JPEG,5.MOV_20201223130541_3863.JPEG,Flakings,,0.9466,0.9032,0.0,True
C:\Users\acous\Desktop\sih2026\Railway Track Surface Faults Dataset\Flakings\5.MOV_20201223130541_3864.JPEG,5.MOV_20201223130541_3864.JPEG,Flakings,,0.9778,0.965,0.0,True
C:\Users\acous\Desktop\sih2026\Railway Track Surface Faults Dataset\Flakings\5.MOV_20201223130541_3865.JPEG,5.MOV_20201223130541_3865.JPEG,Flakings,,0.9864,0.977,0.0,True
C:\Users\acous\Desktop\sih2026\Railway Track Surface Faults Dataset\Flakings\5.MOV_20201223130541_3866.JPEG,5.MOV_20201223130541_3866.JPEG,Flakings,,0.9899,0.9812,0.0,True
C:\Users\acous\Desktop\sih2026\Railway Track Surface Faults Dataset\Flakings\5.MOV_20201223130541_3867.JPEG,5.MOV_20201223130541_3867.JPEG,Flakings,,0.981,0.9706,0.0,True
C:\Users\acous\Desktop\sih2026\Railway Track Surface Faults Dataset\Flakings\5.MOV_20201223130541_3868.JPEG,5.MOV_20201223130541_3868.JPEG,Flakings,,0.7555,0.5151,0.0,True
C:\Users\acous\Desktop\sih2026\Railway Track Surface Faults Dataset\Flakings\5.MOV_20201223130541_3869.JPEG,5.MOV_20201223130541_3869.JPEG,Flakings,,0.9708,0.9524,0.0,True
C:\Users\acous\Desktop\sih2026\Railway Track Surface Faults Dataset\Flakings\5.MOV_20201223130541_3870.JPEG,5.MOV_20201223130541_3870.JPEG,Flakings,,0.9874,0.9784,0.0,True
C:\Users\acous\Desktop\sih2026\Railway Track Surface Faults Dataset\Flakings\5.MOV_20201223130541_3871.JPEG,5.MOV_20201223130541_3871.JPEG,Flakings,,0.9756,0.953,0.0,True
C:\Users\acous\Desktop\sih2026\Railway Track Surface Faults Dataset\Flakings\5.MOV_20201223130541_3872.JPEG,5.MOV_20201223130541_3872.JPEG,Flakings,,0.9883,0.9776,0.0,True
C:\Users\acous\Desktop\sih2026\Railway Track Surface Faults Dataset\Flakings\5.MOV_20201223130541_3873.JPEG,5.MOV_20201223130541_3873.JPEG,Flakings,,0.9726,0.9515,0.0,True
C:\Users\acous\Desktop\sih2026\Railway Track Surface Faults Dataset\Flakings\5.MOV_20201223130541_3874.JPEG,5.MOV_20201223130541_3874.JPEG,Flakings,,0.9415,0.8886,0.0,True
C:\Users\acous\Desktop\sih2026\Railway Track Surface Faults Dataset\Flakings\5.MOV_20201223130541_3875.JPEG,5.MOV_20201223130541_3875.JPEG,Flakings,,0.9333,0.8994,0.0,True
C:\Users\acous\Desktop\sih2026\Railway Track Surface Faults Dataset\Flakings\5.MOV_20201223130541_3876.JPEG,5.MOV_20201223130541_3876.JPEG,Flakings,,0.9886,0.9777,0.0,True
C:\Users\acous\Desktop\sih2026\Railway Track Surface Faults Dataset\Flakings\5.MOV_20201223130541_3877.JPEG,5.MOV_20201223130541_3877.JPEG,Flakings,,0.9803,0.9621,0.0,True
C:\Users\acous\Desktop\sih2026\Railway Track Surface Faults Dataset\Flakings\5.MOV_20201223130541_3878.JPEG,5.MOV_20201223130541_3878.JPEG,Flakings,,0.991,0.9827,0.0,True
C:\Users\acous\Desktop\sih2026\Railway Track Surface Faults Dataset\Flakings\5.MOV_20201223130541_3879.JPEG,5.MOV_20201223130541_3879.JPEG,Flakings,,0.9871,0.9767,0.0,True
C:\Users\acous\Desktop\sih2026\Railway Track Surface Faults Dataset\Flakings\5.MOV_20201223130541_3880.JPEG,5.MOV_20201223130541_3880.JPEG,Flakings,,0.9864,0.9779,0.0,True
C:\Users\acous\Desktop\sih2026\Railway Track Surface Faults Dataset\Flakings\5.MOV_20201223130541_3881.JPEG,5.MOV_20201223130541_3881.JPEG,Flakings,,0.9754,0.9535,0.0,True
C:\Users\acous\Desktop\sih2026\Railway Track Surface Faults Dataset\Flakings\5.MOV_20201223130541_3882.JPEG,5.MOV_20201223130541_3882.JPEG,Flakings,,0.9933,0.9887,0.0,True
C:\Users\acous\Desktop\sih2026\Railway Track Surface Faults Dataset\Flakings\5.MOV_20201223130541_3883.JPEG,5.MOV_20201223130541_3883.JPEG,Flakings,,0.9956,0.9924,0.0,True
C:\Users\acous\Desktop\sih2026\Railway Track Surface Faults Dataset\Flakings\5.MOV_20201223130541_3884.JPEG,5.MOV_20201223130541_3884.JPEG,Flakings,,0.9878,0.9792,0.0,True
C:\Users\acous\Desktop\sih2026\Railway Track Surface Faults Dataset\Flakings\5.MOV_20201223130541_3885.JPEG,5.MOV_20201223130541_3885.JPEG,Flakings,,0.9806,0.9688,0.0,True
C:\Users\acous\Desktop\sih2026\Railway Track Surface Faults Dataset\Flakings\5.MOV_20201223130541_3886.JPEG,5.MOV_20201223130541_3886.JPEG,Flakings,,0.9123,0.8413,0.0,True
C:\Users\acous\Desktop\sih2026\Railway Track Surface Faults Dataset\Flakings\5.MOV_20201223130541_3887.JPEG,5.MOV_20201223130541_3887.JPEG,Flakings,,0.8531,0.7283,0.0,True
C:\Users\acous\Desktop\sih2026\Railway Track Surface Faults Dataset\Flakings\5.MOV_20201223130541_3888.JPEG,5.MOV_20201223130541_3888.JPEG,Flakings,,0.789,0.6871,0.0,True
C:\Users\acous\Desktop\sih2026\Railway Track Surface Faults Dataset\Flakings\5.MOV_20201223130541_3889.JPEG,5.MOV_20201223130541_3889.JPEG,Flakings,,0.9504,0.9121,0.0,True
C:\Users\acous\Desktop\sih2026\Railway Track Surface Faults Dataset\Flakings\5.MOV_20201223130541_3890.JPEG,5.MOV_20201223130541_3890.JPEG,Flakings,,0.9885,0.98,0.0,True
C:\Users\acous\Desktop\sih2026\Railway Track Surface Faults Dataset\Flakings\5.MOV_20201223130541_3891.JPEG,5.MOV_20201223130541_3891.JPEG,Flakings,,0.9936,0.9883,0.0,True
C:\Users\acous\Desktop\sih2026\Railway Track Surface Faults Dataset\Flakings\5.MOV_20201223130541_3892.JPEG,5.MOV_20201223130541_3892.JPEG,Flakings,,0.7736,0.5499,0.0,True
C:\Users\acous\Desktop\sih2026\Railway Track Surface Faults Dataset\Flakings\5.MOV_20201223130541_3893.JPEG,5.MOV_20201223130541_3893.JPEG,Flakings,,0.884,0.7684,0.0,True
C:\Users\acous\Desktop\sih2026\Railway Track Surface Faults Dataset\Flakings\5.MOV_20201223130541_3894.JPEG,5.MOV_20201223130541_3894.JPEG,Flakings,,0.9934,0.9892,0.0,True
C:\Users\acous\Desktop\sih2026\Railway Track Surface Faults Dataset\Flakings\5.MOV_20201223130541_3895.JPEG,5.MOV_20201223130541_3895.JPEG,Flakings,,0.9961,0.9924,0.0,True
C:\Users\acous\Desktop\sih2026\Railway Track Surface Faults Dataset\Flakings\5.MOV_20201223130541_3896.JPEG,5.MOV_20201223130541_3896.JPEG,Flakings,,0.9771,0.9543,0.0,True
C:\Users\acous\Desktop\sih2026\Railway Track Surface Faults Dataset\Flakings\5.MOV_20201223130541_3897.JPEG,5.MOV_20201223130541_3897.JPEG,Flakings,,0.9592,0.9194,0.0,True
C:\Users\acous\Desktop\sih2026\Railway Track Surface Faults Dataset\Flakings\5.MOV_20201223130541_3898.JPEG,5.MOV_20201223130541_3898.JPEG,Flakings,,0.9455,0.9047,0.0,True
C:\Users\acous\Desktop\sih2026\Railway Track Surface Faults Dataset\Flakings\5.MOV_20201223130541_3899.JPEG,5.MOV_20201223130541_3899.JPEG,Flakings,,0.9218,0.8521,0.0,True
C:\Users\acous\Desktop\sih2026\Railway Track Surface Faults Dataset\Flakings\5.MOV_20201223130541_3900.JPEG,5.MOV_20201223130541_3900.JPEG,Flakings,,0.91,0.8234,0.0,True
C:\Users\acous\Desktop\sih2026\Railway Track Surface Faults Dataset\Flakings\5.MOV_20201223130541_3901.JPEG,5.MOV_20201223130541_3901.JPEG,Flakings,,0.985,0.9716,0.0,True
C:\Users\acous\Desktop\sih2026\Railway Track Surface Faults Dataset\Flakings\5.MOV_20201223130541_3902.JPEG,5.MOV_20201223130541_3902.JPEG,Flakings,,0.9898,0.9805,0.0,True
C:\Users\acous\Desktop\sih2026\Railway Track Surface Faults Dataset\Flakings\5.MOV_20201223130541_3903.JPEG,5.MOV_20201223130541_3903.JPEG,Flakings,,0.99,0.9815,0.0,True
C:\Users\acous\Desktop\sih2026\Railway Track Surface Faults Dataset\Flakings\5.MOV_20201223130541_3904.JPEG,5.MOV_20201223130541_3904.JPEG,Flakings,,0.9922,0.9856,0.0,True
C:\Users\acous\Desktop\sih2026\Railway Track Surface Faults Dataset\Flakings\5.MOV_20201223130541_3905.JPEG,5.MOV_20201223130541_3905.JPEG,Flakings,,0.9954,0.9929,0.0,True
C:\Users\acous\Desktop\sih2026\Railway Track Surface Faults Dataset\Flakings\5.MOV_20201223130541_3906.JPEG,5.MOV_20201223130541_3906.JPEG,Flakings,,0.9956,0.9918,0.0,True
C:\Users\acous\Desktop\sih2026\Railway Track Surface Faults Dataset\Flakings\5.MOV_20201223130541_3907.JPEG,5.MOV_20201223130541_3907.JPEG,Flakings,,0.9857,0.9717,0.0,True
C:\Users\acous\Desktop\sih2026\Railway Track Surface Faults Dataset\Flakings\5.MOV_20201223130541_3908.JPEG,5.MOV_20201223130541_3908.JPEG,Flakings,,0.9839,0.9692,0.0,True
C:\Users\acous\Desktop\sih2026\Railway Track Surface Faults Dataset\Flakings\5.MOV_20201223130541_3909.JPEG,5.MOV_20201223130541_3909.JPEG,Flakings,,0.9889,0.9789,0.0,True
C:\Users\acous\Desktop\sih2026\Railway Track Surface Faults Dataset\Flakings\5.MOV_20201223130541_3910.JPEG,5.MOV_20201223130541_3910.JPEG,Flakings,,0.951,0.908,0.0,True
C:\Users\acous\Desktop\sih2026\Railway Track Surface Faults Dataset\Flakings\5.MOV_20201223130541_3911.JPEG,5.MOV_20201223130541_3911.JPEG,Flakings,,0.8329,0.717,0.0,True
C:\Users\acous\Desktop\sih2026\Railway Track Surface Faults Dataset\Flakings\5.MOV_20201223130541_3912.JPEG,5.MOV_20201223130541_3912.JPEG,Flakings,,0.8962,0.8268,0.0,True
C:\Users\acous\Desktop\sih2026\Railway Track Surface Faults Dataset\Flakings\5.MOV_20201223130541_3913.JPEG,5.MOV_20201223130541_3913.JPEG,Flakings,,0.9526,0.9256,0.0,True
C:\Users\acous\Desktop\sih2026\Railway Track Surface Faults Dataset\Flakings\5.MOV_20201223130541_3914.JPEG,5.MOV_20201223130541_3914.JPEG,Flakings,,0.8519,0.7349,0.0,True
C:\Users\acous\Desktop\sih2026\Railway Track Surface Faults Dataset\Flakings\5.MOV_20201223130541_3915.JPEG,5.MOV_20201223130541_3915.JPEG,Flakings,,0.7954,0.6021,0.0,True
C:\Users\acous\Desktop\sih2026\Railway Track Surface Faults Dataset\Flakings\5.MOV_20201223130541_3916.JPEG,5.MOV_20201223130541_3916.JPEG,Flakings,,0.5619,0.1559,0.0,True
C:\Users\acous\Desktop\sih2026\Railway Track Surface Faults Dataset\Flakings\5.MOV_20201223130541_3917.JPEG,5.MOV_20201223130541_3917.JPEG,Flakings,,0.7179,0.4503,0.0,True
C:\Users\acous\Desktop\sih2026\Railway Track Surface Faults Dataset\Flakings\5.MOV_20201223130541_3918.JPEG,5.MOV_20201223130541_3918.JPEG,Flakings,,0.5447,0.0961,0.0,True
C:\Users\acous\Desktop\sih2026\Railway Track Surface Faults Dataset\Flakings\5.MOV_20201223130541_3919.JPEG,5.MOV_20201223130541_3919.JPEG,Flakings,,0.9082,0.8265,0.0,True
C:\Users\acous\Desktop\sih2026\Railway Track Surface Faults Dataset\Flakings\5.MOV_20201223130541_3920.JPEG,5.MOV_20201223130541_3920.JPEG,Flakings,,0.7889,0.5848,0.0,True
C:\Users\acous\Desktop\sih2026\Railway Track Surface Faults Dataset\Flakings\5.MOV_20201223130541_3921.JPEG,5.MOV_20201223130541_3921.JPEG,Flakings,,0.8912,0.7833,0.0,True
C:\Users\acous\Desktop\sih2026\Railway Track Surface Faults Dataset\Flakings\5.MOV_20201223130541_3922.JPEG,5.MOV_20201223130541_3922.JPEG,Flakings,,0.5093,0.0224,0.0,True
C:\Users\acous\Desktop\sih2026\Railway Track Surface Faults Dataset\Flakings\5.MOV_20201223130541_3923.JPEG,5.MOV_20201223130541_3923.JPEG,Flakings,,0.899,0.834,0.0,True
C:\Users\acous\Desktop\sih2026\Railway Track Surface Faults Dataset\Flakings\5.MOV_20201223130541_3924.JPEG,5.MOV_20201223130541_3924.JPEG,Flakings,,0.8826,0.7703,0.0,True
C:\Users\acous\Desktop\sih2026\Railway Track Surface Faults Dataset\Flakings\5.MOV_20201223130541_3925.JPEG,5.MOV_20201223130541_3925.JPEG,Flakings,,0.9594,0.9333,0.0,True
C:\Users\acous\Desktop\sih2026\Railway Track Surface Faults Dataset\Flakings\5.MOV_20201223130541_3926.JPEG,5.MOV_20201223130541_3926.JPEG,Flakings,,0.5709,0.1784,0.0,True
C:\Users\acous\Desktop\sih2026\Railway Track Surface Faults Dataset\Flakings\5.MOV_20201223130541_3927.JPEG,5.MOV_20201223130541_3927.JPEG,Flakings,,0.5044,0.0339,0.0,True
C:\Users\acous\Desktop\sih2026\Railway Track Surface Faults Dataset\Flakings\5.MOV_20201223130541_3928.JPEG,5.MOV_20201223130541_3928.JPEG,Flakings,,0.7908,0.6273,0.0,True
C:\Users\acous\Desktop\sih2026\Railway Track Surface Faults Dataset\Flakings\5.MOV_20201223130541_3929.JPEG,5.MOV_20201223130541_3929.JPEG,Flakings,,0.9097,0.8485,0.0,True
C:\Users\acous\Desktop\sih2026\Railway Track Surface Faults Dataset\Flakings\5.MOV_20201223130541_3930.JPEG,5.MOV_20201223130541_3930.JPEG,Flakings,,0.8226,0.6638,0.0,True
C:\Users\acous\Desktop\sih2026\Railway Track Surface Faults Dataset\Flakings\5.MOV_20201223130541_4055.JPEG,5.MOV_20201223130541_4055.JPEG,Flakings,,0.957,0.9235,0.0,True
C:\Users\acous\Desktop\sih2026\Railway Track Surface Faults Dataset\Flakings\5.MOV_20201223130541_4056.JPEG,5.MOV_20201223130541_4056.JPEG,Flakings,,0.9796,0.9664,0.0,True
C:\Users\acous\Desktop\sih2026\Railway Track Surface Faults Dataset\Flakings\5.MOV_20201223130541_4057.JPEG,5.MOV_20201223130541_4057.JPEG,Flakings,,0.9897,0.9836,0.0,True
C:\Users\acous\Desktop\sih2026\Railway Track Surface Faults Dataset\Flakings\5.MOV_20201223130541_4058.JPEG,5.MOV_20201223130541_4058.JPEG,Flakings,,0.9775,0.9639,0.0,True
C:\Users\acous\Desktop\sih2026\Railway Track Surface Faults Dataset\Flakings\5.MOV_20201223130541_4059.JPEG,5.MOV_20201223130541_4059.JPEG,Flakings,,0.995,0.9929,0.0,True
C:\Users\acous\Desktop\sih2026\Railway Track Surface Faults Dataset\Flakings\5.MOV_20201223130541_4060.JPEG,5.MOV_20201223130541_4060.JPEG,Flakings,,0.9981,0.997,0.0,True
C:\Users\acous\Desktop\sih2026\Railway Track Surface Faults Dataset\Flakings\5.MOV_20201223130541_4061.JPEG,5.MOV_20201223130541_4061.JPEG,Flakings,,0.9934,0.9869,0.0,True
C:\Users\acous\Desktop\sih2026\Railway Track Surface Faults Dataset\Flakings\5.MOV_20201223130541_4062.JPEG,5.MOV_20201223130541_4062.JPEG,Flakings,,0.9974,0.995,0.0,True
C:\Users\acous\Desktop\sih2026\Railway Track Surface Faults Dataset\Flakings\5.MOV_20201223130541_4063.JPEG,5.MOV_20201223130541_4063.JPEG,Flakings,,0.8699,0.7399,0.0,True
C:\Users\acous\Desktop\sih2026\Railway Track Surface Faults Dataset\Flakings\5.MOV_20201223130541_4064.JPEG,5.MOV_20201223130541_4064.JPEG,Flakings,,0.9821,0.9644,0.0,True
C:\Users\acous\Desktop\sih2026\Railway Track Surface Faults Dataset\Flakings\5.MOV_20201223130541_4065.JPEG,5.MOV_20201223130541_4065.JPEG,Flakings,,0.9901,0.9802,0.0,True
C:\Users\acous\Desktop\sih2026\Railway Track Surface Faults Dataset\Flakings\5.MOV_20201223130541_4066.JPEG,5.MOV_20201223130541_4066.JPEG,Flakings,,0.972,0.9441,0.0,True
C:\Users\acous\Desktop\sih2026\Railway Track Surface Faults Dataset\Flakings\5.MOV_20201223130541_4067.JPEG,5.MOV_20201223130541_4067.JPEG,Flakings,,0.999,0.9981,0.0,True
C:\Users\acous\Desktop\sih2026\Railway Track Surface Faults Dataset\Flakings\5.MOV_20201223130541_4068.JPEG,5.MOV_20201223130541_4068.JPEG,Flakings,,0.9824,0.9649,0.0,True
C:\Users\acous\Desktop\sih2026\Railway Track Surface Faults Dataset\Flakings\5.MOV_20201223130541_4069.JPEG,5.MOV_20201223130541_4069.JPEG,Flakings,,0.9786,0.9584,0.0,True
C:\Users\acous\Desktop\sih2026\Railway Track Surface Faults Dataset\Flakings\5.MOV_20201223130541_4070.JPEG,5.MOV_20201223130541_4070.JPEG,Flakings,,0.9937,0.9906,0.0,True
C:\Users\acous\Desktop\sih2026\Railway Track Surface Faults Dataset\Flakings\5.MOV_20201223130541_4071.JPEG,5.MOV_20201223130541_4071.JPEG,Flakings,,0.9673,0.9461,0.0,True
C:\Users\acous\Desktop\sih2026\Railway Track Surface Faults Dataset\Flakings\5.MOV_20201223130541_4072.JPEG,5.MOV_20201223130541_4072.JPEG,Flakings,,0.9755,0.9609,0.0,True
C:\Users\acous\Desktop\sih2026\Railway Track Surface Faults Dataset\Flakings\5.MOV_20201223130541_4073.JPEG,5.MOV_20201223130541_4073.JPEG,Flakings,,0.9928,0.9892,0.0,True
C:\Users\acous\Desktop\sih2026\Railway Track Surface Faults Dataset\Flakings\5.MOV_20201223130541_4074.JPEG,5.MOV_20201223130541_4074.JPEG,Flakings,,0.9772,0.9626,0.0,True
C:\Users\acous\Desktop\sih2026\Railway Track Surface Faults Dataset\Flakings\5.MOV_20201223130541_4075.JPEG,5.MOV_20201223130541_4075.JPEG,Flakings,,0.8924,0.7878,0.0,True
C:\Users\acous\Desktop\sih2026\Railway Track Surface Faults Dataset\Flakings\5.MOV_20201223130541_4076.JPEG,5.MOV_20201223130541_4076.JPEG,Flakings,,0.5223,0.0473,0.0,True
C:\Users\acous\Desktop\sih2026\Railway Track Surface Faults Dataset\Flakings\5.MOV_20201223130541_4077.JPEG,5.MOV_20201223130541_4077.JPEG,Flakings,,0.8728,0.7602,0.0,True
C:\Users\acous\Desktop\sih2026\Railway Track Surface Faults Dataset\Flakings\5.MOV_20201223130541_4078.JPEG,5.MOV_20201223130541_4078.JPEG,Flakings,,0.9642,0.936,0.0,True
C:\Users\acous\Desktop\sih2026\Railway Track Surface Faults Dataset\Flakings\5.MOV_20201223130541_4079.JPEG,5.MOV_20201223130541_4079.JPEG,Flakings,,0.9765,0.9601,0.0,True
C:\Users\acous\Desktop\sih2026\Railway Track Surface Faults Dataset\Flakings\5.MOV_20201223130541_4080.JPEG,5.MOV_20201223130541_4080.JPEG,Flakings,,0.9287,0.8583,0.0,True
C:\Users\acous\Desktop\sih2026\Railway Track Surface Faults Dataset\Flakings\5.MOV_20201223130541_4081.JPEG,5.MOV_20201223130541_4081.JPEG,Flakings,,0.9943,0.9895,0.0,True
C:\Users\acous\Desktop\sih2026\Railway Track Surface Faults Dataset\Flakings\5.MOV_20201223130541_4082.JPEG,5.MOV_20201223130541_4082.JPEG,Flakings,,0.9765,0.9533,0.0,True
C:\Users\acous\Desktop\sih2026\Railway Track Surface Faults Dataset\Flakings\5.MOV_20201223130541_4083.JPEG,5.MOV_20201223130541_4083.JPEG,Flakings,,0.9855,0.9715,0.0,True
C:\Users\acous\Desktop\sih2026\Railway Track Surface Faults Dataset\Flakings\5.MOV_20201223130541_4084.JPEG,5.MOV_20201223130541_4084.JPEG,Flakings,,0.9536,0.9072,0.0,True
C:\Users\acous\Desktop\sih2026\Railway Track Surface Faults Dataset\Flakings\5.MOV_20201223130541_4085.JPEG,5.MOV_20201223130541_4085.JPEG,Flakings,,0.9955,0.9911,0.0,True
C:\Users\acous\Desktop\sih2026\Railway Track Surface Faults Dataset\Flakings\5.MOV_20201223130541_4086.JPEG,5.MOV_20201223130541_4086.JPEG,Flakings,,0.9968,0.9937,0.0,True
C:\Users\acous\Desktop\sih2026\Railway Track Surface Faults Dataset\Flakings\5.MOV_20201223130541_4087.JPEG,5.MOV_20201223130541_4087.JPEG,Flakings,,0.9954,0.991,0.0,True
C:\Users\acous\Desktop\sih2026\Railway Track Surface Faults Dataset\Flakings\5.MOV_20201223130541_4088.JPEG,5.MOV_20201223130541_4088.JPEG,Flakings,,0.9881,0.9766,0.0,True
C:\Users\acous\Desktop\sih2026\Railway Track Surface Faults Dataset\Flakings\5.MOV_20201223130541_4089.JPEG,5.MOV_20201223130541_4089.JPEG,Flakings,,0.991,0.9823,0.0,True
C:\Users\acous\Desktop\sih2026\Railway Track Surface Faults Dataset\Flakings\5.MOV_20201223130541_4090.JPEG,5.MOV_20201223130541_4090.JPEG,Flakings,,0.9863,0.9743,0.0,True
C:\Users\acous\Desktop\sih2026\Railway Track Surface Faults Dataset\Flakings\5.MOV_20201223130541_4091.JPEG,5.MOV_20201223130541_4091.JPEG,Flakings,,0.9337,0.8681,0.0,True
C:\Users\acous\Desktop\sih2026\Railway Track Surface Faults Dataset\Flakings\5.MOV_20201223130541_4092.JPEG,5.MOV_20201223130541_4092.JPEG,Flakings,,0.9964,0.9931,0.0,True
C:\Users\acous\Desktop\sih2026\Railway Track Surface Faults Dataset\Flakings\5.MOV_20201223130541_4093.JPEG,5.MOV_20201223130541_4093.JPEG,Flakings,,0.9872,0.9763,0.0,True
C:\Users\acous\Desktop\sih2026\Railway Track Surface Faults Dataset\Flakings\5.MOV_20201223130541_4094.JPEG,5.MOV_20201223130541_4094.JPEG,Flakings,,0.9826,0.9695,0.0,True
C:\Users\acous\Desktop\sih2026\Railway Track Surface Faults Dataset\Flakings\5.MOV_20201223130541_4095.JPEG,5.MOV_20201223130541_4095.JPEG,Flakings,,0.7838,0.5706,0.0,True
C:\Users\acous\Desktop\sih2026\Railway Track Surface Faults Dataset\Flakings\5.MOV_20201223130541_4096.JPEG,5.MOV_20201223130541_4096.JPEG,Flakings,,0.9338,0.8699,0.0,True
C:\Users\acous\Desktop\sih2026\Railway Track Surface Faults Dataset\Flakings\5.MOV_20201223130541_4097.JPEG,5.MOV_20201223130541_4097.JPEG,Flakings,,0.7934,0.5882,0.0,True
C:\Users\acous\Desktop\sih2026\Railway Track Surface Faults Dataset\Flakings\5.MOV_20201223130541_4098.JPEG,5.MOV_20201223130541_4098.JPEG,Flakings,,0.7332,0.47,0.0,True
C:\Users\acous\Desktop\sih2026\Railway Track Surface Faults Dataset\Flakings\5.MOV_20201223130541_4099.JPEG,5.MOV_20201223130541_4099.JPEG,Flakings,,0.9877,0.9814,0.0,True
C:\Users\acous\Desktop\sih2026\Railway Track Surface Faults Dataset\Flakings\5.MOV_20201223130541_4100.JPEG,5.MOV_20201223130541_4100.JPEG,Flakings,,0.9819,0.9673,0.0,True
C:\Users\acous\Desktop\sih2026\Railway Track Surface Faults Dataset\Flakings\5.MOV_20201223130541_4101.JPEG,5.MOV_20201223130541_4101.JPEG,Flakings,,0.9532,0.907,0.0,True
C:\Users\acous\Desktop\sih2026\Railway Track Surface Faults Dataset\Flakings\5.MOV_20201223130541_4102.JPEG,5.MOV_20201223130541_4102.JPEG,Flakings,,0.9359,0.873,0.0,True
C:\Users\acous\Desktop\sih2026\Railway Track Surface Faults Dataset\Flakings\5.MOV_20201223130541_4103.JPEG,5.MOV_20201223130541_4103.JPEG,Flakings,,0.9981,0.9966,0.0,True
C:\Users\acous\Desktop\sih2026\Railway Track Surface Faults Dataset\Flakings\5.MOV_20201223130541_4104.JPEG,5.MOV_20201223130541_4104.JPEG,Flakings,,0.9814,0.9644,0.0,True
C:\Users\acous\Desktop\sih2026\Railway Track Surface Faults Dataset\Flakings\5.MOV_20201223130541_4105.JPEG,5.MOV_20201223130541_4105.JPEG,Flakings,,0.9796,0.9604,0.0,True
C:\Users\acous\Desktop\sih2026\Railway Track Surface Faults Dataset\Flakings\5.MOV_20201223130541_4106.JPEG,5.MOV_20201223130541_4106.JPEG,Flakings,,0.9221,0.8481,0.0,True
C:\Users\acous\Desktop\sih2026\Railway Track Surface Faults Dataset\Flakings\5.MOV_20201223130541_4107.JPEG,5.MOV_20201223130541_4107.JPEG,Flakings,,0.8124,0.6261,0.0,True
C:\Users\acous\Desktop\sih2026\Railway Track Surface Faults Dataset\Flakings\5.MOV_20201223130541_4108.JPEG,5.MOV_20201223130541_4108.JPEG,Flakings,,0.6694,0.3399,0.0,True
C:\Users\acous\Desktop\sih2026\Railway Track Surface Faults Dataset\Flakings\5.MOV_20201223130541_4109.JPEG,5.MOV_20201223130541_4109.JPEG,Flakings,,0.5824,0.1677,0.0,True
C:\Users\acous\Desktop\sih2026\Railway Track Surface Faults Dataset\Flakings\5.MOV_20201223130541_4110.JPEG,5.MOV_20201223130541_4110.JPEG,Flakings,,0.9911,0.9828,0.0,True
C:\Users\acous\Desktop\sih2026\Railway Track Surface Faults Dataset\Flakings\5.MOV_20201223130541_4111.JPEG,5.MOV_20201223130541_4111.JPEG,Flakings,,0.9941,0.9886,0.0,True
C:\Users\acous\Desktop\sih2026\Railway Track Surface Faults Dataset\Flakings\5.MOV_20201223130541_4112.JPEG,5.MOV_20201223130541_4112.JPEG,Flakings,,0.9983,0.9969,0.0,True
C:\Users\acous\Desktop\sih2026\Railway Track Surface Faults Dataset\Flakings\5.MOV_20201223130541_4113.JPEG,5.MOV_20201223130541_4113.JPEG,Flakings,,0.9968,0.994,0.0,True
C:\Users\acous\Desktop\sih2026\Railway Track Surface Faults Dataset\Flakings\5.MOV_20201223130541_4114.JPEG,5.MOV_20201223130541_4114.JPEG,Flakings,,0.9986,0.9976,0.0,True
C:\Users\acous\Desktop\sih2026\Railway Track Surface Faults Dataset\Flakings\5.MOV_20201223130541_4115.JPEG,5.MOV_20201223130541_4115.JPEG,Flakings,,0.9973,0.9948,0.0,True
C:\Users\acous\Desktop\sih2026\Railway Track Surface Faults Dataset\Flakings\5.MOV_20201223130541_4116.JPEG,5.MOV_20201223130541_4116.JPEG,Flakings,,0.9944,0.9899,0.0,True
C:\Users\acous\Desktop\sih2026\Railway Track Surface Faults Dataset\Flakings\5.MOV_20201223130541_4117.JPEG,5.MOV_20201223130541_4117.JPEG,Flakings,,0.9951,0.9915,0.0,True
C:\Users\acous\Desktop\sih2026\Railway Track Surface Faults Dataset\Flakings\5.MOV_20201223130541_4118.JPEG,5.MOV_20201223130541_4118.JPEG,Flakings,,0.9893,0.9797,0.0,True
C:\Users\acous\Desktop\sih2026\Railway Track Surface Faults Dataset\Flakings\5.MOV_20201223130541_4119.JPEG,5.MOV_20201223130541_4119.JPEG,Flakings,,0.9697,0.9468,0.0,True
C:\Users\acous\Desktop\sih2026\Railway Track Surface Faults Dataset\Flakings\5.MOV_20201223130541_4120.JPEG,5.MOV_20201223130541_4120.JPEG,Flakings,,0.9934,0.9882,0.0,True
C:\Users\acous\Desktop\sih2026\Railway Track Surface Faults Dataset\Flakings\5.MOV_20201223130541_4121.JPEG,5.MOV_20201223130541_4121.JPEG,Flakings,,0.9801,0.961,0.0,True
C:\Users\acous\Desktop\sih2026\Railway Track Surface Faults Dataset\Flakings\5.MOV_20201223130541_4122.JPEG,5.MOV_20201223130541_4122.JPEG,Flakings,,0.9854,0.971,0.0,True
C:\Users\acous\Desktop\sih2026\Railway Track Surface Faults Dataset\Flakings\5.MOV_20201223130541_4123.JPEG,5.MOV_20201223130541_4123.JPEG,Flakings,,0.9926,0.9856,0.0,True
C:\Users\acous\Desktop\sih2026\Railway Track Surface Faults Dataset\Flakings\5.MOV_20201223130541_4124.JPEG,5.MOV_20201223130541_4124.JPEG,Flakings,,0.9792,0.9649,0.0,True
C:\Users\acous\Desktop\sih2026\Railway Track Surface Faults Dataset\Flakings\5.MOV_20201223130541_4125.JPEG,5.MOV_20201223130541_4125.JPEG,Flakings,,0.9865,0.9777,0.0,True
C:\Users\acous\Desktop\sih2026\Railway Track Surface Faults Dataset\Flakings\5.MOV_20201223130541_4126.JPEG,5.MOV_20201223130541_4126.JPEG,Flakings,,0.996,0.9924,0.0,True
C:\Users\acous\Desktop\sih2026\Railway Track Surface Faults Dataset\Flakings\5.MOV_20201223130541_4127.JPEG,5.MOV_20201223130541_4127.JPEG,Flakings,,0.968,0.9379,0.0,True
C:\Users\acous\Desktop\sih2026\Railway Track Surface Faults Dataset\Flakings\5.MOV_20201223130541_4128.JPEG,5.MOV_20201223130541_4128.JPEG,Flakings,,0.8242,0.6628,0.0,True
C:\Users\acous\Desktop\sih2026\Railway Track Surface Faults Dataset\Flakings\5.MOV_20201223130541_4129.JPEG,5.MOV_20201223130541_4129.JPEG,Flakings,,0.9558,0.9268,0.0,True
C:\Users\acous\Desktop\sih2026\Railway Track Surface Faults Dataset\Flakings\5.MOV_20201223130541_4130.JPEG,5.MOV_20201223130541_4130.JPEG,Flakings,,0.9766,0.954,0.0,True
C:\Users\acous\Desktop\sih2026\Railway Track Surface Faults Dataset\Flakings\5.MOV_20201223130541_4131.JPEG,5.MOV_20201223130541_4131.JPEG,Flakings,,0.5782,0.1591,0.0,True
C:\Users\acous\Desktop\sih2026\Railway Track Surface Faults Dataset\Flakings\5.MOV_20201223130541_4132.JPEG,5.MOV_20201223130541_4132.JPEG,Flakings,,0.8632,0.7287,0.0,True
C:\Users\acous\Desktop\sih2026\Railway Track Surface Faults Dataset\Flakings\5.MOV_20201223130541_4133.JPEG,5.MOV_20201223130541_4133.JPEG,Flakings,,0.8307,0.6664,0.0,True
C:\Users\acous\Desktop\sih2026\Railway Track Surface Faults Dataset\Flakings\5.MOV_20201223130541_4134.JPEG,5.MOV_20201223130541_4134.JPEG,Flakings,,0.8554,0.7168,0.0,True
C:\Users\acous\Desktop\sih2026\Railway Track Surface Faults Dataset\Flakings\5.MOV_20201223130541_4135.JPEG,5.MOV_20201223130541_4135.JPEG,Flakings,,0.9456,0.8934,0.0,True
C:\Users\acous\Desktop\sih2026\Railway Track Surface Faults Dataset\Flakings\5.MOV_20201223130541_4136.JPEG,5.MOV_20201223130541_4136.JPEG,Flakings,,0.8965,0.8074,0.0,True
C:\Users\acous\Desktop\sih2026\Railway Track Surface Faults Dataset\Flakings\5.MOV_20201223130541_4137.JPEG,5.MOV_20201223130541_4137.JPEG,Flakings,,0.9782,0.9614,0.0,True
C:\Users\acous\Desktop\sih2026\Railway Track Surface Faults Dataset\Flakings\5.MOV_20201223130541_4138.JPEG,5.MOV_20201223130541_4138.JPEG,Flakings,,0.9499,0.9005,0.0,True
C:\Users\acous\Desktop\sih2026\Railway Track Surface Faults Dataset\Flakings\5.MOV_20201223130541_4139.JPEG,5.MOV_20201223130541_4139.JPEG,Flakings,,0.968,0.9367,0.0,True
C:\Users\acous\Desktop\sih2026\Railway Track Surface Faults Dataset\Flakings\5.MOV_20201223130541_4140.JPEG,5.MOV_20201223130541_4140.JPEG,Flakings,,0.9361,0.8725,0.0,True
C:\Users\acous\Desktop\sih2026\Railway Track Surface Faults Dataset\Flakings\5.MOV_20201223130541_4141.JPEG,5.MOV_20201223130541_4141.JPEG,Flakings,,0.9743,0.9488,0.0,True
C:\Users\acous\Desktop\sih2026\Railway Track Surface Faults Dataset\Flakings\5.MOV_20201223130541_4142.JPEG,5.MOV_20201223130541_4142.JPEG,Flakings,,0.8643,0.7288,0.0,True
C:\Users\acous\Desktop\sih2026\Railway Track Surface Faults Dataset\Flakings\5.MOV_20201223130541_4143.JPEG,5.MOV_20201223130541_4143.JPEG,Flakings,,0.9306,0.8615,0.0,True
C:\Users\acous\Desktop\sih2026\Railway Track Surface Faults Dataset\Flakings\5.MOV_20201223130541_4144.JPEG,5.MOV_20201223130541_4144.JPEG,Flakings,,0.8355,0.674,0.0,True
C:\Users\acous\Desktop\sih2026\Railway Track Surface Faults Dataset\Flakings\5.MOV_20201223130541_4145.JPEG,5.MOV_20201223130541_4145.JPEG,Flakings,,0.8702,0.7421,0.0,True
C:\Users\acous\Desktop\sih2026\Railway Track Surface Faults Dataset\Flakings\5.MOV_20201223130541_4146.JPEG,5.MOV_20201223130541_4146.JPEG,Flakings,,0.9559,0.9134,0.0,True
C:\Users\acous\Desktop\sih2026\Railway Track Surface Faults Dataset\Flakings\5.MOV_20201223130541_4147.JPEG,5.MOV_20201223130541_4147.JPEG,Flakings,,0.9412,0.8923,0.0,True
C:\Users\acous\Desktop\sih2026\Railway Track Surface Faults Dataset\Flakings\5.MOV_20201223130541_4148.JPEG,5.MOV_20201223130541_4148.JPEG,Flakings,,0.8946,0.7903,0.0,True
C:\Users\acous\Desktop\sih2026\Railway Track Surface Faults Dataset\Flakings\5.MOV_20201223130541_4149.JPEG,5.MOV_20201223130541_4149.JPEG,Flakings,,0.9014,0.8088,0.0,True
C:\Users\acous\Desktop\sih2026\Railway Track Surface Faults Dataset\Flakings\5.MOV_20201223130541_4150.JPEG,5.MOV_20201223130541_4150.JPEG,Flakings,,0.9595,0.9245,0.0,True
C:\Users\acous\Desktop\sih2026\Railway Track Surface Faults Dataset\Flakings\5.MOV_20201223130541_4151.JPEG,5.MOV_20201223130541_4151.JPEG,Flakings,,0.9601,0.9208,0.0,True
C:\Users\acous\Desktop\sih2026\Railway Track Surface Faults Dataset\Flakings\5.MOV_20201223130541_4152.JPEG,5.MOV_20201223130541_4152.JPEG,Flakings,,0.9873,0.9755,0.0,True
C:\Users\acous\Desktop\sih2026\Railway Track Surface Faults Dataset\Flakings\5.MOV_20201223130541_4153.JPEG,5.MOV_20201223130541_4153.JPEG,Flakings,,0.9849,0.9705,0.0,True
C:\Users\acous\Desktop\sih2026\Railway Track Surface Faults Dataset\Flakings\5.MOV_20201223130541_4154.JPEG,5.MOV_20201223130541_4154.JPEG,Flakings,,0.9893,0.979,0.0,True
C:\Users\acous\Desktop\sih2026\Railway Track Surface Faults Dataset\Flakings\5.MOV_20201223130541_4155.JPEG,5.MOV_20201223130541_4155.JPEG,Flakings,,0.9843,0.9708,0.0,True
C:\Users\acous\Desktop\sih2026\Railway Track Surface Faults Dataset\Flakings\5.MOV_20201223130541_4156.JPEG,5.MOV_20201223130541_4156.JPEG,Flakings,,0.9923,0.9867,0.0,True
C:\Users\acous\Desktop\sih2026\Railway Track Surface Faults Dataset\Flakings\5.MOV_20201223130541_4157.JPEG,5.MOV_20201223130541_4157.JPEG,Flakings,,0.9973,0.9949,0.0,True
C:\Users\acous\Desktop\sih2026\Railway Track Surface Faults Dataset\Flakings\5.MOV_20201223130541_4158.JPEG,5.MOV_20201223130541_4158.JPEG,Flakings,,0.9969,0.9939,0.0,True
C:\Users\acous\Desktop\sih2026\Railway Track Surface Faults Dataset\Flakings\5.MOV_20201223130541_4159.JPEG,5.MOV_20201223130541_4159.JPEG,Flakings,,0.9954,0.992,0.0,True
C:\Users\acous\Desktop\sih2026\Railway Track Surface Faults Dataset\Flakings\5.MOV_20201223130541_4160.JPEG,5.MOV_20201223130541_4160.JPEG,Flakings,,0.9965,0.9937,0.0,True
C:\Users\acous\Desktop\sih2026\Railway Track Surface Faults Dataset\Flakings\5.MOV_20201223130541_4161.JPEG,5.MOV_20201223130541_4161.JPEG,Flakings,,0.9649,0.9336,0.0,True
C:\Users\acous\Desktop\sih2026\Railway Track Surface Faults Dataset\Flakings\5.MOV_20201223130541_4162.JPEG,5.MOV_20201223130541_4162.JPEG,Flakings,,0.9939,0.9888,0.0,True
C:\Users\acous\Desktop\sih2026\Railway Track Surface Faults Dataset\Flakings\5.MOV_20201223130541_4163.JPEG,5.MOV_20201223130541_4163.JPEG,Flakings,,0.9865,0.9741,0.0,True
C:\Users\acous\Desktop\sih2026\Railway Track Surface Faults Dataset\Flakings\5.MOV_20201223130541_4164.JPEG,5.MOV_20201223130541_4164.JPEG,Flakings,,0.9962,0.9948,0.0,True
C:\Users\acous\Desktop\sih2026\Railway Track Surface Faults Dataset\Flakings\5.MOV_20201223130541_4165.JPEG,5.MOV_20201223130541_4165.JPEG,Flakings,,0.9772,0.9592,0.0,True
C:\Users\acous\Desktop\sih2026\Railway Track Surface Faults Dataset\Flakings\5.MOV_20201223130541_4166.JPEG,5.MOV_20201223130541_4166.JPEG,Flakings,,0.9869,0.979,0.0,True
C:\Users\acous\Desktop\sih2026\Railway Track Surface Faults Dataset\Flakings\5.MOV_20201223130541_4167.JPEG,5.MOV_20201223130541_4167.JPEG,Flakings,,0.9813,0.9666,0.0,True
C:\Users\acous\Desktop\sih2026\Railway Track Surface Faults Dataset\Flakings\5.MOV_20201223130541_4168.JPEG,5.MOV_20201223130541_4168.JPEG,Flakings,,0.9822,0.9727,0.0,True
C:\Users\acous\Desktop\sih2026\Railway Track Surface Faults Dataset\Flakings\5.MOV_20201223130541_4169.JPEG,5.MOV_20201223130541_4169.JPEG,Flakings,,0.952,0.9183,0.0,True
C:\Users\acous\Desktop\sih2026\Railway Track Surface Faults Dataset\Flakings\5.MOV_20201223130541_4170.JPEG,5.MOV_20201223130541_4170.JPEG,Flakings,,0.7106,0.4281,0.0,True
C:\Users\acous\Desktop\sih2026\Railway Track Surface Faults Dataset\Flakings\5.MOV_20201223130541_4171.JPEG,5.MOV_20201223130541_4171.JPEG,Flakings,,0.9691,0.9492,0.0,True
C:\Users\acous\Desktop\sih2026\Railway Track Surface Faults Dataset\Flakings\5.MOV_20201223130541_4172.JPEG,5.MOV_20201223130541_4172.JPEG,Flakings,,0.9607,0.9319,0.0,True
C:\Users\acous\Desktop\sih2026\Railway Track Surface Faults Dataset\Flakings\5.MOV_20201223130541_4173.JPEG,5.MOV_20201223130541_4173.JPEG,Flakings,,0.9834,0.9717,0.0,True
C:\Users\acous\Desktop\sih2026\Railway Track Surface Faults Dataset\Flakings\5.MOV_20201223130541_4174.JPEG,5.MOV_20201223130541_4174.JPEG,Flakings,,0.7486,0.4991,0.0,True
C:\Users\acous\Desktop\sih2026\Railway Track Surface Faults Dataset\Flakings\5.MOV_20201223130541_4175.JPEG,5.MOV_20201223130541_4175.JPEG,Flakings,,0.9947,0.9902,0.0,True
C:\Users\acous\Desktop\sih2026\Railway Track Surface Faults Dataset\Flakings\5.MOV_20201223130541_4176.JPEG,5.MOV_20201223130541_4176.JPEG,Flakings,,0.9994,0.999,0.0,True
C:\Users\acous\Desktop\sih2026\Railway Track Surface Faults Dataset\Flakings\5.MOV_20201223130541_4177.JPEG,5.MOV_20201223130541_4177.JPEG,Flakings,,0.9998,0.9997,0.0,True
C:\Users\acous\Desktop\sih2026\Railway Track Surface Faults Dataset\Flakings\5.MOV_20201223130541_4178.JPEG,5.MOV_20201223130541_4178.JPEG,Flakings,,0.9996,0.9993,0.0,True
C:\Users\acous\Desktop\sih2026\Railway Track Surface Faults Dataset\Flakings\5.MOV_20201223130541_4179.JPEG,5.MOV_20201223130541_4179.JPEG,Flakings,,0.9997,0.9995,0.0,True
C:\Users\acous\Desktop\sih2026\Railway Track Surface Faults Dataset\Flakings\5.MOV_20201223130541_4180.JPEG,5.MOV_20201223130541_4180.JPEG,Flakings,,0.9995,0.999,0.0,True
C:\Users\acous\Desktop\sih2026\Railway Track Surface Faults Dataset\Flakings\5.MOV_20201223130541_4181.JPEG,5.MOV_20201223130541_4181.JPEG,Flakings,,0.9993,0.9989,0.0,True
C:\Users\acous\Desktop\sih2026\Railway Track Surface Faults Dataset\Flakings\5.MOV_20201223130541_4182.JPEG,5.MOV_20201223130541_4182.JPEG,Flakings,,0.9986,0.9974,0.0,True
C:\Users\acous\Desktop\sih2026\Railway Track Surface Faults Dataset\Flakings\5.MOV_20201223130541_4183.JPEG,5.MOV_20201223130541_4183.JPEG,Flakings,,0.9968,0.9946,0.0,True
C:\Users\acous\Desktop\sih2026\Railway Track Surface Faults Dataset\Flakings\5.MOV_20201223130541_4184.JPEG,5.MOV_20201223130541_4184.JPEG,Flakings,,0.9973,0.9958,0.0,True
C:\Users\acous\Desktop\sih2026\Railway Track Surface Faults Dataset\Flakings\5.MOV_20201223130541_4185.JPEG,5.MOV_20201223130541_4185.JPEG,Flakings,,0.9658,0.9393,0.0,True
C:\Users\acous\Desktop\sih2026\Railway Track Surface Faults Dataset\Flakings\5.MOV_20201223130541_4186.JPEG,5.MOV_20201223130541_4186.JPEG,Flakings,,0.9876,0.9759,0.0,True
C:\Users\acous\Desktop\sih2026\Railway Track Surface Faults Dataset\Flakings\5.MOV_20201223130541_4187.JPEG,5.MOV_20201223130541_4187.JPEG,Flakings,,0.9877,0.9768,0.0,True
C:\Users\acous\Desktop\sih2026\Railway Track Surface Faults Dataset\Flakings\5.MOV_20201223130541_4188.JPEG,5.MOV_20201223130541_4188.JPEG,Flakings,,0.99,0.9805,0.0,True
C:\Users\acous\Desktop\sih2026\Railway Track Surface Faults Dataset\Flakings\5.MOV_20201223130541_4189.JPEG,5.MOV_20201223130541_4189.JPEG,Flakings,,0.9909,0.9822,0.0,True
C:\Users\acous\Desktop\sih2026\Railway Track Surface Faults Dataset\Flakings\5.MOV_20201223130541_4190.JPEG,5.MOV_20201223130541_4190.JPEG,Flakings,,0.9802,0.961,0.0,True
C:\Users\acous\Desktop\sih2026\Railway Track Surface Faults Dataset\Flakings\5.MOV_20201223130541_4191.JPEG,5.MOV_20201223130541_4191.JPEG,Flakings,,0.9872,0.9794,0.0,True
C:\Users\acous\Desktop\sih2026\Railway Track Surface Faults Dataset\Flakings\5.MOV_20201223130541_4192.JPEG,5.MOV_20201223130541_4192.JPEG,Flakings,,0.9815,0.9666,0.0,True
C:\Users\acous\Desktop\sih2026\Railway Track Surface Faults Dataset\Flakings\5.MOV_20201223130541_4193.JPEG,5.MOV_20201223130541_4193.JPEG,Flakings,,0.9936,0.9884,0.0,True
C:\Users\acous\Desktop\sih2026\Railway Track Surface Faults Dataset\Flakings\5.MOV_20201223130541_4194.JPEG,5.MOV_20201223130541_4194.JPEG,Flakings,,0.9657,0.932,0.0,True
C:\Users\acous\Desktop\sih2026\Railway Track Surface Faults Dataset\Flakings\5.MOV_20201223130541_4195.JPEG,5.MOV_20201223130541_4195.JPEG,Flakings,,0.9991,0.9987,0.0,True
C:\Users\acous\Desktop\sih2026\Railway Track Surface Faults Dataset\Flakings\5.MOV_20201223130541_4196.JPEG,5.MOV_20201223130541_4196.JPEG,Flakings,,0.9979,0.996,0.0,True
C:\Users\acous\Desktop\sih2026\Railway Track Surface Faults Dataset\Flakings\5.MOV_20201223130541_4197.JPEG,5.MOV_20201223130541_4197.JPEG,Flakings,,0.9848,0.9726,0.0,True
C:\Users\acous\Desktop\sih2026\Railway Track Surface Faults Dataset\Flakings\5.MOV_20201223130541_4198.JPEG,5.MOV_20201223130541_4198.JPEG,Flakings,,0.9932,0.9877,0.0,True
C:\Users\acous\Desktop\sih2026\Railway Track Surface Faults Dataset\Flakings\5.MOV_20201223130541_4199.JPEG,5.MOV_20201223130541_4199.JPEG,Flakings,,0.9882,0.9782,0.0,True
C:\Users\acous\Desktop\sih2026\Railway Track Surface Faults Dataset\Flakings\5.MOV_20201223130541_4200.JPEG,5.MOV_20201223130541_4200.JPEG,Flakings,,0.9881,0.9771,0.0,True
C:\Users\acous\Desktop\sih2026\Railway Track Surface Faults Dataset\Flakings\5.MOV_20201223130541_4201.JPEG,5.MOV_20201223130541_4201.JPEG,Flakings,,0.9838,0.9722,0.0,True
C:\Users\acous\Desktop\sih2026\Railway Track Surface Faults Dataset\Flakings\5.MOV_20201223130541_4202.JPEG,5.MOV_20201223130541_4202.JPEG,Flakings,,0.9776,0.9595,0.0,True
C:\Users\acous\Desktop\sih2026\Railway Track Surface Faults Dataset\Flakings\5.MOV_20201223130541_4203.JPEG,5.MOV_20201223130541_4203.JPEG,Flakings,,0.8084,0.6512,0.0,True
C:\Users\acous\Desktop\sih2026\Railway Track Surface Faults Dataset\Flakings\5.MOV_20201223130541_4204.JPEG,5.MOV_20201223130541_4204.JPEG,Flakings,,0.9667,0.9362,0.0,True
C:\Users\acous\Desktop\sih2026\Railway Track Surface Faults Dataset\Flakings\5.MOV_20201223130541_4205.JPEG,5.MOV_20201223130541_4205.JPEG,Flakings,,0.9664,0.9348,0.0,True
C:\Users\acous\Desktop\sih2026\Railway Track Surface Faults Dataset\Flakings\5.MOV_20201223130541_4206.JPEG,5.MOV_20201223130541_4206.JPEG,Flakings,,0.9885,0.9772,0.0,True
C:\Users\acous\Desktop\sih2026\Railway Track Surface Faults Dataset\Flakings\5.MOV_20201223130541_4207.JPEG,5.MOV_20201223130541_4207.JPEG,Flakings,,0.9543,0.9122,0.0,True
C:\Users\acous\Desktop\sih2026\Railway Track Surface Faults Dataset\Flakings\5.MOV_20201223130541_4208.JPEG,5.MOV_20201223130541_4208.JPEG,Flakings,,0.9925,0.9888,0.0,True
C:\Users\acous\Desktop\sih2026\Railway Track Surface Faults Dataset\Flakings\5.MOV_20201223130541_4209.JPEG,5.MOV_20201223130541_4209.JPEG,Flakings,,0.9991,0.9985,0.0,True
C:\Users\acous\Desktop\sih2026\Railway Track Surface Faults Dataset\Flakings\5.MOV_20201223130541_4210.JPEG,5.MOV_20201223130541_4210.JPEG,Flakings,,0.9988,0.998,0.0,True
C:\Users\acous\Desktop\sih2026\Railway Track Surface Faults Dataset\Flakings\5.MOV_20201223130541_4211.JPEG,5.MOV_20201223130541_4211.JPEG,Flakings,,0.9764,0.953,0.0,True
C:\Users\acous\Desktop\sih2026\Railway Track Surface Faults Dataset\Flakings\5.MOV_20201223130541_4212.JPEG,5.MOV_20201223130541_4212.JPEG,Flakings,,0.9958,0.9921,0.0,True
C:\Users\acous\Desktop\sih2026\Railway Track Surface Faults Dataset\Flakings\5.MOV_20201223130541_4213.JPEG,5.MOV_20201223130541_4213.JPEG,Flakings,,0.9991,0.9986,0.0,True
C:\Users\acous\Desktop\sih2026\Railway Track Surface Faults Dataset\Flakings\5.MOV_20201223130541_4214.JPEG,5.MOV_20201223130541_4214.JPEG,Flakings,,0.9974,0.9957,0.0,True
C:\Users\acous\Desktop\sih2026\Railway Track Surface Faults Dataset\Flakings\5.MOV_20201223130541_4215.JPEG,5.MOV_20201223130541_4215.JPEG,Flakings,,0.9978,0.9964,0.0,True
C:\Users\acous\Desktop\sih2026\Railway Track Surface Faults Dataset\Flakings\5.MOV_20201223130541_4216.JPEG,5.MOV_20201223130541_4216.JPEG,Flakings,,0.9802,0.9654,0.0,True
C:\Users\acous\Desktop\sih2026\Railway Track Surface Faults Dataset\Flakings\5.MOV_20201223130541_4217.JPEG,5.MOV_20201223130541_4217.JPEG,Flakings,,0.9936,0.9892,0.0,True
C:\Users\acous\Desktop\sih2026\Railway Track Surface Faults Dataset\Flakings\5.MOV_20201223130541_4218.JPEG,5.MOV_20201223130541_4218.JPEG,Flakings,,0.9683,0.951,0.0,True
C:\Users\acous\Desktop\sih2026\Railway Track Surface Faults Dataset\Flakings\5.MOV_20201223130541_4219.JPEG,5.MOV_20201223130541_4219.JPEG,Flakings,,0.9929,0.9888,0.0,True
C:\Users\acous\Desktop\sih2026\Railway Track Surface Faults Dataset\Flakings\5.MOV_20201223130541_4220.JPEG,5.MOV_20201223130541_4220.JPEG,Flakings,,0.9183,0.8417,0.0,True
C:\Users\acous\Desktop\sih2026\Railway Track Surface Faults Dataset\Flakings\5.MOV_20201223130541_4221.JPEG,5.MOV_20201223130541_4221.JPEG,Flakings,,0.9531,0.9157,0.0,True
C:\Users\acous\Desktop\sih2026\Railway Track Surface Faults Dataset\Flakings\5.MOV_20201223130541_4222.JPEG,5.MOV_20201223130541_4222.JPEG,Flakings,,0.9942,0.9907,0.0,True
C:\Users\acous\Desktop\sih2026\Railway Track Surface Faults Dataset\Flakings\5.MOV_20201223130541_4223.JPEG,5.MOV_20201223130541_4223.JPEG,Flakings,,0.9276,0.8569,0.0,True
C:\Users\acous\Desktop\sih2026\Railway Track Surface Faults Dataset\Flakings\5.MOV_20201223130541_4224.JPEG,5.MOV_20201223130541_4224.JPEG,Flakings,,0.9823,0.9656,0.0,True
C:\Users\acous\Desktop\sih2026\Railway Track Surface Faults Dataset\Flakings\5.MOV_20201223130541_4225.JPEG,5.MOV_20201223130541_4225.JPEG,Flakings,,0.9589,0.9182,0.0,True
C:\Users\acous\Desktop\sih2026\Railway Track Surface Faults Dataset\Flakings\5.MOV_20201223130541_4226.JPEG,5.MOV_20201223130541_4226.JPEG,Flakings,,0.9909,0.9821,0.0,True
C:\Users\acous\Desktop\sih2026\Railway Track Surface Faults Dataset\Flakings\5.MOV_20201223130541_4227.JPEG,5.MOV_20201223130541_4227.JPEG,Flakings,,0.9982,0.9965,0.0,True
C:\Users\acous\Desktop\sih2026\Railway Track Surface Faults Dataset\Flakings\5.MOV_20201223130541_4228.JPEG,5.MOV_20201223130541_4228.JPEG,Flakings,,0.9645,0.9291,0.0,True
C:\Users\acous\Desktop\sih2026\Railway Track Surface Faults Dataset\Flakings\5.MOV_20201223130541_4229.JPEG,5.MOV_20201223130541_4229.JPEG,Flakings,,0.9639,0.9285,0.0,True
C:\Users\acous\Desktop\sih2026\Railway Track Surface Faults Dataset\Flakings\5.MOV_20201223130541_4230.JPEG,5.MOV_20201223130541_4230.JPEG,Flakings,,0.9932,0.9883,0.0,True
C:\Users\acous\Desktop\sih2026\Railway Track Surface Faults Dataset\Flakings\5.MOV_20201223130541_4231.JPEG,5.MOV_20201223130541_4231.JPEG,Flakings,,0.9956,0.9931,0.0,True
C:\Users\acous\Desktop\sih2026\Railway Track Surface Faults Dataset\Flakings\5.MOV_20201223130541_4232.JPEG,5.MOV_20201223130541_4232.JPEG,Flakings,,0.6168,0.2346,0.0,True
C:\Users\acous\Desktop\sih2026\Railway Track Surface Faults Dataset\Flakings\5.MOV_20201223130541_4233.JPEG,5.MOV_20201223130541_4233.JPEG,Flakings,,0.9865,0.9789,0.0,True
C:\Users\acous\Desktop\sih2026\Railway Track Surface Faults Dataset\Flakings\5.MOV_20201223130541_4234.JPEG,5.MOV_20201223130541_4234.JPEG,Flakings,,0.9785,0.9595,0.0,True
C:\Users\acous\Desktop\sih2026\Railway Track Surface Faults Dataset\Flakings\5.MOV_20201223130541_4235.JPEG,5.MOV_20201223130541_4235.JPEG,Flakings,,0.9856,0.9788,0.0,True
C:\Users\acous\Desktop\sih2026\Railway Track Surface Faults Dataset\Flakings\5.MOV_20201223130541_4236.JPEG,5.MOV_20201223130541_4236.JPEG,Flakings,,0.9905,0.9829,0.0,True
C:\Users\acous\Desktop\sih2026\Railway Track Surface Faults Dataset\Flakings\5.MOV_20201223130541_4237.JPEG,5.MOV_20201223130541_4237.JPEG,Flakings,,0.9919,0.9847,0.0,True
C:\Users\acous\Desktop\sih2026\Railway Track Surface Faults Dataset\Flakings\5.MOV_20201223130541_4238.JPEG,5.MOV_20201223130541_4238.JPEG,Flakings,,0.9966,0.9941,0.0,True
C:\Users\acous\Desktop\sih2026\Railway Track Surface Faults Dataset\Flakings\5.MOV_20201223130541_4239.JPEG,5.MOV_20201223130541_4239.JPEG,Flakings,,0.9944,0.9901,0.0,True
C:\Users\acous\Desktop\sih2026\Railway Track Surface Faults Dataset\Flakings\5.MOV_20201223130541_4240.JPEG,5.MOV_20201223130541_4240.JPEG,Flakings,,0.9943,0.9907,0.0,True
C:\Users\acous\Desktop\sih2026\Railway Track Surface Faults Dataset\Flakings\5.MOV_20201223130541_4241.JPEG,5.MOV_20201223130541_4241.JPEG,Flakings,,0.9972,0.9952,0.0,True
C:\Users\acous\Desktop\sih2026\Railway Track Surface Faults Dataset\Flakings\5.MOV_20201223130541_4242.JPEG,5.MOV_20201223130541_4242.JPEG,Flakings,,0.9967,0.9944,0.0,True
C:\Users\acous\Desktop\sih2026\Railway Track Surface Faults Dataset\Flakings\5.MOV_20201223130541_4243.JPEG,5.MOV_20201223130541_4243.JPEG,Flakings,,0.9989,0.9983,0.0,True
C:\Users\acous\Desktop\sih2026\Railway Track Surface Faults Dataset\Flakings\5.MOV_20201223130541_4244.JPEG,5.MOV_20201223130541_4244.JPEG,Flakings,,0.9992,0.9987,0.0,True
C:\Users\acous\Desktop\sih2026\Railway Track Surface Faults Dataset\Flakings\5.MOV_20201223130541_4245.JPEG,5.MOV_20201223130541_4245.JPEG,Flakings,,0.9983,0.9972,0.0,True
C:\Users\acous\Desktop\sih2026\Railway Track Surface Faults Dataset\Flakings\5.MOV_20201223130541_4246.JPEG,5.MOV_20201223130541_4246.JPEG,Flakings,,0.9989,0.9982,0.0,True
C:\Users\acous\Desktop\sih2026\Railway Track Surface Faults Dataset\Flakings\5.MOV_20201223130541_4247.JPEG,5.MOV_20201223130541_4247.JPEG,Flakings,,0.9921,0.9863,0.0,True
C:\Users\acous\Desktop\sih2026\Railway Track Surface Faults Dataset\Flakings\5.MOV_20201223130541_4248.JPEG,5.MOV_20201223130541_4248.JPEG,Flakings,,0.9984,0.9971,0.0,True
C:\Users\acous\Desktop\sih2026\Railway Track Surface Faults Dataset\Flakings\5.MOV_20201223130541_4249.JPEG,5.MOV_20201223130541_4249.JPEG,Flakings,,0.9986,0.9976,0.0,True
C:\Users\acous\Desktop\sih2026\Railway Track Surface Faults Dataset\Flakings\5.MOV_20201223130541_4250.JPEG,5.MOV_20201223130541_4250.JPEG,Flakings,,0.9969,0.9945,0.0,True
C:\Users\acous\Desktop\sih2026\Railway Track Surface Faults Dataset\Flakings\5.MOV_20201223130541_4251.JPEG,5.MOV_20201223130541_4251.JPEG,Flakings,,0.9943,0.9896,0.0,True
C:\Users\acous\Desktop\sih2026\Railway Track Surface Faults Dataset\Flakings\5.MOV_20201223130541_4252.JPEG,5.MOV_20201223130541_4252.JPEG,Flakings,,0.8634,0.7282,0.0,True
C:\Users\acous\Desktop\sih2026\Railway Track Surface Faults Dataset\Flakings\5.MOV_20201223130541_4253.JPEG,5.MOV_20201223130541_4253.JPEG,Flakings,,0.9997,0.9994,0.0,True
C:\Users\acous\Desktop\sih2026\Railway Track Surface Faults Dataset\Flakings\5.MOV_20201223130541_5291.JPEG,5.MOV_20201223130541_5291.JPEG,Flakings,,0.8701,0.7413,0.0,True
C:\Users\acous\Desktop\sih2026\Railway Track Surface Faults Dataset\Flakings\5.MOV_20201223130541_5292.JPEG,5.MOV_20201223130541_5292.JPEG,Flakings,,0.9372,0.8752,0.0,True
C:\Users\acous\Desktop\sih2026\Railway Track Surface Faults Dataset\Flakings\5.MOV_20201223130541_5293.JPEG,5.MOV_20201223130541_5293.JPEG,Flakings,,0.7564,0.5148,0.0,True
C:\Users\acous\Desktop\sih2026\Railway Track Surface Faults Dataset\Flakings\5.MOV_20201223130541_5294.JPEG,5.MOV_20201223130541_5294.JPEG,Flakings,,0.6769,0.3712,0.0,True
C:\Users\acous\Desktop\sih2026\Railway Track Surface Faults Dataset\Flakings\5.MOV_20201223130541_5295.JPEG,5.MOV_20201223130541_5295.JPEG,Flakings,,0.8166,0.6354,0.0,True
C:\Users\acous\Desktop\sih2026\Railway Track Surface Faults Dataset\Flakings\5.MOV_20201223130541_5296.JPEG,5.MOV_20201223130541_5296.JPEG,Flakings,,0.9009,0.8062,0.0,True
C:\Users\acous\Desktop\sih2026\Railway Track Surface Faults Dataset\Flakings\5.MOV_20201223130541_5297.JPEG,5.MOV_20201223130541_5297.JPEG,Flakings,,0.5878,0.1797,0.0,True
C:\Users\acous\Desktop\sih2026\Railway Track Surface Faults Dataset\Flakings\5.MOV_20201223130541_5301.JPEG,5.MOV_20201223130541_5301.JPEG,Flakings,,0.9614,0.9394,0.0,True
C:\Users\acous\Desktop\sih2026\Railway Track Surface Faults Dataset\Flakings\5.MOV_20201223130541_5302.JPEG,5.MOV_20201223130541_5302.JPEG,Flakings,,0.9921,0.987,0.0,True
C:\Users\acous\Desktop\sih2026\Railway Track Surface Faults Dataset\Flakings\5.MOV_20201223130541_5303.JPEG,5.MOV_20201223130541_5303.JPEG,Flakings,,0.5054,0.0293,0.0,True
C:\Users\acous\Desktop\sih2026\Railway Track Surface Faults Dataset\Flakings\5.MOV_20201223130541_5314.JPEG,5.MOV_20201223130541_5314.JPEG,Flakings,,0.867,0.7438,0.0,True
C:\Users\acous\Desktop\sih2026\Railway Track Surface Faults Dataset\Flakings\5.MOV_20201223130541_5315.JPEG,5.MOV_20201223130541_5315.JPEG,Flakings,,0.7101,0.4248,0.0,True
C:\Users\acous\Desktop\sih2026\Railway Track Surface Faults Dataset\Flakings\5.MOV_20201223130541_5316.JPEG,5.MOV_20201223130541_5316.JPEG,Flakings,,0.5509,0.1043,0.0,True
C:\Users\acous\Desktop\sih2026\Railway Track Surface Faults Dataset\Flakings\5.MOV_20201223130541_5317.JPEG,5.MOV_20201223130541_5317.JPEG,Flakings,,0.8021,0.6095,0.0,True
C:\Users\acous\Desktop\sih2026\Railway Track Surface Faults Dataset\Flakings\5.MOV_20201223130541_5354.JPEG,5.MOV_20201223130541_5354.JPEG,Flakings,,0.7182,0.5133,0.0,True
C:\Users\acous\Desktop\sih2026\Railway Track Surface Faults Dataset\Flakings\5.MOV_20201223130541_5355.JPEG,5.MOV_20201223130541_5355.JPEG,Flakings,,0.9115,0.8679,0.0,True
C:\Users\acous\Desktop\sih2026\Railway Track Surface Faults Dataset\Flakings\5.MOV_20201223130541_5356.JPEG,5.MOV_20201223130541_5356.JPEG,Flakings,,0.5365,0.1164,0.0,True
C:\Users\acous\Desktop\sih2026\Railway Track Surface Faults Dataset\Flakings\5.MOV_20201223130541_5357.JPEG,5.MOV_20201223130541_5357.JPEG,Flakings,,0.5771,0.224,0.0,True
C:\Users\acous\Desktop\sih2026\Railway Track Surface Faults Dataset\Flakings\5.MOV_20201223130541_5358.JPEG,5.MOV_20201223130541_5358.JPEG,Flakings,,0.6823,0.5111,0.0,True
C:\Users\acous\Desktop\sih2026\Railway Track Surface Faults Dataset\Flakings\5.MOV_20201223130541_5359.JPEG,5.MOV_20201223130541_5359.JPEG,Flakings,,0.4949,0.004,0.0,True
C:\Users\acous\Desktop\sih2026\Railway Track Surface Faults Dataset\Flakings\5.MOV_20201223130541_5360.JPEG,5.MOV_20201223130541_5360.JPEG,Flakings,,0.7736,0.5696,0.0,True
C:\Users\acous\Desktop\sih2026\Railway Track Surface Faults Dataset\Flakings\5.MOV_20201223130541_5361.JPEG,5.MOV_20201223130541_5361.JPEG,Flakings,,0.6476,0.3005,0.0,True
C:\Users\acous\Desktop\sih2026\Railway Track Surface Faults Dataset\Flakings\5.MOV_20201223130541_5362.JPEG,5.MOV_20201223130541_5362.JPEG,Flakings,,0.8773,0.7552,0.0,True
C:\Users\acous\Desktop\sih2026\Railway Track Surface Faults Dataset\Flakings\5.MOV_20201223130541_5401.JPEG,5.MOV_20201223130541_5401.JPEG,Flakings,,0.9404,0.8929,0.0,True
C:\Users\acous\Desktop\sih2026\Railway Track Surface Faults Dataset\Flakings\5.MOV_20201223130541_5442.JPEG,5.MOV_20201223130541_5442.JPEG,Flakings,,0.9229,0.8698,0.0,True
C:\Users\acous\Desktop\sih2026\Railway Track Surface Faults Dataset\Flakings\5.MOV_20201223130541_5443.JPEG,5.MOV_20201223130541_5443.JPEG,Flakings,,0.6636,0.3439,0.0,True
C:\Users\acous\Desktop\sih2026\Railway Track Surface Faults Dataset\Flakings\5.MOV_20201223130541_5444.JPEG,5.MOV_20201223130541_5444.JPEG,Flakings,,0.7455,0.4959,0.0,True
C:\Users\acous\Desktop\sih2026\Railway Track Surface Faults Dataset\Flakings\5.MOV_20201223130541_5445.JPEG,5.MOV_20201223130541_5445.JPEG,Flakings,,0.807,0.6186,0.0,True
C:\Users\acous\Desktop\sih2026\Railway Track Surface Faults Dataset\Flakings\5.MOV_20201223130541_5446.JPEG,5.MOV_20201223130541_5446.JPEG,Flakings,,0.6526,0.3079,0.0,True
C:\Users\acous\Desktop\sih2026\Railway Track Surface Faults Dataset\Flakings\5.MOV_20201223130541_5471.JPEG,5.MOV_20201223130541_5471.JPEG,Flakings,,0.8097,0.6281,0.0,True
C:\Users\acous\Desktop\sih2026\Railway Track Surface Faults Dataset\Flakings\5.MOV_20201223130541_5472.JPEG,5.MOV_20201223130541_5472.JPEG,Flakings,,0.8518,0.7041,0.0,True
C:\Users\acous\Desktop\sih2026\Railway Track Surface Faults Dataset\Flakings\5.MOV_20201223130541_5496.JPEG,5.MOV_20201223130541_5496.JPEG,Flakings,,0.9159,0.8664,0.0,True
C:\Users\acous\Desktop\sih2026\Railway Track Surface Faults Dataset\Flakings\5.MOV_20201223130541_5497.JPEG,5.MOV_20201223130541_5497.JPEG,Flakings,,0.9148,0.8539,0.0,True
C:\Users\acous\Desktop\sih2026\Railway Track Surface Faults Dataset\Flakings\5.MOV_20201223130541_5498.JPEG,5.MOV_20201223130541_5498.JPEG,Flakings,,0.7231,0.5299,0.0,True
C:\Users\acous\Desktop\sih2026\Railway Track Surface Faults Dataset\Flakings\5.MOV_20201223130541_5499.JPEG,5.MOV_20201223130541_5499.JPEG,Flakings,,0.8183,0.7141,0.0,True
C:\Users\acous\Desktop\sih2026\Railway Track Surface Faults Dataset\Flakings\5.MOV_20201223130541_5500.JPEG,5.MOV_20201223130541_5500.JPEG,Flakings,,0.7246,0.479,0.0,True
C:\Users\acous\Desktop\sih2026\Railway Track Surface Faults Dataset\Flakings\5.MOV_20201223130541_5508.JPEG,5.MOV_20201223130541_5508.JPEG,Flakings,,0.8765,0.7976,0.0,True
C:\Users\acous\Desktop\sih2026\Railway Track Surface Faults Dataset\Flakings\5.MOV_20201223130541_5509.JPEG,5.MOV_20201223130541_5509.JPEG,Flakings,,0.9227,0.8706,0.0,True
C:\Users\acous\Desktop\sih2026\Railway Track Surface Faults Dataset\Flakings\5.MOV_20201223130541_6421.JPEG,5.MOV_20201223130541_6421.JPEG,Flakings,,0.7665,0.6144,0.0,True
C:\Users\acous\Desktop\sih2026\Railway Track Surface Faults Dataset\Flakings\5.MOV_20201223130541_6422.JPEG,5.MOV_20201223130541_6422.JPEG,Flakings,,0.9131,0.8511,0.0,True
C:\Users\acous\Desktop\sih2026\Railway Track Surface Faults Dataset\Flakings\5.MOV_20201223130541_6423.JPEG,5.MOV_20201223130541_6423.JPEG,Flakings,,0.7564,0.5905,0.0,True
C:\Users\acous\Desktop\sih2026\Railway Track Surface Faults Dataset\Flakings\5.MOV_20201223130541_6424.JPEG,5.MOV_20201223130541_6424.JPEG,Flakings,,0.8773,0.7842,0.0,True
C:\Users\acous\Desktop\sih2026\Railway Track Surface Faults Dataset\Flakings\5.MOV_20201223130541_6604.JPEG,5.MOV_20201223130541_6604.JPEG,Flakings,,0.8339,0.711,0.0,True
C:\Users\acous\Desktop\sih2026\Railway Track Surface Faults Dataset\Flakings\5.MOV_20201223130541_6605.JPEG,5.MOV_20201223130541_6605.JPEG,Flakings,,0.907,0.8542,0.0,True
C:\Users\acous\Desktop\sih2026\Railway Track Surface Faults Dataset\Flakings\5.MOV_20201223130541_6606.JPEG,5.MOV_20201223130541_6606.JPEG,Flakings,,0.6507,0.3364,0.0,True
C:\Users\acous\Desktop\sih2026\Railway Track Surface Faults Dataset\Flakings\5.MOV_20201223130541_6607.JPEG,5.MOV_20201223130541_6607.JPEG,Flakings,,0.8588,0.7916,0.0,True
C:\Users\acous\Desktop\sih2026\Railway Track Surface Faults Dataset\Flakings\5.MOV_20201223130541_6608.JPEG,5.MOV_20201223130541_6608.JPEG,Flakings,,0.6562,0.4578,0.0,True
C:\Users\acous\Desktop\sih2026\Railway Track Surface Faults Dataset\Flakings\5.MOV_20201223130541_6609.JPEG,5.MOV_20201223130541_6609.JPEG,Flakings,,0.5772,0.2243,0.0,True
C:\Users\acous\Desktop\sih2026\Railway Track Surface Faults Dataset\Flakings\5.MOV_20201223130541_6610.JPEG,5.MOV_20201223130541_6610.JPEG,Flakings,,0.8308,0.707,0.0,True
C:\Users\acous\Desktop\sih2026\Railway Track Surface Faults Dataset\Flakings\5.MOV_20201223130541_6611.JPEG,5.MOV_20201223130541_6611.JPEG,Flakings,,0.6276,0.2953,0.0,True
C:\Users\acous\Desktop\sih2026\Railway Track Surface Faults Dataset\Flakings\5.MOV_20201223130541_6612.JPEG,5.MOV_20201223130541_6612.JPEG,Flakings,,0.7324,0.5715,0.0,True
C:\Users\acous\Desktop\sih2026\Railway Track Surface Faults Dataset\Flakings\5.MOV_20201223130541_6613.JPEG,5.MOV_20201223130541_6613.JPEG,Flakings,,0.8151,0.7205,0.0,True
C:\Users\acous\Desktop\sih2026\Railway Track Surface Faults Dataset\Flakings\5.MOV_20201223130541_6614.JPEG,5.MOV_20201223130541_6614.JPEG,Flakings,,0.5944,0.3309,0.0,True
C:\Users\acous\Desktop\sih2026\Railway Track Surface Faults Dataset\Flakings\5.MOV_20201223130541_6797.JPEG,5.MOV_20201223130541_6797.JPEG,Flakings,,0.3557,0.0014,0.0,True
C:\Users\acous\Desktop\sih2026\Railway Track Surface Faults Dataset\Flakings\5.MOV_20201223130541_6798.JPEG,5.MOV_20201223130541_6798.JPEG,Flakings,,0.7985,0.6878,0.0,True
C:\Users\acous\Desktop\sih2026\Railway Track Surface Faults Dataset\Flakings\5.MOV_20201223130541_6799.JPEG,5.MOV_20201223130541_6799.JPEG,Flakings,,0.7323,0.5981,0.0,True
C:\Users\acous\Desktop\sih2026\Railway Track Surface Faults Dataset\Flakings\5.MOV_20201223130541_6800.JPEG,5.MOV_20201223130541_6800.JPEG,Flakings,,0.4423,0.0186,0.0,True
C:\Users\acous\Desktop\sih2026\Railway Track Surface Faults Dataset\Flakings\5.MOV_20201223130541_6801.JPEG,5.MOV_20201223130541_6801.JPEG,Flakings,,0.7316,0.4715,0.0,True
C:\Users\acous\Desktop\sih2026\Railway Track Surface Faults Dataset\Flakings\5.MOV_20201223130541_6802.JPEG,5.MOV_20201223130541_6802.JPEG,Flakings,,0.7997,0.638,0.0,True
C:\Users\acous\Desktop\sih2026\Railway Track Surface Faults Dataset\Flakings\5.MOV_20201223130541_6803.JPEG,5.MOV_20201223130541_6803.JPEG,Flakings,,0.5942,0.2036,0.0,True
C:\Users\acous\Desktop\sih2026\Railway Track Surface Faults Dataset\Flakings\5.MOV_20201223130541_6804.JPEG,5.MOV_20201223130541_6804.JPEG,Flakings,,0.5031,0.014,0.0,True
C:\Users\acous\Desktop\sih2026\Railway Track Surface Faults Dataset\Flakings\5.MOV_20201223130541_6805.JPEG,5.MOV_20201223130541_6805.JPEG,Flakings,,0.7896,0.5843,0.0,True
C:\Users\acous\Desktop\sih2026\Railway Track Surface Faults Dataset\Flakings\5.MOV_20201223130541_6806.JPEG,5.MOV_20201223130541_6806.JPEG,Flakings,,0.8151,0.6345,0.0,True
C:\Users\acous\Desktop\sih2026\Railway Track Surface Faults Dataset\Flakings\5.MOV_20201223130541_6807.JPEG,5.MOV_20201223130541_6807.JPEG,Flakings,,0.5306,0.1532,0.0,True
C:\Users\acous\Desktop\sih2026\Railway Track Surface Faults Dataset\Flakings\5.MOV_20201223130541_6808.JPEG,5.MOV_20201223130541_6808.JPEG,Flakings,,0.6032,0.2834,0.0,True
C:\Users\acous\Desktop\sih2026\Railway Track Surface Faults Dataset\Flakings\5.MOV_20201223130541_6809.JPEG,5.MOV_20201223130541_6809.JPEG,Flakings,,0.7081,0.4331,0.0,True
C:\Users\acous\Desktop\sih2026\Railway Track Surface Faults Dataset\Flakings\5.MOV_20201223130541_6810.JPEG,5.MOV_20201223130541_6810.JPEG,Flakings,,0.6749,0.4597,0.0,True
C:\Users\acous\Desktop\sih2026\Railway Track Surface Faults Dataset\Flakings\5.MOV_20201223130541_6811.JPEG,5.MOV_20201223130541_6811.JPEG,Flakings,,0.611,0.229,0.0,True
C:\Users\acous\Desktop\sih2026\Railway Track Surface Faults Dataset\Flakings\5.MOV_20201223130541_6812.JPEG,5.MOV_20201223130541_6812.JPEG,Flakings,,0.8262,0.6621,0.0,True
C:\Users\acous\Desktop\sih2026\Railway Track Surface Faults Dataset\Flakings\5.MOV_20201223130541_6813.JPEG,5.MOV_20201223130541_6813.JPEG,Flakings,,0.8102,0.6381,0.0,True
C:\Users\acous\Desktop\sih2026\Railway Track Surface Faults Dataset\Flakings\5.MOV_20201223130541_6814.JPEG,5.MOV_20201223130541_6814.JPEG,Flakings,,0.9425,0.8887,0.0,True
C:\Users\acous\Desktop\sih2026\Railway Track Surface Faults Dataset\Flakings\5.MOV_20201223130541_6815.JPEG,5.MOV_20201223130541_6815.JPEG,Flakings,,0.8176,0.6887,0.0,True
C:\Users\acous\Desktop\sih2026\Railway Track Surface Faults Dataset\Flakings\5.MOV_20201223130541_6816.JPEG,5.MOV_20201223130541_6816.JPEG,Flakings,,0.8366,0.7151,0.0,True
C:\Users\acous\Desktop\sih2026\Railway Track Surface Faults Dataset\Flakings\5.MOV_20201223130541_6817.JPEG,5.MOV_20201223130541_6817.JPEG,Flakings,,0.8123,0.6885,0.0,True
C:\Users\acous\Desktop\sih2026\Railway Track Surface Faults Dataset\Flakings\5.MOV_20201223130541_6818.JPEG,5.MOV_20201223130541_6818.JPEG,Flakings,,0.5404,0.1743,0.0,True
C:\Users\acous\Desktop\sih2026\Railway Track Surface Faults Dataset\Flakings\5.MOV_20201223130541_6819.JPEG,5.MOV_20201223130541_6819.JPEG,Flakings,,0.7941,0.6344,0.0,True
C:\Users\acous\Desktop\sih2026\Railway Track Surface Faults Dataset\Flakings\5.MOV_20201223130541_6820.JPEG,5.MOV_20201223130541_6820.JPEG,Flakings,,0.5801,0.1876,0.0,True
C:\Users\acous\Desktop\sih2026\Railway Track Surface Faults Dataset\Flakings\5.MOV_20201223130541_6821.JPEG,5.MOV_20201223130541_6821.JPEG,Flakings,,0.9287,0.8619,0.0,True
C:\Users\acous\Desktop\sih2026\Railway Track Surface Faults Dataset\Flakings\5.MOV_20201223130541_6822.JPEG,5.MOV_20201223130541_6822.JPEG,Flakings,,0.8729,0.7631,0.0,True
C:\Users\acous\Desktop\sih2026\Railway Track Surface Faults Dataset\Flakings\5.MOV_20201223130541_6823.JPEG,5.MOV_20201223130541_6823.JPEG,Flakings,,0.6813,0.3861,0.0,True
C:\Users\acous\Desktop\sih2026\Railway Track Surface Faults Dataset\Flakings\5.MOV_20201223130541_6824.JPEG,5.MOV_20201223130541_6824.JPEG,Flakings,,0.5466,0.2011,0.0,True
C:\Users\acous\Desktop\sih2026\Railway Track Surface Faults Dataset\Flakings\5.MOV_20201223130541_6825.JPEG,5.MOV_20201223130541_6825.JPEG,Flakings,,0.4521,0.1741,0.0,True
C:\Users\acous\Desktop\sih2026\Railway Track Surface Faults Dataset\Flakings\5.MOV_20201223130541_6826.JPEG,5.MOV_20201223130541_6826.JPEG,Flakings,,0.5067,0.194,0.0,True
C:\Users\acous\Desktop\sih2026\Railway Track Surface Faults Dataset\Flakings\5.MOV_20201223130541_6827.JPEG,5.MOV_20201223130541_6827.JPEG,Flakings,,0.6478,0.3988,0.0,True
C:\Users\acous\Desktop\sih2026\Railway Track Surface Faults Dataset\Flakings\5.MOV_20201223130541_6828.JPEG,5.MOV_20201223130541_6828.JPEG,Flakings,,0.836,0.714,0.0,True
C:\Users\acous\Desktop\sih2026\Railway Track Surface Faults Dataset\Flakings\5.MOV_20201223130541_6829.JPEG,5.MOV_20201223130541_6829.JPEG,Flakings,,0.9131,0.8362,0.0,True
C:\Users\acous\Desktop\sih2026\Railway Track Surface Faults Dataset\Flakings\5.MOV_20201223130541_6830.JPEG,5.MOV_20201223130541_6830.JPEG,Flakings,,0.8231,0.6746,0.0,True
C:\Users\acous\Desktop\sih2026\Railway Track Surface Faults Dataset\Flakings\5.MOV_20201223130541_6831.JPEG,5.MOV_20201223130541_6831.JPEG,Flakings,,0.8266,0.6722,0.0,True
C:\Users\acous\Desktop\sih2026\Railway Track Surface Faults Dataset\Flakings\5.MOV_20201223130541_6832.JPEG,5.MOV_20201223130541_6832.JPEG,Flakings,,0.6372,0.3213,0.0,True
C:\Users\acous\Desktop\sih2026\Railway Track Surface Faults Dataset\Flakings\5.MOV_20201223130541_6833.JPEG,5.MOV_20201223130541_6833.JPEG,Flakings,,0.6276,0.3084,0.0,True
C:\Users\acous\Desktop\sih2026\Railway Track Surface Faults Dataset\Flakings\5.MOV_20201223130541_6834.JPEG,5.MOV_20201223130541_6834.JPEG,Flakings,,0.5441,0.132,0.0,True
C:\Users\acous\Desktop\sih2026\Railway Track Surface Faults Dataset\Flakings\5.MOV_20201223130541_6835.JPEG,5.MOV_20201223130541_6835.JPEG,Flakings,,0.765,0.5673,0.0,True
C:\Users\acous\Desktop\sih2026\Railway Track Surface Faults Dataset\Flakings\5.MOV_20201223130541_6836.JPEG,5.MOV_20201223130541_6836.JPEG,Flakings,,0.8815,0.7876,0.0,True
C:\Users\acous\Desktop\sih2026\Railway Track Surface Faults Dataset\Flakings\5.MOV_20201223130541_6837.JPEG,5.MOV_20201223130541_6837.JPEG,Flakings,,0.7782,0.5677,0.0,True
C:\Users\acous\Desktop\sih2026\Railway Track Surface Faults Dataset\Flakings\5.MOV_20201223130541_6878.JPEG,5.MOV_20201223130541_6878.JPEG,Flakings,,0.9796,0.9636,0.0,True
C:\Users\acous\Desktop\sih2026\Railway Track Surface Faults Dataset\Flakings\5.MOV_20201223130541_6879.JPEG,5.MOV_20201223130541_6879.JPEG,Flakings,,0.967,0.9429,0.0,True
C:\Users\acous\Desktop\sih2026\Railway Track Surface Faults Dataset\Flakings\5.MOV_20201223130541_6880.JPEG,5.MOV_20201223130541_6880.JPEG,Flakings,,0.9584,0.9367,0.0,True
C:\Users\acous\Desktop\sih2026\Railway Track Surface Faults Dataset\Flakings\5.MOV_20201223130541_6881.JPEG,5.MOV_20201223130541_6881.JPEG,Flakings,,0.9671,0.9475,0.0,True
C:\Users\acous\Desktop\sih2026\Railway Track Surface Faults Dataset\Flakings\5.MOV_20201223130541_6882.JPEG,5.MOV_20201223130541_6882.JPEG,Flakings,,0.984,0.9756,0.0,True
C:\Users\acous\Desktop\sih2026\Railway Track Surface Faults Dataset\Flakings\5.MOV_20201223130541_6883.JPEG,5.MOV_20201223130541_6883.JPEG,Flakings,,0.9706,0.9514,0.0,True
C:\Users\acous\Desktop\sih2026\Railway Track Surface Faults Dataset\Flakings\5.MOV_20201223130541_6884.JPEG,5.MOV_20201223130541_6884.JPEG,Flakings,,0.9667,0.9467,0.0,True
C:\Users\acous\Desktop\sih2026\Railway Track Surface Faults Dataset\Flakings\5.MOV_20201223130541_6885.JPEG,5.MOV_20201223130541_6885.JPEG,Flakings,,0.9338,0.905,0.0,True
C:\Users\acous\Desktop\sih2026\Railway Track Surface Faults Dataset\Flakings\5.MOV_20201223130541_6886.JPEG,5.MOV_20201223130541_6886.JPEG,Flakings,,0.9544,0.9224,0.0,True
C:\Users\acous\Desktop\sih2026\Railway Track Surface Faults Dataset\Flakings\5.MOV_20201223130541_6887.JPEG,5.MOV_20201223130541_6887.JPEG,Flakings,,0.977,0.9625,0.0,True
C:\Users\acous\Desktop\sih2026\Railway Track Surface Faults Dataset\Flakings\5.MOV_20201223130541_6888.JPEG,5.MOV_20201223130541_6888.JPEG,Flakings,,0.951,0.9063,0.0,True
C:\Users\acous\Desktop\sih2026\Railway Track Surface Faults Dataset\Flakings\5.MOV_20201223130541_6889.JPEG,5.MOV_20201223130541_6889.JPEG,Flakings,,0.907,0.8177,0.0,True
C:\Users\acous\Desktop\sih2026\Railway Track Surface Faults Dataset\Flakings\5.MOV_20201223130541_6890.JPEG,5.MOV_20201223130541_6890.JPEG,Flakings,,0.9598,0.9228,0.0,True
C:\Users\acous\Desktop\sih2026\Railway Track Surface Faults Dataset\Flakings\5.MOV_20201223130541_6891.JPEG,5.MOV_20201223130541_6891.JPEG,Flakings,,0.7912,0.6189,0.0,True
C:\Users\acous\Desktop\sih2026\Railway Track Surface Faults Dataset\Flakings\5.MOV_20201223130541_6892.JPEG,5.MOV_20201223130541_6892.JPEG,Flakings,,0.603,0.2123,0.0,True
C:\Users\acous\Desktop\sih2026\Railway Track Surface Faults Dataset\Flakings\5.MOV_20201223130541_6893.JPEG,5.MOV_20201223130541_6893.JPEG,Flakings,,0.7742,0.5589,0.0,True
C:\Users\acous\Desktop\sih2026\Railway Track Surface Faults Dataset\Flakings\5.MOV_20201223130541_6894.JPEG,5.MOV_20201223130541_6894.JPEG,Flakings,,0.8612,0.725,0.0,True
C:\Users\acous\Desktop\sih2026\Railway Track Surface Faults Dataset\Flakings\5.MOV_20201223130541_6923.JPEG,5.MOV_20201223130541_6923.JPEG,Flakings,,0.5503,0.1165,0.0,True
C:\Users\acous\Desktop\sih2026\Railway Track Surface Faults Dataset\Flakings\5.MOV_20201223130541_6924.JPEG,5.MOV_20201223130541_6924.JPEG,Flakings,,0.9081,0.8206,0.0,True
C:\Users\acous\Desktop\sih2026\Railway Track Surface Faults Dataset\Flakings\5.MOV_20201223130541_6925.JPEG,5.MOV_20201223130541_6925.JPEG,Flakings,,0.7657,0.6345,0.0,True
C:\Users\acous\Desktop\sih2026\Railway Track Surface Faults Dataset\Flakings\5.MOV_20201223130541_6926.JPEG,5.MOV_20201223130541_6926.JPEG,Flakings,,0.7128,0.5568,0.0,True
C:\Users\acous\Desktop\sih2026\Railway Track Surface Faults Dataset\Flakings\5.MOV_20201223130541_6927.JPEG,5.MOV_20201223130541_6927.JPEG,Flakings,,0.471,0.1489,0.0,True
C:\Users\acous\Desktop\sih2026\Railway Track Surface Faults Dataset\Flakings\5.MOV_20201223130541_6928.JPEG,5.MOV_20201223130541_6928.JPEG,Flakings,,0.8947,0.8206,0.0,True
C:\Users\acous\Desktop\sih2026\Railway Track Surface Faults Dataset\Flakings\5.MOV_20201223130541_6929.JPEG,5.MOV_20201223130541_6929.JPEG,Flakings,,0.6507,0.323,0.0,True
C:\Users\acous\Desktop\sih2026\Railway Track Surface Faults Dataset\Flakings\5.MOV_20201223130541_6930.JPEG,5.MOV_20201223130541_6930.JPEG,Flakings,,0.7864,0.6378,0.0,True
C:\Users\acous\Desktop\sih2026\Railway Track Surface Faults Dataset\Flakings\5.MOV_20201223130541_6931.JPEG,5.MOV_20201223130541_6931.JPEG,Flakings,,0.8327,0.7093,0.0,True
C:\Users\acous\Desktop\sih2026\Railway Track Surface Faults Dataset\Flakings\5.MOV_20201223130541_6932.JPEG,5.MOV_20201223130541_6932.JPEG,Flakings,,0.7521,0.6095,0.0,True
C:\Users\acous\Desktop\sih2026\Railway Track Surface Faults Dataset\Flakings\5.MOV_20201223130541_6933.JPEG,5.MOV_20201223130541_6933.JPEG,Flakings,,0.5515,0.2332,0.0,True
C:\Users\acous\Desktop\sih2026\Railway Track Surface Faults Dataset\Flakings\5.MOV_20201223130541_6934.JPEG,5.MOV_20201223130541_6934.JPEG,Flakings,,0.5616,0.2231,0.0,True
C:\Users\acous\Desktop\sih2026\Railway Track Surface Faults Dataset\Flakings\5.MOV_20201223130541_6935.JPEG,5.MOV_20201223130541_6935.JPEG,Flakings,,0.8562,0.7674,0.0,True
C:\Users\acous\Desktop\sih2026\Railway Track Surface Faults Dataset\Flakings\5.MOV_20201223130541_6936.JPEG,5.MOV_20201223130541_6936.JPEG,Flakings,,0.92,0.8609,0.0,True
C:\Users\acous\Desktop\sih2026\Railway Track Surface Faults Dataset\Flakings\5.MOV_20201223130541_6937.JPEG,5.MOV_20201223130541_6937.JPEG,Flakings,,0.9524,0.922,0.0,True
C:\Users\acous\Desktop\sih2026\Railway Track Surface Faults Dataset\Flakings\5.MOV_20201223130541_6938.JPEG,5.MOV_20201223130541_6938.JPEG,Flakings,,0.9232,0.8656,0.0,True
C:\Users\acous\Desktop\sih2026\Railway Track Surface Faults Dataset\Flakings\5.MOV_20201223130541_6939.JPEG,5.MOV_20201223130541_6939.JPEG,Flakings,,0.9485,0.9221,0.0,True
C:\Users\acous\Desktop\sih2026\Railway Track Surface Faults Dataset\Flakings\5.MOV_20201223130541_6940.JPEG,5.MOV_20201223130541_6940.JPEG,Flakings,,0.9787,0.9685,0.0,True
C:\Users\acous\Desktop\sih2026\Railway Track Surface Faults Dataset\Flakings\5.MOV_20201223130541_6941.JPEG,5.MOV_20201223130541_6941.JPEG,Flakings,,0.667,0.3533,0.0,True
C:\Users\acous\Desktop\sih2026\Railway Track Surface Faults Dataset\Flakings\5.MOV_20201223130541_6952.JPEG,5.MOV_20201223130541_6952.JPEG,Flakings,,0.9785,0.9614,0.0,True
C:\Users\acous\Desktop\sih2026\Railway Track Surface Faults Dataset\Flakings\5.MOV_20201223130541_6953.JPEG,5.MOV_20201223130541_6953.JPEG,Flakings,,0.7504,0.5161,0.0,True
C:\Users\acous\Desktop\sih2026\Railway Track Surface Faults Dataset\Flakings\5.MOV_20201223130541_6954.JPEG,5.MOV_20201223130541_6954.JPEG,Flakings,,0.729,0.4724,0.0,True
C:\Users\acous\Desktop\sih2026\Railway Track Surface Faults Dataset\Flakings\5.MOV_20201223130541_6955.JPEG,5.MOV_20201223130541_6955.JPEG,Flakings,,0.8512,0.7193,0.0,True
C:\Users\acous\Desktop\sih2026\Railway Track Surface Faults Dataset\Flakings\5.MOV_20201223130541_6956.JPEG,5.MOV_20201223130541_6956.JPEG,Flakings,,0.8946,0.7931,0.0,True
C:\Users\acous\Desktop\sih2026\Railway Track Surface Faults Dataset\Flakings\5.MOV_20201223130541_6957.JPEG,5.MOV_20201223130541_6957.JPEG,Flakings,,0.881,0.7642,0.0,True
C:\Users\acous\Desktop\sih2026\Railway Track Surface Faults Dataset\Flakings\5.MOV_20201223130541_6958.JPEG,5.MOV_20201223130541_6958.JPEG,Flakings,,0.7369,0.528,0.0,True
C:\Users\acous\Desktop\sih2026\Railway Track Surface Faults Dataset\Flakings\5.MOV_20201223130541_6959.JPEG,5.MOV_20201223130541_6959.JPEG,Flakings,,0.8553,0.7759,0.0,True
C:\Users\acous\Desktop\sih2026\Railway Track Surface Faults Dataset\Flakings\5.MOV_20201223130541_6960.JPEG,5.MOV_20201223130541_6960.JPEG,Flakings,,0.901,0.8264,0.0,True
C:\Users\acous\Desktop\sih2026\Railway Track Surface Faults Dataset\Flakings\5.MOV_20201223130541_6961.JPEG,5.MOV_20201223130541_6961.JPEG,Flakings,,0.5459,0.1081,0.0,True
C:\Users\acous\Desktop\sih2026\Railway Track Surface Faults Dataset\Flakings\5.MOV_20201223130541_6962.JPEG,5.MOV_20201223130541_6962.JPEG,Flakings,,0.9011,0.8185,0.0,True
C:\Users\acous\Desktop\sih2026\Railway Track Surface Faults Dataset\Flakings\5.MOV_20201223130541_6963.JPEG,5.MOV_20201223130541_6963.JPEG,Flakings,,0.623,0.2587,0.0,True
C:\Users\acous\Desktop\sih2026\Railway Track Surface Faults Dataset\Flakings\5.MOV_20201223130541_6964.JPEG,5.MOV_20201223130541_6964.JPEG,Flakings,,0.6577,0.3316,0.0,True
C:\Users\acous\Desktop\sih2026\Railway Track Surface Faults Dataset\Flakings\5.MOV_20201223130541_6965.JPEG,5.MOV_20201223130541_6965.JPEG,Flakings,,0.6269,0.2587,0.0,True
C:\Users\acous\Desktop\sih2026\Railway Track Surface Faults Dataset\Flakings\5.MOV_20201223130541_6966.JPEG,5.MOV_20201223130541_6966.JPEG,Flakings,,0.553,0.1092,0.0,True
C:\Users\acous\Desktop\sih2026\Railway Track Surface Faults Dataset\Flakings\5.MOV_20201223130541_6994.JPEG,5.MOV_20201223130541_6994.JPEG,Flakings,,0.6191,0.3239,0.0,True
C:\Users\acous\Desktop\sih2026\Railway Track Surface Faults Dataset\Flakings\5.MOV_20201223130541_6995.JPEG,5.MOV_20201223130541_6995.JPEG,Flakings,,0.5494,0.1208,0.0,True
C:\Users\acous\Desktop\sih2026\Railway Track Surface Faults Dataset\Flakings\5.MOV_20201223130541_6996.JPEG,5.MOV_20201223130541_6996.JPEG,Flakings,,0.8131,0.7123,0.0,True
C:\Users\acous\Desktop\sih2026\Railway Track Surface Faults Dataset\Flakings\5.MOV_20201223130541_6997.JPEG,5.MOV_20201223130541_6997.JPEG,Flakings,,0.7513,0.5983,0.0,True
C:\Users\acous\Desktop\sih2026\Railway Track Surface Faults Dataset\Flakings\5.MOV_20201223130541_6998.JPEG,5.MOV_20201223130541_6998.JPEG,Flakings,,0.6511,0.436,0.0,True
C:\Users\acous\Desktop\sih2026\Railway Track Surface Faults Dataset\Flakings\5.MOV_20201223130541_6999.JPEG,5.MOV_20201223130541_6999.JPEG,Flakings,,0.7637,0.6133,0.0,True
C:\Users\acous\Desktop\sih2026\Railway Track Surface Faults Dataset\Flakings\5.MOV_20201223130541_7000.JPEG,5.MOV_20201223130541_7000.JPEG,Flakings,,0.9899,0.9812,0.0,True
C:\Users\acous\Desktop\sih2026\Railway Track Surface Faults Dataset\Flakings\5.MOV_20201223130541_7001.JPEG,5.MOV_20201223130541_7001.JPEG,Flakings,,0.9268,0.8787,0.0,True
C:\Users\acous\Desktop\sih2026\Railway Track Surface Faults Dataset\Flakings\5.MOV_20201223130541_7002.JPEG,5.MOV_20201223130541_7002.JPEG,Flakings,,0.5052,0.2202,0.0,True
C:\Users\acous\Desktop\sih2026\Railway Track Surface Faults Dataset\Flakings\5.MOV_20201223130541_7003.JPEG,5.MOV_20201223130541_7003.JPEG,Flakings,,0.6441,0.3914,0.0,True
C:\Users\acous\Desktop\sih2026\Railway Track Surface Faults Dataset\Flakings\5.MOV_20201223130541_7004.JPEG,5.MOV_20201223130541_7004.JPEG,Flakings,,0.8557,0.7857,0.0,True
C:\Users\acous\Desktop\sih2026\Railway Track Surface Faults Dataset\Flakings\5.MOV_20201223130541_7005.JPEG,5.MOV_20201223130541_7005.JPEG,Flakings,,0.6293,0.4501,0.0,True
C:\Users\acous\Desktop\sih2026\Railway Track Surface Faults Dataset\Flakings\5.MOV_20201223130541_7006.JPEG,5.MOV_20201223130541_7006.JPEG,Flakings,,0.6788,0.4318,0.0,True
C:\Users\acous\Desktop\sih2026\Railway Track Surface Faults Dataset\Flakings\5.MOV_20201223130541_7007.JPEG,5.MOV_20201223130541_7007.JPEG,Flakings,,0.7807,0.6232,0.0,True
C:\Users\acous\Desktop\sih2026\Railway Track Surface Faults Dataset\Flakings\5.MOV_20201223130541_7008.JPEG,5.MOV_20201223130541_7008.JPEG,Flakings,,0.9096,0.8545,0.0,True
C:\Users\acous\Desktop\sih2026\Railway Track Surface Faults Dataset\Flakings\5.MOV_20201223130541_7009.JPEG,5.MOV_20201223130541_7009.JPEG,Flakings,,0.5178,0.1174,0.0,True
C:\Users\acous\Desktop\sih2026\Railway Track Surface Faults Dataset\Flakings\5.MOV_20201223130541_7010.JPEG,5.MOV_20201223130541_7010.JPEG,Flakings,,0.8085,0.6626,0.0,True
C:\Users\acous\Desktop\sih2026\Railway Track Surface Faults Dataset\Flakings\5.MOV_20201223130541_7011.JPEG,5.MOV_20201223130541_7011.JPEG,Flakings,,0.7675,0.545,0.0,True
C:\Users\acous\Desktop\sih2026\Railway Track Surface Faults Dataset\Flakings\5.MOV_20201223130541_7012.JPEG,5.MOV_20201223130541_7012.JPEG,Flakings,,0.5471,0.1178,0.0,True
C:\Users\acous\Desktop\sih2026\Railway Track Surface Faults Dataset\Flakings\5.MOV_20201223130541_7013.JPEG,5.MOV_20201223130541_7013.JPEG,Flakings,,0.853,0.7586,0.0,True
C:\Users\acous\Desktop\sih2026\Railway Track Surface Faults Dataset\Flakings\5.MOV_20201223130541_7022.JPEG,5.MOV_20201223130541_7022.JPEG,Flakings,,0.4903,0.0324,0.0,True
C:\Users\acous\Desktop\sih2026\Railway Track Surface Faults Dataset\Flakings\5.MOV_20201223130541_7023.JPEG,5.MOV_20201223130541_7023.JPEG,Flakings,,0.9261,0.8599,0.0,True
C:\Users\acous\Desktop\sih2026\Railway Track Surface Faults Dataset\Flakings\5.MOV_20201223130541_7024.JPEG,5.MOV_20201223130541_7024.JPEG,Flakings,,0.9687,0.942,0.0,True
C:\Users\acous\Desktop\sih2026\Railway Track Surface Faults Dataset\Flakings\5.MOV_20201223130541_7025.JPEG,5.MOV_20201223130541_7025.JPEG,Flakings,,0.9634,0.9308,0.0,True
C:\Users\acous\Desktop\sih2026\Railway Track Surface Faults Dataset\Flakings\5.MOV_20201223130541_7150.JPEG,5.MOV_20201223130541_7150.JPEG,Flakings,,0.6319,0.4451,0.0,True
C:\Users\acous\Desktop\sih2026\Railway Track Surface Faults Dataset\Flakings\5.MOV_20201223130541_7151.JPEG,5.MOV_20201223130541_7151.JPEG,Flakings,,0.5119,0.0934,0.0,True
C:\Users\acous\Desktop\sih2026\Railway Track Surface Faults Dataset\Flakings\5.MOV_20201223130541_7152.JPEG,5.MOV_20201223130541_7152.JPEG,Flakings,,0.8298,0.7393,0.0,True
C:\Users\acous\Desktop\sih2026\Railway Track Surface Faults Dataset\Flakings\5.MOV_20201223130541_7153.JPEG,5.MOV_20201223130541_7153.JPEG,Flakings,,0.7782,0.6166,0.0,True
C:\Users\acous\Desktop\sih2026\Railway Track Surface Faults Dataset\Flakings\5.MOV_20201223130541_7154.JPEG,5.MOV_20201223130541_7154.JPEG,Flakings,,0.9018,0.8369,0.0,True
C:\Users\acous\Desktop\sih2026\Railway Track Surface Faults Dataset\Flakings\5.MOV_20201223130541_7155.JPEG,5.MOV_20201223130541_7155.JPEG,Flakings,,0.7846,0.5894,0.0,True
C:\Users\acous\Desktop\sih2026\Railway Track Surface Faults Dataset\Flakings\5.MOV_20201223130541_7156.JPEG,5.MOV_20201223130541_7156.JPEG,Flakings,,0.8988,0.8203,0.0,True
C:\Users\acous\Desktop\sih2026\Railway Track Surface Faults Dataset\Flakings\5.MOV_20201223130541_7157.JPEG,5.MOV_20201223130541_7157.JPEG,Flakings,,0.7723,0.5636,0.0,True
C:\Users\acous\Desktop\sih2026\Railway Track Surface Faults Dataset\Flakings\5.MOV_20201223130541_7158.JPEG,5.MOV_20201223130541_7158.JPEG,Flakings,,0.5738,0.1777,0.0,True
C:\Users\acous\Desktop\sih2026\Railway Track Surface Faults Dataset\Flakings\5.MOV_20201223130541_7159.JPEG,5.MOV_20201223130541_7159.JPEG,Flakings,,0.5643,0.1697,0.0,True
C:\Users\acous\Desktop\sih2026\Railway Track Surface Faults Dataset\Flakings\5.MOV_20201223130541_7160.JPEG,5.MOV_20201223130541_7160.JPEG,Flakings,,0.6018,0.2184,0.0,True
C:\Users\acous\Desktop\sih2026\Railway Track Surface Faults Dataset\Flakings\5.MOV_20201223130541_7161.JPEG,5.MOV_20201223130541_7161.JPEG,Flakings,,0.6627,0.3685,0.0,True
C:\Users\acous\Desktop\sih2026\Railway Track Surface Faults Dataset\Flakings\5.MOV_20201223130541_7162.JPEG,5.MOV_20201223130541_7162.JPEG,Flakings,,0.4841,0.0905,0.0,True
C:\Users\acous\Desktop\sih2026\Railway Track Surface Faults Dataset\Flakings\5.MOV_20201223130541_7163.JPEG,5.MOV_20201223130541_7163.JPEG,Flakings,,0.7942,0.6531,0.0,True
C:\Users\acous\Desktop\sih2026\Railway Track Surface Faults Dataset\Flakings\5.MOV_20201223130541_7164.JPEG,5.MOV_20201223130541_7164.JPEG,Flakings,,0.8523,0.7749,0.0,True
C:\Users\acous\Desktop\sih2026\Railway Track Surface Faults Dataset\Flakings\5.MOV_20201223130541_7165.JPEG,5.MOV_20201223130541_7165.JPEG,Flakings,,0.5501,0.2204,0.0,True
C:\Users\acous\Desktop\sih2026\Railway Track Surface Faults Dataset\Flakings\5.MOV_20201223130541_7166.JPEG,5.MOV_20201223130541_7166.JPEG,Flakings,,0.7697,0.6228,0.0,True
C:\Users\acous\Desktop\sih2026\Railway Track Surface Faults Dataset\Flakings\5.MOV_20201223130541_7167.JPEG,5.MOV_20201223130541_7167.JPEG,Flakings,,0.5481,0.1637,0.0,True
C:\Users\acous\Desktop\sih2026\Railway Track Surface Faults Dataset\Flakings\5.MOV_20201223130541_7168.JPEG,5.MOV_20201223130541_7168.JPEG,Flakings,,0.6004,0.2253,0.0,True
C:\Users\acous\Desktop\sih2026\Railway Track Surface Faults Dataset\Flakings\5.MOV_20201223130541_7169.JPEG,5.MOV_20201223130541_7169.JPEG,Flakings,,0.4923,0.0055,0.0,True
C:\Users\acous\Desktop\sih2026\Railway Track Surface Faults Dataset\Flakings\5.MOV_20201223130541_7170.JPEG,5.MOV_20201223130541_7170.JPEG,Flakings,,0.8625,0.7432,0.0,True
C:\Users\acous\Desktop\sih2026\Railway Track Surface Faults Dataset\Flakings\5.MOV_20201223130541_7171.JPEG,5.MOV_20201223130541_7171.JPEG,Flakings,,0.6353,0.287,0.0,True
C:\Users\acous\Desktop\sih2026\Railway Track Surface Faults Dataset\Flakings\5.MOV_20201223130541_7172.JPEG,5.MOV_20201223130541_7172.JPEG,Flakings,,0.5292,0.0887,0.0,True
C:\Users\acous\Desktop\sih2026\Railway Track Surface Faults Dataset\Flakings\5.MOV_20201223130541_7173.JPEG,5.MOV_20201223130541_7173.JPEG,Flakings,,0.6548,0.3443,0.0,True
C:\Users\acous\Desktop\sih2026\Railway Track Surface Faults Dataset\Flakings\5.MOV_20201223130541_7174.JPEG,5.MOV_20201223130541_7174.JPEG,Flakings,,0.6415,0.2921,0.0,True
C:\Users\acous\Desktop\sih2026\Railway Track Surface Faults Dataset\Flakings\5.MOV_20201223130541_7175.JPEG,5.MOV_20201223130541_7175.JPEG,Flakings,,0.6419,0.3094,0.0,True
C:\Users\acous\Desktop\sih2026\Railway Track Surface Faults Dataset\Flakings\5.MOV_20201223130541_7176.JPEG,5.MOV_20201223130541_7176.JPEG,Flakings,,0.9529,0.929,0.0,True
C:\Users\acous\Desktop\sih2026\Railway Track Surface Faults Dataset\Flakings\5.MOV_20201223130541_7177.JPEG,5.MOV_20201223130541_7177.JPEG,Flakings,,0.8525,0.7584,0.0,True
C:\Users\acous\Desktop\sih2026\Railway Track Surface Faults Dataset\Flakings\5.MOV_20201223130541_7309.JPEG,5.MOV_20201223130541_7309.JPEG,Flakings,,0.5918,0.3642,0.0,True
C:\Users\acous\Desktop\sih2026\Railway Track Surface Faults Dataset\Flakings\5.MOV_20201223130541_7310.JPEG,5.MOV_20201223130541_7310.JPEG,Flakings,,0.9509,0.9183,0.0,True
C:\Users\acous\Desktop\sih2026\Railway Track Surface Faults Dataset\Flakings\5.MOV_20201223130541_7311.JPEG,5.MOV_20201223130541_7311.JPEG,Flakings,,0.8192,0.6642,0.0,True
C:\Users\acous\Desktop\sih2026\Railway Track Surface Faults Dataset\Flakings\5.MOV_20201223130541_7312.JPEG,5.MOV_20201223130541_7312.JPEG,Flakings,,0.8962,0.8113,0.0,True
C:\Users\acous\Desktop\sih2026\Railway Track Surface Faults Dataset\Flakings\5.MOV_20201223130541_7318.JPEG,5.MOV_20201223130541_7318.JPEG,Flakings,,0.9197,0.8444,0.0,True
C:\Users\acous\Desktop\sih2026\Railway Track Surface Faults Dataset\Flakings\5.MOV_20201223130541_7319.JPEG,5.MOV_20201223130541_7319.JPEG,Flakings,,0.9266,0.8881,0.0,True
C:\Users\acous\Desktop\sih2026\Railway Track Surface Faults Dataset\Flakings\5.MOV_20201223130541_7320.JPEG,5.MOV_20201223130541_7320.JPEG,Flakings,,0.9128,0.8451,0.0,True
C:\Users\acous\Desktop\sih2026\Railway Track Surface Faults Dataset\Flakings\5.MOV_20201223130541_7321.JPEG,5.MOV_20201223130541_7321.JPEG,Flakings,,0.8746,0.7791,0.0,True
C:\Users\acous\Desktop\sih2026\Railway Track Surface Faults Dataset\Flakings\5.MOV_20201223130541_7322.JPEG,5.MOV_20201223130541_7322.JPEG,Flakings,,0.5076,0.0391,0.0,True
C:\Users\acous\Desktop\sih2026\Railway Track Surface Faults Dataset\Flakings\5.MOV_20201223130541_7323.JPEG,5.MOV_20201223130541_7323.JPEG,Flakings,,0.7026,0.4178,0.0,True
C:\Users\acous\Desktop\sih2026\Railway Track Surface Faults Dataset\Flakings\5.MOV_20201223130541_7324.JPEG,5.MOV_20201223130541_7324.JPEG,Flakings,,0.6813,0.3795,0.0,True
C:\Users\acous\Desktop\sih2026\Railway Track Surface Faults Dataset\Flakings\5.MOV_20201223130541_7325.JPEG,5.MOV_20201223130541_7325.JPEG,Flakings,,0.5207,0.0633,0.0,True
C:\Users\acous\Desktop\sih2026\Railway Track Surface Faults Dataset\Flakings\5.MOV_20201223130541_7326.JPEG,5.MOV_20201223130541_7326.JPEG,Flakings,,0.7814,0.5813,0.0,True
C:\Users\acous\Desktop\sih2026\Railway Track Surface Faults Dataset\Flakings\5.MOV_20201223130541_7327.JPEG,5.MOV_20201223130541_7327.JPEG,Flakings,,0.7305,0.5519,0.0,True
C:\Users\acous\Desktop\sih2026\Railway Track Surface Faults Dataset\Flakings\5.MOV_20201223130541_7328.JPEG,5.MOV_20201223130541_7328.JPEG,Flakings,,0.8762,0.7839,0.0,True
C:\Users\acous\Desktop\sih2026\Railway Track Surface Faults Dataset\Flakings\5.MOV_20201223130541_7329.JPEG,5.MOV_20201223130541_7329.JPEG,Flakings,,0.9085,0.8365,0.0,True
C:\Users\acous\Desktop\sih2026\Railway Track Surface Faults Dataset\Flakings\5.MOV_20201223130541_7330.JPEG,5.MOV_20201223130541_7330.JPEG,Flakings,,0.9123,0.8507,0.0,True
C:\Users\acous\Desktop\sih2026\Railway Track Surface Faults Dataset\Flakings\5.MOV_20201223130541_7331.JPEG,5.MOV_20201223130541_7331.JPEG,Flakings,,0.9526,0.9278,0.0,True
C:\Users\acous\Desktop\sih2026\Railway Track Surface Faults Dataset\Flakings\5.MOV_20201223130541_7332.JPEG,5.MOV_20201223130541_7332.JPEG,Flakings,,0.9667,0.9388,0.0,True
C:\Users\acous\Desktop\sih2026\Railway Track Surface Faults Dataset\Flakings\5.MOV_20201223130541_7333.JPEG,5.MOV_20201223130541_7333.JPEG,Flakings,,0.9084,0.8183,0.0,True
C:\Users\acous\Desktop\sih2026\Railway Track Surface Faults Dataset\Flakings\5.MOV_20201223130541_7334.JPEG,5.MOV_20201223130541_7334.JPEG,Flakings,,0.9546,0.9176,0.0,True
C:\Users\acous\Desktop\sih2026\Railway Track Surface Faults Dataset\Flakings\5.MOV_20201223130541_7335.JPEG,5.MOV_20201223130541_7335.JPEG,Flakings,,0.9059,0.8153,0.0,True
C:\Users\acous\Desktop\sih2026\Railway Track Surface Faults Dataset\Flakings\5.MOV_20201223130541_7336.JPEG,5.MOV_20201223130541_7336.JPEG,Flakings,,0.8584,0.7722,0.0,True
C:\Users\acous\Desktop\sih2026\Railway Track Surface Faults Dataset\Flakings\5.MOV_20201223130541_7337.JPEG,5.MOV_20201223130541_7337.JPEG,Flakings,,0.7963,0.6323,0.0,True
C:\Users\acous\Desktop\sih2026\Railway Track Surface Faults Dataset\Flakings\5.MOV_20201223130541_7338.JPEG,5.MOV_20201223130541_7338.JPEG,Flakings,,0.8268,0.6992,0.0,True
C:\Users\acous\Desktop\sih2026\Railway Track Surface Faults Dataset\Flakings\5.MOV_20201223130541_7339.JPEG,5.MOV_20201223130541_7339.JPEG,Flakings,,0.5579,0.1485,0.0,True
C:\Users\acous\Desktop\sih2026\Railway Track Surface Faults Dataset\Flakings\5.MOV_20201223130541_7340.JPEG,5.MOV_20201223130541_7340.JPEG,Flakings,,0.4942,0.1432,0.0,True
C:\Users\acous\Desktop\sih2026\Railway Track Surface Faults Dataset\Flakings\5.MOV_20201223130541_7341.JPEG,5.MOV_20201223130541_7341.JPEG,Flakings,,0.7399,0.5062,0.0,True
C:\Users\acous\Desktop\sih2026\Railway Track Surface Faults Dataset\Flakings\5.MOV_20201223130541_7342.JPEG,5.MOV_20201223130541_7342.JPEG,Flakings,,0.5606,0.2622,0.0,True
C:\Users\acous\Desktop\sih2026\Railway Track Surface Faults Dataset\Flakings\5.MOV_20201223130541_7343.JPEG,5.MOV_20201223130541_7343.JPEG,Flakings,,0.5013,0.0987,0.0,True
C:\Users\acous\Desktop\sih2026\Railway Track Surface Faults Dataset\Flakings\5.MOV_20201223130541_7344.JPEG,5.MOV_20201223130541_7344.JPEG,Flakings,,0.7118,0.5622,0.0,True
C:\Users\acous\Desktop\sih2026\Railway Track Surface Faults Dataset\Flakings\5.MOV_20201223130541_7345.JPEG,5.MOV_20201223130541_7345.JPEG,Flakings,,0.5082,0.151,0.0,True
C:\Users\acous\Desktop\sih2026\Railway Track Surface Faults Dataset\Flakings\5.MOV_20201223130541_7346.JPEG,5.MOV_20201223130541_7346.JPEG,Flakings,,0.6936,0.3941,0.0,True
C:\Users\acous\Desktop\sih2026\Railway Track Surface Faults Dataset\Flakings\5.MOV_20201223130541_7347.JPEG,5.MOV_20201223130541_7347.JPEG,Flakings,,0.7365,0.5713,0.0,True
C:\Users\acous\Desktop\sih2026\Railway Track Surface Faults Dataset\Flakings\5.MOV_20201223130541_7348.JPEG,5.MOV_20201223130541_7348.JPEG,Flakings,,0.4776,0.2172,0.0,True
C:\Users\acous\Desktop\sih2026\Railway Track Surface Faults Dataset\Flakings\5.MOV_20201223130541_7349.JPEG,5.MOV_20201223130541_7349.JPEG,Flakings,,0.7234,0.5062,0.0,True
C:\Users\acous\Desktop\sih2026\Railway Track Surface Faults Dataset\Flakings\5.MOV_20201223130541_7350.JPEG,5.MOV_20201223130541_7350.JPEG,Flakings,,0.5615,0.2122,0.0,True
C:\Users\acous\Desktop\sih2026\Railway Track Surface Faults Dataset\Flakings\5.MOV_20201223130541_7351.JPEG,5.MOV_20201223130541_7351.JPEG,Flakings,,0.6557,0.3916,0.0,True
C:\Users\acous\Desktop\sih2026\Railway Track Surface Faults Dataset\Flakings\5.MOV_20201223130541_7352.JPEG,5.MOV_20201223130541_7352.JPEG,Flakings,,0.8029,0.6417,0.0,True
C:\Users\acous\Desktop\sih2026\Railway Track Surface Faults Dataset\Flakings\5.MOV_20201223130541_7366.JPEG,5.MOV_20201223130541_7366.JPEG,Flakings,,0.8022,0.7019,0.0,True
C:\Users\acous\Desktop\sih2026\Railway Track Surface Faults Dataset\Flakings\5.MOV_20201223130541_7367.JPEG,5.MOV_20201223130541_7367.JPEG,Flakings,,0.7548,0.5473,0.0,True
C:\Users\acous\Desktop\sih2026\Railway Track Surface Faults Dataset\Flakings\5.MOV_20201223130541_7368.JPEG,5.MOV_20201223130541_7368.JPEG,Flakings,,0.6278,0.3088,0.0,True
C:\Users\acous\Desktop\sih2026\Railway Track Surface Faults Dataset\Flakings\5.MOV_20201223130541_7369.JPEG,5.MOV_20201223130541_7369.JPEG,Flakings,,0.6891,0.4202,0.0,True
C:\Users\acous\Desktop\sih2026\Railway Track Surface Faults Dataset\Flakings\5.MOV_20201223130541_7370.JPEG,5.MOV_20201223130541_7370.JPEG,Flakings,,0.8829,0.7829,0.0,True
C:\Users\acous\Desktop\sih2026\Railway Track Surface Faults Dataset\Flakings\5.MOV_20201223130541_7605.JPEG,5.MOV_20201223130541_7605.JPEG,Flakings,,0.9655,0.9421,0.0,True
C:\Users\acous\Desktop\sih2026\Railway Track Surface Faults Dataset\Flakings\5.MOV_20201223130541_7606.JPEG,5.MOV_20201223130541_7606.JPEG,Flakings,,0.9669,0.9536,0.0,True
C:\Users\acous\Desktop\sih2026\Railway Track Surface Faults Dataset\Flakings\5.MOV_20201223130541_7607.JPEG,5.MOV_20201223130541_7607.JPEG,Flakings,,0.9575,0.9347,0.0,True
C:\Users\acous\Desktop\sih2026\Railway Track Surface Faults Dataset\Flakings\5.MOV_20201223130541_7608.JPEG,5.MOV_20201223130541_7608.JPEG,Flakings,,0.5828,0.1731,0.0,True
C:\Users\acous\Desktop\sih2026\Railway Track Surface Faults Dataset\Flakings\5.MOV_20201223130541_7609.JPEG,5.MOV_20201223130541_7609.JPEG,Flakings,,0.7358,0.4765,0.0,True
C:\Users\acous\Desktop\sih2026\Railway Track Surface Faults Dataset\Flakings\5.MOV_20201223130541_7610.JPEG,5.MOV_20201223130541_7610.JPEG,Flakings,,0.5755,0.16,0.0,True
C:\Users\acous\Desktop\sih2026\Railway Track Surface Faults Dataset\Flakings\5.MOV_20201223130541_7611.JPEG,5.MOV_20201223130541_7611.JPEG,Flakings,,0.7005,0.4254,0.0,True
C:\Users\acous\Desktop\sih2026\Railway Track Surface Faults Dataset\Flakings\5.MOV_20201223130541_7612.JPEG,5.MOV_20201223130541_7612.JPEG,Flakings,,0.6542,0.3941,0.0,True
C:\Users\acous\Desktop\sih2026\Railway Track Surface Faults Dataset\Flakings\5.MOV_20201223130541_7865.JPEG,5.MOV_20201223130541_7865.JPEG,Flakings,,0.5107,0.0238,0.0,True
C:\Users\acous\Desktop\sih2026\Railway Track Surface Faults Dataset\Flakings\5.MOV_20201223130541_7866.JPEG,5.MOV_20201223130541_7866.JPEG,Flakings,,0.7024,0.4101,0.0,True
C:\Users\acous\Desktop\sih2026\Railway Track Surface Faults Dataset\Flakings\5.MOV_20201223130541_7867.JPEG,5.MOV_20201223130541_7867.JPEG,Flakings,,0.6697,0.3408,0.0,True
C:\Users\acous\Desktop\sih2026\Railway Track Surface Faults Dataset\Flakings\5.MOV_20201223130541_7868.JPEG,5.MOV_20201223130541_7868.JPEG,Flakings,,0.7649,0.5546,0.0,True
C:\Users\acous\Desktop\sih2026\Railway Track Surface Faults Dataset\Flakings\5.MOV_20201223130541_7869.JPEG,5.MOV_20201223130541_7869.JPEG,Flakings,,0.8629,0.7362,0.0,True
C:\Users\acous\Desktop\sih2026\Railway Track Surface Faults Dataset\Flakings\5.MOV_20201223130541_7870.JPEG,5.MOV_20201223130541_7870.JPEG,Flakings,,0.7808,0.5911,0.0,True
C:\Users\acous\Desktop\sih2026\Railway Track Surface Faults Dataset\Flakings\5.MOV_20201223130541_7871.JPEG,5.MOV_20201223130541_7871.JPEG,Flakings,,0.825,0.6518,0.0,True
C:\Users\acous\Desktop\sih2026\Railway Track Surface Faults Dataset\Flakings\5.MOV_20201223130541_7906.JPEG,5.MOV_20201223130541_7906.JPEG,Flakings,,0.7038,0.4149,0.0,True
C:\Users\acous\Desktop\sih2026\Railway Track Surface Faults Dataset\Flakings\5.MOV_20201223130541_7907.JPEG,5.MOV_20201223130541_7907.JPEG,Flakings,,0.5401,0.2608,0.0,True
C:\Users\acous\Desktop\sih2026\Railway Track Surface Faults Dataset\Flakings\5.MOV_20201223130541_7908.JPEG,5.MOV_20201223130541_7908.JPEG,Flakings,,0.8859,0.7967,0.0,True
C:\Users\acous\Desktop\sih2026\Railway Track Surface Faults Dataset\Flakings\5.MOV_20201223130541_7909.JPEG,5.MOV_20201223130541_7909.JPEG,Flakings,,0.4989,0.0415,0.0,True
C:\Users\acous\Desktop\sih2026\Railway Track Surface Faults Dataset\Flakings\5.MOV_20201223130541_7910.JPEG,5.MOV_20201223130541_7910.JPEG,Flakings,,0.8657,0.7718,0.0,True
C:\Users\acous\Desktop\sih2026\Railway Track Surface Faults Dataset\Flakings\5.MOV_20201223130541_7911.JPEG,5.MOV_20201223130541_7911.JPEG,Flakings,,0.8519,0.7553,0.0,True
C:\Users\acous\Desktop\sih2026\Railway Track Surface Faults Dataset\Flakings\5.MOV_20201223130541_7912.JPEG,5.MOV_20201223130541_7912.JPEG,Flakings,,0.776,0.5627,0.0,True
C:\Users\acous\Desktop\sih2026\Railway Track Surface Faults Dataset\Flakings\5.MOV_20201223130541_7913.JPEG,5.MOV_20201223130541_7913.JPEG,Flakings,,0.7396,0.483,0.0,True
C:\Users\acous\Desktop\sih2026\Railway Track Surface Faults Dataset\Flakings\5.MOV_20201223130541_7914.JPEG,5.MOV_20201223130541_7914.JPEG,Flakings,,0.7834,0.5677,0.0,True
C:\Users\acous\Desktop\sih2026\Railway Track Surface Faults Dataset\Flakings\5.MOV_20201223130541_7915.JPEG,5.MOV_20201223130541_7915.JPEG,Flakings,,0.5524,0.1052,0.0,True
C:\Users\acous\Desktop\sih2026\Railway Track Surface Faults Dataset\Flakings\5.MOV_20201223130541_7916.JPEG,5.MOV_20201223130541_7916.JPEG,Flakings,,0.8634,0.7269,0.0,True
C:\Users\acous\Desktop\sih2026\Railway Track Surface Faults Dataset\Flakings\5.MOV_20201223130541_7917.JPEG,5.MOV_20201223130541_7917.JPEG,Flakings,,0.6135,0.2272,0.0,True
C:\Users\acous\Desktop\sih2026\Railway Track Surface Faults Dataset\Flakings\5.MOV_20201223130541_7918.JPEG,5.MOV_20201223130541_7918.JPEG,Flakings,,0.8466,0.6938,0.0,True
C:\Users\acous\Desktop\sih2026\Railway Track Surface Faults Dataset\Flakings\5.MOV_20201223130541_7919.JPEG,5.MOV_20201223130541_7919.JPEG,Flakings,,0.9211,0.8425,0.0,True
C:\Users\acous\Desktop\sih2026\Railway Track Surface Faults Dataset\Flakings\5.MOV_20201223130541_8153.JPEG,5.MOV_20201223130541_8153.JPEG,Flakings,,0.6727,0.4821,0.0,True
C:\Users\acous\Desktop\sih2026\Railway Track Surface Faults Dataset\Flakings\5.MOV_20201223130541_8154.JPEG,5.MOV_20201223130541_8154.JPEG,Flakings,,0.9496,0.9122,0.0,True
C:\Users\acous\Desktop\sih2026\Railway Track Surface Faults Dataset\Flakings\5.MOV_20201223130541_8155.JPEG,5.MOV_20201223130541_8155.JPEG,Flakings,,0.5879,0.2433,0.0,True
C:\Users\acous\Desktop\sih2026\Railway Track Surface Faults Dataset\Flakings\5.MOV_20201223130541_8156.JPEG,5.MOV_20201223130541_8156.JPEG,Flakings,,0.615,0.3559,0.0,True
C:\Users\acous\Desktop\sih2026\Railway Track Surface Faults Dataset\Flakings\5.MOV_20201223130541_8157.JPEG,5.MOV_20201223130541_8157.JPEG,Flakings,,0.841,0.6851,0.0,True
C:\Users\acous\Desktop\sih2026\Railway Track Surface Faults Dataset\Flakings\5.MOV_20201223130541_8158.JPEG,5.MOV_20201223130541_8158.JPEG,Flakings,,0.9539,0.9307,0.0,True
C:\Users\acous\Desktop\sih2026\Railway Track Surface Faults Dataset\Flakings\5.MOV_20201223130541_8159.JPEG,5.MOV_20201223130541_8159.JPEG,Flakings,,0.9171,0.8487,0.0,True
C:\Users\acous\Desktop\sih2026\Railway Track Surface Faults Dataset\Flakings\5.MOV_20201223130541_8160.JPEG,5.MOV_20201223130541_8160.JPEG,Flakings,,0.9618,0.9335,0.0,True
C:\Users\acous\Desktop\sih2026\Railway Track Surface Faults Dataset\Flakings\5.MOV_20201223130541_8161.JPEG,5.MOV_20201223130541_8161.JPEG,Flakings,,0.576,0.1692,0.0,True
C:\Users\acous\Desktop\sih2026\Railway Track Surface Faults Dataset\Flakings\5.MOV_20201223130541_8162.JPEG,5.MOV_20201223130541_8162.JPEG,Flakings,,0.8594,0.7232,0.0,True
C:\Users\acous\Desktop\sih2026\Railway Track Surface Faults Dataset\Flakings\5.MOV_20201223130541_8163.JPEG,5.MOV_20201223130541_8163.JPEG,Flakings,,0.9073,0.8213,0.0,True
C:\Users\acous\Desktop\sih2026\Railway Track Surface Faults Dataset\Flakings\5.MOV_20201223130541_8164.JPEG,5.MOV_20201223130541_8164.JPEG,Flakings,,0.5089,0.0461,0.0,True
C:\Users\acous\Desktop\sih2026\Railway Track Surface Faults Dataset\Flakings\5.MOV_20201223130541_8165.JPEG,5.MOV_20201223130541_8165.JPEG,Flakings,,0.9515,0.9087,0.0,True
C:\Users\acous\Desktop\sih2026\Railway Track Surface Faults Dataset\Flakings\5.MOV_20201223130541_8222.JPEG,5.MOV_20201223130541_8222.JPEG,Flakings,,0.9911,0.9832,0.0,True
C:\Users\acous\Desktop\sih2026\Railway Track Surface Faults Dataset\Flakings\5.MOV_20201223130541_8223.JPEG,5.MOV_20201223130541_8223.JPEG,Flakings,,0.9795,0.9635,0.0,True
C:\Users\acous\Desktop\sih2026\Railway Track Surface Faults Dataset\Flakings\5.MOV_20201223130541_8224.JPEG,5.MOV_20201223130541_8224.JPEG,Flakings,,0.9113,0.8302,0.0,True
C:\Users\acous\Desktop\sih2026\Railway Track Surface Faults Dataset\Flakings\5.MOV_20201223130541_8243.JPEG,5.MOV_20201223130541_8243.JPEG,Flakings,,0.6349,0.2743,0.0,True
C:\Users\acous\Desktop\sih2026\Railway Track Surface Faults Dataset\Flakings\5.MOV_20201223130541_8244.JPEG,5.MOV_20201223130541_8244.JPEG,Flakings,,0.8533,0.7102,0.0,True
C:\Users\acous\Desktop\sih2026\Railway Track Surface Faults Dataset\Flakings\5.MOV_20201223130541_8245.JPEG,5.MOV_20201223130541_8245.JPEG,Flakings,,0.912,0.8496,0.0,True
C:\Users\acous\Desktop\sih2026\Railway Track Surface Faults Dataset\Flakings\5.MOV_20201223130541_8246.JPEG,5.MOV_20201223130541_8246.JPEG,Flakings,,0.9181,0.8571,0.0,True
C:\Users\acous\Desktop\sih2026\Railway Track Surface Faults Dataset\Flakings\5.MOV_20201223130541_8247.JPEG,5.MOV_20201223130541_8247.JPEG,Flakings,,0.7349,0.4871,0.0,True
C:\Users\acous\Desktop\sih2026\Railway Track Surface Faults Dataset\Flakings\5.MOV_20201223130541_8248.JPEG,5.MOV_20201223130541_8248.JPEG,Flakings,,0.7564,0.5631,0.0,True
C:\Users\acous\Desktop\sih2026\Railway Track Surface Faults Dataset\Flakings\5.MOV_20201223130541_8249.JPEG,5.MOV_20201223130541_8249.JPEG,Flakings,,0.5873,0.1904,0.0,True
C:\Users\acous\Desktop\sih2026\Railway Track Surface Faults Dataset\Flakings\5.MOV_20201223130541_8250.JPEG,5.MOV_20201223130541_8250.JPEG,Flakings,,0.8304,0.7288,0.0,True
C:\Users\acous\Desktop\sih2026\Railway Track Surface Faults Dataset\Flakings\5.MOV_20201223130541_8251.JPEG,5.MOV_20201223130541_8251.JPEG,Flakings,,0.4681,0.0554,0.0,True
C:\Users\acous\Desktop\sih2026\Railway Track Surface Faults Dataset\Flakings\5.MOV_20201223130541_8252.JPEG,5.MOV_20201223130541_8252.JPEG,Flakings,,0.5629,0.2162,0.0,True
C:\Users\acous\Desktop\sih2026\Railway Track Surface Faults Dataset\Flakings\5.MOV_20201223130541_8253.JPEG,5.MOV_20201223130541_8253.JPEG,Flakings,,0.8477,0.7098,0.0,True
C:\Users\acous\Desktop\sih2026\Railway Track Surface Faults Dataset\Flakings\5.MOV_20201223130541_8254.JPEG,5.MOV_20201223130541_8254.JPEG,Flakings,,0.8504,0.7319,0.0,True
C:\Users\acous\Desktop\sih2026\Railway Track Surface Faults Dataset\Flakings\5.MOV_20201223130541_8255.JPEG,5.MOV_20201223130541_8255.JPEG,Flakings,,0.4659,0.0891,0.0,True
C:\Users\acous\Desktop\sih2026\Railway Track Surface Faults Dataset\Flakings\5.MOV_20201223130541_8256.JPEG,5.MOV_20201223130541_8256.JPEG,Flakings,,0.7977,0.6217,0.0,True
C:\Users\acous\Desktop\sih2026\Railway Track Surface Faults Dataset\Flakings\5.MOV_20201223130541_8257.JPEG,5.MOV_20201223130541_8257.JPEG,Flakings,,0.6793,0.3676,0.0,True
C:\Users\acous\Desktop\sih2026\Railway Track Surface Faults Dataset\Flakings\5.MOV_20201223130541_8258.JPEG,5.MOV_20201223130541_8258.JPEG,Flakings,,0.8877,0.7788,0.0,True
C:\Users\acous\Desktop\sih2026\Railway Track Surface Faults Dataset\Flakings\5.MOV_20201223130541_8259.JPEG,5.MOV_20201223130541_8259.JPEG,Flakings,,0.7644,0.5298,0.0,True
C:\Users\acous\Desktop\sih2026\Railway Track Surface Faults Dataset\Flakings\5.MOV_20201223130541_8260.JPEG,5.MOV_20201223130541_8260.JPEG,Flakings,,0.8535,0.7099,0.0,True
C:\Users\acous\Desktop\sih2026\Railway Track Surface Faults Dataset\Flakings\5.MOV_20201223130541_8261.JPEG,5.MOV_20201223130541_8261.JPEG,Flakings,,0.5082,0.2095,0.0,True
C:\Users\acous\Desktop\sih2026\Railway Track Surface Faults Dataset\Flakings\5.MOV_20201223130541_8262.JPEG,5.MOV_20201223130541_8262.JPEG,Flakings,,0.5277,0.1346,0.0,True
C:\Users\acous\Desktop\sih2026\Railway Track Surface Faults Dataset\Flakings\5.MOV_20201223130541_8263.JPEG,5.MOV_20201223130541_8263.JPEG,Flakings,,0.7621,0.6149,0.0,True
C:\Users\acous\Desktop\sih2026\Railway Track Surface Faults Dataset\Flakings\5.MOV_20201223130541_8264.JPEG,5.MOV_20201223130541_8264.JPEG,Flakings,,0.5829,0.3737,0.0,True
C:\Users\acous\Desktop\sih2026\Railway Track Surface Faults Dataset\Flakings\5.MOV_20201223130541_8265.JPEG,5.MOV_20201223130541_8265.JPEG,Flakings,,0.8495,0.7333,0.0,True
C:\Users\acous\Desktop\sih2026\Railway Track Surface Faults Dataset\Flakings\6.MOV_20201227192101_0146.JPEG,6.MOV_20201227192101_0146.JPEG,Flakings,,0.6843,0.4985,0.0,True
C:\Users\acous\Desktop\sih2026\Railway Track Surface Faults Dataset\Flakings\6.MOV_20201227192101_0147.JPEG,6.MOV_20201227192101_0147.JPEG,Flakings,,0.7023,0.5187,0.0,True
C:\Users\acous\Desktop\sih2026\Railway Track Surface Faults Dataset\Flakings\6.MOV_20201227192101_0148.JPEG,6.MOV_20201227192101_0148.JPEG,Flakings,,0.6288,0.3327,0.0,True
C:\Users\acous\Desktop\sih2026\Railway Track Surface Faults Dataset\Flakings\6.MOV_20201227192101_0149.JPEG,6.MOV_20201227192101_0149.JPEG,Flakings,,0.9683,0.951,0.0,True
C:\Users\acous\Desktop\sih2026\Railway Track Surface Faults Dataset\Flakings\6.MOV_20201227192101_0150.JPEG,6.MOV_20201227192101_0150.JPEG,Flakings,,0.8752,0.7892,0.0,True
C:\Users\acous\Desktop\sih2026\Railway Track Surface Faults Dataset\Flakings\6.MOV_20201227192101_0151.JPEG,6.MOV_20201227192101_0151.JPEG,Flakings,,0.7523,0.5963,0.0,True
C:\Users\acous\Desktop\sih2026\Railway Track Surface Faults Dataset\Flakings\6.MOV_20201227192101_0152.JPEG,6.MOV_20201227192101_0152.JPEG,Flakings,,0.9637,0.943,0.0,True
C:\Users\acous\Desktop\sih2026\Railway Track Surface Faults Dataset\Flakings\6.MOV_20201227192101_0153.JPEG,6.MOV_20201227192101_0153.JPEG,Flakings,,0.8408,0.7271,0.0,True
C:\Users\acous\Desktop\sih2026\Railway Track Surface Faults Dataset\Flakings\6.MOV_20201227192101_0154.JPEG,6.MOV_20201227192101_0154.JPEG,Flakings,,0.603,0.3223,0.0,True
C:\Users\acous\Desktop\sih2026\Railway Track Surface Faults Dataset\Flakings\6.MOV_20201227192101_0155.JPEG,6.MOV_20201227192101_0155.JPEG,Flakings,,0.9831,0.9741,0.0,True
C:\Users\acous\Desktop\sih2026\Railway Track Surface Faults Dataset\Flakings\6.MOV_20201227192101_0687.JPEG,6.MOV_20201227192101_0687.JPEG,Flakings,,0.863,0.7603,0.0,True
C:\Users\acous\Desktop\sih2026\Railway Track Surface Faults Dataset\Flakings\6.MOV_20201227192101_0688.JPEG,6.MOV_20201227192101_0688.JPEG,Flakings,,0.6338,0.4255,0.0,True
C:\Users\acous\Desktop\sih2026\Railway Track Surface Faults Dataset\Flakings\6.MOV_20201227192101_0689.JPEG,6.MOV_20201227192101_0689.JPEG,Flakings,,0.622,0.391,0.0,True
C:\Users\acous\Desktop\sih2026\Railway Track Surface Faults Dataset\Flakings\6.MOV_20201227192101_0690.JPEG,6.MOV_20201227192101_0690.JPEG,Flakings,,0.8292,0.6672,0.0,True
C:\Users\acous\Desktop\sih2026\Railway Track Surface Faults Dataset\Flakings\6.MOV_20201227192101_0691.JPEG,6.MOV_20201227192101_0691.JPEG,Flakings,,0.9286,0.8769,0.0,True
C:\Users\acous\Desktop\sih2026\Railway Track Surface Faults Dataset\Flakings\6.MOV_20201227192101_0692.JPEG,6.MOV_20201227192101_0692.JPEG,Flakings,,0.5534,0.1414,0.0,True
C:\Users\acous\Desktop\sih2026\Railway Track Surface Faults Dataset\Flakings\6.MOV_20201227192101_0693.JPEG,6.MOV_20201227192101_0693.JPEG,Flakings,,0.4913,0.0122,0.0,True
C:\Users\acous\Desktop\sih2026\Railway Track Surface Faults Dataset\Flakings\6.MOV_20201227192101_0694.JPEG,6.MOV_20201227192101_0694.JPEG,Flakings,,0.7839,0.6,0.0,True
C:\Users\acous\Desktop\sih2026\Railway Track Surface Faults Dataset\Flakings\7.MOV_20201228114152_5081.JPEG,7.MOV_20201228114152_5081.JPEG,Flakings,,0.7204,0.4443,0.0,True
C:\Users\acous\Desktop\sih2026\Railway Track Surface Faults Dataset\Flakings\7.MOV_20201228114152_5082.JPEG,7.MOV_20201228114152_5082.JPEG,Flakings,,0.8282,0.7268,0.0,True
C:\Users\acous\Desktop\sih2026\Railway Track Surface Faults Dataset\Flakings\7.MOV_20201228114152_5083.JPEG,7.MOV_20201228114152_5083.JPEG,Flakings,,0.8024,0.6136,0.0,True
C:\Users\acous\Desktop\sih2026\Railway Track Surface Faults Dataset\Flakings\7.MOV_20201228114152_5084.JPEG,7.MOV_20201228114152_5084.JPEG,Flakings,,0.9632,0.9288,0.0,True
C:\Users\acous\Desktop\sih2026\Railway Track Surface Faults Dataset\Flakings\7.MOV_20201228114152_5085.JPEG,7.MOV_20201228114152_5085.JPEG,Flakings,,0.9915,0.9843,0.0,True
C:\Users\acous\Desktop\sih2026\Railway Track Surface Faults Dataset\Flakings\7.MOV_20201228114152_5086.JPEG,7.MOV_20201228114152_5086.JPEG,Flakings,,0.986,0.9721,0.0,True
C:\Users\acous\Desktop\sih2026\Railway Track Surface Faults Dataset\Flakings\7.MOV_20201228114152_5087.JPEG,7.MOV_20201228114152_5087.JPEG,Flakings,,0.9538,0.9088,0.0,True
C:\Users\acous\Desktop\sih2026\Railway Track Surface Faults Dataset\Flakings\7.MOV_20201228114152_5088.JPEG,7.MOV_20201228114152_5088.JPEG,Flakings,,0.9578,0.9161,0.0,True
C:\Users\acous\Desktop\sih2026\Railway Track Surface Faults Dataset\Flakings\7.MOV_20201228114152_5089.JPEG,7.MOV_20201228114152_5089.JPEG,Flakings,,0.7028,0.4072,0.0,True
C:\Users\acous\Desktop\sih2026\Railway Track Surface Faults Dataset\Flakings\7.MOV_20201228114152_5090.JPEG,7.MOV_20201228114152_5090.JPEG,Flakings,,0.9555,0.9123,0.0,True
C:\Users\acous\Desktop\sih2026\Railway Track Surface Faults Dataset\Flakings\7.MOV_20201228114152_5091.JPEG,7.MOV_20201228114152_5091.JPEG,Flakings,,0.8812,0.7637,0.0,True
C:\Users\acous\Desktop\sih2026\Railway Track Surface Faults Dataset\Flakings\7.MOV_20201228114152_5092.JPEG,7.MOV_20201228114152_5092.JPEG,Flakings,,0.5773,0.1558,0.0,True
C:\Users\acous\Desktop\sih2026\Railway Track Surface Faults Dataset\Flakings\7.MOV_20201228114152_5093.JPEG,7.MOV_20201228114152_5093.JPEG,Flakings,,0.6923,0.3888,0.0,True
C:\Users\acous\Desktop\sih2026\Railway Track Surface Faults Dataset\Flakings\7.MOV_20201228114152_5094.JPEG,7.MOV_20201228114152_5094.JPEG,Flakings,,0.8015,0.6048,0.0,True
C:\Users\acous\Desktop\sih2026\Railway Track Surface Faults Dataset\Flakings\7.MOV_20201228114152_5095.JPEG,7.MOV_20201228114152_5095.JPEG,Flakings,,0.546,0.0934,0.0,True
C:\Users\acous\Desktop\sih2026\Railway Track Surface Faults Dataset\Flakings\7.MOV_20201228114152_5096.JPEG,7.MOV_20201228114152_5096.JPEG,Flakings,,0.9586,0.9367,0.0,True
C:\Users\acous\Desktop\sih2026\Railway Track Surface Faults Dataset\Flakings\7.MOV_20201228114152_5097.JPEG,7.MOV_20201228114152_5097.JPEG,Flakings,,0.9817,0.9709,0.0,True
C:\Users\acous\Desktop\sih2026\Railway Track Surface Faults Dataset\Flakings\7.MOV_20201228114152_5098.JPEG,7.MOV_20201228114152_5098.JPEG,Flakings,,0.9856,0.9752,0.0,True
C:\Users\acous\Desktop\sih2026\Railway Track Surface Faults Dataset\Flakings\7.MOV_20201228114152_5099.JPEG,7.MOV_20201228114152_5099.JPEG,Flakings,,0.8965,0.7955,0.0,True
C:\Users\acous\Desktop\sih2026\Railway Track Surface Faults Dataset\Flakings\7.MOV_20201228114152_5100.JPEG,7.MOV_20201228114152_5100.JPEG,Flakings,,0.9505,0.9044,0.0,True
C:\Users\acous\Desktop\sih2026\Railway Track Surface Faults Dataset\Flakings\7.MOV_20201228114152_5101.JPEG,7.MOV_20201228114152_5101.JPEG,Flakings,,0.8472,0.7105,0.0,True
C:\Users\acous\Desktop\sih2026\Railway Track Surface Faults Dataset\Flakings\7.MOV_20201228114152_5102.JPEG,7.MOV_20201228114152_5102.JPEG,Flakings,,0.9353,0.8827,0.0,True
C:\Users\acous\Desktop\sih2026\Railway Track Surface Faults Dataset\Flakings\7.MOV_20201228114152_5103.JPEG,7.MOV_20201228114152_5103.JPEG,Flakings,,0.9335,0.8923,0.0,True
C:\Users\acous\Desktop\sih2026\Railway Track Surface Faults Dataset\Flakings\7.MOV_20201228114152_5104.JPEG,7.MOV_20201228114152_5104.JPEG,Flakings,,0.9519,0.9048,0.0,True
C:\Users\acous\Desktop\sih2026\Railway Track Surface Faults Dataset\Flakings\7.MOV_20201228114152_5105.JPEG,7.MOV_20201228114152_5105.JPEG,Flakings,,0.9792,0.9598,0.0,True
C:\Users\acous\Desktop\sih2026\Railway Track Surface Faults Dataset\Flakings\7.MOV_20201228114152_5106.JPEG,7.MOV_20201228114152_5106.JPEG,Flakings,,0.9884,0.9785,0.0,True
C:\Users\acous\Desktop\sih2026\Railway Track Surface Faults Dataset\Flakings\7.MOV_20201228114152_5107.JPEG,7.MOV_20201228114152_5107.JPEG,Flakings,,0.9897,0.9814,0.0,True
C:\Users\acous\Desktop\sih2026\Railway Track Surface Faults Dataset\Flakings\7.MOV_20201228114152_5108.JPEG,7.MOV_20201228114152_5108.JPEG,Flakings,,0.9938,0.9897,0.0,True
C:\Users\acous\Desktop\sih2026\Railway Track Surface Faults Dataset\Flakings\7.MOV_20201228114152_5109.JPEG,7.MOV_20201228114152_5109.JPEG,Flakings,,0.9931,0.9872,0.0,True
C:\Users\acous\Desktop\sih2026\Railway Track Surface Faults Dataset\Flakings\7.MOV_20201228114152_5110.JPEG,7.MOV_20201228114152_5110.JPEG,Flakings,,0.9852,0.9709,0.0,True
C:\Users\acous\Desktop\sih2026\Railway Track Surface Faults Dataset\Flakings\7.MOV_20201228114152_5111.JPEG,7.MOV_20201228114152_5111.JPEG,Flakings,,0.9781,0.9567,0.0,True
C:\Users\acous\Desktop\sih2026\Railway Track Surface Faults Dataset\Flakings\7.MOV_20201228114152_5112.JPEG,7.MOV_20201228114152_5112.JPEG,Flakings,,0.9953,0.9915,0.0,True
C:\Users\acous\Desktop\sih2026\Railway Track Surface Faults Dataset\Flakings\7.MOV_20201228114152_5113.JPEG,7.MOV_20201228114152_5113.JPEG,Flakings,,0.9384,0.8782,0.0,True
C:\Users\acous\Desktop\sih2026\Railway Track Surface Faults Dataset\Flakings\7.MOV_20201228114152_5114.JPEG,7.MOV_20201228114152_5114.JPEG,Flakings,,0.8931,0.7897,0.0,True
C:\Users\acous\Desktop\sih2026\Railway Track Surface Faults Dataset\Flakings\7.MOV_20201228114152_5115.JPEG,7.MOV_20201228114152_5115.JPEG,Flakings,,0.8251,0.6637,0.0,True
C:\Users\acous\Desktop\sih2026\Railway Track Surface Faults Dataset\Flakings\7.MOV_20201228114152_5116.JPEG,7.MOV_20201228114152_5116.JPEG,Flakings,,0.9749,0.9554,0.0,True
C:\Users\acous\Desktop\sih2026\Railway Track Surface Faults Dataset\Flakings\7.MOV_20201228114152_5117.JPEG,7.MOV_20201228114152_5117.JPEG,Flakings,,0.8935,0.7912,0.0,True
C:\Users\acous\Desktop\sih2026\Railway Track Surface Faults Dataset\Flakings\7.MOV_20201228114152_5118.JPEG,7.MOV_20201228114152_5118.JPEG,Flakings,,0.9746,0.9536,0.0,True
C:\Users\acous\Desktop\sih2026\Railway Track Surface Faults Dataset\Flakings\7.MOV_20201228114152_5119.JPEG,7.MOV_20201228114152_5119.JPEG,Flakings,,0.9612,0.9269,0.0,True
C:\Users\acous\Desktop\sih2026\Railway Track Surface Faults Dataset\Flakings\7.MOV_20201228114152_5120.JPEG,7.MOV_20201228114152_5120.JPEG,Flakings,,0.9726,0.9531,0.0,True
C:\Users\acous\Desktop\sih2026\Railway Track Surface Faults Dataset\Flakings\7.MOV_20201228114152_5121.JPEG,7.MOV_20201228114152_5121.JPEG,Flakings,,0.9856,0.9762,0.0,True
C:\Users\acous\Desktop\sih2026\Railway Track Surface Faults Dataset\Flakings\7.MOV_20201228114152_5122.JPEG,7.MOV_20201228114152_5122.JPEG,Flakings,,0.9679,0.9371,0.0,True
C:\Users\acous\Desktop\sih2026\Railway Track Surface Faults Dataset\Flakings\7.MOV_20201228114152_5123.JPEG,7.MOV_20201228114152_5123.JPEG,Flakings,,0.9646,0.9369,0.0,True
C:\Users\acous\Desktop\sih2026\Railway Track Surface Faults Dataset\Flakings\7.MOV_20201228114152_5124.JPEG,7.MOV_20201228114152_5124.JPEG,Flakings,,0.98,0.9623,0.0,True
C:\Users\acous\Desktop\sih2026\Railway Track Surface Faults Dataset\Flakings\7.MOV_20201228114152_5125.JPEG,7.MOV_20201228114152_5125.JPEG,Flakings,,0.9696,0.9512,0.0,True
C:\Users\acous\Desktop\sih2026\Railway Track Surface Faults Dataset\Flakings\7.MOV_20201228114152_5126.JPEG,7.MOV_20201228114152_5126.JPEG,Flakings,,0.9848,0.9714,0.0,True
C:\Users\acous\Desktop\sih2026\Railway Track Surface Faults Dataset\Flakings\7.MOV_20201228114152_5127.JPEG,7.MOV_20201228114152_5127.JPEG,Flakings,,0.9584,0.9194,0.0,True
C:\Users\acous\Desktop\sih2026\Railway Track Surface Faults Dataset\Flakings\7.MOV_20201228114152_5128.JPEG,7.MOV_20201228114152_5128.JPEG,Flakings,,0.9813,0.9636,0.0,True
C:\Users\acous\Desktop\sih2026\Railway Track Surface Faults Dataset\Flakings\7.MOV_20201228114152_5129.JPEG,7.MOV_20201228114152_5129.JPEG,Flakings,,0.9685,0.9375,0.0,True
C:\Users\acous\Desktop\sih2026\Railway Track Surface Faults Dataset\Flakings\7.MOV_20201228114152_5130.JPEG,7.MOV_20201228114152_5130.JPEG,Flakings,,0.8884,0.7783,0.0,True
C:\Users\acous\Desktop\sih2026\Railway Track Surface Faults Dataset\Flakings\7.MOV_20201228114152_5131.JPEG,7.MOV_20201228114152_5131.JPEG,Flakings,,0.9555,0.9119,0.0,True
C:\Users\acous\Desktop\sih2026\Railway Track Surface Faults Dataset\Flakings\7.MOV_20201228114152_5132.JPEG,7.MOV_20201228114152_5132.JPEG,Flakings,,0.7802,0.5626,0.0,True
C:\Users\acous\Desktop\sih2026\Railway Track Surface Faults Dataset\Flakings\7.MOV_20201228114152_5133.JPEG,7.MOV_20201228114152_5133.JPEG,Flakings,,0.9772,0.957,0.0,True
C:\Users\acous\Desktop\sih2026\Railway Track Surface Faults Dataset\Flakings\7.MOV_20201228114152_5134.JPEG,7.MOV_20201228114152_5134.JPEG,Flakings,,0.9292,0.8636,0.0,True
C:\Users\acous\Desktop\sih2026\Railway Track Surface Faults Dataset\Flakings\7.MOV_20201228114152_5135.JPEG,7.MOV_20201228114152_5135.JPEG,Flakings,,0.9878,0.9787,0.0,True
C:\Users\acous\Desktop\sih2026\Railway Track Surface Faults Dataset\Flakings\7.MOV_20201228114152_5136.JPEG,7.MOV_20201228114152_5136.JPEG,Flakings,,0.9912,0.9832,0.0,True
C:\Users\acous\Desktop\sih2026\Railway Track Surface Faults Dataset\Flakings\7.MOV_20201228114152_5137.JPEG,7.MOV_20201228114152_5137.JPEG,Flakings,,0.942,0.8857,0.0,True
C:\Users\acous\Desktop\sih2026\Railway Track Surface Faults Dataset\Flakings\7.MOV_20201228114152_5138.JPEG,7.MOV_20201228114152_5138.JPEG,Flakings,,0.5185,0.0716,0.0,True
C:\Users\acous\Desktop\sih2026\Railway Track Surface Faults Dataset\Flakings\7.MOV_20201228114152_5139.JPEG,7.MOV_20201228114152_5139.JPEG,Flakings,,0.7766,0.5577,0.0,True
C:\Users\acous\Desktop\sih2026\Railway Track Surface Faults Dataset\Flakings\7.MOV_20201228114152_5140.JPEG,7.MOV_20201228114152_5140.JPEG,Flakings,,0.8349,0.6772,0.0,True
C:\Users\acous\Desktop\sih2026\Railway Track Surface Faults Dataset\Flakings\7.MOV_20201228114152_5848.JPEG,7.MOV_20201228114152_5848.JPEG,Flakings,,0.9442,0.8896,0.0,True
C:\Users\acous\Desktop\sih2026\Railway Track Surface Faults Dataset\Flakings\7.MOV_20201228114152_5857.JPEG,7.MOV_20201228114152_5857.JPEG,Flakings,,0.9086,0.8176,0.0,True
C:\Users\acous\Desktop\sih2026\Railway Track Surface Faults Dataset\Flakings\7.MOV_20201228114152_5858.JPEG,7.MOV_20201228114152_5858.JPEG,Flakings,,0.8345,0.6743,0.0,True
C:\Users\acous\Desktop\sih2026\Railway Track Surface Faults Dataset\Flakings\7.MOV_20201228114152_5860.JPEG,7.MOV_20201228114152_5860.JPEG,Flakings,,0.9725,0.9458,0.0,True
C:\Users\acous\Desktop\sih2026\Railway Track Surface Faults Dataset\Flakings\7.MOV_20201228114152_5861.JPEG,7.MOV_20201228114152_5861.JPEG,Flakings,,0.9359,0.8726,0.0,True
C:\Users\acous\Desktop\sih2026\Railway Track Surface Faults Dataset\Flakings\7.MOV_20201228114152_5862.JPEG,7.MOV_20201228114152_5862.JPEG,Flakings,,0.9393,0.8806,0.0,True
C:\Users\acous\Desktop\sih2026\Railway Track Surface Faults Dataset\Flakings\7.MOV_20201228114152_5863.JPEG,7.MOV_20201228114152_5863.JPEG,Flakings,,0.9549,0.916,0.0,True
C:\Users\acous\Desktop\sih2026\Railway Track Surface Faults Dataset\Flakings\7.MOV_20201228114152_5864.JPEG,7.MOV_20201228114152_5864.JPEG,Flakings,,0.8701,0.7517,0.0,True
C:\Users\acous\Desktop\sih2026\Railway Track Surface Faults Dataset\Flakings\7.MOV_20201228114152_5865.JPEG,7.MOV_20201228114152_5865.JPEG,Flakings,,0.9886,0.9775,0.0,True
C:\Users\acous\Desktop\sih2026\Railway Track Surface Faults Dataset\Flakings\7.MOV_20201228114152_5866.JPEG,7.MOV_20201228114152_5866.JPEG,Flakings,,0.9225,0.8476,0.0,True
C:\Users\acous\Desktop\sih2026\Railway Track Surface Faults Dataset\Flakings\7.MOV_20201228114152_5867.JPEG,7.MOV_20201228114152_5867.JPEG,Flakings,,0.9513,0.903,0.0,True
C:\Users\acous\Desktop\sih2026\Railway Track Surface Faults Dataset\Flakings\7.MOV_20201228114152_5868.JPEG,7.MOV_20201228114152_5868.JPEG,Flakings,,0.8795,0.7602,0.0,True
C:\Users\acous\Desktop\sih2026\Railway Track Surface Faults Dataset\Flakings\7.MOV_20201228114152_5869.JPEG,7.MOV_20201228114152_5869.JPEG,Flakings,,0.7279,0.4763,0.0,True
C:\Users\acous\Desktop\sih2026\Railway Track Surface Faults Dataset\Flakings\7.MOV_20201228114152_5870.JPEG,7.MOV_20201228114152_5870.JPEG,Flakings,,0.5818,0.1741,0.0,True
C:\Users\acous\Desktop\sih2026\Railway Track Surface Faults Dataset\Flakings\7.MOV_20201228114152_5871.JPEG,7.MOV_20201228114152_5871.JPEG,Flakings,,0.6958,0.3979,0.0,True
C:\Users\acous\Desktop\sih2026\Railway Track Surface Faults Dataset\Flakings\7.MOV_20201228114152_5872.JPEG,7.MOV_20201228114152_5872.JPEG,Flakings,,0.7162,0.4393,0.0,True
C:\Users\acous\Desktop\sih2026\Railway Track Surface Faults Dataset\Flakings\7.MOV_20201228114152_5873.JPEG,7.MOV_20201228114152_5873.JPEG,Flakings,,0.6441,0.2895,0.0,True
C:\Users\acous\Desktop\sih2026\Railway Track Surface Faults Dataset\Flakings\7.MOV_20201228114152_5874.JPEG,7.MOV_20201228114152_5874.JPEG,Flakings,,0.7656,0.5319,0.0,True
C:\Users\acous\Desktop\sih2026\Railway Track Surface Faults Dataset\Flakings\7.MOV_20201228114152_5890.JPEG,7.MOV_20201228114152_5890.JPEG,Flakings,,0.8838,0.7734,0.0,True
C:\Users\acous\Desktop\sih2026\Railway Track Surface Faults Dataset\Flakings\7.MOV_20201228114152_5891.JPEG,7.MOV_20201228114152_5891.JPEG,Flakings,,0.6869,0.3776,0.0,True
C:\Users\acous\Desktop\sih2026\Railway Track Surface Faults Dataset\Flakings\7.MOV_20201228114152_5896.JPEG,7.MOV_20201228114152_5896.JPEG,Flakings,,0.8996,0.7996,0.0,True
C:\Users\acous\Desktop\sih2026\Railway Track Surface Faults Dataset\Flakings\7.MOV_20201228114152_5897.JPEG,7.MOV_20201228114152_5897.JPEG,Flakings,,0.9151,0.8314,0.0,True
C:\Users\acous\Desktop\sih2026\Railway Track Surface Faults Dataset\Flakings\7.MOV_20201228114152_5898.JPEG,7.MOV_20201228114152_5898.JPEG,Flakings,,0.8151,0.6324,0.0,True
C:\Users\acous\Desktop\sih2026\Railway Track Surface Faults Dataset\Flakings\7.MOV_20201228114152_5899.JPEG,7.MOV_20201228114152_5899.JPEG,Flakings,,0.8225,0.6468,0.0,True
C:\Users\acous\Desktop\sih2026\Railway Track Surface Faults Dataset\Flakings\7.MOV_20201228114152_5900.JPEG,7.MOV_20201228114152_5900.JPEG,Flakings,,0.6517,0.3049,0.0,True
C:\Users\acous\Desktop\sih2026\Railway Track Surface Faults Dataset\Flakings\7.MOV_20201228114152_5901.JPEG,7.MOV_20201228114152_5901.JPEG,Flakings,,0.9509,0.9024,0.0,True
C:\Users\acous\Desktop\sih2026\Railway Track Surface Faults Dataset\Flakings\7.MOV_20201228114152_5902.JPEG,7.MOV_20201228114152_5902.JPEG,Flakings,,0.8355,0.6742,0.0,True
C:\Users\acous\Desktop\sih2026\Railway Track Surface Faults Dataset\Flakings\7.MOV_20201228114152_5903.JPEG,7.MOV_20201228114152_5903.JPEG,Flakings,,0.9034,0.8177,0.0,True
C:\Users\acous\Desktop\sih2026\Railway Track Surface Faults Dataset\Flakings\7.MOV_20201228114152_5904.JPEG,7.MOV_20201228114152_5904.JPEG,Flakings,,0.8273,0.6548,0.0,True
C:\Users\acous\Desktop\sih2026\Railway Track Surface Faults Dataset\Flakings\7.MOV_20201228114152_5905.JPEG,7.MOV_20201228114152_5905.JPEG,Flakings,,0.9223,0.8449,0.0,True
C:\Users\acous\Desktop\sih2026\Railway Track Surface Faults Dataset\Flakings\7.MOV_20201228114152_5906.JPEG,7.MOV_20201228114152_5906.JPEG,Flakings,,0.871,0.7445,0.0,True
C:\Users\acous\Desktop\sih2026\Railway Track Surface Faults Dataset\Flakings\7.MOV_20201228114152_5907.JPEG,7.MOV_20201228114152_5907.JPEG,Flakings,,0.7595,0.5215,0.0,True
C:\Users\acous\Desktop\sih2026\Railway Track Surface Faults Dataset\Flakings\7.MOV_20201228114152_5908.JPEG,7.MOV_20201228114152_5908.JPEG,Flakings,,0.8888,0.78,0.0,True
C:\Users\acous\Desktop\sih2026\Railway Track Surface Faults Dataset\Flakings\7.MOV_20201228114152_5909.JPEG,7.MOV_20201228114152_5909.JPEG,Flakings,,0.9673,0.9357,0.0,True
C:\Users\acous\Desktop\sih2026\Railway Track Surface Faults Dataset\Flakings\7.MOV_20201228114152_5910.JPEG,7.MOV_20201228114152_5910.JPEG,Flakings,,0.8931,0.8006,0.0,True
C:\Users\acous\Desktop\sih2026\Railway Track Surface Faults Dataset\Flakings\7.MOV_20201228114152_5911.JPEG,7.MOV_20201228114152_5911.JPEG,Flakings,,0.8772,0.7584,0.0,True
C:\Users\acous\Desktop\sih2026\Railway Track Surface Faults Dataset\Flakings\7.MOV_20201228114152_5912.JPEG,7.MOV_20201228114152_5912.JPEG,Flakings,,0.9103,0.8227,0.0,True
C:\Users\acous\Desktop\sih2026\Railway Track Surface Faults Dataset\Flakings\7.MOV_20201228114152_5913.JPEG,7.MOV_20201228114152_5913.JPEG,Flakings,,0.8219,0.6491,0.0,True
C:\Users\acous\Desktop\sih2026\Railway Track Surface Faults Dataset\Flakings\7.MOV_20201228114152_5914.JPEG,7.MOV_20201228114152_5914.JPEG,Flakings,,0.768,0.5441,0.0,True
C:\Users\acous\Desktop\sih2026\Railway Track Surface Faults Dataset\Flakings\7.MOV_20201228114152_5915.JPEG,7.MOV_20201228114152_5915.JPEG,Flakings,,0.6961,0.394,0.0,True
C:\Users\acous\Desktop\sih2026\Railway Track Surface Faults Dataset\Flakings\7.MOV_20201228114152_5916.JPEG,7.MOV_20201228114152_5916.JPEG,Flakings,,0.7916,0.5858,0.0,True
C:\Users\acous\Desktop\sih2026\Railway Track Surface Faults Dataset\Flakings\7.MOV_20201228114152_5917.JPEG,7.MOV_20201228114152_5917.JPEG,Flakings,,0.9673,0.9356,0.0,True
C:\Users\acous\Desktop\sih2026\Railway Track Surface Faults Dataset\Flakings\7.MOV_20201228114152_5918.JPEG,7.MOV_20201228114152_5918.JPEG,Flakings,,0.9823,0.9673,0.0,True
C:\Users\acous\Desktop\sih2026\Railway Track Surface Faults Dataset\Flakings\7.MOV_20201228114152_5919.JPEG,7.MOV_20201228114152_5919.JPEG,Flakings,,0.98,0.9622,0.0,True
C:\Users\acous\Desktop\sih2026\Railway Track Surface Faults Dataset\Flakings\7.MOV_20201228114152_5920.JPEG,7.MOV_20201228114152_5920.JPEG,Flakings,,0.8751,0.7664,0.0,True
C:\Users\acous\Desktop\sih2026\Railway Track Surface Faults Dataset\Flakings\7.MOV_20201228114152_5921.JPEG,7.MOV_20201228114152_5921.JPEG,Flakings,,0.9391,0.8786,0.0,True
C:\Users\acous\Desktop\sih2026\Railway Track Surface Faults Dataset\Flakings\7.MOV_20201228114152_5922.JPEG,7.MOV_20201228114152_5922.JPEG,Flakings,,0.8538,0.7083,0.0,True
C:\Users\acous\Desktop\sih2026\Railway Track Surface Faults Dataset\Flakings\7.MOV_20201228114152_5974.JPEG,7.MOV_20201228114152_5974.JPEG,Flakings,,0.9831,0.9665,0.0,True
C:\Users\acous\Desktop\sih2026\Railway Track Surface Faults Dataset\Flakings\7.MOV_20201228114152_5975.JPEG,7.MOV_20201228114152_5975.JPEG,Flakings,,0.9901,0.9816,0.0,True
C:\Users\acous\Desktop\sih2026\Railway Track Surface Faults Dataset\Flakings\7.MOV_20201228114152_5976.JPEG,7.MOV_20201228114152_5976.JPEG,Flakings,,0.9659,0.9352,0.0,True
C:\Users\acous\Desktop\sih2026\Railway Track Surface Faults Dataset\Flakings\7.MOV_20201228114152_5977.JPEG,7.MOV_20201228114152_5977.JPEG,Flakings,,0.9571,0.9159,0.0,True
C:\Users\acous\Desktop\sih2026\Railway Track Surface Faults Dataset\Flakings\7.MOV_20201228114152_5978.JPEG,7.MOV_20201228114152_5978.JPEG,Flakings,,0.9775,0.958,0.0,True
C:\Users\acous\Desktop\sih2026\Railway Track Surface Faults Dataset\Flakings\7.MOV_20201228114152_5979.JPEG,7.MOV_20201228114152_5979.JPEG,Flakings,,0.9927,0.987,0.0,True
C:\Users\acous\Desktop\sih2026\Railway Track Surface Faults Dataset\Flakings\7.MOV_20201228114152_5980.JPEG,7.MOV_20201228114152_5980.JPEG,Flakings,,0.9897,0.9829,0.0,True
C:\Users\acous\Desktop\sih2026\Railway Track Surface Faults Dataset\Flakings\7.MOV_20201228114152_5981.JPEG,7.MOV_20201228114152_5981.JPEG,Flakings,,0.9817,0.9677,0.0,True
C:\Users\acous\Desktop\sih2026\Railway Track Surface Faults Dataset\Flakings\7.MOV_20201228114152_5982.JPEG,7.MOV_20201228114152_5982.JPEG,Flakings,,0.9899,0.9802,0.0,True
C:\Users\acous\Desktop\sih2026\Railway Track Surface Faults Dataset\Flakings\7.MOV_20201228114152_5983.JPEG,7.MOV_20201228114152_5983.JPEG,Flakings,,0.958,0.9167,0.0,True
C:\Users\acous\Desktop\sih2026\Railway Track Surface Faults Dataset\Flakings\7.MOV_20201228114152_5984.JPEG,7.MOV_20201228114152_5984.JPEG,Flakings,,0.9131,0.8264,0.0,True
C:\Users\acous\Desktop\sih2026\Railway Track Surface Faults Dataset\Flakings\7.MOV_20201228114152_5985.JPEG,7.MOV_20201228114152_5985.JPEG,Flakings,,0.9563,0.9129,0.0,True
C:\Users\acous\Desktop\sih2026\Railway Track Surface Faults Dataset\Flakings\7.MOV_20201228114152_5986.JPEG,7.MOV_20201228114152_5986.JPEG,Flakings,,0.825,0.6509,0.0,True
C:\Users\acous\Desktop\sih2026\Railway Track Surface Faults Dataset\Flakings\7.MOV_20201228114152_5987.JPEG,7.MOV_20201228114152_5987.JPEG,Flakings,,0.987,0.9754,0.0,True
C:\Users\acous\Desktop\sih2026\Railway Track Surface Faults Dataset\Flakings\7.MOV_20201228114152_5988.JPEG,7.MOV_20201228114152_5988.JPEG,Flakings,,0.9932,0.9865,0.0,True
C:\Users\acous\Desktop\sih2026\Railway Track Surface Faults Dataset\Flakings\7.MOV_20201228114152_5989.JPEG,7.MOV_20201228114152_5989.JPEG,Flakings,,0.9583,0.9174,0.0,True
C:\Users\acous\Desktop\sih2026\Railway Track Surface Faults Dataset\Flakings\7.MOV_20201228114152_5990.JPEG,7.MOV_20201228114152_5990.JPEG,Flakings,,0.9908,0.9823,0.0,True
C:\Users\acous\Desktop\sih2026\Railway Track Surface Faults Dataset\Flakings\7.MOV_20201228114152_5991.JPEG,7.MOV_20201228114152_5991.JPEG,Flakings,,0.9934,0.9871,0.0,True
C:\Users\acous\Desktop\sih2026\Railway Track Surface Faults Dataset\Flakings\7.MOV_20201228114152_5992.JPEG,7.MOV_20201228114152_5992.JPEG,Flakings,,0.6322,0.2649,0.0,True
C:\Users\acous\Desktop\sih2026\Railway Track Surface Faults Dataset\Flakings\7.MOV_20201228114152_5993.JPEG,7.MOV_20201228114152_5993.JPEG,Flakings,,0.9591,0.9185,0.0,True
C:\Users\acous\Desktop\sih2026\Railway Track Surface Faults Dataset\Flakings\7.MOV_20201228114152_5994.JPEG,7.MOV_20201228114152_5994.JPEG,Flakings,,0.8598,0.7198,0.0,True
C:\Users\acous\Desktop\sih2026\Railway Track Surface Faults Dataset\Flakings\7.MOV_20201228114152_5995.JPEG,7.MOV_20201228114152_5995.JPEG,Flakings,,0.7513,0.503,0.0,True
C:\Users\acous\Desktop\sih2026\Railway Track Surface Faults Dataset\Flakings\7.MOV_20201228114152_5996.JPEG,7.MOV_20201228114152_5996.JPEG,Flakings,,0.9241,0.8483,0.0,True
C:\Users\acous\Desktop\sih2026\Railway Track Surface Faults Dataset\Flakings\7.MOV_20201228114152_5997.JPEG,7.MOV_20201228114152_5997.JPEG,Flakings,,0.7847,0.5701,0.0,True
C:\Users\acous\Desktop\sih2026\Railway Track Surface Faults Dataset\Flakings\7.MOV_20201228114152_6098.JPEG,7.MOV_20201228114152_6098.JPEG,Flakings,,0.9912,0.9836,0.0,True
C:\Users\acous\Desktop\sih2026\Railway Track Surface Faults Dataset\Flakings\7.MOV_20201228114152_6099.JPEG,7.MOV_20201228114152_6099.JPEG,Flakings,,0.9736,0.9517,0.0,True
C:\Users\acous\Desktop\sih2026\Railway Track Surface Faults Dataset\Flakings\7.MOV_20201228114152_6100.JPEG,7.MOV_20201228114152_6100.JPEG,Flakings,,0.9032,0.8117,0.0,True
C:\Users\acous\Desktop\sih2026\Railway Track Surface Faults Dataset\Flakings\7.MOV_20201228114152_6101.JPEG,7.MOV_20201228114152_6101.JPEG,Flakings,,0.9249,0.8502,0.0,True
C:\Users\acous\Desktop\sih2026\Railway Track Surface Faults Dataset\Flakings\7.MOV_20201228114152_6102.JPEG,7.MOV_20201228114152_6102.JPEG,Flakings,,0.933,0.8677,0.0,True
C:\Users\acous\Desktop\sih2026\Railway Track Surface Faults Dataset\Flakings\7.MOV_20201228114152_6103.JPEG,7.MOV_20201228114152_6103.JPEG,Flakings,,0.9247,0.855,0.0,True
C:\Users\acous\Desktop\sih2026\Railway Track Surface Faults Dataset\Flakings\7.MOV_20201228114152_6104.JPEG,7.MOV_20201228114152_6104.JPEG,Flakings,,0.8664,0.7712,0.0,True
C:\Users\acous\Desktop\sih2026\Railway Track Surface Faults Dataset\Flakings\7.MOV_20201228114152_6105.JPEG,7.MOV_20201228114152_6105.JPEG,Flakings,,0.8646,0.7641,0.0,True
C:\Users\acous\Desktop\sih2026\Railway Track Surface Faults Dataset\Flakings\7.MOV_20201228114152_6106.JPEG,7.MOV_20201228114152_6106.JPEG,Flakings,,0.8362,0.6795,0.0,True
C:\Users\acous\Desktop\sih2026\Railway Track Surface Faults Dataset\Flakings\7.MOV_20201228114152_6107.JPEG,7.MOV_20201228114152_6107.JPEG,Flakings,,0.9547,0.9111,0.0,True
C:\Users\acous\Desktop\sih2026\Railway Track Surface Faults Dataset\Flakings\7.MOV_20201228114152_6108.JPEG,7.MOV_20201228114152_6108.JPEG,Flakings,,0.9855,0.974,0.0,True
C:\Users\acous\Desktop\sih2026\Railway Track Surface Faults Dataset\Flakings\7.MOV_20201228114152_6109.JPEG,7.MOV_20201228114152_6109.JPEG,Flakings,,0.9847,0.9793,0.0,True
C:\Users\acous\Desktop\sih2026\Railway Track Surface Faults Dataset\Flakings\7.MOV_20201228114152_6110.JPEG,7.MOV_20201228114152_6110.JPEG,Flakings,,0.9567,0.9266,0.0,True
C:\Users\acous\Desktop\sih2026\Railway Track Surface Faults Dataset\Flakings\7.MOV_20201228114152_6111.JPEG,7.MOV_20201228114152_6111.JPEG,Flakings,,0.7696,0.5404,0.0,True
C:\Users\acous\Desktop\sih2026\Railway Track Surface Faults Dataset\Flakings\7.MOV_20201228114152_6112.JPEG,7.MOV_20201228114152_6112.JPEG,Flakings,,0.5362,0.0754,0.0,True
C:\Users\acous\Desktop\sih2026\Railway Track Surface Faults Dataset\Flakings\7.MOV_20201228114152_6113.JPEG,7.MOV_20201228114152_6113.JPEG,Flakings,,0.6239,0.2747,0.0,True
C:\Users\acous\Desktop\sih2026\Railway Track Surface Faults Dataset\Flakings\7.MOV_20201228114152_6114.JPEG,7.MOV_20201228114152_6114.JPEG,Flakings,,0.6864,0.3903,0.0,True
C:\Users\acous\Desktop\sih2026\Railway Track Surface Faults Dataset\Flakings\7.MOV_20201228114152_6115.JPEG,7.MOV_20201228114152_6115.JPEG,Flakings,,0.601,0.225,0.0,True
C:\Users\acous\Desktop\sih2026\Railway Track Surface Faults Dataset\Flakings\7.MOV_20201228114152_6128.JPEG,7.MOV_20201228114152_6128.JPEG,Flakings,,0.9187,0.8378,0.0,True
C:\Users\acous\Desktop\sih2026\Railway Track Surface Faults Dataset\Flakings\7.MOV_20201228114152_6129.JPEG,7.MOV_20201228114152_6129.JPEG,Flakings,,0.9496,0.9012,0.0,True
C:\Users\acous\Desktop\sih2026\Railway Track Surface Faults Dataset\Flakings\7.MOV_20201228114152_6130.JPEG,7.MOV_20201228114152_6130.JPEG,Flakings,,0.8417,0.692,0.0,True
C:\Users\acous\Desktop\sih2026\Railway Track Surface Faults Dataset\Flakings\7.MOV_20201228114152_6131.JPEG,7.MOV_20201228114152_6131.JPEG,Flakings,,0.9425,0.8851,0.0,True
C:\Users\acous\Desktop\sih2026\Railway Track Surface Faults Dataset\Flakings\7.MOV_20201228114152_6132.JPEG,7.MOV_20201228114152_6132.JPEG,Flakings,,0.8858,0.7717,0.0,True
C:\Users\acous\Desktop\sih2026\Railway Track Surface Faults Dataset\Flakings\7.MOV_20201228114152_6133.JPEG,7.MOV_20201228114152_6133.JPEG,Flakings,,0.9214,0.8429,0.0,True
C:\Users\acous\Desktop\sih2026\Railway Track Surface Faults Dataset\Flakings\7.MOV_20201228114152_6134.JPEG,7.MOV_20201228114152_6134.JPEG,Flakings,,0.6965,0.3941,0.0,True
C:\Users\acous\Desktop\sih2026\Railway Track Surface Faults Dataset\Flakings\7.MOV_20201228114152_6135.JPEG,7.MOV_20201228114152_6135.JPEG,Flakings,,0.567,0.1344,0.0,True
C:\Users\acous\Desktop\sih2026\Railway Track Surface Faults Dataset\Flakings\7.MOV_20201228114152_6136.JPEG,7.MOV_20201228114152_6136.JPEG,Flakings,,0.8505,0.7031,0.0,True
C:\Users\acous\Desktop\sih2026\Railway Track Surface Faults Dataset\Flakings\7.MOV_20201228114152_6137.JPEG,7.MOV_20201228114152_6137.JPEG,Flakings,,0.9278,0.8653,0.0,True
C:\Users\acous\Desktop\sih2026\Railway Track Surface Faults Dataset\Flakings\7.MOV_20201228114152_6138.JPEG,7.MOV_20201228114152_6138.JPEG,Flakings,,0.9836,0.9694,0.0,True
C:\Users\acous\Desktop\sih2026\Railway Track Surface Faults Dataset\Flakings\7.MOV_20201228114152_6139.JPEG,7.MOV_20201228114152_6139.JPEG,Flakings,,0.9772,0.9651,0.0,True
C:\Users\acous\Desktop\sih2026\Railway Track Surface Faults Dataset\Flakings\7.MOV_20201228114152_6140.JPEG,7.MOV_20201228114152_6140.JPEG,Flakings,,0.9759,0.9565,0.0,True
C:\Users\acous\Desktop\sih2026\Railway Track Surface Faults Dataset\Flakings\7.MOV_20201228114152_6141.JPEG,7.MOV_20201228114152_6141.JPEG,Flakings,,0.9374,0.8749,0.0,True
C:\Users\acous\Desktop\sih2026\Railway Track Surface Faults Dataset\Flakings\7.MOV_20201228114152_6142.JPEG,7.MOV_20201228114152_6142.JPEG,Flakings,,0.9383,0.8771,0.0,True
C:\Users\acous\Desktop\sih2026\Railway Track Surface Faults Dataset\Flakings\7.MOV_20201228114152_6143.JPEG,7.MOV_20201228114152_6143.JPEG,Flakings,,0.8578,0.7159,0.0,True
C:\Users\acous\Desktop\sih2026\Railway Track Surface Faults Dataset\Flakings\7.MOV_20201228114152_6144.JPEG,7.MOV_20201228114152_6144.JPEG,Flakings,,0.7941,0.5897,0.0,True
C:\Users\acous\Desktop\sih2026\Railway Track Surface Faults Dataset\Flakings\7.MOV_20201228114152_6145.JPEG,7.MOV_20201228114152_6145.JPEG,Flakings,,0.8664,0.7336,0.0,True
C:\Users\acous\Desktop\sih2026\Railway Track Surface Faults Dataset\Flakings\7.MOV_20201228114152_6146.JPEG,7.MOV_20201228114152_6146.JPEG,Flakings,,0.9282,0.857,0.0,True
C:\Users\acous\Desktop\sih2026\Railway Track Surface Faults Dataset\Flakings\7.MOV_20201228114152_6147.JPEG,7.MOV_20201228114152_6147.JPEG,Flakings,,0.9833,0.9673,0.0,True
C:\Users\acous\Desktop\sih2026\Railway Track Surface Faults Dataset\Flakings\7.MOV_20201228114152_6148.JPEG,7.MOV_20201228114152_6148.JPEG,Flakings,,0.9917,0.9867,0.0,True
C:\Users\acous\Desktop\sih2026\Railway Track Surface Faults Dataset\Flakings\7.MOV_20201228114152_6266.JPEG,7.MOV_20201228114152_6266.JPEG,Flakings,,0.9881,0.9817,0.0,True
C:\Users\acous\Desktop\sih2026\Railway Track Surface Faults Dataset\Flakings\7.MOV_20201228114152_6267.JPEG,7.MOV_20201228114152_6267.JPEG,Flakings,,0.9924,0.9852,0.0,True
C:\Users\acous\Desktop\sih2026\Railway Track Surface Faults Dataset\Flakings\7.MOV_20201228114152_6268.JPEG,7.MOV_20201228114152_6268.JPEG,Flakings,,0.9896,0.9796,0.0,True
C:\Users\acous\Desktop\sih2026\Railway Track Surface Faults Dataset\Flakings\7.MOV_20201228114152_6269.JPEG,7.MOV_20201228114152_6269.JPEG,Flakings,,0.9875,0.975,0.0,True
C:\Users\acous\Desktop\sih2026\Railway Track Surface Faults Dataset\Flakings\7.MOV_20201228114152_6270.JPEG,7.MOV_20201228114152_6270.JPEG,Flakings,,0.9348,0.8701,0.0,True
C:\Users\acous\Desktop\sih2026\Railway Track Surface Faults Dataset\Flakings\7.MOV_20201228114152_6271.JPEG,7.MOV_20201228114152_6271.JPEG,Flakings,,0.9813,0.9651,0.0,True
C:\Users\acous\Desktop\sih2026\Railway Track Surface Faults Dataset\Flakings\7.MOV_20201228114152_6272.JPEG,7.MOV_20201228114152_6272.JPEG,Flakings,,0.9452,0.891,0.0,True
C:\Users\acous\Desktop\sih2026\Railway Track Surface Faults Dataset\Flakings\7.MOV_20201228114152_6273.JPEG,7.MOV_20201228114152_6273.JPEG,Flakings,,0.9074,0.8207,0.0,True
C:\Users\acous\Desktop\sih2026\Railway Track Surface Faults Dataset\Flakings\7.MOV_20201228114152_6274.JPEG,7.MOV_20201228114152_6274.JPEG,Flakings,,0.9577,0.9242,0.0,True
C:\Users\acous\Desktop\sih2026\Railway Track Surface Faults Dataset\Flakings\7.MOV_20201228114152_6275.JPEG,7.MOV_20201228114152_6275.JPEG,Flakings,,0.9942,0.9897,0.0,True
C:\Users\acous\Desktop\sih2026\Railway Track Surface Faults Dataset\Flakings\7.MOV_20201228114152_6276.JPEG,7.MOV_20201228114152_6276.JPEG,Flakings,,0.9951,0.9905,0.0,True
C:\Users\acous\Desktop\sih2026\Railway Track Surface Faults Dataset\Flakings\7.MOV_20201228114152_6277.JPEG,7.MOV_20201228114152_6277.JPEG,Flakings,,0.9941,0.9887,0.0,True
C:\Users\acous\Desktop\sih2026\Railway Track Surface Faults Dataset\Flakings\7.MOV_20201228114152_6278.JPEG,7.MOV_20201228114152_6278.JPEG,Flakings,,0.9887,0.9777,0.0,True
C:\Users\acous\Desktop\sih2026\Railway Track Surface Faults Dataset\Flakings\7.MOV_20201228114152_6279.JPEG,7.MOV_20201228114152_6279.JPEG,Flakings,,0.9848,0.9716,0.0,True
C:\Users\acous\Desktop\sih2026\Railway Track Surface Faults Dataset\Flakings\7.MOV_20201228114152_6280.JPEG,7.MOV_20201228114152_6280.JPEG,Flakings,,0.9907,0.9818,0.0,True
C:\Users\acous\Desktop\sih2026\Railway Track Surface Faults Dataset\Flakings\7.MOV_20201228114152_6281.JPEG,7.MOV_20201228114152_6281.JPEG,Flakings,,0.9885,0.9782,0.0,True
C:\Users\acous\Desktop\sih2026\Railway Track Surface Faults Dataset\Flakings\7.MOV_20201228114152_6282.JPEG,7.MOV_20201228114152_6282.JPEG,Flakings,,0.99,0.983,0.0,True
C:\Users\acous\Desktop\sih2026\Railway Track Surface Faults Dataset\Flakings\7.MOV_20201228114152_6283.JPEG,7.MOV_20201228114152_6283.JPEG,Flakings,,0.9868,0.9744,0.0,True
C:\Users\acous\Desktop\sih2026\Railway Track Surface Faults Dataset\Flakings\7.MOV_20201228114152_6284.JPEG,7.MOV_20201228114152_6284.JPEG,Flakings,,0.9551,0.9105,0.0,True
C:\Users\acous\Desktop\sih2026\Railway Track Surface Faults Dataset\Flakings\7.MOV_20201228114152_6285.JPEG,7.MOV_20201228114152_6285.JPEG,Flakings,,0.977,0.9544,0.0,True
C:\Users\acous\Desktop\sih2026\Railway Track Surface Faults Dataset\Flakings\7.MOV_20201228114152_6286.JPEG,7.MOV_20201228114152_6286.JPEG,Flakings,,0.8422,0.6943,0.0,True
C:\Users\acous\Desktop\sih2026\Railway Track Surface Faults Dataset\Flakings\7.MOV_20201228114152_6287.JPEG,7.MOV_20201228114152_6287.JPEG,Flakings,,0.8686,0.7391,0.0,True
C:\Users\acous\Desktop\sih2026\Railway Track Surface Faults Dataset\Flakings\7.MOV_20201228114152_6288.JPEG,7.MOV_20201228114152_6288.JPEG,Flakings,,0.9861,0.9731,0.0,True
C:\Users\acous\Desktop\sih2026\Railway Track Surface Faults Dataset\Flakings\7.MOV_20201228114152_6289.JPEG,7.MOV_20201228114152_6289.JPEG,Flakings,,0.9234,0.8571,0.0,True
C:\Users\acous\Desktop\sih2026\Railway Track Surface Faults Dataset\Flakings\7.MOV_20201228114152_6290.JPEG,7.MOV_20201228114152_6290.JPEG,Flakings,,0.6465,0.297,0.0,True
C:\Users\acous\Desktop\sih2026\Railway Track Surface Faults Dataset\Flakings\7.MOV_20201228114152_6291.JPEG,7.MOV_20201228114152_6291.JPEG,Flakings,,0.9817,0.9639,0.0,True
C:\Users\acous\Desktop\sih2026\Railway Track Surface Faults Dataset\Flakings\7.MOV_20201228114152_6292.JPEG,7.MOV_20201228114152_6292.JPEG,Flakings,,0.8279,0.7088,0.0,True
C:\Users\acous\Desktop\sih2026\Railway Track Surface Faults Dataset\Flakings\7.MOV_20201228114152_6293.JPEG,7.MOV_20201228114152_6293.JPEG,Flakings,,0.9483,0.907,0.0,True
C:\Users\acous\Desktop\sih2026\Railway Track Surface Faults Dataset\Flakings\7.MOV_20201228114152_6294.JPEG,7.MOV_20201228114152_6294.JPEG,Flakings,,0.8337,0.7292,0.0,True
C:\Users\acous\Desktop\sih2026\Railway Track Surface Faults Dataset\Flakings\7.MOV_20201228114152_6295.JPEG,7.MOV_20201228114152_6295.JPEG,Flakings,,0.8556,0.7621,0.0,True
C:\Users\acous\Desktop\sih2026\Railway Track Surface Faults Dataset\Flakings\7.MOV_20201228114152_6296.JPEG,7.MOV_20201228114152_6296.JPEG,Flakings,,0.8998,0.8061,0.0,True
C:\Users\acous\Desktop\sih2026\Railway Track Surface Faults Dataset\Flakings\7.MOV_20201228114152_6297.JPEG,7.MOV_20201228114152_6297.JPEG,Flakings,,0.8973,0.821,0.0,True
C:\Users\acous\Desktop\sih2026\Railway Track Surface Faults Dataset\Flakings\7.MOV_20201228114152_6298.JPEG,7.MOV_20201228114152_6298.JPEG,Flakings,,0.8817,0.7782,0.0,True
C:\Users\acous\Desktop\sih2026\Railway Track Surface Faults Dataset\Flakings\7.MOV_20201228114152_6299.JPEG,7.MOV_20201228114152_6299.JPEG,Flakings,,0.8699,0.7469,0.0,True
C:\Users\acous\Desktop\sih2026\Railway Track Surface Faults Dataset\Flakings\7.MOV_20201228114152_6300.JPEG,7.MOV_20201228114152_6300.JPEG,Flakings,,0.8812,0.7896,0.0,True
C:\Users\acous\Desktop\sih2026\Railway Track Surface Faults Dataset\Flakings\7.MOV_20201228114152_6301.JPEG,7.MOV_20201228114152_6301.JPEG,Flakings,,0.8069,0.6993,0.0,True
C:\Users\acous\Desktop\sih2026\Railway Track Surface Faults Dataset\Flakings\7.MOV_20201228114152_6302.JPEG,7.MOV_20201228114152_6302.JPEG,Flakings,,0.8884,0.7854,0.0,True
C:\Users\acous\Desktop\sih2026\Railway Track Surface Faults Dataset\Flakings\7.MOV_20201228114152_6303.JPEG,7.MOV_20201228114152_6303.JPEG,Flakings,,0.922,0.8457,0.0,True
C:\Users\acous\Desktop\sih2026\Railway Track Surface Faults Dataset\Flakings\7.MOV_20201228114152_6304.JPEG,7.MOV_20201228114152_6304.JPEG,Flakings,,0.9353,0.8742,0.0,True
C:\Users\acous\Desktop\sih2026\Railway Track Surface Faults Dataset\Flakings\7.MOV_20201228114152_6305.JPEG,7.MOV_20201228114152_6305.JPEG,Flakings,,0.941,0.8833,0.0,True
C:\Users\acous\Desktop\sih2026\Railway Track Surface Faults Dataset\Flakings\7.MOV_20201228114152_6306.JPEG,7.MOV_20201228114152_6306.JPEG,Flakings,,0.9621,0.9253,0.0,True
C:\Users\acous\Desktop\sih2026\Railway Track Surface Faults Dataset\Flakings\7.MOV_20201228114152_6307.JPEG,7.MOV_20201228114152_6307.JPEG,Flakings,,0.8966,0.7948,0.0,True
C:\Users\acous\Desktop\sih2026\Railway Track Surface Faults Dataset\Flakings\7.MOV_20201228114152_6308.JPEG,7.MOV_20201228114152_6308.JPEG,Flakings,,0.8429,0.686,0.0,True
C:\Users\acous\Desktop\sih2026\Railway Track Surface Faults Dataset\Flakings\7.MOV_20201228114152_6309.JPEG,7.MOV_20201228114152_6309.JPEG,Flakings,,0.9746,0.9492,0.0,True
C:\Users\acous\Desktop\sih2026\Railway Track Surface Faults Dataset\Flakings\7.MOV_20201228114152_6310.JPEG,7.MOV_20201228114152_6310.JPEG,Flakings,,0.954,0.9083,0.0,True
C:\Users\acous\Desktop\sih2026\Railway Track Surface Faults Dataset\Flakings\7.MOV_20201228114152_6382.JPEG,7.MOV_20201228114152_6382.JPEG,Flakings,,0.9497,0.9026,0.0,True
C:\Users\acous\Desktop\sih2026\Railway Track Surface Faults Dataset\Flakings\7.MOV_20201228114152_6383.JPEG,7.MOV_20201228114152_6383.JPEG,Flakings,,0.7001,0.4031,0.0,True
C:\Users\acous\Desktop\sih2026\Railway Track Surface Faults Dataset\Flakings\7.MOV_20201228114152_6384.JPEG,7.MOV_20201228114152_6384.JPEG,Flakings,,0.5261,0.0593,0.0,True
C:\Users\acous\Desktop\sih2026\Railway Track Surface Faults Dataset\Flakings\7.MOV_20201228114152_6481.JPEG,7.MOV_20201228114152_6481.JPEG,Flakings,,0.8935,0.791,0.0,True
C:\Users\acous\Desktop\sih2026\Railway Track Surface Faults Dataset\Flakings\7.MOV_20201228114152_6482.JPEG,7.MOV_20201228114152_6482.JPEG,Flakings,,0.8,0.6021,0.0,True
C:\Users\acous\Desktop\sih2026\Railway Track Surface Faults Dataset\Flakings\7.MOV_20201228114152_6483.JPEG,7.MOV_20201228114152_6483.JPEG,Flakings,,0.9341,0.8752,0.0,True
C:\Users\acous\Desktop\sih2026\Railway Track Surface Faults Dataset\Flakings\7.MOV_20201228114152_6484.JPEG,7.MOV_20201228114152_6484.JPEG,Flakings,,0.8949,0.7941,0.0,True
C:\Users\acous\Desktop\sih2026\Railway Track Surface Faults Dataset\Flakings\7.MOV_20201228114152_6686.JPEG,7.MOV_20201228114152_6686.JPEG,Flakings,,0.9248,0.8507,0.0,True
C:\Users\acous\Desktop\sih2026\Railway Track Surface Faults Dataset\Flakings\7.MOV_20201228114152_6687.JPEG,7.MOV_20201228114152_6687.JPEG,Flakings,,0.942,0.8853,0.0,True
C:\Users\acous\Desktop\sih2026\Railway Track Surface Faults Dataset\Flakings\7.MOV_20201228114152_6688.JPEG,7.MOV_20201228114152_6688.JPEG,Flakings,,0.9628,0.9267,0.0,True
C:\Users\acous\Desktop\sih2026\Railway Track Surface Faults Dataset\Flakings\7.MOV_20201228114152_6689.JPEG,7.MOV_20201228114152_6689.JPEG,Flakings,,0.8703,0.7466,0.0,True
C:\Users\acous\Desktop\sih2026\Railway Track Surface Faults Dataset\Flakings\7.MOV_20201228114152_6690.JPEG,7.MOV_20201228114152_6690.JPEG,Flakings,,0.862,0.7305,0.0,True
C:\Users\acous\Desktop\sih2026\Railway Track Surface Faults Dataset\Flakings\7.MOV_20201228114152_6691.JPEG,7.MOV_20201228114152_6691.JPEG,Flakings,,0.8753,0.755,0.0,True
C:\Users\acous\Desktop\sih2026\Railway Track Surface Faults Dataset\Flakings\7.MOV_20201228114152_6692.JPEG,7.MOV_20201228114152_6692.JPEG,Flakings,,0.82,0.6417,0.0,True
C:\Users\acous\Desktop\sih2026\Railway Track Surface Faults Dataset\Flakings\7.MOV_20201228114152_6693.JPEG,7.MOV_20201228114152_6693.JPEG,Flakings,,0.932,0.8648,0.0,True
C:\Users\acous\Desktop\sih2026\Railway Track Surface Faults Dataset\Flakings\7.MOV_20201228114152_6694.JPEG,7.MOV_20201228114152_6694.JPEG,Flakings,,0.969,0.9384,0.0,True
C:\Users\acous\Desktop\sih2026\Railway Track Surface Faults Dataset\Flakings\7.MOV_20201228114152_6695.JPEG,7.MOV_20201228114152_6695.JPEG,Flakings,,0.9559,0.9123,0.0,True
C:\Users\acous\Desktop\sih2026\Railway Track Surface Faults Dataset\Flakings\7.MOV_20201228114152_6696.JPEG,7.MOV_20201228114152_6696.JPEG,Flakings,,0.9445,0.8912,0.0,True
C:\Users\acous\Desktop\sih2026\Railway Track Surface Faults Dataset\Flakings\7.MOV_20201228114152_6697.JPEG,7.MOV_20201228114152_6697.JPEG,Flakings,,0.9723,0.9457,0.0,True
C:\Users\acous\Desktop\sih2026\Railway Track Surface Faults Dataset\Flakings\7.MOV_20201228114152_6698.JPEG,7.MOV_20201228114152_6698.JPEG,Flakings,,0.8753,0.7521,0.0,True
C:\Users\acous\Desktop\sih2026\Railway Track Surface Faults Dataset\Flakings\7.MOV_20201228114152_6699.JPEG,7.MOV_20201228114152_6699.JPEG,Flakings,,0.8982,0.7974,0.0,True
C:\Users\acous\Desktop\sih2026\Railway Track Surface Faults Dataset\Flakings\7.MOV_20201228114152_6700.JPEG,7.MOV_20201228114152_6700.JPEG,Flakings,,0.9561,0.9129,0.0,True
C:\Users\acous\Desktop\sih2026\Railway Track Surface Faults Dataset\Flakings\7.MOV_20201228114152_6701.JPEG,7.MOV_20201228114152_6701.JPEG,Flakings,,0.9487,0.8993,0.0,True
C:\Users\acous\Desktop\sih2026\Railway Track Surface Faults Dataset\Flakings\7.MOV_20201228114152_6702.JPEG,7.MOV_20201228114152_6702.JPEG,Flakings,,0.9658,0.9324,0.0,True
C:\Users\acous\Desktop\sih2026\Railway Track Surface Faults Dataset\Flakings\7.MOV_20201228114152_6703.JPEG,7.MOV_20201228114152_6703.JPEG,Flakings,,0.9255,0.852,0.0,True
C:\Users\acous\Desktop\sih2026\Railway Track Surface Faults Dataset\Flakings\7.MOV_20201228114152_6704.JPEG,7.MOV_20201228114152_6704.JPEG,Flakings,,0.9684,0.9371,0.0,True
C:\Users\acous\Desktop\sih2026\Railway Track Surface Faults Dataset\Flakings\7.MOV_20201228114152_6705.JPEG,7.MOV_20201228114152_6705.JPEG,Flakings,,0.9636,0.9279,0.0,True
C:\Users\acous\Desktop\sih2026\Railway Track Surface Faults Dataset\Flakings\7.MOV_20201228114152_6706.JPEG,7.MOV_20201228114152_6706.JPEG,Flakings,,0.9823,0.9647,0.0,True
C:\Users\acous\Desktop\sih2026\Railway Track Surface Faults Dataset\Flakings\7.MOV_20201228114152_6707.JPEG,7.MOV_20201228114152_6707.JPEG,Flakings,,0.9417,0.8838,0.0,True
C:\Users\acous\Desktop\sih2026\Railway Track Surface Faults Dataset\Flakings\7.MOV_20201228114152_6708.JPEG,7.MOV_20201228114152_6708.JPEG,Flakings,,0.9822,0.9647,0.0,True
C:\Users\acous\Desktop\sih2026\Railway Track Surface Faults Dataset\Flakings\7.MOV_20201228114152_6709.JPEG,7.MOV_20201228114152_6709.JPEG,Flakings,,0.9044,0.8097,0.0,True
C:\Users\acous\Desktop\sih2026\Railway Track Surface Faults Dataset\Flakings\7.MOV_20201228114152_6710.JPEG,7.MOV_20201228114152_6710.JPEG,Flakings,,0.955,0.9107,0.0,True
C:\Users\acous\Desktop\sih2026\Railway Track Surface Faults Dataset\Flakings\7.MOV_20201228114152_6711.JPEG,7.MOV_20201228114152_6711.JPEG,Flakings,,0.8481,0.6971,0.0,True
C:\Users\acous\Desktop\sih2026\Railway Track Surface Faults Dataset\Flakings\7.MOV_20201228114152_6712.JPEG,7.MOV_20201228114152_6712.JPEG,Flakings,,0.925,0.8516,0.0,True
C:\Users\acous\Desktop\sih2026\Railway Track Surface Faults Dataset\Flakings\7.MOV_20201228114152_6713.JPEG,7.MOV_20201228114152_6713.JPEG,Flakings,,0.8209,0.6461,0.0,True
C:\Users\acous\Desktop\sih2026\Railway Track Surface Faults Dataset\Flakings\7.MOV_20201228114152_6714.JPEG,7.MOV_20201228114152_6714.JPEG,Flakings,,0.8545,0.7094,0.0,True
C:\Users\acous\Desktop\sih2026\Railway Track Surface Faults Dataset\Flakings\7.MOV_20201228114152_6715.JPEG,7.MOV_20201228114152_6715.JPEG,Flakings,,0.9426,0.887,0.0,True
C:\Users\acous\Desktop\sih2026\Railway Track Surface Faults Dataset\Flakings\7.MOV_20201228114152_6716.JPEG,7.MOV_20201228114152_6716.JPEG,Flakings,,0.982,0.9645,0.0,True
C:\Users\acous\Desktop\sih2026\Railway Track Surface Faults Dataset\Flakings\7.MOV_20201228114152_6717.JPEG,7.MOV_20201228114152_6717.JPEG,Flakings,,0.9704,0.9409,0.0,True
C:\Users\acous\Desktop\sih2026\Railway Track Surface Faults Dataset\Flakings\7.MOV_20201228114152_6718.JPEG,7.MOV_20201228114152_6718.JPEG,Flakings,,0.9795,0.9591,0.0,True
C:\Users\acous\Desktop\sih2026\Railway Track Surface Faults Dataset\Flakings\7.MOV_20201228114152_6719.JPEG,7.MOV_20201228114152_6719.JPEG,Flakings,,0.9575,0.9152,0.0,True
C:\Users\acous\Desktop\sih2026\Railway Track Surface Faults Dataset\Flakings\7.MOV_20201228114152_6720.JPEG,7.MOV_20201228114152_6720.JPEG,Flakings,,0.9659,0.9319,0.0,True
C:\Users\acous\Desktop\sih2026\Railway Track Surface Faults Dataset\Flakings\7.MOV_20201228114152_6873.JPEG,7.MOV_20201228114152_6873.JPEG,Flakings,,0.9638,0.928,0.0,True
C:\Users\acous\Desktop\sih2026\Railway Track Surface Faults Dataset\Flakings\7.MOV_20201228114152_6874.JPEG,7.MOV_20201228114152_6874.JPEG,Flakings,,0.9241,0.8494,0.0,True
C:\Users\acous\Desktop\sih2026\Railway Track Surface Faults Dataset\Flakings\7.MOV_20201228114152_6875.JPEG,7.MOV_20201228114152_6875.JPEG,Flakings,,0.9109,0.8224,0.0,True
C:\Users\acous\Desktop\sih2026\Railway Track Surface Faults Dataset\Flakings\7.MOV_20201228114152_6876.JPEG,7.MOV_20201228114152_6876.JPEG,Flakings,,0.8331,0.672,0.0,True
C:\Users\acous\Desktop\sih2026\Railway Track Surface Faults Dataset\Flakings\7.MOV_20201228114152_6877.JPEG,7.MOV_20201228114152_6877.JPEG,Flakings,,0.8299,0.6643,0.0,True
C:\Users\acous\Desktop\sih2026\Railway Track Surface Faults Dataset\Flakings\7.MOV_20201228114152_6878.JPEG,7.MOV_20201228114152_6878.JPEG,Flakings,,0.838,0.6766,0.0,True
C:\Users\acous\Desktop\sih2026\Railway Track Surface Faults Dataset\Flakings\7.MOV_20201228114152_6879.JPEG,7.MOV_20201228114152_6879.JPEG,Flakings,,0.6829,0.3667,0.0,True
C:\Users\acous\Desktop\sih2026\Railway Track Surface Faults Dataset\Flakings\7.MOV_20201228114152_6880.JPEG,7.MOV_20201228114152_6880.JPEG,Flakings,,0.7937,0.5875,0.0,True
C:\Users\acous\Desktop\sih2026\Railway Track Surface Faults Dataset\Flakings\7.MOV_20201228114152_6881.JPEG,7.MOV_20201228114152_6881.JPEG,Flakings,,0.8599,0.72,0.0,True
C:\Users\acous\Desktop\sih2026\Railway Track Surface Faults Dataset\Flakings\7.MOV_20201228114152_6882.JPEG,7.MOV_20201228114152_6882.JPEG,Flakings,,0.8626,0.7253,0.0,True
C:\Users\acous\Desktop\sih2026\Railway Track Surface Faults Dataset\Flakings\7.MOV_20201228114152_6883.JPEG,7.MOV_20201228114152_6883.JPEG,Flakings,,0.612,0.2243,0.0,True
C:\Users\acous\Desktop\sih2026\Railway Track Surface Faults Dataset\Flakings\7.MOV_20201228114152_6884.JPEG,7.MOV_20201228114152_6884.JPEG,Flakings,,0.7811,0.5627,0.0,True
C:\Users\acous\Desktop\sih2026\Railway Track Surface Faults Dataset\Flakings\7.MOV_20201228114152_6885.JPEG,7.MOV_20201228114152_6885.JPEG,Flakings,,0.869,0.7395,0.0,True
C:\Users\acous\Desktop\sih2026\Railway Track Surface Faults Dataset\Flakings\7.MOV_20201228114152_6886.JPEG,7.MOV_20201228114152_6886.JPEG,Flakings,,0.662,0.3243,0.0,True
C:\Users\acous\Desktop\sih2026\Railway Track Surface Faults Dataset\Flakings\7.MOV_20201228114152_6987.JPEG,7.MOV_20201228114152_6987.JPEG,Flakings,,0.5002,0.0108,0.0,True
C:\Users\acous\Desktop\sih2026\Railway Track Surface Faults Dataset\Flakings\7.MOV_20201228114152_6988.JPEG,7.MOV_20201228114152_6988.JPEG,Flakings,,0.5883,0.1795,0.0,True
C:\Users\acous\Desktop\sih2026\Railway Track Surface Faults Dataset\Flakings\7.MOV_20201228114152_6989.JPEG,7.MOV_20201228114152_6989.JPEG,Flakings,,0.6997,0.4145,0.0,True
C:\Users\acous\Desktop\sih2026\Railway Track Surface Faults Dataset\Flakings\7.MOV_20201228114152_6990.JPEG,7.MOV_20201228114152_6990.JPEG,Flakings,,0.5943,0.1978,0.0,True
C:\Users\acous\Desktop\sih2026\Railway Track Surface Faults Dataset\Flakings\7.MOV_20201228114152_6991.JPEG,7.MOV_20201228114152_6991.JPEG,Flakings,,0.6678,0.3383,0.0,True
C:\Users\acous\Desktop\sih2026\Railway Track Surface Faults Dataset\Flakings\7.MOV_20201228114152_6992.JPEG,7.MOV_20201228114152_6992.JPEG,Flakings,,0.9746,0.9502,0.0,True
C:\Users\acous\Desktop\sih2026\Railway Track Surface Faults Dataset\Flakings\7.MOV_20201228114152_6993.JPEG,7.MOV_20201228114152_6993.JPEG,Flakings,,0.9762,0.9554,0.0,True
C:\Users\acous\Desktop\sih2026\Railway Track Surface Faults Dataset\Flakings\7.MOV_20201228114152_6994.JPEG,7.MOV_20201228114152_6994.JPEG,Flakings,,0.8515,0.7279,0.0,True
C:\Users\acous\Desktop\sih2026\Railway Track Surface Faults Dataset\Flakings\7.MOV_20201228114152_6995.JPEG,7.MOV_20201228114152_6995.JPEG,Flakings,,0.8212,0.644,0.0,True
C:\Users\acous\Desktop\sih2026\Railway Track Surface Faults Dataset\Flakings\7.MOV_20201228114152_6996.JPEG,7.MOV_20201228114152_6996.JPEG,Flakings,,0.8273,0.6555,0.0,True
C:\Users\acous\Desktop\sih2026\Railway Track Surface Faults Dataset\Flakings\7.MOV_20201228114152_6997.JPEG,7.MOV_20201228114152_6997.JPEG,Flakings,,0.6484,0.2998,0.0,True
C:\Users\acous\Desktop\sih2026\Railway Track Surface Faults Dataset\Flakings\7.MOV_20201228114152_6998.JPEG,7.MOV_20201228114152_6998.JPEG,Flakings,,0.5643,0.131,0.0,True
C:\Users\acous\Desktop\sih2026\Railway Track Surface Faults Dataset\Flakings\7.MOV_20201228114152_6999.JPEG,7.MOV_20201228114152_6999.JPEG,Flakings,,0.6624,0.3279,0.0,True
C:\Users\acous\Desktop\sih2026\Railway Track Surface Faults Dataset\Flakings\7.MOV_20201228114152_9792.JPEG,7.MOV_20201228114152_9792.JPEG,Flakings,,0.9339,0.8705,0.0,True
C:\Users\acous\Desktop\sih2026\Railway Track Surface Faults Dataset\Flakings\7.MOV_20201228114152_9793.JPEG,7.MOV_20201228114152_9793.JPEG,Flakings,,0.9635,0.9285,0.0,True
C:\Users\acous\Desktop\sih2026\Railway Track Surface Faults Dataset\Flakings\7.MOV_20201228114152_9794.JPEG,7.MOV_20201228114152_9794.JPEG,Flakings,,0.7035,0.4106,0.0,True
C:\Users\acous\Desktop\sih2026\Railway Track Surface Faults Dataset\Flakings\7.MOV_20201228114152_9795.JPEG,7.MOV_20201228114152_9795.JPEG,Flakings,,0.743,0.4918,0.0,True
C:\Users\acous\Desktop\sih2026\Railway Track Surface Faults Dataset\Flakings\7.MOV_20201228114152_9796.JPEG,7.MOV_20201228114152_9796.JPEG,Flakings,,0.8768,0.7583,0.0,True
C:\Users\acous\Desktop\sih2026\Railway Track Surface Faults Dataset\Flakings\7.MOV_20201228114152_9797.JPEG,7.MOV_20201228114152_9797.JPEG,Flakings,,0.9573,0.9165,0.0,True
C:\Users\acous\Desktop\sih2026\Railway Track Surface Faults Dataset\Flakings\7.MOV_20201228114152_9798.JPEG,7.MOV_20201228114152_9798.JPEG,Flakings,,0.9786,0.9596,0.0,True
C:\Users\acous\Desktop\sih2026\Railway Track Surface Faults Dataset\Flakings\7.MOV_20201228114152_9799.JPEG,7.MOV_20201228114152_9799.JPEG,Flakings,,0.9834,0.9723,0.0,True
C:\Users\acous\Desktop\sih2026\Railway Track Surface Faults Dataset\Flakings\7.MOV_20201228114152_9800.JPEG,7.MOV_20201228114152_9800.JPEG,Flakings,,0.9927,0.9865,0.0,True
C:\Users\acous\Desktop\sih2026\Railway Track Surface Faults Dataset\Flakings\7.MOV_20201228114152_9801.JPEG,7.MOV_20201228114152_9801.JPEG,Flakings,,0.9901,0.9808,0.0,True
C:\Users\acous\Desktop\sih2026\Railway Track Surface Faults Dataset\Flakings\7.MOV_20201228114152_9802.JPEG,7.MOV_20201228114152_9802.JPEG,Flakings,,0.9677,0.9365,0.0,True
C:\Users\acous\Desktop\sih2026\Railway Track Surface Faults Dataset\Flakings\7.MOV_20201228114152_9803.JPEG,7.MOV_20201228114152_9803.JPEG,Flakings,,0.965,0.9338,0.0,True
C:\Users\acous\Desktop\sih2026\Railway Track Surface Faults Dataset\Flakings\7.MOV_20201228114152_9804.JPEG,7.MOV_20201228114152_9804.JPEG,Flakings,,0.9693,0.9405,0.0,True
C:\Users\acous\Desktop\sih2026\Railway Track Surface Faults Dataset\Flakings\7.MOV_20201228114152_9805.JPEG,7.MOV_20201228114152_9805.JPEG,Flakings,,0.9326,0.8726,0.0,True
C:\Users\acous\Desktop\sih2026\Railway Track Surface Faults Dataset\Flakings\7.MOV_20201228114152_9806.JPEG,7.MOV_20201228114152_9806.JPEG,Flakings,,0.8947,0.7969,0.0,True
C:\Users\acous\Desktop\sih2026\Railway Track Surface Faults Dataset\Flakings\7.MOV_20201228114152_9807.JPEG,7.MOV_20201228114152_9807.JPEG,Flakings,,0.896,0.8168,0.0,True
C:\Users\acous\Desktop\sih2026\Railway Track Surface Faults Dataset\Flakings\7.MOV_20201228114152_9808.JPEG,7.MOV_20201228114152_9808.JPEG,Flakings,,0.9539,0.9128,0.0,True
C:\Users\acous\Desktop\sih2026\Railway Track Surface Faults Dataset\Flakings\7.MOV_20201228114152_9809.JPEG,7.MOV_20201228114152_9809.JPEG,Flakings,,0.9806,0.9635,0.0,True
C:\Users\acous\Desktop\sih2026\Railway Track Surface Faults Dataset\Flakings\7.MOV_20201228114152_9810.JPEG,7.MOV_20201228114152_9810.JPEG,Flakings,,0.9849,0.9702,0.0,True
C:\Users\acous\Desktop\sih2026\Railway Track Surface Faults Dataset\Flakings\7.MOV_20201228114152_9811.JPEG,7.MOV_20201228114152_9811.JPEG,Flakings,,0.9757,0.9535,0.0,True
C:\Users\acous\Desktop\sih2026\Railway Track Surface Faults Dataset\Flakings\7.MOV_20201228114152_9812.JPEG,7.MOV_20201228114152_9812.JPEG,Flakings,,0.9843,0.9699,0.0,True
C:\Users\acous\Desktop\sih2026\Railway Track Surface Faults Dataset\Flakings\7.MOV_20201228114152_9813.JPEG,7.MOV_20201228114152_9813.JPEG,Flakings,,0.8926,0.7937,0.0,True
C:\Users\acous\Desktop\sih2026\Railway Track Surface Faults Dataset\Flakings\7.MOV_20201228114152_9814.JPEG,7.MOV_20201228114152_9814.JPEG,Flakings,,0.7173,0.4413,0.0,True
C:\Users\acous\Desktop\sih2026\Railway Track Surface Faults Dataset\Flakings\7.MOV_20201228114152_9815.JPEG,7.MOV_20201228114152_9815.JPEG,Flakings,,0.9217,0.8461,0.0,True
C:\Users\acous\Desktop\sih2026\Railway Track Surface Faults Dataset\Flakings\7.MOV_20201228114152_9816.JPEG,7.MOV_20201228114152_9816.JPEG,Flakings,,0.8884,0.7887,0.0,True
C:\Users\acous\Desktop\sih2026\Railway Track Surface Faults Dataset\Flakings\7.MOV_20201228114152_9817.JPEG,7.MOV_20201228114152_9817.JPEG,Flakings,,0.9271,0.8564,0.0,True
C:\Users\acous\Desktop\sih2026\Railway Track Surface Faults Dataset\Flakings\7.MOV_20201228114152_9818.JPEG,7.MOV_20201228114152_9818.JPEG,Flakings,,0.9255,0.8522,0.0,True
C:\Users\acous\Desktop\sih2026\Railway Track Surface Faults Dataset\Flakings\7.MOV_20201228114152_9819.JPEG,7.MOV_20201228114152_9819.JPEG,Flakings,,0.9917,0.985,0.0,True
C:\Users\acous\Desktop\sih2026\Railway Track Surface Faults Dataset\Flakings\7.MOV_20201228114152_9820.JPEG,7.MOV_20201228114152_9820.JPEG,Flakings,,0.9751,0.9531,0.0,True
C:\Users\acous\Desktop\sih2026\Railway Track Surface Faults Dataset\Flakings\7.MOV_20201228114152_9821.JPEG,7.MOV_20201228114152_9821.JPEG,Flakings,,0.8988,0.7982,0.0,True
C:\Users\acous\Desktop\sih2026\Railway Track Surface Faults Dataset\Flakings\7.MOV_20201228114152_9822.JPEG,7.MOV_20201228114152_9822.JPEG,Flakings,,0.9549,0.9101,0.0,True
C:\Users\acous\Desktop\sih2026\Railway Track Surface Faults Dataset\Flakings\7.MOV_20201228114152_9823.JPEG,7.MOV_20201228114152_9823.JPEG,Flakings,,0.8354,0.6731,0.0,True
C:\Users\acous\Desktop\sih2026\Railway Track Surface Faults Dataset\Flakings\7.MOV_20201228114152_9824.JPEG,7.MOV_20201228114152_9824.JPEG,Flakings,,0.6618,0.3256,0.0,True
C:\Users\acous\Desktop\sih2026\Railway Track Surface Faults Dataset\Flakings\7.MOV_20201228114152_9825.JPEG,7.MOV_20201228114152_9825.JPEG,Flakings,,0.5778,0.1592,0.0,True
C:\Users\acous\Desktop\sih2026\Railway Track Surface Faults Dataset\Grooves\4.MOV_20201222164809_0935.JPEG,4.MOV_20201222164809_0935.JPEG,Grooves,,0.9999,0.9998,0.0,True
C:\Users\acous\Desktop\sih2026\Railway Track Surface Faults Dataset\Grooves\4.MOV_20201222164809_0936.JPEG,4.MOV_20201222164809_0936.JPEG,Grooves,,1.0,1.0,0.0,True
C:\Users\acous\Desktop\sih2026\Railway Track Surface Faults Dataset\Grooves\4.MOV_20201222164809_0937.JPEG,4.MOV_20201222164809_0937.JPEG,Grooves,,1.0,1.0,0.0,True
C:\Users\acous\Desktop\sih2026\Railway Track Surface Faults Dataset\Grooves\4.MOV_20201222164809_0938.JPEG,4.MOV_20201222164809_0938.JPEG,Grooves,,1.0,1.0,0.0,True
C:\Users\acous\Desktop\sih2026\Railway Track Surface Faults Dataset\Grooves\4.MOV_20201222164809_0939.JPEG,4.MOV_20201222164809_0939.JPEG,Grooves,,1.0,1.0,0.0,True
C:\Users\acous\Desktop\sih2026\Railway Track Surface Faults Dataset\Grooves\4.MOV_20201222164809_0940.JPEG,4.MOV_20201222164809_0940.JPEG,Grooves,,1.0,1.0,0.0,True
C:\Users\acous\Desktop\sih2026\Railway Track Surface Faults Dataset\Grooves\4.MOV_20201222164809_0941.JPEG,4.MOV_20201222164809_0941.JPEG,Grooves,,1.0,1.0,0.0,True
C:\Users\acous\Desktop\sih2026\Railway Track Surface Faults Dataset\Grooves\4.MOV_20201222164809_0942.JPEG,4.MOV_20201222164809_0942.JPEG,Grooves,,1.0,1.0,0.0,True
C:\Users\acous\Desktop\sih2026\Railway Track Surface Faults Dataset\Joints\1.MOV_20201221091849_4575.JPEG,1.MOV_20201221091849_4575.JPEG,Joints,,0.9977,0.9961,0.0,True
C:\Users\acous\Desktop\sih2026\Railway Track Surface Faults Dataset\Joints\1.MOV_20201221091849_4576.JPEG,1.MOV_20201221091849_4576.JPEG,Joints,,0.9997,0.9995,0.0,True
C:\Users\acous\Desktop\sih2026\Railway Track Surface Faults Dataset\Joints\1.MOV_20201221091849_4577.JPEG,1.MOV_20201221091849_4577.JPEG,Joints,,0.9999,0.9999,0.0,True
C:\Users\acous\Desktop\sih2026\Railway Track Surface Faults Dataset\Joints\1.MOV_20201221091849_4578.JPEG,1.MOV_20201221091849_4578.JPEG,Joints,,1.0,1.0,0.0,True
C:\Users\acous\Desktop\sih2026\Railway Track Surface Faults Dataset\Joints\1.MOV_20201221091849_4579.JPEG,1.MOV_20201221091849_4579.JPEG,Joints,,1.0,1.0,0.0,True
C:\Users\acous\Desktop\sih2026\Railway Track Surface Faults Dataset\Joints\1.MOV_20201221091849_4580.JPEG,1.MOV_20201221091849_4580.JPEG,Joints,,1.0,1.0,0.0,True
C:\Users\acous\Desktop\sih2026\Railway Track Surface Faults Dataset\Joints\1.MOV_20201221091849_4581.JPEG,1.MOV_20201221091849_4581.JPEG,Joints,,1.0,1.0,0.0,True
C:\Users\acous\Desktop\sih2026\Railway Track Surface Faults Dataset\Joints\7.MOV_20201228114152_5306.JPEG,7.MOV_20201228114152_5306.JPEG,Joints,,0.9875,0.9767,0.0,True
C:\Users\acous\Desktop\sih2026\Railway Track Surface Faults Dataset\Joints\7.MOV_20201228114152_5307.JPEG,7.MOV_20201228114152_5307.JPEG,Joints,,1.0,1.0,0.0,True
C:\Users\acous\Desktop\sih2026\Railway Track Surface Faults Dataset\Joints\7.MOV_20201228114152_5308.JPEG,7.MOV_20201228114152_5308.JPEG,Joints,,0.9998,0.9996,0.0,True
C:\Users\acous\Desktop\sih2026\Railway Track Surface Faults Dataset\Joints\7.MOV_20201228114152_5309.JPEG,7.MOV_20201228114152_5309.JPEG,Joints,,0.9998,0.9996,0.0,True
C:\Users\acous\Desktop\sih2026\Railway Track Surface Faults Dataset\Shellings\1.MOV_20201221091849_0243.JPEG,1.MOV_20201221091849_0243.JPEG,Shellings,,0.9952,0.9928,0.0,True
C:\Users\acous\Desktop\sih2026\Railway Track Surface Faults Dataset\Shellings\1.MOV_20201221091849_0244.JPEG,1.MOV_20201221091849_0244.JPEG,Shellings,,0.9924,0.9879,0.0,True
C:\Users\acous\Desktop\sih2026\Railway Track Surface Faults Dataset\Shellings\1.MOV_20201221091849_0245.JPEG,1.MOV_20201221091849_0245.JPEG,Shellings,,0.9967,0.9939,0.0,True
C:\Users\acous\Desktop\sih2026\Railway Track Surface Faults Dataset\Shellings\1.MOV_20201221091849_0246.JPEG,1.MOV_20201221091849_0246.JPEG,Shellings,,0.9998,0.9997,0.0,True
C:\Users\acous\Desktop\sih2026\Railway Track Surface Faults Dataset\Shellings\1.MOV_20201221091849_0247.JPEG,1.MOV_20201221091849_0247.JPEG,Shellings,,1.0,1.0,0.0,True
C:\Users\acous\Desktop\sih2026\Railway Track Surface Faults Dataset\Shellings\1.MOV_20201221091849_0248.JPEG,1.MOV_20201221091849_0248.JPEG,Shellings,,0.9998,0.9996,0.0,True
C:\Users\acous\Desktop\sih2026\Railway Track Surface Faults Dataset\Shellings\1.MOV_20201221091849_0249.JPEG,1.MOV_20201221091849_0249.JPEG,Shellings,,1.0,1.0,0.0,True
C:\Users\acous\Desktop\sih2026\Railway Track Surface Faults Dataset\Shellings\1.MOV_20201221091849_0250.JPEG,1.MOV_20201221091849_0250.JPEG,Shellings,,1.0,1.0,0.0,True
C:\Users\acous\Desktop\sih2026\Railway Track Surface Faults Dataset\Shellings\1.MOV_20201221091849_0251.JPEG,1.MOV_20201221091849_0251.JPEG,Shellings,,1.0,1.0,0.0,True
C:\Users\acous\Desktop\sih2026\Railway Track Surface Faults Dataset\Shellings\1.MOV_20201221091849_0252.JPEG,1.MOV_20201221091849_0252.JPEG,Shellings,,1.0,1.0,0.0,True
C:\Users\acous\Desktop\sih2026\Railway Track Surface Faults Dataset\Shellings\1.MOV_20201221091849_0253.JPEG,1.MOV_20201221091849_0253.JPEG,Shellings,,1.0,1.0,0.0,True
C:\Users\acous\Desktop\sih2026\Railway Track Surface Faults Dataset\Shellings\1.MOV_20201221091849_0254.JPEG,1.MOV_20201221091849_0254.JPEG,Shellings,,0.9986,0.9973,0.0,True
C:\Users\acous\Desktop\sih2026\Railway Track Surface Faults Dataset\Shellings\1.MOV_20201221091849_0278.JPEG,1.MOV_20201221091849_0278.JPEG,Shellings,,1.0,1.0,0.0,True
C:\Users\acous\Desktop\sih2026\Railway Track Surface Faults Dataset\Shellings\1.MOV_20201221091849_0279.JPEG,1.MOV_20201221091849_0279.JPEG,Shellings,,1.0,1.0,0.0,True
C:\Users\acous\Desktop\sih2026\Railway Track Surface Faults Dataset\Shellings\1.MOV_20201221091849_0280.JPEG,1.MOV_20201221091849_0280.JPEG,Shellings,,1.0,1.0,0.0,True
C:\Users\acous\Desktop\sih2026\Railway Track Surface Faults Dataset\Shellings\1.MOV_20201221091849_0281.JPEG,1.MOV_20201221091849_0281.JPEG,Shellings,,1.0,1.0,0.0,True
C:\Users\acous\Desktop\sih2026\Railway Track Surface Faults Dataset\Shellings\1.MOV_20201221091849_0282.JPEG,1.MOV_20201221091849_0282.JPEG,Shellings,,1.0,1.0,0.0,True
C:\Users\acous\Desktop\sih2026\Railway Track Surface Faults Dataset\Shellings\1.MOV_20201221091849_0283.JPEG,1.MOV_20201221091849_0283.JPEG,Shellings,,1.0,1.0,0.0,True
C:\Users\acous\Desktop\sih2026\Railway Track Surface Faults Dataset\Shellings\1.MOV_20201221091849_0284.JPEG,1.MOV_20201221091849_0284.JPEG,Shellings,,1.0,1.0,0.0,True
C:\Users\acous\Desktop\sih2026\Railway Track Surface Faults Dataset\Shellings\1.MOV_20201221091849_0285.JPEG,1.MOV_20201221091849_0285.JPEG,Shellings,,1.0,1.0,0.0,True
C:\Users\acous\Desktop\sih2026\Railway Track Surface Faults Dataset\Shellings\1.MOV_20201221091849_0286.JPEG,1.MOV_20201221091849_0286.JPEG,Shellings,,1.0,1.0,0.0,True
C:\Users\acous\Desktop\sih2026\Railway Track Surface Faults Dataset\Shellings\1.MOV_20201221091849_0287.JPEG,1.MOV_20201221091849_0287.JPEG,Shellings,,1.0,1.0,0.0,True
C:\Users\acous\Desktop\sih2026\Railway Track Surface Faults Dataset\Shellings\1.MOV_20201221091849_0288.JPEG,1.MOV_20201221091849_0288.JPEG,Shellings,,1.0,1.0,0.0,True
C:\Users\acous\Desktop\sih2026\Railway Track Surface Faults Dataset\Shellings\1.MOV_20201221091849_0289.JPEG,1.MOV_20201221091849_0289.JPEG,Shellings,,1.0,1.0,0.0,True
C:\Users\acous\Desktop\sih2026\Railway Track Surface Faults Dataset\Shellings\1.MOV_20201221091849_0305.JPEG,1.MOV_20201221091849_0305.JPEG,Shellings,,1.0,1.0,0.0,True
C:\Users\acous\Desktop\sih2026\Railway Track Surface Faults Dataset\Shellings\1.MOV_20201221091849_0306.JPEG,1.MOV_20201221091849_0306.JPEG,Shellings,,1.0,1.0,0.0,True
C:\Users\acous\Desktop\sih2026\Railway Track Surface Faults Dataset\Shellings\1.MOV_20201221091849_0307.JPEG,1.MOV_20201221091849_0307.JPEG,Shellings,,1.0,1.0,0.0,True
C:\Users\acous\Desktop\sih2026\Railway Track Surface Faults Dataset\Shellings\1.MOV_20201221091849_0308.JPEG,1.MOV_20201221091849_0308.JPEG,Shellings,,1.0,1.0,0.0,True
C:\Users\acous\Desktop\sih2026\Railway Track Surface Faults Dataset\Shellings\1.MOV_20201221091849_0309.JPEG,1.MOV_20201221091849_0309.JPEG,Shellings,,1.0,1.0,0.0,True
C:\Users\acous\Desktop\sih2026\Railway Track Surface Faults Dataset\Shellings\1.MOV_20201221091849_0310.JPEG,1.MOV_20201221091849_0310.JPEG,Shellings,,1.0,1.0,0.0,True
C:\Users\acous\Desktop\sih2026\Railway Track Surface Faults Dataset\Shellings\1.MOV_20201221091849_0311.JPEG,1.MOV_20201221091849_0311.JPEG,Shellings,,1.0,1.0,0.0,True
C:\Users\acous\Desktop\sih2026\Railway Track Surface Faults Dataset\Shellings\1.MOV_20201221091849_0312.JPEG,1.MOV_20201221091849_0312.JPEG,Shellings,,1.0,1.0,0.0,True
C:\Users\acous\Desktop\sih2026\Railway Track Surface Faults Dataset\Shellings\1.MOV_20201221091849_0313.JPEG,1.MOV_20201221091849_0313.JPEG,Shellings,,1.0,1.0,0.0,True
C:\Users\acous\Desktop\sih2026\Railway Track Surface Faults Dataset\Shellings\1.MOV_20201221091849_0314.JPEG,1.MOV_20201221091849_0314.JPEG,Shellings,,1.0,1.0,0.0,True
C:\Users\acous\Desktop\sih2026\Railway Track Surface Faults Dataset\Shellings\1.MOV_20201221091849_2351.JPEG,1.MOV_20201221091849_2351.JPEG,Shellings,,1.0,1.0,0.0,True
C:\Users\acous\Desktop\sih2026\Railway Track Surface Faults Dataset\Shellings\1.MOV_20201221091849_2352.JPEG,1.MOV_20201221091849_2352.JPEG,Shellings,,1.0,1.0,0.0,True
C:\Users\acous\Desktop\sih2026\Railway Track Surface Faults Dataset\Shellings\1.MOV_20201221091849_2353.JPEG,1.MOV_20201221091849_2353.JPEG,Shellings,,1.0,1.0,0.0,True
C:\Users\acous\Desktop\sih2026\Railway Track Surface Faults Dataset\Shellings\1.MOV_20201221091849_2354.JPEG,1.MOV_20201221091849_2354.JPEG,Shellings,,1.0,1.0,0.0,True
C:\Users\acous\Desktop\sih2026\Railway Track Surface Faults Dataset\Shellings\1.MOV_20201221091849_2739.JPEG,1.MOV_20201221091849_2739.JPEG,Shellings,,1.0,1.0,0.0,True
C:\Users\acous\Desktop\sih2026\Railway Track Surface Faults Dataset\Shellings\1.MOV_20201221091849_2740.JPEG,1.MOV_20201221091849_2740.JPEG,Shellings,,1.0,1.0,0.0,True
C:\Users\acous\Desktop\sih2026\Railway Track Surface Faults Dataset\Shellings\1.MOV_20201221091849_2741.JPEG,1.MOV_20201221091849_2741.JPEG,Shellings,,1.0,1.0,0.0,True
C:\Users\acous\Desktop\sih2026\Railway Track Surface Faults Dataset\Shellings\1.MOV_20201221091849_2742.JPEG,1.MOV_20201221091849_2742.JPEG,Shellings,,1.0,1.0,0.0,True
C:\Users\acous\Desktop\sih2026\Railway Track Surface Faults Dataset\Shellings\1.MOV_20201221091849_2743.JPEG,1.MOV_20201221091849_2743.JPEG,Shellings,,1.0,1.0,0.0,True
C:\Users\acous\Desktop\sih2026\Railway Track Surface Faults Dataset\Shellings\1.MOV_20201221091849_2941.JPEG,1.MOV_20201221091849_2941.JPEG,Shellings,,1.0,1.0,0.0,True
C:\Users\acous\Desktop\sih2026\Railway Track Surface Faults Dataset\Shellings\1.MOV_20201221091849_2942.JPEG,1.MOV_20201221091849_2942.JPEG,Shellings,,1.0,1.0,0.0,True
C:\Users\acous\Desktop\sih2026\Railway Track Surface Faults Dataset\Shellings\1.MOV_20201221091849_2943.JPEG,1.MOV_20201221091849_2943.JPEG,Shellings,,1.0,1.0,0.0,True
C:\Users\acous\Desktop\sih2026\Railway Track Surface Faults Dataset\Shellings\1.MOV_20201221091849_2944.JPEG,1.MOV_20201221091849_2944.JPEG,Shellings,,1.0,1.0,0.0,True
C:\Users\acous\Desktop\sih2026\Railway Track Surface Faults Dataset\Shellings\1.MOV_20201221091849_2945.JPEG,1.MOV_20201221091849_2945.JPEG,Shellings,,1.0,1.0,0.0,True
C:\Users\acous\Desktop\sih2026\Railway Track Surface Faults Dataset\Shellings\1.MOV_20201221091849_2946.JPEG,1.MOV_20201221091849_2946.JPEG,Shellings,,1.0,1.0,0.0,True
C:\Users\acous\Desktop\sih2026\Railway Track Surface Faults Dataset\Shellings\1.MOV_20201221091849_2947.JPEG,1.MOV_20201221091849_2947.JPEG,Shellings,,1.0,1.0,0.0,True
C:\Users\acous\Desktop\sih2026\Railway Track Surface Faults Dataset\Shellings\1.MOV_20201221091849_2948.JPEG,1.MOV_20201221091849_2948.JPEG,Shellings,,1.0,1.0,0.0,True
C:\Users\acous\Desktop\sih2026\Railway Track Surface Faults Dataset\Shellings\1.MOV_20201221091849_2949.JPEG,1.MOV_20201221091849_2949.JPEG,Shellings,,1.0,1.0,0.0,True
C:\Users\acous\Desktop\sih2026\Railway Track Surface Faults Dataset\Shellings\1.MOV_20201221091849_4425.JPEG,1.MOV_20201221091849_4425.JPEG,Shellings,,1.0,1.0,0.0,True
C:\Users\acous\Desktop\sih2026\Railway Track Surface Faults Dataset\Shellings\1.MOV_20201221091849_4426.JPEG,1.MOV_20201221091849_4426.JPEG,Shellings,,1.0,1.0,0.0,True
C:\Users\acous\Desktop\sih2026\Railway Track Surface Faults Dataset\Shellings\1.MOV_20201221091849_4427.JPEG,1.MOV_20201221091849_4427.JPEG,Shellings,,1.0,1.0,0.0,True
C:\Users\acous\Desktop\sih2026\Railway Track Surface Faults Dataset\Shellings\1.MOV_20201221091849_4428.JPEG,1.MOV_20201221091849_4428.JPEG,Shellings,,1.0,1.0,0.0,True
C:\Users\acous\Desktop\sih2026\Railway Track Surface Faults Dataset\Shellings\1.MOV_20201221091849_4429.JPEG,1.MOV_20201221091849_4429.JPEG,Shellings,,1.0,1.0,0.0,True
C:\Users\acous\Desktop\sih2026\Railway Track Surface Faults Dataset\Shellings\1.MOV_20201221091849_4430.JPEG,1.MOV_20201221091849_4430.JPEG,Shellings,,1.0,1.0,0.0,True
C:\Users\acous\Desktop\sih2026\Railway Track Surface Faults Dataset\Shellings\1.MOV_20201221091849_4431.JPEG,1.MOV_20201221091849_4431.JPEG,Shellings,,1.0,1.0,0.0,True
C:\Users\acous\Desktop\sih2026\Railway Track Surface Faults Dataset\Shellings\1.MOV_20201221091849_4432.JPEG,1.MOV_20201221091849_4432.JPEG,Shellings,,1.0,1.0,0.0,True
C:\Users\acous\Desktop\sih2026\Railway Track Surface Faults Dataset\Shellings\1.MOV_20201221091849_4477.JPEG,1.MOV_20201221091849_4477.JPEG,Shellings,,1.0,1.0,0.0,True
C:\Users\acous\Desktop\sih2026\Railway Track Surface Faults Dataset\Shellings\1.MOV_20201221091849_4478.JPEG,1.MOV_20201221091849_4478.JPEG,Shellings,,1.0,1.0,0.0,True
C:\Users\acous\Desktop\sih2026\Railway Track Surface Faults Dataset\Shellings\1.MOV_20201221091849_4479.JPEG,1.MOV_20201221091849_4479.JPEG,Shellings,,1.0,1.0,0.0,True
C:\Users\acous\Desktop\sih2026\Railway Track Surface Faults Dataset\Shellings\1.MOV_20201221091849_4480.JPEG,1.MOV_20201221091849_4480.JPEG,Shellings,,1.0,1.0,0.0,True
C:\Users\acous\Desktop\sih2026\Railway Track Surface Faults Dataset\Shellings\1.MOV_20201221091849_4481.JPEG,1.MOV_20201221091849_4481.JPEG,Shellings,,1.0,1.0,0.0,True
C:\Users\acous\Desktop\sih2026\Railway Track Surface Faults Dataset\Shellings\1.MOV_20201221091849_4482.JPEG,1.MOV_20201221091849_4482.JPEG,Shellings,,1.0,1.0,0.0,True
C:\Users\acous\Desktop\sih2026\Railway Track Surface Faults Dataset\Shellings\1.MOV_20201221091849_4483.JPEG,1.MOV_20201221091849_4483.JPEG,Shellings,,1.0,1.0,0.0,True
C:\Users\acous\Desktop\sih2026\Railway Track Surface Faults Dataset\Shellings\3.MOV_20201221130147_1932.JPEG,3.MOV_20201221130147_1932.JPEG,Shellings,,1.0,1.0,0.0,True
C:\Users\acous\Desktop\sih2026\Railway Track Surface Faults Dataset\Shellings\3.MOV_20201221130147_1933.JPEG,3.MOV_20201221130147_1933.JPEG,Shellings,,1.0,1.0,0.0,True
C:\Users\acous\Desktop\sih2026\Railway Track Surface Faults Dataset\Shellings\3.MOV_20201221130147_1934.JPEG,3.MOV_20201221130147_1934.JPEG,Shellings,,1.0,1.0,0.0,True
C:\Users\acous\Desktop\sih2026\Railway Track Surface Faults Dataset\Shellings\3.MOV_20201221130147_1935.JPEG,3.MOV_20201221130147_1935.JPEG,Shellings,,1.0,1.0,0.0,True
C:\Users\acous\Desktop\sih2026\Railway Track Surface Faults Dataset\Shellings\3.MOV_20201221130147_2928.JPEG,3.MOV_20201221130147_2928.JPEG,Shellings,,0.9998,0.9996,0.0,True
C:\Users\acous\Desktop\sih2026\Railway Track Surface Faults Dataset\Shellings\3.MOV_20201221130147_2929.JPEG,3.MOV_20201221130147_2929.JPEG,Shellings,,1.0,1.0,0.0,True
C:\Users\acous\Desktop\sih2026\Railway Track Surface Faults Dataset\Shellings\3.MOV_20201221130147_2930.JPEG,3.MOV_20201221130147_2930.JPEG,Shellings,,1.0,1.0,0.0,True
C:\Users\acous\Desktop\sih2026\Railway Track Surface Faults Dataset\Shellings\3.MOV_20201221130147_2931.JPEG,3.MOV_20201221130147_2931.JPEG,Shellings,,1.0,1.0,0.0,True
C:\Users\acous\Desktop\sih2026\Railway Track Surface Faults Dataset\Shellings\3.MOV_20201221130147_2932.JPEG,3.MOV_20201221130147_2932.JPEG,Shellings,,1.0,1.0,0.0,True
C:\Users\acous\Desktop\sih2026\Railway Track Surface Faults Dataset\Shellings\3.MOV_20201221130147_4349.JPEG,3.MOV_20201221130147_4349.JPEG,Shellings,,1.0,1.0,0.0,True
C:\Users\acous\Desktop\sih2026\Railway Track Surface Faults Dataset\Shellings\3.MOV_20201221130147_4350.JPEG,3.MOV_20201221130147_4350.JPEG,Shellings,,1.0,1.0,0.0,True
C:\Users\acous\Desktop\sih2026\Railway Track Surface Faults Dataset\Shellings\3.MOV_20201221130147_4351.JPEG,3.MOV_20201221130147_4351.JPEG,Shellings,,1.0,1.0,0.0,True
C:\Users\acous\Desktop\sih2026\Railway Track Surface Faults Dataset\Shellings\3.MOV_20201221130147_4579.JPEG,3.MOV_20201221130147_4579.JPEG,Shellings,,0.9968,0.9936,0.0,True
C:\Users\acous\Desktop\sih2026\Railway Track Surface Faults Dataset\Shellings\3.MOV_20201221130147_4580.JPEG,3.MOV_20201221130147_4580.JPEG,Shellings,,1.0,1.0,0.0,True
C:\Users\acous\Desktop\sih2026\Railway Track Surface Faults Dataset\Shellings\3.MOV_20201221130147_4581.JPEG,3.MOV_20201221130147_4581.JPEG,Shellings,,0.9999,0.9998,0.0,True
C:\Users\acous\Desktop\sih2026\Railway Track Surface Faults Dataset\Shellings\3.MOV_20201221130147_4582.JPEG,3.MOV_20201221130147_4582.JPEG,Shellings,,1.0,1.0,0.0,True
C:\Users\acous\Desktop\sih2026\Railway Track Surface Faults Dataset\Shellings\3.MOV_20201221130147_4583.JPEG,3.MOV_20201221130147_4583.JPEG,Shellings,,0.9977,0.9954,0.0,True
C:\Users\acous\Desktop\sih2026\Railway Track Surface Faults Dataset\Shellings\5.MOV_20201223130541_0526.JPEG,5.MOV_20201223130541_0526.JPEG,Shellings,,1.0,1.0,0.0,True
C:\Users\acous\Desktop\sih2026\Railway Track Surface Faults Dataset\Shellings\5.MOV_20201223130541_0527.JPEG,5.MOV_20201223130541_0527.JPEG,Shellings,,1.0,1.0,0.0,True
C:\Users\acous\Desktop\sih2026\Railway Track Surface Faults Dataset\Shellings\5.MOV_20201223130541_0528.JPEG,5.MOV_20201223130541_0528.JPEG,Shellings,,1.0,1.0,0.0,True
C:\Users\acous\Desktop\sih2026\Railway Track Surface Faults Dataset\Shellings\5.MOV_20201223130541_0529.JPEG,5.MOV_20201223130541_0529.JPEG,Shellings,,1.0,1.0,0.0,True
C:\Users\acous\Desktop\sih2026\Railway Track Surface Faults Dataset\Shellings\5.MOV_20201223130541_0530.JPEG,5.MOV_20201223130541_0530.JPEG,Shellings,,1.0,1.0,0.0,True
C:\Users\acous\Desktop\sih2026\Railway Track Surface Faults Dataset\Shellings\5.MOV_20201223130541_0545.JPEG,5.MOV_20201223130541_0545.JPEG,Shellings,,1.0,1.0,0.0,True
C:\Users\acous\Desktop\sih2026\Railway Track Surface Faults Dataset\Shellings\5.MOV_20201223130541_0546.JPEG,5.MOV_20201223130541_0546.JPEG,Shellings,,1.0,1.0,0.0,True
C:\Users\acous\Desktop\sih2026\Railway Track Surface Faults Dataset\Shellings\5.MOV_20201223130541_0547.JPEG,5.MOV_20201223130541_0547.JPEG,Shellings,,1.0,1.0,0.0,True
C:\Users\acous\Desktop\sih2026\Railway Track Surface Faults Dataset\Shellings\5.MOV_20201223130541_0548.JPEG,5.MOV_20201223130541_0548.JPEG,Shellings,,1.0,1.0,0.0,True
C:\Users\acous\Desktop\sih2026\Railway Track Surface Faults Dataset\Shellings\5.MOV_20201223130541_0549.JPEG,5.MOV_20201223130541_0549.JPEG,Shellings,,1.0,1.0,0.0,True
C:\Users\acous\Desktop\sih2026\Railway Track Surface Faults Dataset\Shellings\5.MOV_20201223130541_0563.JPEG,5.MOV_20201223130541_0563.JPEG,Shellings,,1.0,1.0,0.0,True
C:\Users\acous\Desktop\sih2026\Railway Track Surface Faults Dataset\Shellings\5.MOV_20201223130541_0564.JPEG,5.MOV_20201223130541_0564.JPEG,Shellings,,1.0,1.0,0.0,True
C:\Users\acous\Desktop\sih2026\Railway Track Surface Faults Dataset\Shellings\5.MOV_20201223130541_0565.JPEG,5.MOV_20201223130541_0565.JPEG,Shellings,,1.0,1.0,0.0,True
C:\Users\acous\Desktop\sih2026\Railway Track Surface Faults Dataset\Shellings\5.MOV_20201223130541_0654.JPEG,5.MOV_20201223130541_0654.JPEG,Shellings,,1.0,1.0,0.0,True
C:\Users\acous\Desktop\sih2026\Railway Track Surface Faults Dataset\Shellings\5.MOV_20201223130541_0655.JPEG,5.MOV_20201223130541_0655.JPEG,Shellings,,1.0,1.0,0.0,True
C:\Users\acous\Desktop\sih2026\Railway Track Surface Faults Dataset\Shellings\5.MOV_20201223130541_0656.JPEG,5.MOV_20201223130541_0656.JPEG,Shellings,,1.0,1.0,0.0,True
C:\Users\acous\Desktop\sih2026\Railway Track Surface Faults Dataset\Shellings\5.MOV_20201223130541_3321.JPEG,5.MOV_20201223130541_3321.JPEG,Shellings,,0.9957,0.9917,0.0,True
C:\Users\acous\Desktop\sih2026\Railway Track Surface Faults Dataset\Shellings\5.MOV_20201223130541_3322.JPEG,5.MOV_20201223130541_3322.JPEG,Shellings,,0.9759,0.9583,0.0,True
C:\Users\acous\Desktop\sih2026\Railway Track Surface Faults Dataset\Shellings\5.MOV_20201223130541_3957.JPEG,5.MOV_20201223130541_3957.JPEG,Shellings,,0.9987,0.9974,0.0,True
C:\Users\acous\Desktop\sih2026\Railway Track Surface Faults Dataset\Shellings\5.MOV_20201223130541_3958.JPEG,5.MOV_20201223130541_3958.JPEG,Shellings,,1.0,1.0,0.0,True
C:\Users\acous\Desktop\sih2026\Railway Track Surface Faults Dataset\Shellings\5.MOV_20201223130541_3959.JPEG,5.MOV_20201223130541_3959.JPEG,Shellings,,1.0,1.0,0.0,True
C:\Users\acous\Desktop\sih2026\Railway Track Surface Faults Dataset\Shellings\5.MOV_20201223130541_3960.JPEG,5.MOV_20201223130541_3960.JPEG,Shellings,,1.0,1.0,0.0,True
C:\Users\acous\Desktop\sih2026\Railway Track Surface Faults Dataset\Shellings\5.MOV_20201223130541_3997.JPEG,5.MOV_20201223130541_3997.JPEG,Shellings,,1.0,1.0,0.0,True
C:\Users\acous\Desktop\sih2026\Railway Track Surface Faults Dataset\Shellings\5.MOV_20201223130541_3998.JPEG,5.MOV_20201223130541_3998.JPEG,Shellings,,0.9998,0.9996,0.0,True
C:\Users\acous\Desktop\sih2026\Railway Track Surface Faults Dataset\Shellings\5.MOV_20201223130541_3999.JPEG,5.MOV_20201223130541_3999.JPEG,Shellings,,0.9999,0.9998,0.0,True
C:\Users\acous\Desktop\sih2026\Railway Track Surface Faults Dataset\Shellings\5.MOV_20201223130541_4000.JPEG,5.MOV_20201223130541_4000.JPEG,Shellings,,0.9998,0.9996,0.0,True
C:\Users\acous\Desktop\sih2026\Railway Track Surface Faults Dataset\Shellings\5.MOV_20201223130541_4001.JPEG,5.MOV_20201223130541_4001.JPEG,Shellings,,1.0,1.0,0.0,True
C:\Users\acous\Desktop\sih2026\Railway Track Surface Faults Dataset\Shellings\5.MOV_20201223130541_4015.JPEG,5.MOV_20201223130541_4015.JPEG,Shellings,,0.9392,0.8791,0.0,True
C:\Users\acous\Desktop\sih2026\Railway Track Surface Faults Dataset\Shellings\5.MOV_20201223130541_4016.JPEG,5.MOV_20201223130541_4016.JPEG,Shellings,,0.9999,0.9998,0.0,True
C:\Users\acous\Desktop\sih2026\Railway Track Surface Faults Dataset\Shellings\5.MOV_20201223130541_4017.JPEG,5.MOV_20201223130541_4017.JPEG,Shellings,,0.9999,0.9998,0.0,True
C:\Users\acous\Desktop\sih2026\Railway Track Surface Faults Dataset\Shellings\5.MOV_20201223130541_4018.JPEG,5.MOV_20201223130541_4018.JPEG,Shellings,,0.9995,0.999,0.0,True
C:\Users\acous\Desktop\sih2026\Railway Track Surface Faults Dataset\Shellings\5.MOV_20201223130541_4019.JPEG,5.MOV_20201223130541_4019.JPEG,Shellings,,1.0,1.0,0.0,True
C:\Users\acous\Desktop\sih2026\Railway Track Surface Faults Dataset\Shellings\5.MOV_20201223130541_4026.JPEG,5.MOV_20201223130541_4026.JPEG,Shellings,,0.9962,0.9926,0.0,True
C:\Users\acous\Desktop\sih2026\Railway Track Surface Faults Dataset\Shellings\5.MOV_20201223130541_4027.JPEG,5.MOV_20201223130541_4027.JPEG,Shellings,,0.9999,0.9998,0.0,True
C:\Users\acous\Desktop\sih2026\Railway Track Surface Faults Dataset\Shellings\5.MOV_20201223130541_4028.JPEG,5.MOV_20201223130541_4028.JPEG,Shellings,,1.0,1.0,0.0,True
C:\Users\acous\Desktop\sih2026\Railway Track Surface Faults Dataset\Shellings\5.MOV_20201223130541_4029.JPEG,5.MOV_20201223130541_4029.JPEG,Shellings,,1.0,1.0,0.0,True
C:\Users\acous\Desktop\sih2026\Railway Track Surface Faults Dataset\Shellings\5.MOV_20201223130541_4030.JPEG,5.MOV_20201223130541_4030.JPEG,Shellings,,1.0,1.0,0.0,True
C:\Users\acous\Desktop\sih2026\Railway Track Surface Faults Dataset\Shellings\5.MOV_20201223130541_4254.JPEG,5.MOV_20201223130541_4254.JPEG,Shellings,,1.0,1.0,0.0,True
C:\Users\acous\Desktop\sih2026\Railway Track Surface Faults Dataset\Shellings\5.MOV_20201223130541_4255.JPEG,5.MOV_20201223130541_4255.JPEG,Shellings,,1.0,1.0,0.0,True
C:\Users\acous\Desktop\sih2026\Railway Track Surface Faults Dataset\Shellings\5.MOV_20201223130541_4256.JPEG,5.MOV_20201223130541_4256.JPEG,Shellings,,1.0,1.0,0.0,True
C:\Users\acous\Desktop\sih2026\Railway Track Surface Faults Dataset\Shellings\5.MOV_20201223130541_4257.JPEG,5.MOV_20201223130541_4257.JPEG,Shellings,,1.0,1.0,0.0,True
C:\Users\acous\Desktop\sih2026\Railway Track Surface Faults Dataset\Shellings\5.MOV_20201223130541_4258.JPEG,5.MOV_20201223130541_4258.JPEG,Shellings,,0.9999,0.9999,0.0,True
C:\Users\acous\Desktop\sih2026\Railway Track Surface Faults Dataset\Shellings\5.MOV_20201223130541_4259.JPEG,5.MOV_20201223130541_4259.JPEG,Shellings,,0.9999,0.9998,0.0,True
C:\Users\acous\Desktop\sih2026\Railway Track Surface Faults Dataset\Shellings\7.MOV_20201228114152_7406.JPEG,7.MOV_20201228114152_7406.JPEG,Shellings,,0.999,0.9981,0.0,True
C:\Users\acous\Desktop\sih2026\Railway Track Surface Faults Dataset\Shellings\7.MOV_20201228114152_7407.JPEG,7.MOV_20201228114152_7407.JPEG,Shellings,,1.0,1.0,0.0,True
C:\Users\acous\Desktop\sih2026\Railway Track Surface Faults Dataset\Shellings\7.MOV_20201228114152_7408.JPEG,7.MOV_20201228114152_7408.JPEG,Shellings,,1.0,1.0,0.0,True
C:\Users\acous\Desktop\sih2026\Railway Track Surface Faults Dataset\Spallings\1.MOV_20201221091849_3610.JPEG,1.MOV_20201221091849_3610.JPEG,Spallings,,0.9951,0.9902,0.0,True
C:\Users\acous\Desktop\sih2026\Railway Track Surface Faults Dataset\Spallings\1.MOV_20201221091849_3611.JPEG,1.MOV_20201221091849_3611.JPEG,Spallings,,1.0,1.0,0.0,True
C:\Users\acous\Desktop\sih2026\Railway Track Surface Faults Dataset\Spallings\1.MOV_20201221091849_3612.JPEG,1.MOV_20201221091849_3612.JPEG,Spallings,,1.0,1.0,0.0,True
C:\Users\acous\Desktop\sih2026\Railway Track Surface Faults Dataset\Spallings\1.MOV_20201221091849_3613.JPEG,1.MOV_20201221091849_3613.JPEG,Spallings,,0.9995,0.999,0.0,True
C:\Users\acous\Desktop\sih2026\Railway Track Surface Faults Dataset\Spallings\1.MOV_20201221091849_3614.JPEG,1.MOV_20201221091849_3614.JPEG,Spallings,,0.9988,0.9976,0.0,True
C:\Users\acous\Desktop\sih2026\Railway Track Surface Faults Dataset\Spallings\1.MOV_20201221091849_3615.JPEG,1.MOV_20201221091849_3615.JPEG,Spallings,,1.0,1.0,0.0,True
C:\Users\acous\Desktop\sih2026\Railway Track Surface Faults Dataset\Spallings\1.MOV_20201221091849_3616.JPEG,1.MOV_20201221091849_3616.JPEG,Spallings,,1.0,1.0,0.0,True
C:\Users\acous\Desktop\sih2026\Railway Track Surface Faults Dataset\Spallings\1.MOV_20201221091849_5191.JPEG,1.MOV_20201221091849_5191.JPEG,Spallings,,0.9992,0.9986,0.0,True
C:\Users\acous\Desktop\sih2026\Railway Track Surface Faults Dataset\Spallings\1.MOV_20201221091849_5192.JPEG,1.MOV_20201221091849_5192.JPEG,Spallings,,0.9996,0.9994,0.0,True
C:\Users\acous\Desktop\sih2026\Railway Track Surface Faults Dataset\Spallings\1.MOV_20201221091849_5193.JPEG,1.MOV_20201221091849_5193.JPEG,Spallings,,1.0,1.0,0.0,True
C:\Users\acous\Desktop\sih2026\Railway Track Surface Faults Dataset\Spallings\1.MOV_20201221091849_5194.JPEG,1.MOV_20201221091849_5194.JPEG,Spallings,,1.0,1.0,0.0,True
C:\Users\acous\Desktop\sih2026\Railway Track Surface Faults Dataset\Spallings\1.MOV_20201221091849_5195.JPEG,1.MOV_20201221091849_5195.JPEG,Spallings,,1.0,1.0,0.0,True
C:\Users\acous\Desktop\sih2026\Railway Track Surface Faults Dataset\Spallings\1.MOV_20201221091849_5196.JPEG,1.MOV_20201221091849_5196.JPEG,Spallings,,1.0,1.0,0.0,True
C:\Users\acous\Desktop\sih2026\Railway Track Surface Faults Dataset\Spallings\1.MOV_20201221091849_5197.JPEG,1.MOV_20201221091849_5197.JPEG,Spallings,,1.0,1.0,0.0,True
C:\Users\acous\Desktop\sih2026\Railway Track Surface Faults Dataset\Spallings\1.MOV_20201221091849_5198.JPEG,1.MOV_20201221091849_5198.JPEG,Spallings,,1.0,1.0,0.0,True
C:\Users\acous\Desktop\sih2026\Railway Track Surface Faults Dataset\Spallings\1.MOV_20201221091849_5199.JPEG,1.MOV_20201221091849_5199.JPEG,Spallings,,0.9999,0.9999,0.0,True
C:\Users\acous\Desktop\sih2026\Railway Track Surface Faults Dataset\Spallings\1.MOV_20201221091849_5200.JPEG,1.MOV_20201221091849_5200.JPEG,Spallings,,1.0,1.0,0.0,True
C:\Users\acous\Desktop\sih2026\Railway Track Surface Faults Dataset\Spallings\1.MOV_20201221091849_5201.JPEG,1.MOV_20201221091849_5201.JPEG,Spallings,,1.0,1.0,0.0,True
C:\Users\acous\Desktop\sih2026\Railway Track Surface Faults Dataset\Spallings\1.MOV_20201221091849_5202.JPEG,1.MOV_20201221091849_5202.JPEG,Spallings,,0.9996,0.9992,0.0,True
C:\Users\acous\Desktop\sih2026\Railway Track Surface Faults Dataset\Spallings\1.MOV_20201221091849_5203.JPEG,1.MOV_20201221091849_5203.JPEG,Spallings,,0.9989,0.9979,0.0,True
C:\Users\acous\Desktop\sih2026\Railway Track Surface Faults Dataset\Spallings\1.MOV_20201221091849_5382.JPEG,1.MOV_20201221091849_5382.JPEG,Spallings,,0.9999,0.9998,0.0,True
C:\Users\acous\Desktop\sih2026\Railway Track Surface Faults Dataset\Spallings\1.MOV_20201221091849_5383.JPEG,1.MOV_20201221091849_5383.JPEG,Spallings,,1.0,1.0,0.0,True
C:\Users\acous\Desktop\sih2026\Railway Track Surface Faults Dataset\Spallings\1.MOV_20201221091849_5384.JPEG,1.MOV_20201221091849_5384.JPEG,Spallings,,1.0,1.0,0.0,True
C:\Users\acous\Desktop\sih2026\Railway Track Surface Faults Dataset\Spallings\1.MOV_20201221091849_5385.JPEG,1.MOV_20201221091849_5385.JPEG,Spallings,,1.0,1.0,0.0,True
C:\Users\acous\Desktop\sih2026\Railway Track Surface Faults Dataset\Spallings\1.MOV_20201221091849_5386.JPEG,1.MOV_20201221091849_5386.JPEG,Spallings,,0.9999,0.9999,0.0,True
C:\Users\acous\Desktop\sih2026\Railway Track Surface Faults Dataset\Spallings\1.MOV_20201221091849_5387.JPEG,1.MOV_20201221091849_5387.JPEG,Spallings,,1.0,1.0,0.0,True
C:\Users\acous\Desktop\sih2026\Railway Track Surface Faults Dataset\Spallings\1.MOV_20201221091849_5388.JPEG,1.MOV_20201221091849_5388.JPEG,Spallings,,1.0,1.0,0.0,True
C:\Users\acous\Desktop\sih2026\Railway Track Surface Faults Dataset\Spallings\1.MOV_20201221091849_5389.JPEG,1.MOV_20201221091849_5389.JPEG,Spallings,,0.9999,0.9998,0.0,True
C:\Users\acous\Desktop\sih2026\Railway Track Surface Faults Dataset\Spallings\1.MOV_20201221091849_5390.JPEG,1.MOV_20201221091849_5390.JPEG,Spallings,,0.9995,0.9991,0.0,True
C:\Users\acous\Desktop\sih2026\Railway Track Surface Faults Dataset\Spallings\1.MOV_20201221091849_5391.JPEG,1.MOV_20201221091849_5391.JPEG,Spallings,,0.9121,0.8496,0.0,True
C:\Users\acous\Desktop\sih2026\Railway Track Surface Faults Dataset\Spallings\1.MOV_20201221091849_6026.JPEG,1.MOV_20201221091849_6026.JPEG,Spallings,,0.9999,0.9998,0.0,True
C:\Users\acous\Desktop\sih2026\Railway Track Surface Faults Dataset\Spallings\1.MOV_20201221091849_6027.JPEG,1.MOV_20201221091849_6027.JPEG,Spallings,,1.0,1.0,0.0,True
C:\Users\acous\Desktop\sih2026\Railway Track Surface Faults Dataset\Spallings\1.MOV_20201221091849_6028.JPEG,1.MOV_20201221091849_6028.JPEG,Spallings,,0.9997,0.9996,0.0,True
C:\Users\acous\Desktop\sih2026\Railway Track Surface Faults Dataset\Spallings\1.MOV_20201221091849_6029.JPEG,1.MOV_20201221091849_6029.JPEG,Spallings,,1.0,1.0,0.0,True
C:\Users\acous\Desktop\sih2026\Railway Track Surface Faults Dataset\Spallings\1.MOV_20201221091849_6030.JPEG,1.MOV_20201221091849_6030.JPEG,Spallings,,0.9999,0.9999,0.0,True
C:\Users\acous\Desktop\sih2026\Railway Track Surface Faults Dataset\Spallings\1.MOV_20201221091849_6031.JPEG,1.MOV_20201221091849_6031.JPEG,Spallings,,0.9999,0.9998,0.0,True
C:\Users\acous\Desktop\sih2026\Railway Track Surface Faults Dataset\Spallings\3.MOV_20201221130147_1247.JPEG,3.MOV_20201221130147_1247.JPEG,Spallings,,1.0,1.0,0.0,True
C:\Users\acous\Desktop\sih2026\Railway Track Surface Faults Dataset\Spallings\3.MOV_20201221130147_1248.JPEG,3.MOV_20201221130147_1248.JPEG,Spallings,,0.9999,0.9998,0.0,True
C:\Users\acous\Desktop\sih2026\Railway Track Surface Faults Dataset\Spallings\3.MOV_20201221130147_1249.JPEG,3.MOV_20201221130147_1249.JPEG,Spallings,,0.9999,0.9998,0.0,True
C:\Users\acous\Desktop\sih2026\Railway Track Surface Faults Dataset\Spallings\3.MOV_20201221130147_1250.JPEG,3.MOV_20201221130147_1250.JPEG,Spallings,,0.9999,0.9998,0.0,True
C:\Users\acous\Desktop\sih2026\Railway Track Surface Faults Dataset\Spallings\3.MOV_20201221130147_1251.JPEG,3.MOV_20201221130147_1251.JPEG,Spallings,,0.9999,0.9998,0.0,True
C:\Users\acous\Desktop\sih2026\Railway Track Surface Faults Dataset\Spallings\3.MOV_20201221130147_1252.JPEG,3.MOV_20201221130147_1252.JPEG,Spallings,,0.9994,0.9988,0.0,True
C:\Users\acous\Desktop\sih2026\Railway Track Surface Faults Dataset\Spallings\3.MOV_20201221130147_1253.JPEG,3.MOV_20201221130147_1253.JPEG,Spallings,,0.9996,0.9993,0.0,True
C:\Users\acous\Desktop\sih2026\Railway Track Surface Faults Dataset\Spallings\3.MOV_20201221130147_1254.JPEG,3.MOV_20201221130147_1254.JPEG,Spallings,,0.9995,0.9991,0.0,True
C:\Users\acous\Desktop\sih2026\Railway Track Surface Faults Dataset\Spallings\3.MOV_20201221130147_2387.JPEG,3.MOV_20201221130147_2387.JPEG,Spallings,,0.9993,0.9989,0.0,True
C:\Users\acous\Desktop\sih2026\Railway Track Surface Faults Dataset\Spallings\3.MOV_20201221130147_2388.JPEG,3.MOV_20201221130147_2388.JPEG,Spallings,,0.9999,0.9998,0.0,True
C:\Users\acous\Desktop\sih2026\Railway Track Surface Faults Dataset\Spallings\3.MOV_20201221130147_2389.JPEG,3.MOV_20201221130147_2389.JPEG,Spallings,,0.9993,0.9989,0.0,True
C:\Users\acous\Desktop\sih2026\Railway Track Surface Faults Dataset\Spallings\3.MOV_20201221130147_2390.JPEG,3.MOV_20201221130147_2390.JPEG,Spallings,,0.9979,0.9962,0.0,True
C:\Users\acous\Desktop\sih2026\Railway Track Surface Faults Dataset\Spallings\3.MOV_20201221130147_2980.JPEG,3.MOV_20201221130147_2980.JPEG,Spallings,,0.9983,0.9968,0.0,True
C:\Users\acous\Desktop\sih2026\Railway Track Surface Faults Dataset\Spallings\3.MOV_20201221130147_2981.JPEG,3.MOV_20201221130147_2981.JPEG,Spallings,,0.9972,0.995,0.0,True
C:\Users\acous\Desktop\sih2026\Railway Track Surface Faults Dataset\Spallings\3.MOV_20201221130147_3088.JPEG,3.MOV_20201221130147_3088.JPEG,Spallings,,0.9998,0.9997,0.0,True
C:\Users\acous\Desktop\sih2026\Railway Track Surface Faults Dataset\Spallings\3.MOV_20201221130147_3089.JPEG,3.MOV_20201221130147_3089.JPEG,Spallings,,0.982,0.9674,0.0,True
C:\Users\acous\Desktop\sih2026\Railway Track Surface Faults Dataset\Spallings\3.MOV_20201221130147_3090.JPEG,3.MOV_20201221130147_3090.JPEG,Spallings,,0.9741,0.9531,0.0,True
C:\Users\acous\Desktop\sih2026\Railway Track Surface Faults Dataset\Spallings\3.MOV_20201221130147_3091.JPEG,3.MOV_20201221130147_3091.JPEG,Spallings,,0.9997,0.9996,0.0,True
C:\Users\acous\Desktop\sih2026\Railway Track Surface Faults Dataset\Spallings\3.MOV_20201221130147_3092.JPEG,3.MOV_20201221130147_3092.JPEG,Spallings,,1.0,1.0,0.0,True
C:\Users\acous\Desktop\sih2026\Railway Track Surface Faults Dataset\Spallings\3.MOV_20201221130147_3093.JPEG,3.MOV_20201221130147_3093.JPEG,Spallings,,1.0,1.0,0.0,True
C:\Users\acous\Desktop\sih2026\Railway Track Surface Faults Dataset\Spallings\3.MOV_20201221130147_3094.JPEG,3.MOV_20201221130147_3094.JPEG,Spallings,,1.0,1.0,0.0,True
C:\Users\acous\Desktop\sih2026\Railway Track Surface Faults Dataset\Spallings\3.MOV_20201221130147_3111.JPEG,3.MOV_20201221130147_3111.JPEG,Spallings,,0.9994,0.9991,0.0,True
C:\Users\acous\Desktop\sih2026\Railway Track Surface Faults Dataset\Spallings\3.MOV_20201221130147_3114.JPEG,3.MOV_20201221130147_3114.JPEG,Spallings,,0.9997,0.9995,0.0,True
C:\Users\acous\Desktop\sih2026\Railway Track Surface Faults Dataset\Spallings\3.MOV_20201221130147_3115.JPEG,3.MOV_20201221130147_3115.JPEG,Spallings,,0.9976,0.9957,0.0,True
C:\Users\acous\Desktop\sih2026\Railway Track Surface Faults Dataset\Spallings\3.MOV_20201221130147_3116.JPEG,3.MOV_20201221130147_3116.JPEG,Spallings,,0.9992,0.9985,0.0,True
C:\Users\acous\Desktop\sih2026\Railway Track Surface Faults Dataset\Spallings\3.MOV_20201221130147_3117.JPEG,3.MOV_20201221130147_3117.JPEG,Spallings,,0.9938,0.9883,0.0,True
C:\Users\acous\Desktop\sih2026\Railway Track Surface Faults Dataset\Spallings\3.MOV_20201221130147_3118.JPEG,3.MOV_20201221130147_3118.JPEG,Spallings,,0.9823,0.9682,0.0,True
C:\Users\acous\Desktop\sih2026\Railway Track Surface Faults Dataset\Spallings\3.MOV_20201221130147_3119.JPEG,3.MOV_20201221130147_3119.JPEG,Spallings,,0.9991,0.9984,0.0,True
C:\Users\acous\Desktop\sih2026\Railway Track Surface Faults Dataset\Spallings\3.MOV_20201221130147_3120.JPEG,3.MOV_20201221130147_3120.JPEG,Spallings,,0.9997,0.9994,0.0,True
C:\Users\acous\Desktop\sih2026\Railway Track Surface Faults Dataset\Spallings\3.MOV_20201221130147_3121.JPEG,3.MOV_20201221130147_3121.JPEG,Spallings,,1.0,1.0,0.0,True
C:\Users\acous\Desktop\sih2026\Railway Track Surface Faults Dataset\Spallings\3.MOV_20201221130147_3122.JPEG,3.MOV_20201221130147_3122.JPEG,Spallings,,1.0,1.0,0.0,True
C:\Users\acous\Desktop\sih2026\Railway Track Surface Faults Dataset\Spallings\3.MOV_20201221130147_3123.JPEG,3.MOV_20201221130147_3123.JPEG,Spallings,,0.9999,0.9998,0.0,True
C:\Users\acous\Desktop\sih2026\Railway Track Surface Faults Dataset\Spallings\3.MOV_20201221130147_3124.JPEG,3.MOV_20201221130147_3124.JPEG,Spallings,,1.0,1.0,0.0,True
C:\Users\acous\Desktop\sih2026\Railway Track Surface Faults Dataset\Spallings\3.MOV_20201221130147_3125.JPEG,3.MOV_20201221130147_3125.JPEG,Spallings,,1.0,1.0,0.0,True
C:\Users\acous\Desktop\sih2026\Railway Track Surface Faults Dataset\Spallings\3.MOV_20201221130147_3126.JPEG,3.MOV_20201221130147_3126.JPEG,Spallings,,0.9999,0.9998,0.0,True
C:\Users\acous\Desktop\sih2026\Railway Track Surface Faults Dataset\Spallings\3.MOV_20201221130147_3127.JPEG,3.MOV_20201221130147_3127.JPEG,Spallings,,0.9989,0.998,0.0,True
C:\Users\acous\Desktop\sih2026\Railway Track Surface Faults Dataset\Spallings\3.MOV_20201221130147_3152.JPEG,3.MOV_20201221130147_3152.JPEG,Spallings,,0.9982,0.9966,0.0,True
C:\Users\acous\Desktop\sih2026\Railway Track Surface Faults Dataset\Spallings\3.MOV_20201221130147_3153.JPEG,3.MOV_20201221130147_3153.JPEG,Spallings,,0.9999,0.9998,0.0,True
C:\Users\acous\Desktop\sih2026\Railway Track Surface Faults Dataset\Spallings\3.MOV_20201221130147_3154.JPEG,3.MOV_20201221130147_3154.JPEG,Spallings,,0.9992,0.9985,0.0,True
C:\Users\acous\Desktop\sih2026\Railway Track Surface Faults Dataset\Spallings\3.MOV_20201221130147_3155.JPEG,3.MOV_20201221130147_3155.JPEG,Spallings,,0.9999,0.9998,0.0,True
C:\Users\acous\Desktop\sih2026\Railway Track Surface Faults Dataset\Spallings\4.MOV_20201222164809_0668.JPEG,4.MOV_20201222164809_0668.JPEG,Spallings,,0.9888,0.9819,0.0,True
C:\Users\acous\Desktop\sih2026\Railway Track Surface Faults Dataset\Spallings\4.MOV_20201222164809_0669.JPEG,4.MOV_20201222164809_0669.JPEG,Spallings,,0.9978,0.9966,0.0,True
C:\Users\acous\Desktop\sih2026\Railway Track Surface Faults Dataset\Spallings\4.MOV_20201222164809_0670.JPEG,4.MOV_20201222164809_0670.JPEG,Spallings,,0.8985,0.8427,0.0,True
C:\Users\acous\Desktop\sih2026\Railway Track Surface Faults Dataset\Spallings\4.MOV_20201222164809_0671.JPEG,4.MOV_20201222164809_0671.JPEG,Spallings,,0.9972,0.9957,0.0,True
C:\Users\acous\Desktop\sih2026\Railway Track Surface Faults Dataset\Spallings\4.MOV_20201222164809_0672.JPEG,4.MOV_20201222164809_0672.JPEG,Spallings,,0.9793,0.9689,0.0,True
C:\Users\acous\Desktop\sih2026\Railway Track Surface Faults Dataset\Spallings\4.MOV_20201222164809_0673.JPEG,4.MOV_20201222164809_0673.JPEG,Spallings,,0.9934,0.9888,0.0,True
C:\Users\acous\Desktop\sih2026\Railway Track Surface Faults Dataset\Spallings\4.MOV_20201222164809_0674.JPEG,4.MOV_20201222164809_0674.JPEG,Spallings,,0.7655,0.6464,0.0,True
C:\Users\acous\Desktop\sih2026\Railway Track Surface Faults Dataset\Spallings\4.MOV_20201222164809_0675.JPEG,4.MOV_20201222164809_0675.JPEG,Spallings,,0.4224,0.0965,0.0,True
C:\Users\acous\Desktop\sih2026\Railway Track Surface Faults Dataset\Spallings\5.MOV_20201223130541_2557.JPEG,5.MOV_20201223130541_2557.JPEG,Spallings,,0.9997,0.9994,0.0,True
C:\Users\acous\Desktop\sih2026\Railway Track Surface Faults Dataset\Spallings\5.MOV_20201223130541_2558.JPEG,5.MOV_20201223130541_2558.JPEG,Spallings,,0.9988,0.9979,0.0,True
C:\Users\acous\Desktop\sih2026\Railway Track Surface Faults Dataset\Spallings\5.MOV_20201223130541_2559.JPEG,5.MOV_20201223130541_2559.JPEG,Spallings,,0.9938,0.9889,0.0,True
C:\Users\acous\Desktop\sih2026\Railway Track Surface Faults Dataset\Spallings\5.MOV_20201223130541_2622.JPEG,5.MOV_20201223130541_2622.JPEG,Spallings,,0.9809,0.9669,0.0,True
C:\Users\acous\Desktop\sih2026\Railway Track Surface Faults Dataset\Spallings\5.MOV_20201223130541_2623.JPEG,5.MOV_20201223130541_2623.JPEG,Spallings,,0.9997,0.9995,0.0,True
C:\Users\acous\Desktop\sih2026\Railway Track Surface Faults Dataset\Spallings\5.MOV_20201223130541_2624.JPEG,5.MOV_20201223130541_2624.JPEG,Spallings,,0.9999,0.9998,0.0,True
C:\Users\acous\Desktop\sih2026\Railway Track Surface Faults Dataset\Spallings\5.MOV_20201223130541_2625.JPEG,5.MOV_20201223130541_2625.JPEG,Spallings,,0.9036,0.8409,0.0,True
C:\Users\acous\Desktop\sih2026\Railway Track Surface Faults Dataset\Spallings\5.MOV_20201223130541_2626.JPEG,5.MOV_20201223130541_2626.JPEG,Spallings,,0.994,0.9908,0.0,True
C:\Users\acous\Desktop\sih2026\Railway Track Surface Faults Dataset\Spallings\5.MOV_20201223130541_2627.JPEG,5.MOV_20201223130541_2627.JPEG,Spallings,,0.9994,0.9989,0.0,True
C:\Users\acous\Desktop\sih2026\Railway Track Surface Faults Dataset\Spallings\5.MOV_20201223130541_2628.JPEG,5.MOV_20201223130541_2628.JPEG,Spallings,,1.0,1.0,0.0,True
C:\Users\acous\Desktop\sih2026\Railway Track Surface Faults Dataset\Spallings\5.MOV_20201223130541_2629.JPEG,5.MOV_20201223130541_2629.JPEG,Spallings,,0.9999,0.9999,0.0,True
C:\Users\acous\Desktop\sih2026\Railway Track Surface Faults Dataset\Spallings\5.MOV_20201223130541_2630.JPEG,5.MOV_20201223130541_2630.JPEG,Spallings,,1.0,1.0,0.0,True
C:\Users\acous\Desktop\sih2026\Railway Track Surface Faults Dataset\Spallings\5.MOV_20201223130541_2631.JPEG,5.MOV_20201223130541_2631.JPEG,Spallings,,1.0,1.0,0.0,True
C:\Users\acous\Desktop\sih2026\Railway Track Surface Faults Dataset\Spallings\5.MOV_20201223130541_2632.JPEG,5.MOV_20201223130541_2632.JPEG,Spallings,,1.0,1.0,0.0,True
C:\Users\acous\Desktop\sih2026\Railway Track Surface Faults Dataset\Spallings\5.MOV_20201223130541_2633.JPEG,5.MOV_20201223130541_2633.JPEG,Spallings,,0.9999,0.9998,0.0,True
C:\Users\acous\Desktop\sih2026\Railway Track Surface Faults Dataset\Spallings\5.MOV_20201223130541_2634.JPEG,5.MOV_20201223130541_2634.JPEG,Spallings,,1.0,1.0,0.0,True
C:\Users\acous\Desktop\sih2026\Railway Track Surface Faults Dataset\Spallings\5.MOV_20201223130541_2635.JPEG,5.MOV_20201223130541_2635.JPEG,Spallings,,0.9968,0.9944,0.0,True
C:\Users\acous\Desktop\sih2026\Railway Track Surface Faults Dataset\Spallings\5.MOV_20201223130541_2636.JPEG,5.MOV_20201223130541_2636.JPEG,Spallings,,0.9986,0.9977,0.0,True
C:\Users\acous\Desktop\sih2026\Railway Track Surface Faults Dataset\Spallings\5.MOV_20201223130541_2637.JPEG,5.MOV_20201223130541_2637.JPEG,Spallings,,0.9964,0.9933,0.0,True
C:\Users\acous\Desktop\sih2026\Railway Track Surface Faults Dataset\Spallings\5.MOV_20201223130541_2638.JPEG,5.MOV_20201223130541_2638.JPEG,Spallings,,0.9975,0.9953,0.0,True
C:\Users\acous\Desktop\sih2026\Railway Track Surface Faults Dataset\Spallings\5.MOV_20201223130541_2639.JPEG,5.MOV_20201223130541_2639.JPEG,Spallings,,0.9989,0.9982,0.0,True
C:\Users\acous\Desktop\sih2026\Railway Track Surface Faults Dataset\Spallings\5.MOV_20201223130541_2640.JPEG,5.MOV_20201223130541_2640.JPEG,Spallings,,0.9999,0.9998,0.0,True
C:\Users\acous\Desktop\sih2026\Railway Track Surface Faults Dataset\Spallings\5.MOV_20201223130541_2641.JPEG,5.MOV_20201223130541_2641.JPEG,Spallings,,0.9999,0.9998,0.0,True
C:\Users\acous\Desktop\sih2026\Railway Track Surface Faults Dataset\Spallings\5.MOV_20201223130541_5507.JPEG,5.MOV_20201223130541_5507.JPEG,Spallings,,0.9879,0.979,0.0,True
C:\Users\acous\Desktop\sih2026\Railway Track Surface Faults Dataset\Spallings\5.MOV_20201223130541_5636.JPEG,5.MOV_20201223130541_5636.JPEG,Spallings,,0.9309,0.8895,0.0,True
C:\Users\acous\Desktop\sih2026\Railway Track Surface Faults Dataset\Spallings\5.MOV_20201223130541_5637.JPEG,5.MOV_20201223130541_5637.JPEG,Spallings,,0.9841,0.9716,0.0,True
C:\Users\acous\Desktop\sih2026\Railway Track Surface Faults Dataset\Spallings\5.MOV_20201223130541_5638.JPEG,5.MOV_20201223130541_5638.JPEG,Spallings,,0.9869,0.9784,0.0,True
C:\Users\acous\Desktop\sih2026\Railway Track Surface Faults Dataset\Spallings\5.MOV_20201223130541_5639.JPEG,5.MOV_20201223130541_5639.JPEG,Spallings,,0.9948,0.9918,0.0,True
C:\Users\acous\Desktop\sih2026\Railway Track Surface Faults Dataset\Spallings\5.MOV_20201223130541_5640.JPEG,5.MOV_20201223130541_5640.JPEG,Spallings,,0.9999,0.9998,0.0,True
C:\Users\acous\Desktop\sih2026\Railway Track Surface Faults Dataset\Spallings\5.MOV_20201223130541_5641.JPEG,5.MOV_20201223130541_5641.JPEG,Spallings,,0.9974,0.996,0.0,True
C:\Users\acous\Desktop\sih2026\Railway Track Surface Faults Dataset\Spallings\5.MOV_20201223130541_5642.JPEG,5.MOV_20201223130541_5642.JPEG,Spallings,,0.4473,0.0471,0.0,True
C:\Users\acous\Desktop\sih2026\Railway Track Surface Faults Dataset\Spallings\5.MOV_20201223130541_5650.JPEG,5.MOV_20201223130541_5650.JPEG,Spallings,,0.9995,0.9991,0.0,True
C:\Users\acous\Desktop\sih2026\Railway Track Surface Faults Dataset\Spallings\5.MOV_20201223130541_5651.JPEG,5.MOV_20201223130541_5651.JPEG,Spallings,,1.0,1.0,0.0,True
C:\Users\acous\Desktop\sih2026\Railway Track Surface Faults Dataset\Spallings\5.MOV_20201223130541_5652.JPEG,5.MOV_20201223130541_5652.JPEG,Spallings,,0.9998,0.9997,0.0,True
C:\Users\acous\Desktop\sih2026\Railway Track Surface Faults Dataset\Spallings\5.MOV_20201223130541_5836.JPEG,5.MOV_20201223130541_5836.JPEG,Spallings,,0.9996,0.9993,0.0,True
C:\Users\acous\Desktop\sih2026\Railway Track Surface Faults Dataset\Spallings\5.MOV_20201223130541_5837.JPEG,5.MOV_20201223130541_5837.JPEG,Spallings,,0.9998,0.9997,0.0,True
C:\Users\acous\Desktop\sih2026\Railway Track Surface Faults Dataset\Spallings\5.MOV_20201223130541_5838.JPEG,5.MOV_20201223130541_5838.JPEG,Spallings,,0.9989,0.9978,0.0,True
C:\Users\acous\Desktop\sih2026\Railway Track Surface Faults Dataset\Spallings\5.MOV_20201223130541_5839.JPEG,5.MOV_20201223130541_5839.JPEG,Spallings,,0.9979,0.9962,0.0,True
C:\Users\acous\Desktop\sih2026\Railway Track Surface Faults Dataset\Spallings\5.MOV_20201223130541_5840.JPEG,5.MOV_20201223130541_5840.JPEG,Spallings,,0.9898,0.9819,0.0,True
C:\Users\acous\Desktop\sih2026\Railway Track Surface Faults Dataset\Spallings\5.MOV_20201223130541_5899.JPEG,5.MOV_20201223130541_5899.JPEG,Spallings,,0.7995,0.6229,0.0,True
C:\Users\acous\Desktop\sih2026\Railway Track Surface Faults Dataset\Spallings\5.MOV_20201223130541_5900.JPEG,5.MOV_20201223130541_5900.JPEG,Spallings,,0.9982,0.9969,0.0,True
C:\Users\acous\Desktop\sih2026\Railway Track Surface Faults Dataset\Spallings\5.MOV_20201223130541_5901.JPEG,5.MOV_20201223130541_5901.JPEG,Spallings,,0.9986,0.9976,0.0,True
C:\Users\acous\Desktop\sih2026\Railway Track Surface Faults Dataset\Spallings\5.MOV_20201223130541_6694.JPEG,5.MOV_20201223130541_6694.JPEG,Spallings,,0.9978,0.996,0.0,True
C:\Users\acous\Desktop\sih2026\Railway Track Surface Faults Dataset\Spallings\5.MOV_20201223130541_6695.JPEG,5.MOV_20201223130541_6695.JPEG,Spallings,,0.9989,0.9981,0.0,True
C:\Users\acous\Desktop\sih2026\Railway Track Surface Faults Dataset\Spallings\5.MOV_20201223130541_6696.JPEG,5.MOV_20201223130541_6696.JPEG,Spallings,,0.9998,0.9996,0.0,True
C:\Users\acous\Desktop\sih2026\Railway Track Surface Faults Dataset\Spallings\5.MOV_20201223130541_6697.JPEG,5.MOV_20201223130541_6697.JPEG,Spallings,,0.9999,0.9998,0.0,True
C:\Users\acous\Desktop\sih2026\Railway Track Surface Faults Dataset\Spallings\5.MOV_20201223130541_6698.JPEG,5.MOV_20201223130541_6698.JPEG,Spallings,,0.9999,0.9999,0.0,True
C:\Users\acous\Desktop\sih2026\Railway Track Surface Faults Dataset\Spallings\5.MOV_20201223130541_6699.JPEG,5.MOV_20201223130541_6699.JPEG,Spallings,,0.9995,0.9992,0.0,True
C:\Users\acous\Desktop\sih2026\Railway Track Surface Faults Dataset\Spallings\5.MOV_20201223130541_6700.JPEG,5.MOV_20201223130541_6700.JPEG,Spallings,,0.9931,0.9878,0.0,True
C:\Users\acous\Desktop\sih2026\Railway Track Surface Faults Dataset\Spallings\5.MOV_20201223130541_6701.JPEG,5.MOV_20201223130541_6701.JPEG,Spallings,,0.9975,0.996,0.0,True
C:\Users\acous\Desktop\sih2026\Railway Track Surface Faults Dataset\Spallings\5.MOV_20201223130541_6702.JPEG,5.MOV_20201223130541_6702.JPEG,Spallings,,0.999,0.9984,0.0,True
C:\Users\acous\Desktop\sih2026\Railway Track Surface Faults Dataset\Spallings\5.MOV_20201223130541_6703.JPEG,5.MOV_20201223130541_6703.JPEG,Spallings,,0.9998,0.9997,0.0,True
C:\Users\acous\Desktop\sih2026\Railway Track Surface Faults Dataset\Spallings\5.MOV_20201223130541_6704.JPEG,5.MOV_20201223130541_6704.JPEG,Spallings,,0.9999,0.9998,0.0,True
C:\Users\acous\Desktop\sih2026\Railway Track Surface Faults Dataset\Spallings\5.MOV_20201223130541_6705.JPEG,5.MOV_20201223130541_6705.JPEG,Spallings,,0.9998,0.9997,0.0,True
C:\Users\acous\Desktop\sih2026\Railway Track Surface Faults Dataset\Spallings\5.MOV_20201223130541_6706.JPEG,5.MOV_20201223130541_6706.JPEG,Spallings,,0.9998,0.9997,0.0,True
C:\Users\acous\Desktop\sih2026\Railway Track Surface Faults Dataset\Spallings\5.MOV_20201223130541_6707.JPEG,5.MOV_20201223130541_6707.JPEG,Spallings,,0.9997,0.9995,0.0,True
C:\Users\acous\Desktop\sih2026\Railway Track Surface Faults Dataset\Spallings\5.MOV_20201223130541_6708.JPEG,5.MOV_20201223130541_6708.JPEG,Spallings,,0.9995,0.9992,0.0,True
C:\Users\acous\Desktop\sih2026\Railway Track Surface Faults Dataset\Spallings\5.MOV_20201223130541_6709.JPEG,5.MOV_20201223130541_6709.JPEG,Spallings,,0.9996,0.9993,0.0,True
C:\Users\acous\Desktop\sih2026\Railway Track Surface Faults Dataset\Spallings\5.MOV_20201223130541_6710.JPEG,5.MOV_20201223130541_6710.JPEG,Spallings,,0.9995,0.9991,0.0,True
C:\Users\acous\Desktop\sih2026\Railway Track Surface Faults Dataset\Spallings\5.MOV_20201223130541_6711.JPEG,5.MOV_20201223130541_6711.JPEG,Spallings,,0.9986,0.9976,0.0,True
C:\Users\acous\Desktop\sih2026\Railway Track Surface Faults Dataset\Spallings\5.MOV_20201223130541_6712.JPEG,5.MOV_20201223130541_6712.JPEG,Spallings,,0.9999,0.9999,0.0,True
C:\Users\acous\Desktop\sih2026\Railway Track Surface Faults Dataset\Spallings\5.MOV_20201223130541_6713.JPEG,5.MOV_20201223130541_6713.JPEG,Spallings,,0.9998,0.9996,0.0,True
C:\Users\acous\Desktop\sih2026\Railway Track Surface Faults Dataset\Spallings\5.MOV_20201223130541_6714.JPEG,5.MOV_20201223130541_6714.JPEG,Spallings,,0.9991,0.9982,0.0,True
C:\Users\acous\Desktop\sih2026\Railway Track Surface Faults Dataset\Spallings\5.MOV_20201223130541_6715.JPEG,5.MOV_20201223130541_6715.JPEG,Spallings,,0.999,0.9981,0.0,True
C:\Users\acous\Desktop\sih2026\Railway Track Surface Faults Dataset\Spallings\5.MOV_20201223130541_6716.JPEG,5.MOV_20201223130541_6716.JPEG,Spallings,,0.9999,0.9998,0.0,True
C:\Users\acous\Desktop\sih2026\Railway Track Surface Faults Dataset\Spallings\5.MOV_20201223130541_6717.JPEG,5.MOV_20201223130541_6717.JPEG,Spallings,,0.9916,0.9855,0.0,True
C:\Users\acous\Desktop\sih2026\Railway Track Surface Faults Dataset\Spallings\5.MOV_20201223130541_6718.JPEG,5.MOV_20201223130541_6718.JPEG,Spallings,,0.9989,0.9982,0.0,True
C:\Users\acous\Desktop\sih2026\Railway Track Surface Faults Dataset\Spallings\5.MOV_20201223130541_6719.JPEG,5.MOV_20201223130541_6719.JPEG,Spallings,,0.9997,0.9995,0.0,True
C:\Users\acous\Desktop\sih2026\Railway Track Surface Faults Dataset\Spallings\5.MOV_20201223130541_6720.JPEG,5.MOV_20201223130541_6720.JPEG,Spallings,,0.9988,0.9981,0.0,True
C:\Users\acous\Desktop\sih2026\Railway Track Surface Faults Dataset\Spallings\5.MOV_20201223130541_6721.JPEG,5.MOV_20201223130541_6721.JPEG,Spallings,,0.9927,0.9874,0.0,True
C:\Users\acous\Desktop\sih2026\Railway Track Surface Faults Dataset\Spallings\5.MOV_20201223130541_6722.JPEG,5.MOV_20201223130541_6722.JPEG,Spallings,,0.9992,0.9986,0.0,True
C:\Users\acous\Desktop\sih2026\Railway Track Surface Faults Dataset\Spallings\5.MOV_20201223130541_6723.JPEG,5.MOV_20201223130541_6723.JPEG,Spallings,,0.9994,0.999,0.0,True
C:\Users\acous\Desktop\sih2026\Railway Track Surface Faults Dataset\Spallings\5.MOV_20201223130541_6724.JPEG,5.MOV_20201223130541_6724.JPEG,Spallings,,0.9997,0.9995,0.0,True
C:\Users\acous\Desktop\sih2026\Railway Track Surface Faults Dataset\Spallings\5.MOV_20201223130541_6725.JPEG,5.MOV_20201223130541_6725.JPEG,Spallings,,0.9973,0.9955,0.0,True
C:\Users\acous\Desktop\sih2026\Railway Track Surface Faults Dataset\Spallings\5.MOV_20201223130541_6726.JPEG,5.MOV_20201223130541_6726.JPEG,Spallings,,0.9986,0.9978,0.0,True
C:\Users\acous\Desktop\sih2026\Railway Track Surface Faults Dataset\Spallings\5.MOV_20201223130541_6727.JPEG,5.MOV_20201223130541_6727.JPEG,Spallings,,0.9975,0.9957,0.0,True
C:\Users\acous\Desktop\sih2026\Railway Track Surface Faults Dataset\Spallings\5.MOV_20201223130541_6728.JPEG,5.MOV_20201223130541_6728.JPEG,Spallings,,0.9973,0.995,0.0,True
C:\Users\acous\Desktop\sih2026\Railway Track Surface Faults Dataset\Spallings\5.MOV_20201223130541_6729.JPEG,5.MOV_20201223130541_6729.JPEG,Spallings,,0.9967,0.9937,0.0,True
C:\Users\acous\Desktop\sih2026\Railway Track Surface Faults Dataset\Spallings\5.MOV_20201223130541_6730.JPEG,5.MOV_20201223130541_6730.JPEG,Spallings,,0.9994,0.9989,0.0,True
C:\Users\acous\Desktop\sih2026\Railway Track Surface Faults Dataset\Spallings\5.MOV_20201223130541_6731.JPEG,5.MOV_20201223130541_6731.JPEG,Spallings,,0.9987,0.9975,0.0,True
C:\Users\acous\Desktop\sih2026\Railway Track Surface Faults Dataset\Spallings\5.MOV_20201223130541_6732.JPEG,5.MOV_20201223130541_6732.JPEG,Spallings,,0.9998,0.9996,0.0,True
C:\Users\acous\Desktop\sih2026\Railway Track Surface Faults Dataset\Spallings\5.MOV_20201223130541_6733.JPEG,5.MOV_20201223130541_6733.JPEG,Spallings,,0.9982,0.9965,0.0,True
C:\Users\acous\Desktop\sih2026\Railway Track Surface Faults Dataset\Spallings\5.MOV_20201223130541_6734.JPEG,5.MOV_20201223130541_6734.JPEG,Spallings,,0.997,0.9942,0.0,True
C:\Users\acous\Desktop\sih2026\Railway Track Surface Faults Dataset\Spallings\5.MOV_20201223130541_6735.JPEG,5.MOV_20201223130541_6735.JPEG,Spallings,,0.9998,0.9996,0.0,True
C:\Users\acous\Desktop\sih2026\Railway Track Surface Faults Dataset\Spallings\5.MOV_20201223130541_6736.JPEG,5.MOV_20201223130541_6736.JPEG,Spallings,,0.999,0.9982,0.0,True
C:\Users\acous\Desktop\sih2026\Railway Track Surface Faults Dataset\Spallings\5.MOV_20201223130541_6737.JPEG,5.MOV_20201223130541_6737.JPEG,Spallings,,0.9934,0.9875,0.0,True
C:\Users\acous\Desktop\sih2026\Railway Track Surface Faults Dataset\Spallings\5.MOV_20201223130541_6738.JPEG,5.MOV_20201223130541_6738.JPEG,Spallings,,0.9964,0.9937,0.0,True
C:\Users\acous\Desktop\sih2026\Railway Track Surface Faults Dataset\Spallings\5.MOV_20201223130541_6739.JPEG,5.MOV_20201223130541_6739.JPEG,Spallings,,0.807,0.6601,0.0,True
C:\Users\acous\Desktop\sih2026\Railway Track Surface Faults Dataset\Spallings\5.MOV_20201223130541_6740.JPEG,5.MOV_20201223130541_6740.JPEG,Spallings,,0.5205,0.1982,0.0,True
C:\Users\acous\Desktop\sih2026\Railway Track Surface Faults Dataset\Spallings\5.MOV_20201223130541_6967.JPEG,5.MOV_20201223130541_6967.JPEG,Spallings,,0.9837,0.9676,0.0,True
C:\Users\acous\Desktop\sih2026\Railway Track Surface Faults Dataset\Spallings\5.MOV_20201223130541_6968.JPEG,5.MOV_20201223130541_6968.JPEG,Spallings,,0.9928,0.9859,0.0,True
C:\Users\acous\Desktop\sih2026\Railway Track Surface Faults Dataset\Spallings\5.MOV_20201223130541_6969.JPEG,5.MOV_20201223130541_6969.JPEG,Spallings,,0.9636,0.9284,0.0,True
C:\Users\acous\Desktop\sih2026\Railway Track Surface Faults Dataset\Spallings\5.MOV_20201223130541_6970.JPEG,5.MOV_20201223130541_6970.JPEG,Spallings,,0.9938,0.9888,0.0,True
C:\Users\acous\Desktop\sih2026\Railway Track Surface Faults Dataset\Spallings\5.MOV_20201223130541_6971.JPEG,5.MOV_20201223130541_6971.JPEG,Spallings,,0.9996,0.9993,0.0,True
C:\Users\acous\Desktop\sih2026\Railway Track Surface Faults Dataset\Spallings\5.MOV_20201223130541_6972.JPEG,5.MOV_20201223130541_6972.JPEG,Spallings,,0.9989,0.9979,0.0,True
C:\Users\acous\Desktop\sih2026\Railway Track Surface Faults Dataset\Spallings\5.MOV_20201223130541_6973.JPEG,5.MOV_20201223130541_6973.JPEG,Spallings,,0.9926,0.9864,0.0,True
C:\Users\acous\Desktop\sih2026\Railway Track Surface Faults Dataset\Spallings\5.MOV_20201223130541_6974.JPEG,5.MOV_20201223130541_6974.JPEG,Spallings,,0.9969,0.9946,0.0,True
C:\Users\acous\Desktop\sih2026\Railway Track Surface Faults Dataset\Spallings\5.MOV_20201223130541_6975.JPEG,5.MOV_20201223130541_6975.JPEG,Spallings,,0.9994,0.999,0.0,True
C:\Users\acous\Desktop\sih2026\Railway Track Surface Faults Dataset\Spallings\5.MOV_20201223130541_6976.JPEG,5.MOV_20201223130541_6976.JPEG,Spallings,,0.9976,0.9955,0.0,True
C:\Users\acous\Desktop\sih2026\Railway Track Surface Faults Dataset\Spallings\5.MOV_20201223130541_6977.JPEG,5.MOV_20201223130541_6977.JPEG,Spallings,,0.9987,0.9974,0.0,True
C:\Users\acous\Desktop\sih2026\Railway Track Surface Faults Dataset\Spallings\5.MOV_20201223130541_6978.JPEG,5.MOV_20201223130541_6978.JPEG,Spallings,,0.9993,0.9987,0.0,True
C:\Users\acous\Desktop\sih2026\Railway Track Surface Faults Dataset\Spallings\5.MOV_20201223130541_6979.JPEG,5.MOV_20201223130541_6979.JPEG,Spallings,,0.9991,0.9982,0.0,True
C:\Users\acous\Desktop\sih2026\Railway Track Surface Faults Dataset\Spallings\5.MOV_20201223130541_6980.JPEG,5.MOV_20201223130541_6980.JPEG,Spallings,,0.9993,0.9986,0.0,True
C:\Users\acous\Desktop\sih2026\Railway Track Surface Faults Dataset\Spallings\5.MOV_20201223130541_6981.JPEG,5.MOV_20201223130541_6981.JPEG,Spallings,,0.9992,0.9984,0.0,True
C:\Users\acous\Desktop\sih2026\Railway Track Surface Faults Dataset\Spallings\5.MOV_20201223130541_6982.JPEG,5.MOV_20201223130541_6982.JPEG,Spallings,,1.0,1.0,0.0,True
C:\Users\acous\Desktop\sih2026\Railway Track Surface Faults Dataset\Spallings\5.MOV_20201223130541_6983.JPEG,5.MOV_20201223130541_6983.JPEG,Spallings,,0.9998,0.9996,0.0,True
C:\Users\acous\Desktop\sih2026\Railway Track Surface Faults Dataset\Spallings\5.MOV_20201223130541_6984.JPEG,5.MOV_20201223130541_6984.JPEG,Spallings,,0.999,0.9981,0.0,True
C:\Users\acous\Desktop\sih2026\Railway Track Surface Faults Dataset\Spallings\5.MOV_20201223130541_6985.JPEG,5.MOV_20201223130541_6985.JPEG,Spallings,,0.9924,0.9851,0.0,True
C:\Users\acous\Desktop\sih2026\Railway Track Surface Faults Dataset\Spallings\5.MOV_20201223130541_6986.JPEG,5.MOV_20201223130541_6986.JPEG,Spallings,,0.9984,0.997,0.0,True
C:\Users\acous\Desktop\sih2026\Railway Track Surface Faults Dataset\Spallings\5.MOV_20201223130541_6987.JPEG,5.MOV_20201223130541_6987.JPEG,Spallings,,0.9961,0.9926,0.0,True
C:\Users\acous\Desktop\sih2026\Railway Track Surface Faults Dataset\Spallings\5.MOV_20201223130541_6988.JPEG,5.MOV_20201223130541_6988.JPEG,Spallings,,0.9987,0.9977,0.0,True
C:\Users\acous\Desktop\sih2026\Railway Track Surface Faults Dataset\Spallings\5.MOV_20201223130541_6989.JPEG,5.MOV_20201223130541_6989.JPEG,Spallings,,0.9995,0.9991,0.0,True
C:\Users\acous\Desktop\sih2026\Railway Track Surface Faults Dataset\Spallings\5.MOV_20201223130541_6990.JPEG,5.MOV_20201223130541_6990.JPEG,Spallings,,0.9997,0.9994,0.0,True
C:\Users\acous\Desktop\sih2026\Railway Track Surface Faults Dataset\Spallings\5.MOV_20201223130541_6991.JPEG,5.MOV_20201223130541_6991.JPEG,Spallings,,0.9906,0.9815,0.0,True
C:\Users\acous\Desktop\sih2026\Railway Track Surface Faults Dataset\Spallings\5.MOV_20201223130541_6992.JPEG,5.MOV_20201223130541_6992.JPEG,Spallings,,0.9836,0.9683,0.0,True
C:\Users\acous\Desktop\sih2026\Railway Track Surface Faults Dataset\Spallings\5.MOV_20201223130541_6993.JPEG,5.MOV_20201223130541_6993.JPEG,Spallings,,0.995,0.9906,0.0,True
C:\Users\acous\Desktop\sih2026\Railway Track Surface Faults Dataset\Spallings\5.MOV_20201223130541_7087.JPEG,5.MOV_20201223130541_7087.JPEG,Spallings,,0.6791,0.4392,0.0,True
C:\Users\acous\Desktop\sih2026\Railway Track Surface Faults Dataset\Spallings\5.MOV_20201223130541_7088.JPEG,5.MOV_20201223130541_7088.JPEG,Spallings,,0.9729,0.9572,0.0,True
C:\Users\acous\Desktop\sih2026\Railway Track Surface Faults Dataset\Spallings\5.MOV_20201223130541_7089.JPEG,5.MOV_20201223130541_7089.JPEG,Spallings,,0.9565,0.9344,0.0,True
C:\Users\acous\Desktop\sih2026\Railway Track Surface Faults Dataset\Spallings\5.MOV_20201223130541_7090.JPEG,5.MOV_20201223130541_7090.JPEG,Spallings,,0.9544,0.9307,0.0,True
C:\Users\acous\Desktop\sih2026\Railway Track Surface Faults Dataset\Spallings\5.MOV_20201223130541_7091.JPEG,5.MOV_20201223130541_7091.JPEG,Spallings,,0.9464,0.9172,0.0,True
C:\Users\acous\Desktop\sih2026\Railway Track Surface Faults Dataset\Spallings\5.MOV_20201223130541_7092.JPEG,5.MOV_20201223130541_7092.JPEG,Spallings,,0.8841,0.7908,0.0,True
C:\Users\acous\Desktop\sih2026\Railway Track Surface Faults Dataset\Spallings\5.MOV_20201223130541_7093.JPEG,5.MOV_20201223130541_7093.JPEG,Spallings,,0.9416,0.9061,0.0,True
C:\Users\acous\Desktop\sih2026\Railway Track Surface Faults Dataset\Spallings\5.MOV_20201223130541_7094.JPEG,5.MOV_20201223130541_7094.JPEG,Spallings,,0.994,0.9896,0.0,True
C:\Users\acous\Desktop\sih2026\Railway Track Surface Faults Dataset\Spallings\5.MOV_20201223130541_7095.JPEG,5.MOV_20201223130541_7095.JPEG,Spallings,,0.9959,0.9924,0.0,True
C:\Users\acous\Desktop\sih2026\Railway Track Surface Faults Dataset\Spallings\5.MOV_20201223130541_7096.JPEG,5.MOV_20201223130541_7096.JPEG,Spallings,,0.9565,0.9155,0.0,True
C:\Users\acous\Desktop\sih2026\Railway Track Surface Faults Dataset\Spallings\5.MOV_20201223130541_7097.JPEG,5.MOV_20201223130541_7097.JPEG,Spallings,,0.9931,0.9879,0.0,True
C:\Users\acous\Desktop\sih2026\Railway Track Surface Faults Dataset\Spallings\5.MOV_20201223130541_8166.JPEG,5.MOV_20201223130541_8166.JPEG,Spallings,,0.9612,0.9396,0.0,True
C:\Users\acous\Desktop\sih2026\Railway Track Surface Faults Dataset\Spallings\5.MOV_20201223130541_8167.JPEG,5.MOV_20201223130541_8167.JPEG,Spallings,,0.9988,0.9979,0.0,True
C:\Users\acous\Desktop\sih2026\Railway Track Surface Faults Dataset\Spallings\5.MOV_20201223130541_8168.JPEG,5.MOV_20201223130541_8168.JPEG,Spallings,,0.9993,0.9989,0.0,True
C:\Users\acous\Desktop\sih2026\Railway Track Surface Faults Dataset\Spallings\5.MOV_20201223130541_8169.JPEG,5.MOV_20201223130541_8169.JPEG,Spallings,,1.0,1.0,0.0,True
C:\Users\acous\Desktop\sih2026\Railway Track Surface Faults Dataset\Spallings\5.MOV_20201223130541_8170.JPEG,5.MOV_20201223130541_8170.JPEG,Spallings,,1.0,1.0,0.0,True
C:\Users\acous\Desktop\sih2026\Railway Track Surface Faults Dataset\Spallings\5.MOV_20201223130541_8171.JPEG,5.MOV_20201223130541_8171.JPEG,Spallings,,1.0,1.0,0.0,True
C:\Users\acous\Desktop\sih2026\Railway Track Surface Faults Dataset\Spallings\5.MOV_20201223130541_8172.JPEG,5.MOV_20201223130541_8172.JPEG,Spallings,,1.0,1.0,0.0,True
C:\Users\acous\Desktop\sih2026\Railway Track Surface Faults Dataset\Spallings\5.MOV_20201223130541_8173.JPEG,5.MOV_20201223130541_8173.JPEG,Spallings,,0.9999,0.9999,0.0,True
C:\Users\acous\Desktop\sih2026\Railway Track Surface Faults Dataset\Spallings\5.MOV_20201223130541_8174.JPEG,5.MOV_20201223130541_8174.JPEG,Spallings,,0.9999,0.9998,0.0,True
C:\Users\acous\Desktop\sih2026\Railway Track Surface Faults Dataset\Spallings\5.MOV_20201223130541_8175.JPEG,5.MOV_20201223130541_8175.JPEG,Spallings,,0.9988,0.9981,0.0,True
C:\Users\acous\Desktop\sih2026\Railway Track Surface Faults Dataset\Spallings\5.MOV_20201223130541_8176.JPEG,5.MOV_20201223130541_8176.JPEG,Spallings,,0.9998,0.9996,0.0,True
C:\Users\acous\Desktop\sih2026\Railway Track Surface Faults Dataset\Spallings\5.MOV_20201223130541_8177.JPEG,5.MOV_20201223130541_8177.JPEG,Spallings,,0.9998,0.9997,0.0,True
C:\Users\acous\Desktop\sih2026\Railway Track Surface Faults Dataset\Spallings\5.MOV_20201223130541_8178.JPEG,5.MOV_20201223130541_8178.JPEG,Spallings,,0.9993,0.9986,0.0,True
C:\Users\acous\Desktop\sih2026\Railway Track Surface Faults Dataset\Spallings\5.MOV_20201223130541_8179.JPEG,5.MOV_20201223130541_8179.JPEG,Spallings,,0.9996,0.9992,0.0,True
C:\Users\acous\Desktop\sih2026\Railway Track Surface Faults Dataset\Spallings\5.MOV_20201223130541_8180.JPEG,5.MOV_20201223130541_8180.JPEG,Spallings,,0.9988,0.9979,0.0,True
C:\Users\acous\Desktop\sih2026\Railway Track Surface Faults Dataset\Spallings\5.MOV_20201223130541_8181.JPEG,5.MOV_20201223130541_8181.JPEG,Spallings,,0.9993,0.9988,0.0,True
C:\Users\acous\Desktop\sih2026\Railway Track Surface Faults Dataset\Spallings\5.MOV_20201223130541_8182.JPEG,5.MOV_20201223130541_8182.JPEG,Spallings,,0.9998,0.9996,0.0,True
C:\Users\acous\Desktop\sih2026\Railway Track Surface Faults Dataset\Spallings\5.MOV_20201223130541_8183.JPEG,5.MOV_20201223130541_8183.JPEG,Spallings,,0.9999,0.9998,0.0,True
C:\Users\acous\Desktop\sih2026\Railway Track Surface Faults Dataset\Spallings\5.MOV_20201223130541_8184.JPEG,5.MOV_20201223130541_8184.JPEG,Spallings,,0.9996,0.9993,0.0,True
C:\Users\acous\Desktop\sih2026\Railway Track Surface Faults Dataset\Spallings\5.MOV_20201223130541_8185.JPEG,5.MOV_20201223130541_8185.JPEG,Spallings,,0.9996,0.9992,0.0,True
C:\Users\acous\Desktop\sih2026\Railway Track Surface Faults Dataset\Spallings\5.MOV_20201223130541_8186.JPEG,5.MOV_20201223130541_8186.JPEG,Spallings,,0.9999,0.9998,0.0,True
C:\Users\acous\Desktop\sih2026\Railway Track Surface Faults Dataset\Spallings\5.MOV_20201223130541_8187.JPEG,5.MOV_20201223130541_8187.JPEG,Spallings,,1.0,1.0,0.0,True
C:\Users\acous\Desktop\sih2026\Railway Track Surface Faults Dataset\Spallings\5.MOV_20201223130541_8188.JPEG,5.MOV_20201223130541_8188.JPEG,Spallings,,0.9996,0.9993,0.0,True
C:\Users\acous\Desktop\sih2026\Railway Track Surface Faults Dataset\Spallings\5.MOV_20201223130541_8189.JPEG,5.MOV_20201223130541_8189.JPEG,Spallings,,0.9988,0.9976,0.0,True
C:\Users\acous\Desktop\sih2026\Railway Track Surface Faults Dataset\Spallings\5.MOV_20201223130541_8219.JPEG,5.MOV_20201223130541_8219.JPEG,Spallings,,0.9994,0.999,0.0,True
C:\Users\acous\Desktop\sih2026\Railway Track Surface Faults Dataset\Spallings\5.MOV_20201223130541_8220.JPEG,5.MOV_20201223130541_8220.JPEG,Spallings,,0.9941,0.9888,0.0,True
C:\Users\acous\Desktop\sih2026\Railway Track Surface Faults Dataset\Spallings\5.MOV_20201223130541_8221.JPEG,5.MOV_20201223130541_8221.JPEG,Spallings,,0.9871,0.9754,0.0,True
C:\Users\acous\Desktop\sih2026\Railway Track Surface Faults Dataset\Spallings\6.MOV_20201227192101_0180.JPEG,6.MOV_20201227192101_0180.JPEG,Spallings,,1.0,1.0,0.0,True
C:\Users\acous\Desktop\sih2026\Railway Track Surface Faults Dataset\Spallings\6.MOV_20201227192101_0181.JPEG,6.MOV_20201227192101_0181.JPEG,Spallings,,1.0,1.0,0.0,True
C:\Users\acous\Desktop\sih2026\Railway Track Surface Faults Dataset\Spallings\6.MOV_20201227192101_0182.JPEG,6.MOV_20201227192101_0182.JPEG,Spallings,,1.0,1.0,0.0,True
C:\Users\acous\Desktop\sih2026\Railway Track Surface Faults Dataset\Spallings\6.MOV_20201227192101_0183.JPEG,6.MOV_20201227192101_0183.JPEG,Spallings,,0.9999,0.9998,0.0,True
C:\Users\acous\Desktop\sih2026\Railway Track Surface Faults Dataset\Spallings\6.MOV_20201227192101_0184.JPEG,6.MOV_20201227192101_0184.JPEG,Spallings,,0.9988,0.9976,0.0,True
C:\Users\acous\Desktop\sih2026\Railway Track Surface Faults Dataset\Spallings\6.MOV_20201227192101_0185.JPEG,6.MOV_20201227192101_0185.JPEG,Spallings,,0.997,0.9946,0.0,True
C:\Users\acous\Desktop\sih2026\Railway Track Surface Faults Dataset\Spallings\6.MOV_20201227192101_0251.JPEG,6.MOV_20201227192101_0251.JPEG,Spallings,,0.9998,0.9997,0.0,True
C:\Users\acous\Desktop\sih2026\Railway Track Surface Faults Dataset\Spallings\6.MOV_20201227192101_0252.JPEG,6.MOV_20201227192101_0252.JPEG,Spallings,,0.9997,0.9995,0.0,True
C:\Users\acous\Desktop\sih2026\Railway Track Surface Faults Dataset\Spallings\6.MOV_20201227192101_0253.JPEG,6.MOV_20201227192101_0253.JPEG,Spallings,,0.9996,0.9994,0.0,True
C:\Users\acous\Desktop\sih2026\Railway Track Surface Faults Dataset\Spallings\6.MOV_20201227192101_0254.JPEG,6.MOV_20201227192101_0254.JPEG,Spallings,,0.9997,0.9995,0.0,True
C:\Users\acous\Desktop\sih2026\Railway Track Surface Faults Dataset\Spallings\6.MOV_20201227192101_0255.JPEG,6.MOV_20201227192101_0255.JPEG,Spallings,,0.9986,0.9977,0.0,True
C:\Users\acous\Desktop\sih2026\Railway Track Surface Faults Dataset\Spallings\6.MOV_20201227192101_0901.JPEG,6.MOV_20201227192101_0901.JPEG,Spallings,,0.9244,0.8494,0.0,True
C:\Users\acous\Desktop\sih2026\Railway Track Surface Faults Dataset\Spallings\6.MOV_20201227192101_0902.JPEG,6.MOV_20201227192101_0902.JPEG,Spallings,,0.9937,0.9874,0.0,True
C:\Users\acous\Desktop\sih2026\Railway Track Surface Faults Dataset\Spallings\6.MOV_20201227192101_0903.JPEG,6.MOV_20201227192101_0903.JPEG,Spallings,,0.9981,0.9963,0.0,True
C:\Users\acous\Desktop\sih2026\Railway Track Surface Faults Dataset\Spallings\6.MOV_20201227192101_0904.JPEG,6.MOV_20201227192101_0904.JPEG,Spallings,,0.9995,0.999,0.0,True
C:\Users\acous\Desktop\sih2026\Railway Track Surface Faults Dataset\Spallings\6.MOV_20201227192101_0905.JPEG,6.MOV_20201227192101_0905.JPEG,Spallings,,0.9989,0.9979,0.0,True
C:\Users\acous\Desktop\sih2026\Railway Track Surface Faults Dataset\Spallings\6.MOV_20201227192101_0906.JPEG,6.MOV_20201227192101_0906.JPEG,Spallings,,0.9999,0.9998,0.0,True
C:\Users\acous\Desktop\sih2026\Railway Track Surface Faults Dataset\Spallings\6.MOV_20201227192101_0907.JPEG,6.MOV_20201227192101_0907.JPEG,Spallings,,0.9992,0.9984,0.0,True
C:\Users\acous\Desktop\sih2026\Railway Track Surface Faults Dataset\Spallings\6.MOV_20201227192101_0908.JPEG,6.MOV_20201227192101_0908.JPEG,Spallings,,0.9988,0.9976,0.0,True
C:\Users\acous\Desktop\sih2026\Railway Track Surface Faults Dataset\Spallings\6.MOV_20201227192101_0909.JPEG,6.MOV_20201227192101_0909.JPEG,Spallings,,0.9885,0.9775,0.0,True
C:\Users\acous\Desktop\sih2026\Railway Track Surface Faults Dataset\Spallings\6.MOV_20201227192101_0910.JPEG,6.MOV_20201227192101_0910.JPEG,Spallings,,0.9893,0.98,0.0,True
C:\Users\acous\Desktop\sih2026\Railway Track Surface Faults Dataset\Spallings\6.MOV_20201227192101_0911.JPEG,6.MOV_20201227192101_0911.JPEG,Spallings,,0.5053,0.1195,0.0,True
C:\Users\acous\Desktop\sih2026\Railway Track Surface Faults Dataset\Spallings\6.MOV_20201227192101_1414.JPEG,6.MOV_20201227192101_1414.JPEG,Spallings,,0.998,0.9969,0.0,True
C:\Users\acous\Desktop\sih2026\Railway Track Surface Faults Dataset\Spallings\6.MOV_20201227192101_1415.JPEG,6.MOV_20201227192101_1415.JPEG,Spallings,,0.9883,0.9801,0.0,True
C:\Users\acous\Desktop\sih2026\Railway Track Surface Faults Dataset\Spallings\6.MOV_20201227192101_1416.JPEG,6.MOV_20201227192101_1416.JPEG,Spallings,,0.9972,0.9947,0.0,True
C:\Users\acous\Desktop\sih2026\Railway Track Surface Faults Dataset\Spallings\6.MOV_20201227192101_1417.JPEG,6.MOV_20201227192101_1417.JPEG,Spallings,,0.9998,0.9996,0.0,True
C:\Users\acous\Desktop\sih2026\Railway Track Surface Faults Dataset\Spallings\6.MOV_20201227192101_1418.JPEG,6.MOV_20201227192101_1418.JPEG,Spallings,,0.9999,0.9998,0.0,True
C:\Users\acous\Desktop\sih2026\Railway Track Surface Faults Dataset\Spallings\6.MOV_20201227192101_1419.JPEG,6.MOV_20201227192101_1419.JPEG,Spallings,,0.9976,0.9957,0.0,True
C:\Users\acous\Desktop\sih2026\Railway Track Surface Faults Dataset\Spallings\6.MOV_20201227192101_1420.JPEG,6.MOV_20201227192101_1420.JPEG,Spallings,,0.9984,0.9969,0.0,True
C:\Users\acous\Desktop\sih2026\Railway Track Surface Faults Dataset\Spallings\6.MOV_20201227192101_1421.JPEG,6.MOV_20201227192101_1421.JPEG,Spallings,,0.9995,0.9992,0.0,True
C:\Users\acous\Desktop\sih2026\Railway Track Surface Faults Dataset\Spallings\6.MOV_20201227192101_1422.JPEG,6.MOV_20201227192101_1422.JPEG,Spallings,,0.996,0.9936,0.0,True
C:\Users\acous\Desktop\sih2026\Railway Track Surface Faults Dataset\Spallings\6.MOV_20201227192101_1423.JPEG,6.MOV_20201227192101_1423.JPEG,Spallings,,0.9992,0.9987,0.0,True
C:\Users\acous\Desktop\sih2026\Railway Track Surface Faults Dataset\Spallings\6.MOV_20201227192101_1424.JPEG,6.MOV_20201227192101_1424.JPEG,Spallings,,0.9923,0.9875,0.0,True
C:\Users\acous\Desktop\sih2026\Railway Track Surface Faults Dataset\Spallings\6.MOV_20201227192101_1425.JPEG,6.MOV_20201227192101_1425.JPEG,Spallings,,0.9493,0.9195,0.0,True
C:\Users\acous\Desktop\sih2026\Railway Track Surface Faults Dataset\Spallings\6.MOV_20201227192101_1576.JPEG,6.MOV_20201227192101_1576.JPEG,Spallings,,0.9752,0.9585,0.0,True
C:\Users\acous\Desktop\sih2026\Railway Track Surface Faults Dataset\Spallings\6.MOV_20201227192101_1577.JPEG,6.MOV_20201227192101_1577.JPEG,Spallings,,0.9982,0.9971,0.0,True
C:\Users\acous\Desktop\sih2026\Railway Track Surface Faults Dataset\Spallings\6.MOV_20201227192101_1578.JPEG,6.MOV_20201227192101_1578.JPEG,Spallings,,0.9983,0.9969,0.0,True
C:\Users\acous\Desktop\sih2026\Railway Track Surface Faults Dataset\Spallings\6.MOV_20201227192101_1579.JPEG,6.MOV_20201227192101_1579.JPEG,Spallings,,0.9982,0.997,0.0,True
C:\Users\acous\Desktop\sih2026\Railway Track Surface Faults Dataset\Spallings\6.MOV_20201227192101_1580.JPEG,6.MOV_20201227192101_1580.JPEG,Spallings,,0.9997,0.9995,0.0,True
C:\Users\acous\Desktop\sih2026\Railway Track Surface Faults Dataset\Spallings\6.MOV_20201227192101_1581.JPEG,6.MOV_20201227192101_1581.JPEG,Spallings,,0.7912,0.6117,0.0,True
C:\Users\acous\Desktop\sih2026\Railway Track Surface Faults Dataset\Spallings\6.MOV_20201227192101_1582.JPEG,6.MOV_20201227192101_1582.JPEG,Spallings,,0.984,0.9735,0.0,True
C:\Users\acous\Desktop\sih2026\Railway Track Surface Faults Dataset\Spallings\6.MOV_20201227192101_1776.JPEG,6.MOV_20201227192101_1776.JPEG,Spallings,,0.9974,0.9958,0.0,True
C:\Users\acous\Desktop\sih2026\Railway Track Surface Faults Dataset\Spallings\6.MOV_20201227192101_1777.JPEG,6.MOV_20201227192101_1777.JPEG,Spallings,,0.9998,0.9997,0.0,True
C:\Users\acous\Desktop\sih2026\Railway Track Surface Faults Dataset\Spallings\6.MOV_20201227192101_1778.JPEG,6.MOV_20201227192101_1778.JPEG,Spallings,,0.9999,0.9998,0.0,True
C:\Users\acous\Desktop\sih2026\Railway Track Surface Faults Dataset\Spallings\6.MOV_20201227192101_1779.JPEG,6.MOV_20201227192101_1779.JPEG,Spallings,,0.9974,0.9953,0.0,True
C:\Users\acous\Desktop\sih2026\Railway Track Surface Faults Dataset\Spallings\6.MOV_20201227192101_1780.JPEG,6.MOV_20201227192101_1780.JPEG,Spallings,,0.9982,0.9965,0.0,True
C:\Users\acous\Desktop\sih2026\Railway Track Surface Faults Dataset\Spallings\6.MOV_20201227192101_1781.JPEG,6.MOV_20201227192101_1781.JPEG,Spallings,,0.9965,0.9932,0.0,True
C:\Users\acous\Desktop\sih2026\Railway Track Surface Faults Dataset\Spallings\6.MOV_20201227192101_1782.JPEG,6.MOV_20201227192101_1782.JPEG,Spallings,,0.9769,0.9595,0.0,True
C:\Users\acous\Desktop\sih2026\Railway Track Surface Faults Dataset\Spallings\7.MOV_20201228114152_3933.JPEG,7.MOV_20201228114152_3933.JPEG,Spallings,,0.9978,0.9956,0.0,True
C:\Users\acous\Desktop\sih2026\Railway Track Surface Faults Dataset\Spallings\7.MOV_20201228114152_3934.JPEG,7.MOV_20201228114152_3934.JPEG,Spallings,,0.9999,0.9998,0.0,True
C:\Users\acous\Desktop\sih2026\Railway Track Surface Faults Dataset\Spallings\7.MOV_20201228114152_3935.JPEG,7.MOV_20201228114152_3935.JPEG,Spallings,,0.9991,0.9985,0.0,True
C:\Users\acous\Desktop\sih2026\Railway Track Surface Faults Dataset\Spallings\7.MOV_20201228114152_3936.JPEG,7.MOV_20201228114152_3936.JPEG,Spallings,,0.9988,0.9979,0.0,True
C:\Users\acous\Desktop\sih2026\Railway Track Surface Faults Dataset\Spallings\7.MOV_20201228114152_3937.JPEG,7.MOV_20201228114152_3937.JPEG,Spallings,,0.9875,0.9772,0.0,True
C:\Users\acous\Desktop\sih2026\Railway Track Surface Faults Dataset\Squats\1.MOV_20201221091849_10140.JPEG,1.MOV_20201221091849_10140.JPEG,Squats,,0.6794,0.485,0.0,True
C:\Users\acous\Desktop\sih2026\Railway Track Surface Faults Dataset\Squats\1.MOV_20201221091849_10141.JPEG,1.MOV_20201221091849_10141.JPEG,Squats,,0.5232,0.2273,0.0,True
C:\Users\acous\Desktop\sih2026\Railway Track Surface Faults Dataset\Squats\1.MOV_20201221091849_10142.JPEG,1.MOV_20201221091849_10142.JPEG,Squats,,0.8428,0.757,0.0,True
C:\Users\acous\Desktop\sih2026\Railway Track Surface Faults Dataset\Squats\1.MOV_20201221091849_10143.JPEG,1.MOV_20201221091849_10143.JPEG,Squats,,0.7425,0.5733,0.0,True
C:\Users\acous\Desktop\sih2026\Railway Track Surface Faults Dataset\Squats\1.MOV_20201221091849_10144.JPEG,1.MOV_20201221091849_10144.JPEG,Squats,,0.7098,0.5171,0.0,True
C:\Users\acous\Desktop\sih2026\Railway Track Surface Faults Dataset\Squats\1.MOV_20201221091849_2632.JPEG,1.MOV_20201221091849_2632.JPEG,Squats,,0.6468,0.3281,0.0,True
C:\Users\acous\Desktop\sih2026\Railway Track Surface Faults Dataset\Squats\1.MOV_20201221091849_2633.JPEG,1.MOV_20201221091849_2633.JPEG,Squats,,0.8786,0.7672,0.0,True
C:\Users\acous\Desktop\sih2026\Railway Track Surface Faults Dataset\Squats\1.MOV_20201221091849_2634.JPEG,1.MOV_20201221091849_2634.JPEG,Squats,,0.8199,0.6757,0.0,True
C:\Users\acous\Desktop\sih2026\Railway Track Surface Faults Dataset\Squats\1.MOV_20201221091849_2635.JPEG,1.MOV_20201221091849_2635.JPEG,Squats,,0.9115,0.8622,0.0,True
C:\Users\acous\Desktop\sih2026\Railway Track Surface Faults Dataset\Squats\1.MOV_20201221091849_2636.JPEG,1.MOV_20201221091849_2636.JPEG,Squats,,0.5546,0.2164,0.0,True
C:\Users\acous\Desktop\sih2026\Railway Track Surface Faults Dataset\Squats\1.MOV_20201221091849_4215.JPEG,1.MOV_20201221091849_4215.JPEG,Squats,,0.8198,0.6606,0.0,True
C:\Users\acous\Desktop\sih2026\Railway Track Surface Faults Dataset\Squats\1.MOV_20201221091849_4216.JPEG,1.MOV_20201221091849_4216.JPEG,Squats,,0.7096,0.4361,0.0,True
C:\Users\acous\Desktop\sih2026\Railway Track Surface Faults Dataset\Squats\1.MOV_20201221091849_4217.JPEG,1.MOV_20201221091849_4217.JPEG,Squats,,0.5606,0.1887,0.0,True
C:\Users\acous\Desktop\sih2026\Railway Track Surface Faults Dataset\Squats\1.MOV_20201221091849_4218.JPEG,1.MOV_20201221091849_4218.JPEG,Squats,,0.8588,0.7316,0.0,True
C:\Users\acous\Desktop\sih2026\Railway Track Surface Faults Dataset\Squats\1.MOV_20201221091849_4219.JPEG,1.MOV_20201221091849_4219.JPEG,Squats,,0.9314,0.8652,0.0,True
C:\Users\acous\Desktop\sih2026\Railway Track Surface Faults Dataset\Squats\1.MOV_20201221091849_4220.JPEG,1.MOV_20201221091849_4220.JPEG,Squats,,0.577,0.1854,0.0,True
C:\Users\acous\Desktop\sih2026\Railway Track Surface Faults Dataset\Squats\1.MOV_20201221091849_4626.JPEG,1.MOV_20201221091849_4626.JPEG,Squats,,0.8085,0.6265,0.0,True
C:\Users\acous\Desktop\sih2026\Railway Track Surface Faults Dataset\Squats\1.MOV_20201221091849_4627.JPEG,1.MOV_20201221091849_4627.JPEG,Squats,,0.8587,0.7178,0.0,True
C:\Users\acous\Desktop\sih2026\Railway Track Surface Faults Dataset\Squats\1.MOV_20201221091849_4628.JPEG,1.MOV_20201221091849_4628.JPEG,Squats,,0.9593,0.9192,0.0,True
C:\Users\acous\Desktop\sih2026\Railway Track Surface Faults Dataset\Squats\1.MOV_20201221091849_4893.JPEG,1.MOV_20201221091849_4893.JPEG,Squats,,0.4896,0.0608,0.0,True
C:\Users\acous\Desktop\sih2026\Railway Track Surface Faults Dataset\Squats\1.MOV_20201221091849_4894.JPEG,1.MOV_20201221091849_4894.JPEG,Squats,,0.8008,0.6671,0.0,True
C:\Users\acous\Desktop\sih2026\Railway Track Surface Faults Dataset\Squats\1.MOV_20201221091849_4895.JPEG,1.MOV_20201221091849_4895.JPEG,Squats,,0.8365,0.7494,0.0,True
C:\Users\acous\Desktop\sih2026\Railway Track Surface Faults Dataset\Squats\1.MOV_20201221091849_4896.JPEG,1.MOV_20201221091849_4896.JPEG,Squats,,0.7352,0.5035,0.0,True
C:\Users\acous\Desktop\sih2026\Railway Track Surface Faults Dataset\Squats\1.MOV_20201221091849_4897.JPEG,1.MOV_20201221091849_4897.JPEG,Squats,,0.6706,0.4339,0.0,True
C:\Users\acous\Desktop\sih2026\Railway Track Surface Faults Dataset\Squats\1.MOV_20201221091849_5312.JPEG,1.MOV_20201221091849_5312.JPEG,Squats,,0.4561,0.0767,0.0,True
C:\Users\acous\Desktop\sih2026\Railway Track Surface Faults Dataset\Squats\1.MOV_20201221091849_5313.JPEG,1.MOV_20201221091849_5313.JPEG,Squats,,0.4172,0.0896,0.0,True
C:\Users\acous\Desktop\sih2026\Railway Track Surface Faults Dataset\Squats\1.MOV_20201221091849_5314.JPEG,1.MOV_20201221091849_5314.JPEG,Squats,,0.5061,0.0732,0.0,True
C:\Users\acous\Desktop\sih2026\Railway Track Surface Faults Dataset\Squats\1.MOV_20201221091849_5315.JPEG,1.MOV_20201221091849_5315.JPEG,Squats,,0.6413,0.3356,0.0,True
C:\Users\acous\Desktop\sih2026\Railway Track Surface Faults Dataset\Squats\1.MOV_20201221091849_5316.JPEG,1.MOV_20201221091849_5316.JPEG,Squats,,0.9168,0.8579,0.0,True
C:\Users\acous\Desktop\sih2026\Railway Track Surface Faults Dataset\Squats\1.MOV_20201221091849_5317.JPEG,1.MOV_20201221091849_5317.JPEG,Squats,,0.964,0.9328,0.0,True
C:\Users\acous\Desktop\sih2026\Railway Track Surface Faults Dataset\Squats\1.MOV_20201221091849_5318.JPEG,1.MOV_20201221091849_5318.JPEG,Squats,,0.924,0.854,0.0,True
C:\Users\acous\Desktop\sih2026\Railway Track Surface Faults Dataset\Squats\1.MOV_20201221091849_5319.JPEG,1.MOV_20201221091849_5319.JPEG,Squats,,0.8077,0.6213,0.0,True
C:\Users\acous\Desktop\sih2026\Railway Track Surface Faults Dataset\Squats\1.MOV_20201221091849_5320.JPEG,1.MOV_20201221091849_5320.JPEG,Squats,,0.8063,0.6197,0.0,True
C:\Users\acous\Desktop\sih2026\Railway Track Surface Faults Dataset\Squats\1.MOV_20201221091849_5628.JPEG,1.MOV_20201221091849_5628.JPEG,Squats,,0.5212,0.0441,0.0,True
C:\Users\acous\Desktop\sih2026\Railway Track Surface Faults Dataset\Squats\1.MOV_20201221091849_5629.JPEG,1.MOV_20201221091849_5629.JPEG,Squats,,0.5991,0.201,0.0,True
C:\Users\acous\Desktop\sih2026\Railway Track Surface Faults Dataset\Squats\1.MOV_20201221091849_5630.JPEG,1.MOV_20201221091849_5630.JPEG,Squats,,0.919,0.8383,0.0,True
C:\Users\acous\Desktop\sih2026\Railway Track Surface Faults Dataset\Squats\1.MOV_20201221091849_5631.JPEG,1.MOV_20201221091849_5631.JPEG,Squats,,0.9579,0.9161,0.0,True
C:\Users\acous\Desktop\sih2026\Railway Track Surface Faults Dataset\Squats\1.MOV_20201221091849_5632.JPEG,1.MOV_20201221091849_5632.JPEG,Squats,,0.9487,0.8975,0.0,True
C:\Users\acous\Desktop\sih2026\Railway Track Surface Faults Dataset\Squats\1.MOV_20201221091849_5633.JPEG,1.MOV_20201221091849_5633.JPEG,Squats,,0.8374,0.6753,0.0,True
C:\Users\acous\Desktop\sih2026\Railway Track Surface Faults Dataset\Squats\1.MOV_20201221091849_5634.JPEG,1.MOV_20201221091849_5634.JPEG,Squats,,0.8793,0.7589,0.0,True
C:\Users\acous\Desktop\sih2026\Railway Track Surface Faults Dataset\Squats\1.MOV_20201221091849_6323.JPEG,1.MOV_20201221091849_6323.JPEG,Squats,,0.8935,0.7911,0.0,True
C:\Users\acous\Desktop\sih2026\Railway Track Surface Faults Dataset\Squats\1.MOV_20201221091849_6324.JPEG,1.MOV_20201221091849_6324.JPEG,Squats,,0.9299,0.8649,0.0,True
C:\Users\acous\Desktop\sih2026\Railway Track Surface Faults Dataset\Squats\1.MOV_20201221091849_6325.JPEG,1.MOV_20201221091849_6325.JPEG,Squats,,0.5166,0.0424,0.0,True
C:\Users\acous\Desktop\sih2026\Railway Track Surface Faults Dataset\Squats\1.MOV_20201221091849_6326.JPEG,1.MOV_20201221091849_6326.JPEG,Squats,,0.5236,0.0581,0.0,True
C:\Users\acous\Desktop\sih2026\Railway Track Surface Faults Dataset\Squats\1.MOV_20201221091849_6327.JPEG,1.MOV_20201221091849_6327.JPEG,Squats,,0.6365,0.3354,0.0,True
C:\Users\acous\Desktop\sih2026\Railway Track Surface Faults Dataset\Squats\1.MOV_20201221091849_6328.JPEG,1.MOV_20201221091849_6328.JPEG,Squats,,0.5535,0.1565,0.0,True
C:\Users\acous\Desktop\sih2026\Railway Track Surface Faults Dataset\Squats\1.MOV_20201221091849_6329.JPEG,1.MOV_20201221091849_6329.JPEG,Squats,,0.7456,0.5307,0.0,True
C:\Users\acous\Desktop\sih2026\Railway Track Surface Faults Dataset\Squats\1.MOV_20201221091849_6330.JPEG,1.MOV_20201221091849_6330.JPEG,Squats,,0.6233,0.3802,0.0,True
C:\Users\acous\Desktop\sih2026\Railway Track Surface Faults Dataset\Squats\1.MOV_20201221091849_6331.JPEG,1.MOV_20201221091849_6331.JPEG,Squats,,0.6931,0.4445,0.0,True
C:\Users\acous\Desktop\sih2026\Railway Track Surface Faults Dataset\Squats\1.MOV_20201221091849_6332.JPEG,1.MOV_20201221091849_6332.JPEG,Squats,,0.7878,0.6093,0.0,True
C:\Users\acous\Desktop\sih2026\Railway Track Surface Faults Dataset\Squats\1.MOV_20201221091849_6671.JPEG,1.MOV_20201221091849_6671.JPEG,Squats,,0.8298,0.6626,0.0,True
C:\Users\acous\Desktop\sih2026\Railway Track Surface Faults Dataset\Squats\1.MOV_20201221091849_6672.JPEG,1.MOV_20201221091849_6672.JPEG,Squats,,0.9096,0.8202,0.0,True
C:\Users\acous\Desktop\sih2026\Railway Track Surface Faults Dataset\Squats\1.MOV_20201221091849_6673.JPEG,1.MOV_20201221091849_6673.JPEG,Squats,,0.8234,0.6636,0.0,True
C:\Users\acous\Desktop\sih2026\Railway Track Surface Faults Dataset\Squats\1.MOV_20201221091849_6674.JPEG,1.MOV_20201221091849_6674.JPEG,Squats,,0.5936,0.2036,0.0,True
C:\Users\acous\Desktop\sih2026\Railway Track Surface Faults Dataset\Squats\1.MOV_20201221091849_6675.JPEG,1.MOV_20201221091849_6675.JPEG,Squats,,0.9118,0.848,0.0,True
C:\Users\acous\Desktop\sih2026\Railway Track Surface Faults Dataset\Squats\1.MOV_20201221091849_6854.JPEG,1.MOV_20201221091849_6854.JPEG,Squats,,0.8374,0.6754,0.0,True
C:\Users\acous\Desktop\sih2026\Railway Track Surface Faults Dataset\Squats\1.MOV_20201221091849_6855.JPEG,1.MOV_20201221091849_6855.JPEG,Squats,,0.9109,0.8221,0.0,True
C:\Users\acous\Desktop\sih2026\Railway Track Surface Faults Dataset\Squats\1.MOV_20201221091849_6856.JPEG,1.MOV_20201221091849_6856.JPEG,Squats,,0.861,0.7225,0.0,True
C:\Users\acous\Desktop\sih2026\Railway Track Surface Faults Dataset\Squats\1.MOV_20201221091849_6857.JPEG,1.MOV_20201221091849_6857.JPEG,Squats,,0.7048,0.4098,0.0,True
C:\Users\acous\Desktop\sih2026\Railway Track Surface Faults Dataset\Squats\1.MOV_20201221091849_6899.JPEG,1.MOV_20201221091849_6899.JPEG,Squats,,0.6238,0.2606,0.0,True
C:\Users\acous\Desktop\sih2026\Railway Track Surface Faults Dataset\Squats\1.MOV_20201221091849_6900.JPEG,1.MOV_20201221091849_6900.JPEG,Squats,,0.6743,0.3797,0.0,True
C:\Users\acous\Desktop\sih2026\Railway Track Surface Faults Dataset\Squats\1.MOV_20201221091849_6901.JPEG,1.MOV_20201221091849_6901.JPEG,Squats,,0.6887,0.3829,0.0,True
C:\Users\acous\Desktop\sih2026\Railway Track Surface Faults Dataset\Squats\1.MOV_20201221091849_6902.JPEG,1.MOV_20201221091849_6902.JPEG,Squats,,0.5052,0.0135,0.0,True
C:\Users\acous\Desktop\sih2026\Railway Track Surface Faults Dataset\Squats\1.MOV_20201221091849_6914.JPEG,1.MOV_20201221091849_6914.JPEG,Squats,,0.9964,0.9929,0.0,True
C:\Users\acous\Desktop\sih2026\Railway Track Surface Faults Dataset\Squats\1.MOV_20201221091849_6915.JPEG,1.MOV_20201221091849_6915.JPEG,Squats,,0.8449,0.6906,0.0,True
C:\Users\acous\Desktop\sih2026\Railway Track Surface Faults Dataset\Squats\1.MOV_20201221091849_6916.JPEG,1.MOV_20201221091849_6916.JPEG,Squats,,0.8552,0.7117,0.0,True
C:\Users\acous\Desktop\sih2026\Railway Track Surface Faults Dataset\Squats\1.MOV_20201221091849_6917.JPEG,1.MOV_20201221091849_6917.JPEG,Squats,,0.9549,0.9132,0.0,True
C:\Users\acous\Desktop\sih2026\Railway Track Surface Faults Dataset\Squats\1.MOV_20201221091849_6985.JPEG,1.MOV_20201221091849_6985.JPEG,Squats,,0.5192,0.0474,0.0,True
C:\Users\acous\Desktop\sih2026\Railway Track Surface Faults Dataset\Squats\1.MOV_20201221091849_6986.JPEG,1.MOV_20201221091849_6986.JPEG,Squats,,0.6378,0.2845,0.0,True
C:\Users\acous\Desktop\sih2026\Railway Track Surface Faults Dataset\Squats\1.MOV_20201221091849_6987.JPEG,1.MOV_20201221091849_6987.JPEG,Squats,,0.5486,0.1305,0.0,True
C:\Users\acous\Desktop\sih2026\Railway Track Surface Faults Dataset\Squats\1.MOV_20201221091849_6988.JPEG,1.MOV_20201221091849_6988.JPEG,Squats,,0.5913,0.1884,0.0,True
C:\Users\acous\Desktop\sih2026\Railway Track Surface Faults Dataset\Squats\1.MOV_20201221091849_7312.JPEG,1.MOV_20201221091849_7312.JPEG,Squats,,0.6429,0.2883,0.0,True
C:\Users\acous\Desktop\sih2026\Railway Track Surface Faults Dataset\Squats\1.MOV_20201221091849_7313.JPEG,1.MOV_20201221091849_7313.JPEG,Squats,,0.6314,0.2676,0.0,True
C:\Users\acous\Desktop\sih2026\Railway Track Surface Faults Dataset\Squats\1.MOV_20201221091849_7314.JPEG,1.MOV_20201221091849_7314.JPEG,Squats,,0.6984,0.3987,0.0,True
C:\Users\acous\Desktop\sih2026\Railway Track Surface Faults Dataset\Squats\1.MOV_20201221091849_7315.JPEG,1.MOV_20201221091849_7315.JPEG,Squats,,0.9294,0.8599,0.0,True
C:\Users\acous\Desktop\sih2026\Railway Track Surface Faults Dataset\Squats\1.MOV_20201221091849_7342.JPEG,1.MOV_20201221091849_7342.JPEG,Squats,,0.9313,0.863,0.0,True
C:\Users\acous\Desktop\sih2026\Railway Track Surface Faults Dataset\Squats\1.MOV_20201221091849_7343.JPEG,1.MOV_20201221091849_7343.JPEG,Squats,,0.5841,0.1683,0.0,True
C:\Users\acous\Desktop\sih2026\Railway Track Surface Faults Dataset\Squats\1.MOV_20201221091849_7344.JPEG,1.MOV_20201221091849_7344.JPEG,Squats,,0.9456,0.8914,0.0,True
C:\Users\acous\Desktop\sih2026\Railway Track Surface Faults Dataset\Squats\1.MOV_20201221091849_7345.JPEG,1.MOV_20201221091849_7345.JPEG,Squats,,0.9904,0.9809,0.0,True
C:\Users\acous\Desktop\sih2026\Railway Track Surface Faults Dataset\Squats\1.MOV_20201221091849_7346.JPEG,1.MOV_20201221091849_7346.JPEG,Squats,,0.9449,0.891,0.0,True
C:\Users\acous\Desktop\sih2026\Railway Track Surface Faults Dataset\Squats\1.MOV_20201221091849_7347.JPEG,1.MOV_20201221091849_7347.JPEG,Squats,,0.8491,0.699,0.0,True
C:\Users\acous\Desktop\sih2026\Railway Track Surface Faults Dataset\Squats\1.MOV_20201221091849_7498.JPEG,1.MOV_20201221091849_7498.JPEG,Squats,,0.6221,0.2483,0.0,True
C:\Users\acous\Desktop\sih2026\Railway Track Surface Faults Dataset\Squats\1.MOV_20201221091849_7499.JPEG,1.MOV_20201221091849_7499.JPEG,Squats,,0.9632,0.9288,0.0,True
C:\Users\acous\Desktop\sih2026\Railway Track Surface Faults Dataset\Squats\1.MOV_20201221091849_7500.JPEG,1.MOV_20201221091849_7500.JPEG,Squats,,0.9902,0.9806,0.0,True
C:\Users\acous\Desktop\sih2026\Railway Track Surface Faults Dataset\Squats\1.MOV_20201221091849_7501.JPEG,1.MOV_20201221091849_7501.JPEG,Squats,,0.9775,0.955,0.0,True
C:\Users\acous\Desktop\sih2026\Railway Track Surface Faults Dataset\Squats\1.MOV_20201221091849_7502.JPEG,1.MOV_20201221091849_7502.JPEG,Squats,,0.9314,0.8639,0.0,True
C:\Users\acous\Desktop\sih2026\Railway Track Surface Faults Dataset\Squats\1.MOV_20201221091849_7503.JPEG,1.MOV_20201221091849_7503.JPEG,Squats,,0.8104,0.6241,0.0,True
C:\Users\acous\Desktop\sih2026\Railway Track Surface Faults Dataset\Squats\1.MOV_20201221091849_7504.JPEG,1.MOV_20201221091849_7504.JPEG,Squats,,0.8325,0.6661,0.0,True
C:\Users\acous\Desktop\sih2026\Railway Track Surface Faults Dataset\Squats\1.MOV_20201221091849_7589.JPEG,1.MOV_20201221091849_7589.JPEG,Squats,,0.5992,0.2007,0.0,True
C:\Users\acous\Desktop\sih2026\Railway Track Surface Faults Dataset\Squats\1.MOV_20201221091849_7590.JPEG,1.MOV_20201221091849_7590.JPEG,Squats,,0.5723,0.1548,0.0,True
C:\Users\acous\Desktop\sih2026\Railway Track Surface Faults Dataset\Squats\1.MOV_20201221091849_7591.JPEG,1.MOV_20201221091849_7591.JPEG,Squats,,0.7198,0.4406,0.0,True
C:\Users\acous\Desktop\sih2026\Railway Track Surface Faults Dataset\Squats\1.MOV_20201221091849_7592.JPEG,1.MOV_20201221091849_7592.JPEG,Squats,,0.572,0.1442,0.0,True
C:\Users\acous\Desktop\sih2026\Railway Track Surface Faults Dataset\Squats\1.MOV_20201221091849_7593.JPEG,1.MOV_20201221091849_7593.JPEG,Squats,,0.7047,0.4124,0.0,True
C:\Users\acous\Desktop\sih2026\Railway Track Surface Faults Dataset\Squats\1.MOV_20201221091849_7645.JPEG,1.MOV_20201221091849_7645.JPEG,Squats,,0.9433,0.8901,0.0,True
C:\Users\acous\Desktop\sih2026\Railway Track Surface Faults Dataset\Squats\1.MOV_20201221091849_7646.JPEG,1.MOV_20201221091849_7646.JPEG,Squats,,0.9829,0.967,0.0,True
C:\Users\acous\Desktop\sih2026\Railway Track Surface Faults Dataset\Squats\1.MOV_20201221091849_7647.JPEG,1.MOV_20201221091849_7647.JPEG,Squats,,0.9812,0.9629,0.0,True
C:\Users\acous\Desktop\sih2026\Railway Track Surface Faults Dataset\Squats\1.MOV_20201221091849_7648.JPEG,1.MOV_20201221091849_7648.JPEG,Squats,,0.9668,0.934,0.0,True
C:\Users\acous\Desktop\sih2026\Railway Track Surface Faults Dataset\Squats\1.MOV_20201221091849_7649.JPEG,1.MOV_20201221091849_7649.JPEG,Squats,,0.961,0.9239,0.0,True
C:\Users\acous\Desktop\sih2026\Railway Track Surface Faults Dataset\Squats\1.MOV_20201221091849_7794.JPEG,1.MOV_20201221091849_7794.JPEG,Squats,,0.9835,0.9695,0.0,True
C:\Users\acous\Desktop\sih2026\Railway Track Surface Faults Dataset\Squats\1.MOV_20201221091849_7795.JPEG,1.MOV_20201221091849_7795.JPEG,Squats,,0.9838,0.9685,0.0,True
C:\Users\acous\Desktop\sih2026\Railway Track Surface Faults Dataset\Squats\1.MOV_20201221091849_7796.JPEG,1.MOV_20201221091849_7796.JPEG,Squats,,0.9966,0.9933,0.0,True
C:\Users\acous\Desktop\sih2026\Railway Track Surface Faults Dataset\Squats\1.MOV_20201221091849_7797.JPEG,1.MOV_20201221091849_7797.JPEG,Squats,,0.9821,0.9647,0.0,True
C:\Users\acous\Desktop\sih2026\Railway Track Surface Faults Dataset\Squats\1.MOV_20201221091849_7798.JPEG,1.MOV_20201221091849_7798.JPEG,Squats,,0.5282,0.0666,0.0,True
C:\Users\acous\Desktop\sih2026\Railway Track Surface Faults Dataset\Squats\1.MOV_20201221091849_7913.JPEG,1.MOV_20201221091849_7913.JPEG,Squats,,0.7411,0.487,0.0,True
C:\Users\acous\Desktop\sih2026\Railway Track Surface Faults Dataset\Squats\1.MOV_20201221091849_7914.JPEG,1.MOV_20201221091849_7914.JPEG,Squats,,0.8838,0.7698,0.0,True
C:\Users\acous\Desktop\sih2026\Railway Track Surface Faults Dataset\Squats\1.MOV_20201221091849_7915.JPEG,1.MOV_20201221091849_7915.JPEG,Squats,,0.9855,0.9759,0.0,True
C:\Users\acous\Desktop\sih2026\Railway Track Surface Faults Dataset\Squats\1.MOV_20201221091849_7916.JPEG,1.MOV_20201221091849_7916.JPEG,Squats,,0.989,0.9787,0.0,True
C:\Users\acous\Desktop\sih2026\Railway Track Surface Faults Dataset\Squats\1.MOV_20201221091849_7917.JPEG,1.MOV_20201221091849_7917.JPEG,Squats,,0.9584,0.923,0.0,True
C:\Users\acous\Desktop\sih2026\Railway Track Surface Faults Dataset\Squats\1.MOV_20201221091849_7918.JPEG,1.MOV_20201221091849_7918.JPEG,Squats,,0.5271,0.2367,0.0,True
C:\Users\acous\Desktop\sih2026\Railway Track Surface Faults Dataset\Squats\1.MOV_20201221091849_7979.JPEG,1.MOV_20201221091849_7979.JPEG,Squats,,0.9994,0.999,0.0,True
C:\Users\acous\Desktop\sih2026\Railway Track Surface Faults Dataset\Squats\1.MOV_20201221091849_7980.JPEG,1.MOV_20201221091849_7980.JPEG,Squats,,0.9999,0.9998,0.0,True
C:\Users\acous\Desktop\sih2026\Railway Track Surface Faults Dataset\Squats\1.MOV_20201221091849_7981.JPEG,1.MOV_20201221091849_7981.JPEG,Squats,,0.9976,0.9953,0.0,True
C:\Users\acous\Desktop\sih2026\Railway Track Surface Faults Dataset\Squats\1.MOV_20201221091849_7982.JPEG,1.MOV_20201221091849_7982.JPEG,Squats,,0.9945,0.9896,0.0,True
C:\Users\acous\Desktop\sih2026\Railway Track Surface Faults Dataset\Squats\1.MOV_20201221091849_7983.JPEG,1.MOV_20201221091849_7983.JPEG,Squats,,0.981,0.9629,0.0,True
C:\Users\acous\Desktop\sih2026\Railway Track Surface Faults Dataset\Squats\1.MOV_20201221091849_7984.JPEG,1.MOV_20201221091849_7984.JPEG,Squats,,0.9513,0.9037,0.0,True
C:\Users\acous\Desktop\sih2026\Railway Track Surface Faults Dataset\Squats\1.MOV_20201221091849_8010.JPEG,1.MOV_20201221091849_8010.JPEG,Squats,,0.9984,0.9968,0.0,True
C:\Users\acous\Desktop\sih2026\Railway Track Surface Faults Dataset\Squats\1.MOV_20201221091849_8011.JPEG,1.MOV_20201221091849_8011.JPEG,Squats,,0.9993,0.9987,0.0,True
C:\Users\acous\Desktop\sih2026\Railway Track Surface Faults Dataset\Squats\1.MOV_20201221091849_8012.JPEG,1.MOV_20201221091849_8012.JPEG,Squats,,0.9833,0.9668,0.0,True
C:\Users\acous\Desktop\sih2026\Railway Track Surface Faults Dataset\Squats\1.MOV_20201221091849_8013.JPEG,1.MOV_20201221091849_8013.JPEG,Squats,,0.9829,0.9659,0.0,True
C:\Users\acous\Desktop\sih2026\Railway Track Surface Faults Dataset\Squats\1.MOV_20201221091849_8014.JPEG,1.MOV_20201221091849_8014.JPEG,Squats,,0.9675,0.9367,0.0,True
C:\Users\acous\Desktop\sih2026\Railway Track Surface Faults Dataset\Squats\1.MOV_20201221091849_8015.JPEG,1.MOV_20201221091849_8015.JPEG,Squats,,0.6917,0.3869,0.0,True
C:\Users\acous\Desktop\sih2026\Railway Track Surface Faults Dataset\Squats\1.MOV_20201221091849_8102.JPEG,1.MOV_20201221091849_8102.JPEG,Squats,,0.6439,0.3099,0.0,True
C:\Users\acous\Desktop\sih2026\Railway Track Surface Faults Dataset\Squats\1.MOV_20201221091849_8103.JPEG,1.MOV_20201221091849_8103.JPEG,Squats,,0.7099,0.4235,0.0,True
C:\Users\acous\Desktop\sih2026\Railway Track Surface Faults Dataset\Squats\1.MOV_20201221091849_8104.JPEG,1.MOV_20201221091849_8104.JPEG,Squats,,0.9235,0.8517,0.0,True
C:\Users\acous\Desktop\sih2026\Railway Track Surface Faults Dataset\Squats\1.MOV_20201221091849_8105.JPEG,1.MOV_20201221091849_8105.JPEG,Squats,,0.9622,0.9391,0.0,True
C:\Users\acous\Desktop\sih2026\Railway Track Surface Faults Dataset\Squats\1.MOV_20201221091849_8106.JPEG,1.MOV_20201221091849_8106.JPEG,Squats,,0.9804,0.9613,0.0,True
C:\Users\acous\Desktop\sih2026\Railway Track Surface Faults Dataset\Squats\1.MOV_20201221091849_8107.JPEG,1.MOV_20201221091849_8107.JPEG,Squats,,0.99,0.9805,0.0,True
C:\Users\acous\Desktop\sih2026\Railway Track Surface Faults Dataset\Squats\1.MOV_20201221091849_8108.JPEG,1.MOV_20201221091849_8108.JPEG,Squats,,0.9965,0.9932,0.0,True
C:\Users\acous\Desktop\sih2026\Railway Track Surface Faults Dataset\Squats\1.MOV_20201221091849_8109.JPEG,1.MOV_20201221091849_8109.JPEG,Squats,,0.9916,0.9839,0.0,True
C:\Users\acous\Desktop\sih2026\Railway Track Surface Faults Dataset\Squats\1.MOV_20201221091849_8188.JPEG,1.MOV_20201221091849_8188.JPEG,Squats,,0.9439,0.8911,0.0,True
C:\Users\acous\Desktop\sih2026\Railway Track Surface Faults Dataset\Squats\1.MOV_20201221091849_8189.JPEG,1.MOV_20201221091849_8189.JPEG,Squats,,0.8745,0.8116,0.0,True
C:\Users\acous\Desktop\sih2026\Railway Track Surface Faults Dataset\Squats\1.MOV_20201221091849_8190.JPEG,1.MOV_20201221091849_8190.JPEG,Squats,,0.8814,0.8001,0.0,True
C:\Users\acous\Desktop\sih2026\Railway Track Surface Faults Dataset\Squats\1.MOV_20201221091849_8191.JPEG,1.MOV_20201221091849_8191.JPEG,Squats,,0.9401,0.9064,0.0,True
C:\Users\acous\Desktop\sih2026\Railway Track Surface Faults Dataset\Squats\1.MOV_20201221091849_8192.JPEG,1.MOV_20201221091849_8192.JPEG,Squats,,0.9118,0.8806,0.0,True
C:\Users\acous\Desktop\sih2026\Railway Track Surface Faults Dataset\Squats\1.MOV_20201221091849_8193.JPEG,1.MOV_20201221091849_8193.JPEG,Squats,,0.8443,0.7187,0.0,True
C:\Users\acous\Desktop\sih2026\Railway Track Surface Faults Dataset\Squats\1.MOV_20201221091849_8194-GI6khr.JPEG,1.MOV_20201221091849_8194-GI6khr.JPEG,Squats,,0.8697,0.7636,0.0,True
C:\Users\acous\Desktop\sih2026\Railway Track Surface Faults Dataset\Squats\1.MOV_20201221091849_8194.JPEG,1.MOV_20201221091849_8194.JPEG,Squats,,0.8697,0.7636,0.0,True
C:\Users\acous\Desktop\sih2026\Railway Track Surface Faults Dataset\Squats\1.MOV_20201221091849_8387-49TCA6.JPEG,1.MOV_20201221091849_8387-49TCA6.JPEG,Squats,,0.9992,0.9985,0.0,True
C:\Users\acous\Desktop\sih2026\Railway Track Surface Faults Dataset\Squats\1.MOV_20201221091849_8387.JPEG,1.MOV_20201221091849_8387.JPEG,Squats,,0.9992,0.9985,0.0,True
C:\Users\acous\Desktop\sih2026\Railway Track Surface Faults Dataset\Squats\1.MOV_20201221091849_8388.JPEG,1.MOV_20201221091849_8388.JPEG,Squats,,0.999,0.9984,0.0,True
C:\Users\acous\Desktop\sih2026\Railway Track Surface Faults Dataset\Squats\1.MOV_20201221091849_8389.JPEG,1.MOV_20201221091849_8389.JPEG,Squats,,0.9998,0.9996,0.0,True
C:\Users\acous\Desktop\sih2026\Railway Track Surface Faults Dataset\Squats\1.MOV_20201221091849_8390.JPEG,1.MOV_20201221091849_8390.JPEG,Squats,,0.9999,0.9999,0.0,True
C:\Users\acous\Desktop\sih2026\Railway Track Surface Faults Dataset\Squats\1.MOV_20201221091849_8391.JPEG,1.MOV_20201221091849_8391.JPEG,Squats,,0.9998,0.9997,0.0,True
C:\Users\acous\Desktop\sih2026\Railway Track Surface Faults Dataset\Squats\1.MOV_20201221091849_8392.JPEG,1.MOV_20201221091849_8392.JPEG,Squats,,0.9999,0.9998,0.0,True
C:\Users\acous\Desktop\sih2026\Railway Track Surface Faults Dataset\Squats\1.MOV_20201221091849_8393.JPEG,1.MOV_20201221091849_8393.JPEG,Squats,,0.9925,0.9864,0.0,True
C:\Users\acous\Desktop\sih2026\Railway Track Surface Faults Dataset\Squats\1.MOV_20201221091849_8394.JPEG,1.MOV_20201221091849_8394.JPEG,Squats,,0.9913,0.9838,0.0,True
C:\Users\acous\Desktop\sih2026\Railway Track Surface Faults Dataset\Squats\1.MOV_20201221091849_8395.JPEG,1.MOV_20201221091849_8395.JPEG,Squats,,0.9162,0.8532,0.0,True
C:\Users\acous\Desktop\sih2026\Railway Track Surface Faults Dataset\Squats\1.MOV_20201221091849_8396.JPEG,1.MOV_20201221091849_8396.JPEG,Squats,,0.9781,0.9582,0.0,True
C:\Users\acous\Desktop\sih2026\Railway Track Surface Faults Dataset\Squats\1.MOV_20201221091849_8397.JPEG,1.MOV_20201221091849_8397.JPEG,Squats,,0.9893,0.9795,0.0,True
C:\Users\acous\Desktop\sih2026\Railway Track Surface Faults Dataset\Squats\1.MOV_20201221091849_8398.JPEG,1.MOV_20201221091849_8398.JPEG,Squats,,0.9965,0.9942,0.0,True
C:\Users\acous\Desktop\sih2026\Railway Track Surface Faults Dataset\Squats\1.MOV_20201221091849_8399.JPEG,1.MOV_20201221091849_8399.JPEG,Squats,,0.9694,0.9399,0.0,True
C:\Users\acous\Desktop\sih2026\Railway Track Surface Faults Dataset\Squats\1.MOV_20201221091849_8400.JPEG,1.MOV_20201221091849_8400.JPEG,Squats,,0.9208,0.87,0.0,True
C:\Users\acous\Desktop\sih2026\Railway Track Surface Faults Dataset\Squats\1.MOV_20201221091849_8422.JPEG,1.MOV_20201221091849_8422.JPEG,Squats,,0.9577,0.92,0.0,True
C:\Users\acous\Desktop\sih2026\Railway Track Surface Faults Dataset\Squats\1.MOV_20201221091849_8423.JPEG,1.MOV_20201221091849_8423.JPEG,Squats,,0.9951,0.9925,0.0,True
C:\Users\acous\Desktop\sih2026\Railway Track Surface Faults Dataset\Squats\1.MOV_20201221091849_8424.JPEG,1.MOV_20201221091849_8424.JPEG,Squats,,0.9718,0.9582,0.0,True
C:\Users\acous\Desktop\sih2026\Railway Track Surface Faults Dataset\Squats\1.MOV_20201221091849_8425.JPEG,1.MOV_20201221091849_8425.JPEG,Squats,,0.938,0.9032,0.0,True
C:\Users\acous\Desktop\sih2026\Railway Track Surface Faults Dataset\Squats\1.MOV_20201221091849_8426.JPEG,1.MOV_20201221091849_8426.JPEG,Squats,,0.8077,0.6824,0.0,True
C:\Users\acous\Desktop\sih2026\Railway Track Surface Faults Dataset\Squats\1.MOV_20201221091849_8427.JPEG,1.MOV_20201221091849_8427.JPEG,Squats,,0.6749,0.3549,0.0,True
C:\Users\acous\Desktop\sih2026\Railway Track Surface Faults Dataset\Squats\1.MOV_20201221091849_8428.JPEG,1.MOV_20201221091849_8428.JPEG,Squats,,0.7781,0.57,0.0,True
C:\Users\acous\Desktop\sih2026\Railway Track Surface Faults Dataset\Squats\1.MOV_20201221091849_8429.JPEG,1.MOV_20201221091849_8429.JPEG,Squats,,0.893,0.7863,0.0,True
C:\Users\acous\Desktop\sih2026\Railway Track Surface Faults Dataset\Squats\1.MOV_20201221091849_8430.JPEG,1.MOV_20201221091849_8430.JPEG,Squats,,0.8129,0.6287,0.0,True
C:\Users\acous\Desktop\sih2026\Railway Track Surface Faults Dataset\Squats\1.MOV_20201221091849_8458.JPEG,1.MOV_20201221091849_8458.JPEG,Squats,,0.923,0.8526,0.0,True
C:\Users\acous\Desktop\sih2026\Railway Track Surface Faults Dataset\Squats\1.MOV_20201221091849_8459.JPEG,1.MOV_20201221091849_8459.JPEG,Squats,,0.9771,0.9546,0.0,True
C:\Users\acous\Desktop\sih2026\Railway Track Surface Faults Dataset\Squats\1.MOV_20201221091849_8460.JPEG,1.MOV_20201221091849_8460.JPEG,Squats,,0.9916,0.9836,0.0,True
C:\Users\acous\Desktop\sih2026\Railway Track Surface Faults Dataset\Squats\1.MOV_20201221091849_8461.JPEG,1.MOV_20201221091849_8461.JPEG,Squats,,0.9928,0.9857,0.0,True
C:\Users\acous\Desktop\sih2026\Railway Track Surface Faults Dataset\Squats\1.MOV_20201221091849_8462.JPEG,1.MOV_20201221091849_8462.JPEG,Squats,,0.9837,0.9705,0.0,True
C:\Users\acous\Desktop\sih2026\Railway Track Surface Faults Dataset\Squats\1.MOV_20201221091849_8463.JPEG,1.MOV_20201221091849_8463.JPEG,Squats,,0.9843,0.9696,0.0,True
C:\Users\acous\Desktop\sih2026\Railway Track Surface Faults Dataset\Squats\1.MOV_20201221091849_8464.JPEG,1.MOV_20201221091849_8464.JPEG,Squats,,0.9835,0.9678,0.0,True
C:\Users\acous\Desktop\sih2026\Railway Track Surface Faults Dataset\Squats\1.MOV_20201221091849_8465.JPEG,1.MOV_20201221091849_8465.JPEG,Squats,,0.9629,0.9271,0.0,True
C:\Users\acous\Desktop\sih2026\Railway Track Surface Faults Dataset\Squats\1.MOV_20201221091849_8466.JPEG,1.MOV_20201221091849_8466.JPEG,Squats,,0.9793,0.9597,0.0,True
C:\Users\acous\Desktop\sih2026\Railway Track Surface Faults Dataset\Squats\1.MOV_20201221091849_8467.JPEG,1.MOV_20201221091849_8467.JPEG,Squats,,0.9937,0.9876,0.0,True
C:\Users\acous\Desktop\sih2026\Railway Track Surface Faults Dataset\Squats\1.MOV_20201221091849_8583.JPEG,1.MOV_20201221091849_8583.JPEG,Squats,,0.9888,0.9818,0.0,True
C:\Users\acous\Desktop\sih2026\Railway Track Surface Faults Dataset\Squats\1.MOV_20201221091849_8584.JPEG,1.MOV_20201221091849_8584.JPEG,Squats,,0.8152,0.6333,0.0,True
C:\Users\acous\Desktop\sih2026\Railway Track Surface Faults Dataset\Squats\1.MOV_20201221091849_8585.JPEG,1.MOV_20201221091849_8585.JPEG,Squats,,0.9895,0.9842,0.0,True
C:\Users\acous\Desktop\sih2026\Railway Track Surface Faults Dataset\Squats\1.MOV_20201221091849_8586.JPEG,1.MOV_20201221091849_8586.JPEG,Squats,,0.9866,0.9741,0.0,True
C:\Users\acous\Desktop\sih2026\Railway Track Surface Faults Dataset\Squats\1.MOV_20201221091849_8587.JPEG,1.MOV_20201221091849_8587.JPEG,Squats,,0.9769,0.9593,0.0,True
C:\Users\acous\Desktop\sih2026\Railway Track Surface Faults Dataset\Squats\1.MOV_20201221091849_8588.JPEG,1.MOV_20201221091849_8588.JPEG,Squats,,0.9967,0.994,0.0,True
C:\Users\acous\Desktop\sih2026\Railway Track Surface Faults Dataset\Squats\1.MOV_20201221091849_8589.JPEG,1.MOV_20201221091849_8589.JPEG,Squats,,0.9954,0.9909,0.0,True
C:\Users\acous\Desktop\sih2026\Railway Track Surface Faults Dataset\Squats\1.MOV_20201221091849_8638.JPEG,1.MOV_20201221091849_8638.JPEG,Squats,,0.9841,0.9721,0.0,True
C:\Users\acous\Desktop\sih2026\Railway Track Surface Faults Dataset\Squats\1.MOV_20201221091849_8639.JPEG,1.MOV_20201221091849_8639.JPEG,Squats,,0.9923,0.9849,0.0,True
C:\Users\acous\Desktop\sih2026\Railway Track Surface Faults Dataset\Squats\1.MOV_20201221091849_8640.JPEG,1.MOV_20201221091849_8640.JPEG,Squats,,0.9988,0.9976,0.0,True
C:\Users\acous\Desktop\sih2026\Railway Track Surface Faults Dataset\Squats\1.MOV_20201221091849_8641.JPEG,1.MOV_20201221091849_8641.JPEG,Squats,,0.9948,0.9896,0.0,True
C:\Users\acous\Desktop\sih2026\Railway Track Surface Faults Dataset\Squats\1.MOV_20201221091849_8642.JPEG,1.MOV_20201221091849_8642.JPEG,Squats,,0.9893,0.9786,0.0,True
C:\Users\acous\Desktop\sih2026\Railway Track Surface Faults Dataset\Squats\1.MOV_20201221091849_8653.JPEG,1.MOV_20201221091849_8653.JPEG,Squats,,0.9956,0.9916,0.0,True
C:\Users\acous\Desktop\sih2026\Railway Track Surface Faults Dataset\Squats\1.MOV_20201221091849_8654.JPEG,1.MOV_20201221091849_8654.JPEG,Squats,,0.9906,0.9817,0.0,True
C:\Users\acous\Desktop\sih2026\Railway Track Surface Faults Dataset\Squats\1.MOV_20201221091849_8655.JPEG,1.MOV_20201221091849_8655.JPEG,Squats,,0.9872,0.975,0.0,True
C:\Users\acous\Desktop\sih2026\Railway Track Surface Faults Dataset\Squats\1.MOV_20201221091849_8656.JPEG,1.MOV_20201221091849_8656.JPEG,Squats,,0.9529,0.9088,0.0,True
C:\Users\acous\Desktop\sih2026\Railway Track Surface Faults Dataset\Squats\1.MOV_20201221091849_8657.JPEG,1.MOV_20201221091849_8657.JPEG,Squats,,0.9786,0.9577,0.0,True
C:\Users\acous\Desktop\sih2026\Railway Track Surface Faults Dataset\Squats\1.MOV_20201221091849_8658.JPEG,1.MOV_20201221091849_8658.JPEG,Squats,,0.9457,0.8933,0.0,True
C:\Users\acous\Desktop\sih2026\Railway Track Surface Faults Dataset\Squats\1.MOV_20201221091849_8659.JPEG,1.MOV_20201221091849_8659.JPEG,Squats,,0.9891,0.9797,0.0,True
C:\Users\acous\Desktop\sih2026\Railway Track Surface Faults Dataset\Squats\1.MOV_20201221091849_8660.JPEG,1.MOV_20201221091849_8660.JPEG,Squats,,0.8215,0.6469,0.0,True
C:\Users\acous\Desktop\sih2026\Railway Track Surface Faults Dataset\Squats\1.MOV_20201221091849_8661.JPEG,1.MOV_20201221091849_8661.JPEG,Squats,,0.6424,0.2854,0.0,True
C:\Users\acous\Desktop\sih2026\Railway Track Surface Faults Dataset\Squats\1.MOV_20201221091849_8662.JPEG,1.MOV_20201221091849_8662.JPEG,Squats,,0.9016,0.8036,0.0,True
C:\Users\acous\Desktop\sih2026\Railway Track Surface Faults Dataset\Squats\1.MOV_20201221091849_8663.JPEG,1.MOV_20201221091849_8663.JPEG,Squats,,0.7276,0.4566,0.0,True
C:\Users\acous\Desktop\sih2026\Railway Track Surface Faults Dataset\Squats\1.MOV_20201221091849_8664.JPEG,1.MOV_20201221091849_8664.JPEG,Squats,,0.8016,0.6053,0.0,True
C:\Users\acous\Desktop\sih2026\Railway Track Surface Faults Dataset\Squats\1.MOV_20201221091849_8695.JPEG,1.MOV_20201221091849_8695.JPEG,Squats,,0.9752,0.9597,0.0,True
C:\Users\acous\Desktop\sih2026\Railway Track Surface Faults Dataset\Squats\1.MOV_20201221091849_8696.JPEG,1.MOV_20201221091849_8696.JPEG,Squats,,0.94,0.8882,0.0,True
C:\Users\acous\Desktop\sih2026\Railway Track Surface Faults Dataset\Squats\1.MOV_20201221091849_8697.JPEG,1.MOV_20201221091849_8697.JPEG,Squats,,0.9219,0.8509,0.0,True
C:\Users\acous\Desktop\sih2026\Railway Track Surface Faults Dataset\Squats\1.MOV_20201221091849_8698.JPEG,1.MOV_20201221091849_8698.JPEG,Squats,,0.9794,0.9628,0.0,True
C:\Users\acous\Desktop\sih2026\Railway Track Surface Faults Dataset\Squats\1.MOV_20201221091849_8699.JPEG,1.MOV_20201221091849_8699.JPEG,Squats,,0.9551,0.9109,0.0,True
C:\Users\acous\Desktop\sih2026\Railway Track Surface Faults Dataset\Squats\1.MOV_20201221091849_8700.JPEG,1.MOV_20201221091849_8700.JPEG,Squats,,0.7104,0.4211,0.0,True
C:\Users\acous\Desktop\sih2026\Railway Track Surface Faults Dataset\Squats\1.MOV_20201221091849_8701.JPEG,1.MOV_20201221091849_8701.JPEG,Squats,,0.6375,0.2755,0.0,True
C:\Users\acous\Desktop\sih2026\Railway Track Surface Faults Dataset\Squats\1.MOV_20201221091849_8736.JPEG,1.MOV_20201221091849_8736.JPEG,Squats,,0.7259,0.4629,0.0,True
C:\Users\acous\Desktop\sih2026\Railway Track Surface Faults Dataset\Squats\1.MOV_20201221091849_8737.JPEG,1.MOV_20201221091849_8737.JPEG,Squats,,0.9853,0.9772,0.0,True
C:\Users\acous\Desktop\sih2026\Railway Track Surface Faults Dataset\Squats\1.MOV_20201221091849_8738.JPEG,1.MOV_20201221091849_8738.JPEG,Squats,,0.975,0.9542,0.0,True
C:\Users\acous\Desktop\sih2026\Railway Track Surface Faults Dataset\Squats\1.MOV_20201221091849_8739.JPEG,1.MOV_20201221091849_8739.JPEG,Squats,,0.9462,0.9003,0.0,True
C:\Users\acous\Desktop\sih2026\Railway Track Surface Faults Dataset\Squats\1.MOV_20201221091849_8740.JPEG,1.MOV_20201221091849_8740.JPEG,Squats,,0.9685,0.9379,0.0,True
C:\Users\acous\Desktop\sih2026\Railway Track Surface Faults Dataset\Squats\1.MOV_20201221091849_8741.JPEG,1.MOV_20201221091849_8741.JPEG,Squats,,0.9755,0.9518,0.0,True
C:\Users\acous\Desktop\sih2026\Railway Track Surface Faults Dataset\Squats\1.MOV_20201221091849_8919.JPEG,1.MOV_20201221091849_8919.JPEG,Squats,,0.7758,0.6337,0.0,True
C:\Users\acous\Desktop\sih2026\Railway Track Surface Faults Dataset\Squats\1.MOV_20201221091849_8920.JPEG,1.MOV_20201221091849_8920.JPEG,Squats,,0.9709,0.9527,0.0,True
C:\Users\acous\Desktop\sih2026\Railway Track Surface Faults Dataset\Squats\1.MOV_20201221091849_8921.JPEG,1.MOV_20201221091849_8921.JPEG,Squats,,0.9868,0.9765,0.0,True
C:\Users\acous\Desktop\sih2026\Railway Track Surface Faults Dataset\Squats\1.MOV_20201221091849_8922.JPEG,1.MOV_20201221091849_8922.JPEG,Squats,,0.8815,0.8141,0.0,True
C:\Users\acous\Desktop\sih2026\Railway Track Surface Faults Dataset\Squats\1.MOV_20201221091849_8923.JPEG,1.MOV_20201221091849_8923.JPEG,Squats,,0.8526,0.7316,0.0,True
C:\Users\acous\Desktop\sih2026\Railway Track Surface Faults Dataset\Squats\1.MOV_20201221091849_8924.JPEG,1.MOV_20201221091849_8924.JPEG,Squats,,0.9054,0.8356,0.0,True
C:\Users\acous\Desktop\sih2026\Railway Track Surface Faults Dataset\Squats\1.MOV_20201221091849_8925.JPEG,1.MOV_20201221091849_8925.JPEG,Squats,,0.7911,0.614,0.0,True
C:\Users\acous\Desktop\sih2026\Railway Track Surface Faults Dataset\Squats\1.MOV_20201221091849_8926.JPEG,1.MOV_20201221091849_8926.JPEG,Squats,,0.5278,0.217,0.0,True
C:\Users\acous\Desktop\sih2026\Railway Track Surface Faults Dataset\Squats\1.MOV_20201221091849_8927.JPEG,1.MOV_20201221091849_8927.JPEG,Squats,,0.497,0.0657,0.0,True
C:\Users\acous\Desktop\sih2026\Railway Track Surface Faults Dataset\Squats\1.MOV_20201221091849_8966.JPEG,1.MOV_20201221091849_8966.JPEG,Squats,,0.9562,0.9153,0.0,True
C:\Users\acous\Desktop\sih2026\Railway Track Surface Faults Dataset\Squats\1.MOV_20201221091849_8967.JPEG,1.MOV_20201221091849_8967.JPEG,Squats,,0.9777,0.9653,0.0,True
C:\Users\acous\Desktop\sih2026\Railway Track Surface Faults Dataset\Squats\1.MOV_20201221091849_8968.JPEG,1.MOV_20201221091849_8968.JPEG,Squats,,0.9982,0.9965,0.0,True
C:\Users\acous\Desktop\sih2026\Railway Track Surface Faults Dataset\Squats\1.MOV_20201221091849_8969.JPEG,1.MOV_20201221091849_8969.JPEG,Squats,,0.9974,0.9949,0.0,True
C:\Users\acous\Desktop\sih2026\Railway Track Surface Faults Dataset\Squats\1.MOV_20201221091849_8970.JPEG,1.MOV_20201221091849_8970.JPEG,Squats,,0.9986,0.9978,0.0,True
C:\Users\acous\Desktop\sih2026\Railway Track Surface Faults Dataset\Squats\1.MOV_20201221091849_8971.JPEG,1.MOV_20201221091849_8971.JPEG,Squats,,0.9893,0.98,0.0,True
C:\Users\acous\Desktop\sih2026\Railway Track Surface Faults Dataset\Squats\1.MOV_20201221091849_8972.JPEG,1.MOV_20201221091849_8972.JPEG,Squats,,0.9786,0.9584,0.0,True
C:\Users\acous\Desktop\sih2026\Railway Track Surface Faults Dataset\Squats\1.MOV_20201221091849_8973.JPEG,1.MOV_20201221091849_8973.JPEG,Squats,,0.8053,0.6894,0.0,True
C:\Users\acous\Desktop\sih2026\Railway Track Surface Faults Dataset\Squats\1.MOV_20201221091849_9214.JPEG,1.MOV_20201221091849_9214.JPEG,Squats,,0.99,0.98,0.0,True
C:\Users\acous\Desktop\sih2026\Railway Track Surface Faults Dataset\Squats\1.MOV_20201221091849_9215.JPEG,1.MOV_20201221091849_9215.JPEG,Squats,,0.9165,0.8333,0.0,True
C:\Users\acous\Desktop\sih2026\Railway Track Surface Faults Dataset\Squats\1.MOV_20201221091849_9216.JPEG,1.MOV_20201221091849_9216.JPEG,Squats,,0.6947,0.4264,0.0,True
C:\Users\acous\Desktop\sih2026\Railway Track Surface Faults Dataset\Squats\1.MOV_20201221091849_9217.JPEG,1.MOV_20201221091849_9217.JPEG,Squats,,0.6399,0.3318,0.0,True
C:\Users\acous\Desktop\sih2026\Railway Track Surface Faults Dataset\Squats\1.MOV_20201221091849_9218.JPEG,1.MOV_20201221091849_9218.JPEG,Squats,,0.9829,0.9665,0.0,True
C:\Users\acous\Desktop\sih2026\Railway Track Surface Faults Dataset\Squats\1.MOV_20201221091849_9342.JPEG,1.MOV_20201221091849_9342.JPEG,Squats,,0.8661,0.7465,0.0,True
C:\Users\acous\Desktop\sih2026\Railway Track Surface Faults Dataset\Squats\1.MOV_20201221091849_9343.JPEG,1.MOV_20201221091849_9343.JPEG,Squats,,0.9375,0.8851,0.0,True
C:\Users\acous\Desktop\sih2026\Railway Track Surface Faults Dataset\Squats\1.MOV_20201221091849_9344.JPEG,1.MOV_20201221091849_9344.JPEG,Squats,,0.9816,0.964,0.0,True
C:\Users\acous\Desktop\sih2026\Railway Track Surface Faults Dataset\Squats\1.MOV_20201221091849_9345.JPEG,1.MOV_20201221091849_9345.JPEG,Squats,,0.9652,0.9386,0.0,True
C:\Users\acous\Desktop\sih2026\Railway Track Surface Faults Dataset\Squats\1.MOV_20201221091849_9555.JPEG,1.MOV_20201221091849_9555.JPEG,Squats,,0.9615,0.9261,0.0,True
C:\Users\acous\Desktop\sih2026\Railway Track Surface Faults Dataset\Squats\1.MOV_20201221091849_9556.JPEG,1.MOV_20201221091849_9556.JPEG,Squats,,0.9946,0.9898,0.0,True
C:\Users\acous\Desktop\sih2026\Railway Track Surface Faults Dataset\Squats\1.MOV_20201221091849_9557.JPEG,1.MOV_20201221091849_9557.JPEG,Squats,,0.9985,0.9971,0.0,True
C:\Users\acous\Desktop\sih2026\Railway Track Surface Faults Dataset\Squats\1.MOV_20201221091849_9558.JPEG,1.MOV_20201221091849_9558.JPEG,Squats,,0.993,0.9862,0.0,True
C:\Users\acous\Desktop\sih2026\Railway Track Surface Faults Dataset\Squats\1.MOV_20201221091849_9559.JPEG,1.MOV_20201221091849_9559.JPEG,Squats,,0.8424,0.7009,0.0,True
C:\Users\acous\Desktop\sih2026\Railway Track Surface Faults Dataset\Squats\1.MOV_20201221091849_9867.JPEG,1.MOV_20201221091849_9867.JPEG,Squats,,0.9902,0.9825,0.0,True
C:\Users\acous\Desktop\sih2026\Railway Track Surface Faults Dataset\Squats\1.MOV_20201221091849_9868.JPEG,1.MOV_20201221091849_9868.JPEG,Squats,,0.9974,0.9949,0.0,True
C:\Users\acous\Desktop\sih2026\Railway Track Surface Faults Dataset\Squats\1.MOV_20201221091849_9869.JPEG,1.MOV_20201221091849_9869.JPEG,Squats,,0.9989,0.9978,0.0,True
C:\Users\acous\Desktop\sih2026\Railway Track Surface Faults Dataset\Squats\1.MOV_20201221091849_9870.JPEG,1.MOV_20201221091849_9870.JPEG,Squats,,0.9656,0.9315,0.0,True
C:\Users\acous\Desktop\sih2026\Railway Track Surface Faults Dataset\Squats\1.MOV_20201221091849_9871.JPEG,1.MOV_20201221091849_9871.JPEG,Squats,,0.5767,0.1558,0.0,True
C:\Users\acous\Desktop\sih2026\Railway Track Surface Faults Dataset\Squats\3.MOV_20201221130147_0648.JPEG,3.MOV_20201221130147_0648.JPEG,Squats,,0.8409,0.6915,0.0,True
C:\Users\acous\Desktop\sih2026\Railway Track Surface Faults Dataset\Squats\3.MOV_20201221130147_0649.JPEG,3.MOV_20201221130147_0649.JPEG,Squats,,0.8585,0.7606,0.0,True
C:\Users\acous\Desktop\sih2026\Railway Track Surface Faults Dataset\Squats\3.MOV_20201221130147_0650.JPEG,3.MOV_20201221130147_0650.JPEG,Squats,,0.9003,0.8067,0.0,True
C:\Users\acous\Desktop\sih2026\Railway Track Surface Faults Dataset\Squats\3.MOV_20201221130147_0651.JPEG,3.MOV_20201221130147_0651.JPEG,Squats,,0.7944,0.6082,0.0,True
C:\Users\acous\Desktop\sih2026\Railway Track Surface Faults Dataset\Squats\3.MOV_20201221130147_0652.JPEG,3.MOV_20201221130147_0652.JPEG,Squats,,0.7896,0.5959,0.0,True
C:\Users\acous\Desktop\sih2026\Railway Track Surface Faults Dataset\Squats\3.MOV_20201221130147_0653.JPEG,3.MOV_20201221130147_0653.JPEG,Squats,,0.605,0.2143,0.0,True
C:\Users\acous\Desktop\sih2026\Railway Track Surface Faults Dataset\Squats\3.MOV_20201221130147_0823.JPEG,3.MOV_20201221130147_0823.JPEG,Squats,,0.6605,0.3221,0.0,True
C:\Users\acous\Desktop\sih2026\Railway Track Surface Faults Dataset\Squats\3.MOV_20201221130147_0824.JPEG,3.MOV_20201221130147_0824.JPEG,Squats,,0.6324,0.2711,0.0,True
C:\Users\acous\Desktop\sih2026\Railway Track Surface Faults Dataset\Squats\3.MOV_20201221130147_0825.JPEG,3.MOV_20201221130147_0825.JPEG,Squats,,0.7999,0.6322,0.0,True
C:\Users\acous\Desktop\sih2026\Railway Track Surface Faults Dataset\Squats\3.MOV_20201221130147_0826.JPEG,3.MOV_20201221130147_0826.JPEG,Squats,,0.6,0.2793,0.0,True
C:\Users\acous\Desktop\sih2026\Railway Track Surface Faults Dataset\Squats\3.MOV_20201221130147_0827.JPEG,3.MOV_20201221130147_0827.JPEG,Squats,,0.518,0.0526,0.0,True
C:\Users\acous\Desktop\sih2026\Railway Track Surface Faults Dataset\Squats\3.MOV_20201221130147_0994.JPEG,3.MOV_20201221130147_0994.JPEG,Squats,,0.6829,0.3673,0.0,True
C:\Users\acous\Desktop\sih2026\Railway Track Surface Faults Dataset\Squats\3.MOV_20201221130147_0995.JPEG,3.MOV_20201221130147_0995.JPEG,Squats,,0.6061,0.2127,0.0,True
C:\Users\acous\Desktop\sih2026\Railway Track Surface Faults Dataset\Squats\3.MOV_20201221130147_0996.JPEG,3.MOV_20201221130147_0996.JPEG,Squats,,0.8186,0.6373,0.0,True
C:\Users\acous\Desktop\sih2026\Railway Track Surface Faults Dataset\Squats\3.MOV_20201221130147_0997.JPEG,3.MOV_20201221130147_0997.JPEG,Squats,,0.7386,0.4775,0.0,True
C:\Users\acous\Desktop\sih2026\Railway Track Surface Faults Dataset\Squats\3.MOV_20201221130147_0998.JPEG,3.MOV_20201221130147_0998.JPEG,Squats,,0.7677,0.5498,0.0,True
C:\Users\acous\Desktop\sih2026\Railway Track Surface Faults Dataset\Squats\3.MOV_20201221130147_0999.JPEG,3.MOV_20201221130147_0999.JPEG,Squats,,0.55,0.104,0.0,True
C:\Users\acous\Desktop\sih2026\Railway Track Surface Faults Dataset\Squats\3.MOV_20201221130147_1000.JPEG,3.MOV_20201221130147_1000.JPEG,Squats,,0.7916,0.5844,0.0,True
C:\Users\acous\Desktop\sih2026\Railway Track Surface Faults Dataset\Squats\3.MOV_20201221130147_1065.JPEG,3.MOV_20201221130147_1065.JPEG,Squats,,0.6891,0.3808,0.0,True
C:\Users\acous\Desktop\sih2026\Railway Track Surface Faults Dataset\Squats\3.MOV_20201221130147_1066.JPEG,3.MOV_20201221130147_1066.JPEG,Squats,,0.7481,0.4991,0.0,True
C:\Users\acous\Desktop\sih2026\Railway Track Surface Faults Dataset\Squats\3.MOV_20201221130147_1067.JPEG,3.MOV_20201221130147_1067.JPEG,Squats,,0.5767,0.1548,0.0,True
C:\Users\acous\Desktop\sih2026\Railway Track Surface Faults Dataset\Squats\3.MOV_20201221130147_1068.JPEG,3.MOV_20201221130147_1068.JPEG,Squats,,0.692,0.3856,0.0,True
C:\Users\acous\Desktop\sih2026\Railway Track Surface Faults Dataset\Squats\3.MOV_20201221130147_1069.JPEG,3.MOV_20201221130147_1069.JPEG,Squats,,0.5446,0.0902,0.0,True
C:\Users\acous\Desktop\sih2026\Railway Track Surface Faults Dataset\Squats\3.MOV_20201221130147_1270.JPEG,3.MOV_20201221130147_1270.JPEG,Squats,,0.4799,0.0188,0.0,True
C:\Users\acous\Desktop\sih2026\Railway Track Surface Faults Dataset\Squats\3.MOV_20201221130147_1271.JPEG,3.MOV_20201221130147_1271.JPEG,Squats,,0.9563,0.9176,0.0,True
C:\Users\acous\Desktop\sih2026\Railway Track Surface Faults Dataset\Squats\3.MOV_20201221130147_1272.JPEG,3.MOV_20201221130147_1272.JPEG,Squats,,0.9332,0.8818,0.0,True
C:\Users\acous\Desktop\sih2026\Railway Track Surface Faults Dataset\Squats\3.MOV_20201221130147_1273.JPEG,3.MOV_20201221130147_1273.JPEG,Squats,,0.8528,0.7587,0.0,True
C:\Users\acous\Desktop\sih2026\Railway Track Surface Faults Dataset\Squats\3.MOV_20201221130147_1274.JPEG,3.MOV_20201221130147_1274.JPEG,Squats,,0.6796,0.4007,0.0,True
C:\Users\acous\Desktop\sih2026\Railway Track Surface Faults Dataset\Squats\3.MOV_20201221130147_1275.JPEG,3.MOV_20201221130147_1275.JPEG,Squats,,0.5368,0.138,0.0,True
C:\Users\acous\Desktop\sih2026\Railway Track Surface Faults Dataset\Squats\3.MOV_20201221130147_1576.JPEG,3.MOV_20201221130147_1576.JPEG,Squats,,0.6574,0.3169,0.0,True
C:\Users\acous\Desktop\sih2026\Railway Track Surface Faults Dataset\Squats\3.MOV_20201221130147_1577.JPEG,3.MOV_20201221130147_1577.JPEG,Squats,,0.5112,0.0248,0.0,True
C:\Users\acous\Desktop\sih2026\Railway Track Surface Faults Dataset\Squats\3.MOV_20201221130147_1578.JPEG,3.MOV_20201221130147_1578.JPEG,Squats,,0.6197,0.2453,0.0,True
C:\Users\acous\Desktop\sih2026\Railway Track Surface Faults Dataset\Squats\3.MOV_20201221130147_1579.JPEG,3.MOV_20201221130147_1579.JPEG,Squats,,0.9047,0.8126,0.0,True
C:\Users\acous\Desktop\sih2026\Railway Track Surface Faults Dataset\Squats\3.MOV_20201221130147_1771.JPEG,3.MOV_20201221130147_1771.JPEG,Squats,,0.8718,0.7442,0.0,True
C:\Users\acous\Desktop\sih2026\Railway Track Surface Faults Dataset\Squats\3.MOV_20201221130147_1772.JPEG,3.MOV_20201221130147_1772.JPEG,Squats,,0.977,0.9563,0.0,True
C:\Users\acous\Desktop\sih2026\Railway Track Surface Faults Dataset\Squats\3.MOV_20201221130147_1773.JPEG,3.MOV_20201221130147_1773.JPEG,Squats,,0.8972,0.795,0.0,True
C:\Users\acous\Desktop\sih2026\Railway Track Surface Faults Dataset\Squats\3.MOV_20201221130147_1863.JPEG,3.MOV_20201221130147_1863.JPEG,Squats,,0.9886,0.9781,0.0,True
C:\Users\acous\Desktop\sih2026\Railway Track Surface Faults Dataset\Squats\3.MOV_20201221130147_1864.JPEG,3.MOV_20201221130147_1864.JPEG,Squats,,0.9979,0.9966,0.0,True
C:\Users\acous\Desktop\sih2026\Railway Track Surface Faults Dataset\Squats\3.MOV_20201221130147_1865.JPEG,3.MOV_20201221130147_1865.JPEG,Squats,,0.9935,0.9875,0.0,True
C:\Users\acous\Desktop\sih2026\Railway Track Surface Faults Dataset\Squats\3.MOV_20201221130147_1866.JPEG,3.MOV_20201221130147_1866.JPEG,Squats,,0.9916,0.9872,0.0,True
C:\Users\acous\Desktop\sih2026\Railway Track Surface Faults Dataset\Squats\3.MOV_20201221130147_2045.JPEG,3.MOV_20201221130147_2045.JPEG,Squats,,0.5337,0.0748,0.0,True
C:\Users\acous\Desktop\sih2026\Railway Track Surface Faults Dataset\Squats\3.MOV_20201221130147_2046.JPEG,3.MOV_20201221130147_2046.JPEG,Squats,,0.8824,0.7668,0.0,True
C:\Users\acous\Desktop\sih2026\Railway Track Surface Faults Dataset\Squats\3.MOV_20201221130147_2047.JPEG,3.MOV_20201221130147_2047.JPEG,Squats,,0.9882,0.9773,0.0,True
C:\Users\acous\Desktop\sih2026\Railway Track Surface Faults Dataset\Squats\3.MOV_20201221130147_2048.JPEG,3.MOV_20201221130147_2048.JPEG,Squats,,0.856,0.7141,0.0,True
C:\Users\acous\Desktop\sih2026\Railway Track Surface Faults Dataset\Squats\3.MOV_20201221130147_2152.JPEG,3.MOV_20201221130147_2152.JPEG,Squats,,0.5931,0.3808,0.0,True
C:\Users\acous\Desktop\sih2026\Railway Track Surface Faults Dataset\Squats\3.MOV_20201221130147_2153.JPEG,3.MOV_20201221130147_2153.JPEG,Squats,,0.8558,0.7163,0.0,True
C:\Users\acous\Desktop\sih2026\Railway Track Surface Faults Dataset\Squats\3.MOV_20201221130147_2154.JPEG,3.MOV_20201221130147_2154.JPEG,Squats,,0.9175,0.8431,0.0,True
C:\Users\acous\Desktop\sih2026\Railway Track Surface Faults Dataset\Squats\3.MOV_20201221130147_2155.JPEG,3.MOV_20201221130147_2155.JPEG,Squats,,0.8071,0.6573,0.0,True
C:\Users\acous\Desktop\sih2026\Railway Track Surface Faults Dataset\Squats\3.MOV_20201221130147_2156.JPEG,3.MOV_20201221130147_2156.JPEG,Squats,,0.458,0.0257,0.0,True
C:\Users\acous\Desktop\sih2026\Railway Track Surface Faults Dataset\Squats\3.MOV_20201221130147_2182.JPEG,3.MOV_20201221130147_2182.JPEG,Squats,,0.5169,0.0549,0.0,True
C:\Users\acous\Desktop\sih2026\Railway Track Surface Faults Dataset\Squats\3.MOV_20201221130147_2183.JPEG,3.MOV_20201221130147_2183.JPEG,Squats,,0.7721,0.5577,0.0,True
C:\Users\acous\Desktop\sih2026\Railway Track Surface Faults Dataset\Squats\3.MOV_20201221130147_2184.JPEG,3.MOV_20201221130147_2184.JPEG,Squats,,0.9373,0.8841,0.0,True
C:\Users\acous\Desktop\sih2026\Railway Track Surface Faults Dataset\Squats\3.MOV_20201221130147_2185.JPEG,3.MOV_20201221130147_2185.JPEG,Squats,,0.9853,0.9721,0.0,True
C:\Users\acous\Desktop\sih2026\Railway Track Surface Faults Dataset\Squats\3.MOV_20201221130147_2186.JPEG,3.MOV_20201221130147_2186.JPEG,Squats,,0.629,0.3362,0.0,True
C:\Users\acous\Desktop\sih2026\Railway Track Surface Faults Dataset\Squats\3.MOV_20201221130147_2282.JPEG,3.MOV_20201221130147_2282.JPEG,Squats,,0.6523,0.3047,0.0,True
C:\Users\acous\Desktop\sih2026\Railway Track Surface Faults Dataset\Squats\3.MOV_20201221130147_2283.JPEG,3.MOV_20201221130147_2283.JPEG,Squats,,0.7251,0.4542,0.0,True
C:\Users\acous\Desktop\sih2026\Railway Track Surface Faults Dataset\Squats\3.MOV_20201221130147_2284.JPEG,3.MOV_20201221130147_2284.JPEG,Squats,,0.6467,0.356,0.0,True
C:\Users\acous\Desktop\sih2026\Railway Track Surface Faults Dataset\Squats\3.MOV_20201221130147_2285.JPEG,3.MOV_20201221130147_2285.JPEG,Squats,,0.5067,0.0785,0.0,True
C:\Users\acous\Desktop\sih2026\Railway Track Surface Faults Dataset\Squats\3.MOV_20201221130147_2286.JPEG,3.MOV_20201221130147_2286.JPEG,Squats,,0.8612,0.7443,0.0,True
C:\Users\acous\Desktop\sih2026\Railway Track Surface Faults Dataset\Squats\3.MOV_20201221130147_2322.JPEG,3.MOV_20201221130147_2322.JPEG,Squats,,0.6006,0.2554,0.0,True
C:\Users\acous\Desktop\sih2026\Railway Track Surface Faults Dataset\Squats\3.MOV_20201221130147_2323.JPEG,3.MOV_20201221130147_2323.JPEG,Squats,,0.9368,0.8766,0.0,True
C:\Users\acous\Desktop\sih2026\Railway Track Surface Faults Dataset\Squats\3.MOV_20201221130147_2324.JPEG,3.MOV_20201221130147_2324.JPEG,Squats,,0.9725,0.9487,0.0,True
C:\Users\acous\Desktop\sih2026\Railway Track Surface Faults Dataset\Squats\3.MOV_20201221130147_2325.JPEG,3.MOV_20201221130147_2325.JPEG,Squats,,0.8809,0.8072,0.0,True
C:\Users\acous\Desktop\sih2026\Railway Track Surface Faults Dataset\Squats\3.MOV_20201221130147_2346.JPEG,3.MOV_20201221130147_2346.JPEG,Squats,,0.7683,0.5519,0.0,True
C:\Users\acous\Desktop\sih2026\Railway Track Surface Faults Dataset\Squats\3.MOV_20201221130147_2347.JPEG,3.MOV_20201221130147_2347.JPEG,Squats,,0.8518,0.7269,0.0,True
C:\Users\acous\Desktop\sih2026\Railway Track Surface Faults Dataset\Squats\3.MOV_20201221130147_2348.JPEG,3.MOV_20201221130147_2348.JPEG,Squats,,0.5743,0.221,0.0,True
C:\Users\acous\Desktop\sih2026\Railway Track Surface Faults Dataset\Squats\3.MOV_20201221130147_2349.JPEG,3.MOV_20201221130147_2349.JPEG,Squats,,0.6134,0.3053,0.0,True
C:\Users\acous\Desktop\sih2026\Railway Track Surface Faults Dataset\Squats\3.MOV_20201221130147_2359.JPEG,3.MOV_20201221130147_2359.JPEG,Squats,,0.5481,0.1843,0.0,True
C:\Users\acous\Desktop\sih2026\Railway Track Surface Faults Dataset\Squats\3.MOV_20201221130147_2360.JPEG,3.MOV_20201221130147_2360.JPEG,Squats,,0.9412,0.8864,0.0,True
C:\Users\acous\Desktop\sih2026\Railway Track Surface Faults Dataset\Squats\3.MOV_20201221130147_2361.JPEG,3.MOV_20201221130147_2361.JPEG,Squats,,0.962,0.9411,0.0,True
C:\Users\acous\Desktop\sih2026\Railway Track Surface Faults Dataset\Squats\3.MOV_20201221130147_2362.JPEG,3.MOV_20201221130147_2362.JPEG,Squats,,0.9946,0.9918,0.0,True
C:\Users\acous\Desktop\sih2026\Railway Track Surface Faults Dataset\Squats\3.MOV_20201221130147_2363.JPEG,3.MOV_20201221130147_2363.JPEG,Squats,,0.9826,0.9683,0.0,True
C:\Users\acous\Desktop\sih2026\Railway Track Surface Faults Dataset\Squats\3.MOV_20201221130147_2364.JPEG,3.MOV_20201221130147_2364.JPEG,Squats,,0.8833,0.7673,0.0,True
C:\Users\acous\Desktop\sih2026\Railway Track Surface Faults Dataset\Squats\3.MOV_20201221130147_2365.JPEG,3.MOV_20201221130147_2365.JPEG,Squats,,0.7677,0.5738,0.0,True
C:\Users\acous\Desktop\sih2026\Railway Track Surface Faults Dataset\Squats\3.MOV_20201221130147_2374.JPEG,3.MOV_20201221130147_2374.JPEG,Squats,,0.5602,0.3395,0.0,True
C:\Users\acous\Desktop\sih2026\Railway Track Surface Faults Dataset\Squats\3.MOV_20201221130147_2375.JPEG,3.MOV_20201221130147_2375.JPEG,Squats,,0.9897,0.9837,0.0,True
C:\Users\acous\Desktop\sih2026\Railway Track Surface Faults Dataset\Squats\3.MOV_20201221130147_2376.JPEG,3.MOV_20201221130147_2376.JPEG,Squats,,0.9954,0.9929,0.0,True
C:\Users\acous\Desktop\sih2026\Railway Track Surface Faults Dataset\Squats\3.MOV_20201221130147_2377.JPEG,3.MOV_20201221130147_2377.JPEG,Squats,,0.4979,0.0293,0.0,True
C:\Users\acous\Desktop\sih2026\Railway Track Surface Faults Dataset\Squats\3.MOV_20201221130147_2378.JPEG,3.MOV_20201221130147_2378.JPEG,Squats,,0.5292,0.1492,0.0,True
C:\Users\acous\Desktop\sih2026\Railway Track Surface Faults Dataset\Squats\3.MOV_20201221130147_2540.JPEG,3.MOV_20201221130147_2540.JPEG,Squats,,0.5087,0.0189,0.0,True
C:\Users\acous\Desktop\sih2026\Railway Track Surface Faults Dataset\Squats\3.MOV_20201221130147_2541.JPEG,3.MOV_20201221130147_2541.JPEG,Squats,,0.7159,0.4326,0.0,True
C:\Users\acous\Desktop\sih2026\Railway Track Surface Faults Dataset\Squats\3.MOV_20201221130147_2542.JPEG,3.MOV_20201221130147_2542.JPEG,Squats,,0.8203,0.6538,0.0,True
C:\Users\acous\Desktop\sih2026\Railway Track Surface Faults Dataset\Squats\3.MOV_20201221130147_2543.JPEG,3.MOV_20201221130147_2543.JPEG,Squats,,0.9592,0.9346,0.0,True
C:\Users\acous\Desktop\sih2026\Railway Track Surface Faults Dataset\Squats\3.MOV_20201221130147_2544.JPEG,3.MOV_20201221130147_2544.JPEG,Squats,,0.5804,0.1929,0.0,True
C:\Users\acous\Desktop\sih2026\Railway Track Surface Faults Dataset\Squats\3.MOV_20201221130147_2666.JPEG,3.MOV_20201221130147_2666.JPEG,Squats,,0.8852,0.7917,0.0,True
C:\Users\acous\Desktop\sih2026\Railway Track Surface Faults Dataset\Squats\3.MOV_20201221130147_2667.JPEG,3.MOV_20201221130147_2667.JPEG,Squats,,0.9593,0.9271,0.0,True
C:\Users\acous\Desktop\sih2026\Railway Track Surface Faults Dataset\Squats\3.MOV_20201221130147_2668.JPEG,3.MOV_20201221130147_2668.JPEG,Squats,,0.9206,0.8445,0.0,True
C:\Users\acous\Desktop\sih2026\Railway Track Surface Faults Dataset\Squats\3.MOV_20201221130147_2669.JPEG,3.MOV_20201221130147_2669.JPEG,Squats,,0.6894,0.3904,0.0,True
C:\Users\acous\Desktop\sih2026\Railway Track Surface Faults Dataset\Squats\3.MOV_20201221130147_2670.JPEG,3.MOV_20201221130147_2670.JPEG,Squats,,0.8866,0.7952,0.0,True
C:\Users\acous\Desktop\sih2026\Railway Track Surface Faults Dataset\Squats\3.MOV_20201221130147_2671.JPEG,3.MOV_20201221130147_2671.JPEG,Squats,,0.5003,0.0023,0.0,True
C:\Users\acous\Desktop\sih2026\Railway Track Surface Faults Dataset\Squats\3.MOV_20201221130147_2947.JPEG,3.MOV_20201221130147_2947.JPEG,Squats,,0.5394,0.1113,0.0,True
C:\Users\acous\Desktop\sih2026\Railway Track Surface Faults Dataset\Squats\3.MOV_20201221130147_2948.JPEG,3.MOV_20201221130147_2948.JPEG,Squats,,0.9778,0.9687,0.0,True
C:\Users\acous\Desktop\sih2026\Railway Track Surface Faults Dataset\Squats\3.MOV_20201221130147_2949.JPEG,3.MOV_20201221130147_2949.JPEG,Squats,,0.9748,0.9625,0.0,True
C:\Users\acous\Desktop\sih2026\Railway Track Surface Faults Dataset\Squats\3.MOV_20201221130147_2950.JPEG,3.MOV_20201221130147_2950.JPEG,Squats,,0.8447,0.7247,0.0,True
C:\Users\acous\Desktop\sih2026\Railway Track Surface Faults Dataset\Squats\3.MOV_20201221130147_3099.JPEG,3.MOV_20201221130147_3099.JPEG,Squats,,0.9996,0.9993,0.0,True
C:\Users\acous\Desktop\sih2026\Railway Track Surface Faults Dataset\Squats\3.MOV_20201221130147_3109.JPEG,3.MOV_20201221130147_3109.JPEG,Squats,,0.9164,0.8627,0.0,True
C:\Users\acous\Desktop\sih2026\Railway Track Surface Faults Dataset\Squats\3.MOV_20201221130147_3110.JPEG,3.MOV_20201221130147_3110.JPEG,Squats,,0.9561,0.9213,0.0,True
C:\Users\acous\Desktop\sih2026\Railway Track Surface Faults Dataset\Squats\3.MOV_20201221130147_3372.JPEG,3.MOV_20201221130147_3372.JPEG,Squats,,0.8871,0.7785,0.0,True
C:\Users\acous\Desktop\sih2026\Railway Track Surface Faults Dataset\Squats\3.MOV_20201221130147_3373.JPEG,3.MOV_20201221130147_3373.JPEG,Squats,,0.7949,0.5937,0.0,True
C:\Users\acous\Desktop\sih2026\Railway Track Surface Faults Dataset\Squats\3.MOV_20201221130147_3374.JPEG,3.MOV_20201221130147_3374.JPEG,Squats,,0.5032,0.0692,0.0,True
C:\Users\acous\Desktop\sih2026\Railway Track Surface Faults Dataset\Squats\4.MOV_20201222164809_0327.JPEG,4.MOV_20201222164809_0327.JPEG,Squats,,0.6209,0.293,0.0,True
C:\Users\acous\Desktop\sih2026\Railway Track Surface Faults Dataset\Squats\4.MOV_20201222164809_0328.JPEG,4.MOV_20201222164809_0328.JPEG,Squats,,0.4725,0.1952,0.0,True
C:\Users\acous\Desktop\sih2026\Railway Track Surface Faults Dataset\Squats\4.MOV_20201222164809_0329.JPEG,4.MOV_20201222164809_0329.JPEG,Squats,,0.5848,0.1824,0.0,True
C:\Users\acous\Desktop\sih2026\Railway Track Surface Faults Dataset\Squats\4.MOV_20201222164809_0330.JPEG,4.MOV_20201222164809_0330.JPEG,Squats,,0.7267,0.4597,0.0,True
C:\Users\acous\Desktop\sih2026\Railway Track Surface Faults Dataset\Squats\4.MOV_20201222164809_0331.JPEG,4.MOV_20201222164809_0331.JPEG,Squats,,0.7315,0.4665,0.0,True
C:\Users\acous\Desktop\sih2026\Railway Track Surface Faults Dataset\Squats\4.MOV_20201222164809_0332.JPEG,4.MOV_20201222164809_0332.JPEG,Squats,,0.5885,0.1798,0.0,True
C:\Users\acous\Desktop\sih2026\Railway Track Surface Faults Dataset\Squats\4.MOV_20201222164809_0333.JPEG,4.MOV_20201222164809_0333.JPEG,Squats,,0.8062,0.6201,0.0,True
C:\Users\acous\Desktop\sih2026\Railway Track Surface Faults Dataset\Squats\4.MOV_20201222164809_0334.JPEG,4.MOV_20201222164809_0334.JPEG,Squats,,0.9366,0.8803,0.0,True
C:\Users\acous\Desktop\sih2026\Railway Track Surface Faults Dataset\Squats\4.MOV_20201222164809_0562.JPEG,4.MOV_20201222164809_0562.JPEG,Squats,,0.7143,0.444,0.0,True
C:\Users\acous\Desktop\sih2026\Railway Track Surface Faults Dataset\Squats\4.MOV_20201222164809_0563.JPEG,4.MOV_20201222164809_0563.JPEG,Squats,,0.9828,0.9659,0.0,True
C:\Users\acous\Desktop\sih2026\Railway Track Surface Faults Dataset\Squats\4.MOV_20201222164809_0564.JPEG,4.MOV_20201222164809_0564.JPEG,Squats,,0.9969,0.9939,0.0,True
C:\Users\acous\Desktop\sih2026\Railway Track Surface Faults Dataset\Squats\4.MOV_20201222164809_0565.JPEG,4.MOV_20201222164809_0565.JPEG,Squats,,0.9995,0.999,0.0,True
C:\Users\acous\Desktop\sih2026\Railway Track Surface Faults Dataset\Squats\4.MOV_20201222164809_0566.JPEG,4.MOV_20201222164809_0566.JPEG,Squats,,0.9995,0.999,0.0,True
C:\Users\acous\Desktop\sih2026\Railway Track Surface Faults Dataset\Squats\4.MOV_20201222164809_0567.JPEG,4.MOV_20201222164809_0567.JPEG,Squats,,0.8856,0.7739,0.0,True
C:\Users\acous\Desktop\sih2026\Railway Track Surface Faults Dataset\Squats\4.MOV_20201222164809_0568.JPEG,4.MOV_20201222164809_0568.JPEG,Squats,,0.8831,0.7692,0.0,True
C:\Users\acous\Desktop\sih2026\Railway Track Surface Faults Dataset\Squats\4.MOV_20201222164809_0749.JPEG,4.MOV_20201222164809_0749.JPEG,Squats,,0.6898,0.3836,0.0,True
C:\Users\acous\Desktop\sih2026\Railway Track Surface Faults Dataset\Squats\4.MOV_20201222164809_0750.JPEG,4.MOV_20201222164809_0750.JPEG,Squats,,0.7893,0.588,0.0,True
C:\Users\acous\Desktop\sih2026\Railway Track Surface Faults Dataset\Squats\4.MOV_20201222164809_0751.JPEG,4.MOV_20201222164809_0751.JPEG,Squats,,0.9481,0.897,0.0,True
C:\Users\acous\Desktop\sih2026\Railway Track Surface Faults Dataset\Squats\4.MOV_20201222164809_0752.JPEG,4.MOV_20201222164809_0752.JPEG,Squats,,0.8059,0.6215,0.0,True
C:\Users\acous\Desktop\sih2026\Railway Track Surface Faults Dataset\Squats\4.MOV_20201222164809_0803.JPEG,4.MOV_20201222164809_0803.JPEG,Squats,,0.6215,0.2801,0.0,True
C:\Users\acous\Desktop\sih2026\Railway Track Surface Faults Dataset\Squats\4.MOV_20201222164809_0804.JPEG,4.MOV_20201222164809_0804.JPEG,Squats,,0.9448,0.8917,0.0,True
C:\Users\acous\Desktop\sih2026\Railway Track Surface Faults Dataset\Squats\4.MOV_20201222164809_0805.JPEG,4.MOV_20201222164809_0805.JPEG,Squats,,0.9604,0.9214,0.0,True
C:\Users\acous\Desktop\sih2026\Railway Track Surface Faults Dataset\Squats\4.MOV_20201222164809_0806.JPEG,4.MOV_20201222164809_0806.JPEG,Squats,,0.928,0.8573,0.0,True
C:\Users\acous\Desktop\sih2026\Railway Track Surface Faults Dataset\Squats\4.MOV_20201222164809_0807.JPEG,4.MOV_20201222164809_0807.JPEG,Squats,,0.9531,0.9114,0.0,True
C:\Users\acous\Desktop\sih2026\Railway Track Surface Faults Dataset\Squats\4.MOV_20201222164809_0808.JPEG,4.MOV_20201222164809_0808.JPEG,Squats,,0.5904,0.2107,0.0,True
C:\Users\acous\Desktop\sih2026\Railway Track Surface Faults Dataset\Squats\4.MOV_20201222164809_0809.JPEG,4.MOV_20201222164809_0809.JPEG,Squats,,0.7173,0.5002,0.0,True
C:\Users\acous\Desktop\sih2026\Railway Track Surface Faults Dataset\Squats\4.MOV_20201222164809_0814.JPEG,4.MOV_20201222164809_0814.JPEG,Squats,,0.4474,0.1289,0.0,True
C:\Users\acous\Desktop\sih2026\Railway Track Surface Faults Dataset\Squats\4.MOV_20201222164809_0815.JPEG,4.MOV_20201222164809_0815.JPEG,Squats,,0.4311,0.0774,0.0,True
C:\Users\acous\Desktop\sih2026\Railway Track Surface Faults Dataset\Squats\4.MOV_20201222164809_0816.JPEG,4.MOV_20201222164809_0816.JPEG,Squats,,0.5675,0.2325,0.0,True
C:\Users\acous\Desktop\sih2026\Railway Track Surface Faults Dataset\Squats\4.MOV_20201222164809_0817.JPEG,4.MOV_20201222164809_0817.JPEG,Squats,,0.7588,0.5626,0.0,True
C:\Users\acous\Desktop\sih2026\Railway Track Surface Faults Dataset\Squats\4.MOV_20201222164809_0818.JPEG,4.MOV_20201222164809_0818.JPEG,Squats,,0.6351,0.3114,0.0,True
C:\Users\acous\Desktop\sih2026\Railway Track Surface Faults Dataset\Squats\4.MOV_20201222164809_0840.JPEG,4.MOV_20201222164809_0840.JPEG,Squats,,0.677,0.3669,0.0,True
C:\Users\acous\Desktop\sih2026\Railway Track Surface Faults Dataset\Squats\4.MOV_20201222164809_0841.JPEG,4.MOV_20201222164809_0841.JPEG,Squats,,0.6987,0.4214,0.0,True
C:\Users\acous\Desktop\sih2026\Railway Track Surface Faults Dataset\Squats\4.MOV_20201222164809_0842.JPEG,4.MOV_20201222164809_0842.JPEG,Squats,,0.7877,0.6513,0.0,True
C:\Users\acous\Desktop\sih2026\Railway Track Surface Faults Dataset\Squats\4.MOV_20201222164809_0843.JPEG,4.MOV_20201222164809_0843.JPEG,Squats,,0.531,0.2147,0.0,True
C:\Users\acous\Desktop\sih2026\Railway Track Surface Faults Dataset\Squats\4.MOV_20201222164809_0844.JPEG,4.MOV_20201222164809_0844.JPEG,Squats,,0.4593,0.0994,0.0,True
C:\Users\acous\Desktop\sih2026\Railway Track Surface Faults Dataset\Squats\4.MOV_20201222164809_0845.JPEG,4.MOV_20201222164809_0845.JPEG,Squats,,0.3955,0.0514,0.0,True
C:\Users\acous\Desktop\sih2026\Railway Track Surface Faults Dataset\Squats\5.MOV_20201223130541_2095.JPEG,5.MOV_20201223130541_2095.JPEG,Squats,,0.9513,0.9061,0.0,True
C:\Users\acous\Desktop\sih2026\Railway Track Surface Faults Dataset\Squats\5.MOV_20201223130541_2096.JPEG,5.MOV_20201223130541_2096.JPEG,Squats,,0.9012,0.8034,0.0,True
C:\Users\acous\Desktop\sih2026\Railway Track Surface Faults Dataset\Squats\5.MOV_20201223130541_2097.JPEG,5.MOV_20201223130541_2097.JPEG,Squats,,0.8318,0.6667,0.0,True
C:\Users\acous\Desktop\sih2026\Railway Track Surface Faults Dataset\Squats\5.MOV_20201223130541_2098.JPEG,5.MOV_20201223130541_2098.JPEG,Squats,,0.7275,0.4964,0.0,True
C:\Users\acous\Desktop\sih2026\Railway Track Surface Faults Dataset\Squats\5.MOV_20201223130541_2099.JPEG,5.MOV_20201223130541_2099.JPEG,Squats,,0.5437,0.1316,0.0,True
C:\Users\acous\Desktop\sih2026\Railway Track Surface Faults Dataset\Squats\5.MOV_20201223130541_3557.JPEG,5.MOV_20201223130541_3557.JPEG,Squats,,0.9063,0.8248,0.0,True
C:\Users\acous\Desktop\sih2026\Railway Track Surface Faults Dataset\Squats\5.MOV_20201223130541_3558.JPEG,5.MOV_20201223130541_3558.JPEG,Squats,,0.8006,0.6062,0.0,True
C:\Users\acous\Desktop\sih2026\Railway Track Surface Faults Dataset\Squats\5.MOV_20201223130541_3559.JPEG,5.MOV_20201223130541_3559.JPEG,Squats,,0.9487,0.8978,0.0,True
C:\Users\acous\Desktop\sih2026\Railway Track Surface Faults Dataset\Squats\5.MOV_20201223130541_3560.JPEG,5.MOV_20201223130541_3560.JPEG,Squats,,0.9801,0.9602,0.0,True
C:\Users\acous\Desktop\sih2026\Railway Track Surface Faults Dataset\Squats\5.MOV_20201223130541_3583.JPEG,5.MOV_20201223130541_3583.JPEG,Squats,,0.9449,0.9134,0.0,True
C:\Users\acous\Desktop\sih2026\Railway Track Surface Faults Dataset\Squats\5.MOV_20201223130541_3584.JPEG,5.MOV_20201223130541_3584.JPEG,Squats,,0.7256,0.4628,0.0,True
C:\Users\acous\Desktop\sih2026\Railway Track Surface Faults Dataset\Squats\5.MOV_20201223130541_3585.JPEG,5.MOV_20201223130541_3585.JPEG,Squats,,0.5085,0.0258,0.0,True
C:\Users\acous\Desktop\sih2026\Railway Track Surface Faults Dataset\Squats\5.MOV_20201223130541_3586.JPEG,5.MOV_20201223130541_3586.JPEG,Squats,,0.8136,0.6274,0.0,True
C:\Users\acous\Desktop\sih2026\Railway Track Surface Faults Dataset\Squats\5.MOV_20201223130541_3587.JPEG,5.MOV_20201223130541_3587.JPEG,Squats,,0.6124,0.225,0.0,True
C:\Users\acous\Desktop\sih2026\Railway Track Surface Faults Dataset\Squats\5.MOV_20201223130541_3588.JPEG,5.MOV_20201223130541_3588.JPEG,Squats,,0.699,0.4162,0.0,True
C:\Users\acous\Desktop\sih2026\Railway Track Surface Faults Dataset\Squats\5.MOV_20201223130541_3589.JPEG,5.MOV_20201223130541_3589.JPEG,Squats,,0.6325,0.2652,0.0,True
C:\Users\acous\Desktop\sih2026\Railway Track Surface Faults Dataset\Squats\5.MOV_20201223130541_3612.JPEG,5.MOV_20201223130541_3612.JPEG,Squats,,0.9443,0.8887,0.0,True
C:\Users\acous\Desktop\sih2026\Railway Track Surface Faults Dataset\Squats\5.MOV_20201223130541_3613.JPEG,5.MOV_20201223130541_3613.JPEG,Squats,,0.936,0.872,0.0,True
C:\Users\acous\Desktop\sih2026\Railway Track Surface Faults Dataset\Squats\5.MOV_20201223130541_3614.JPEG,5.MOV_20201223130541_3614.JPEG,Squats,,0.9386,0.8788,0.0,True
C:\Users\acous\Desktop\sih2026\Railway Track Surface Faults Dataset\Squats\5.MOV_20201223130541_3615.JPEG,5.MOV_20201223130541_3615.JPEG,Squats,,0.9752,0.9507,0.0,True
C:\Users\acous\Desktop\sih2026\Railway Track Surface Faults Dataset\Squats\5.MOV_20201223130541_3616.JPEG,5.MOV_20201223130541_3616.JPEG,Squats,,0.9818,0.9642,0.0,True
C:\Users\acous\Desktop\sih2026\Railway Track Surface Faults Dataset\Squats\5.MOV_20201223130541_4614.JPEG,5.MOV_20201223130541_4614.JPEG,Squats,,0.6511,0.3904,0.0,True
C:\Users\acous\Desktop\sih2026\Railway Track Surface Faults Dataset\Squats\5.MOV_20201223130541_4615.JPEG,5.MOV_20201223130541_4615.JPEG,Squats,,0.7416,0.4892,0.0,True
C:\Users\acous\Desktop\sih2026\Railway Track Surface Faults Dataset\Squats\5.MOV_20201223130541_4616.JPEG,5.MOV_20201223130541_4616.JPEG,Squats,,0.7959,0.6531,0.0,True
C:\Users\acous\Desktop\sih2026\Railway Track Surface Faults Dataset\Squats\5.MOV_20201223130541_4617.JPEG,5.MOV_20201223130541_4617.JPEG,Squats,,0.618,0.2796,0.0,True
C:\Users\acous\Desktop\sih2026\Railway Track Surface Faults Dataset\Squats\5.MOV_20201223130541_4618.JPEG,5.MOV_20201223130541_4618.JPEG,Squats,,0.6897,0.382,0.0,True
C:\Users\acous\Desktop\sih2026\Railway Track Surface Faults Dataset\Squats\5.MOV_20201223130541_4619.JPEG,5.MOV_20201223130541_4619.JPEG,Squats,,0.5392,0.0845,0.0,True
C:\Users\acous\Desktop\sih2026\Railway Track Surface Faults Dataset\Squats\5.MOV_20201223130541_4627.JPEG,5.MOV_20201223130541_4627.JPEG,Squats,,0.8385,0.6847,0.0,True
C:\Users\acous\Desktop\sih2026\Railway Track Surface Faults Dataset\Squats\5.MOV_20201223130541_4628.JPEG,5.MOV_20201223130541_4628.JPEG,Squats,,0.8644,0.7486,0.0,True
C:\Users\acous\Desktop\sih2026\Railway Track Surface Faults Dataset\Squats\5.MOV_20201223130541_4629.JPEG,5.MOV_20201223130541_4629.JPEG,Squats,,0.9321,0.8655,0.0,True
C:\Users\acous\Desktop\sih2026\Railway Track Surface Faults Dataset\Squats\5.MOV_20201223130541_4630.JPEG,5.MOV_20201223130541_4630.JPEG,Squats,,0.8725,0.7475,0.0,True
C:\Users\acous\Desktop\sih2026\Railway Track Surface Faults Dataset\Squats\5.MOV_20201223130541_4631.JPEG,5.MOV_20201223130541_4631.JPEG,Squats,,0.5681,0.1628,0.0,True
C:\Users\acous\Desktop\sih2026\Railway Track Surface Faults Dataset\Squats\5.MOV_20201223130541_4645.JPEG,5.MOV_20201223130541_4645.JPEG,Squats,,0.8934,0.7891,0.0,True
C:\Users\acous\Desktop\sih2026\Railway Track Surface Faults Dataset\Squats\5.MOV_20201223130541_4646.JPEG,5.MOV_20201223130541_4646.JPEG,Squats,,0.8388,0.6782,0.0,True
C:\Users\acous\Desktop\sih2026\Railway Track Surface Faults Dataset\Squats\5.MOV_20201223130541_4647.JPEG,5.MOV_20201223130541_4647.JPEG,Squats,,0.6717,0.3447,0.0,True
C:\Users\acous\Desktop\sih2026\Railway Track Surface Faults Dataset\Squats\5.MOV_20201223130541_4648.JPEG,5.MOV_20201223130541_4648.JPEG,Squats,,0.618,0.237,0.0,True
C:\Users\acous\Desktop\sih2026\Railway Track Surface Faults Dataset\Squats\5.MOV_20201223130541_4649.JPEG,5.MOV_20201223130541_4649.JPEG,Squats,,0.7719,0.5442,0.0,True
C:\Users\acous\Desktop\sih2026\Railway Track Surface Faults Dataset\Squats\5.MOV_20201223130541_4660.JPEG,5.MOV_20201223130541_4660.JPEG,Squats,,0.9743,0.949,0.0,True
C:\Users\acous\Desktop\sih2026\Railway Track Surface Faults Dataset\Squats\5.MOV_20201223130541_4661.JPEG,5.MOV_20201223130541_4661.JPEG,Squats,,0.9454,0.8909,0.0,True
C:\Users\acous\Desktop\sih2026\Railway Track Surface Faults Dataset\Squats\5.MOV_20201223130541_4662.JPEG,5.MOV_20201223130541_4662.JPEG,Squats,,0.9654,0.9311,0.0,True
C:\Users\acous\Desktop\sih2026\Railway Track Surface Faults Dataset\Squats\5.MOV_20201223130541_4663.JPEG,5.MOV_20201223130541_4663.JPEG,Squats,,0.9527,0.9061,0.0,True
C:\Users\acous\Desktop\sih2026\Railway Track Surface Faults Dataset\Squats\5.MOV_20201223130541_4664.JPEG,5.MOV_20201223130541_4664.JPEG,Squats,,0.901,0.8025,0.0,True
C:\Users\acous\Desktop\sih2026\Railway Track Surface Faults Dataset\Squats\5.MOV_20201223130541_4665.JPEG,5.MOV_20201223130541_4665.JPEG,Squats,,0.9338,0.8683,0.0,True
C:\Users\acous\Desktop\sih2026\Railway Track Surface Faults Dataset\Squats\5.MOV_20201223130541_4666.JPEG,5.MOV_20201223130541_4666.JPEG,Squats,,0.75,0.5018,0.0,True
C:\Users\acous\Desktop\sih2026\Railway Track Surface Faults Dataset\Squats\5.MOV_20201223130541_4667.JPEG,5.MOV_20201223130541_4667.JPEG,Squats,,0.7559,0.5124,0.0,True
C:\Users\acous\Desktop\sih2026\Railway Track Surface Faults Dataset\Squats\5.MOV_20201223130541_4688.JPEG,5.MOV_20201223130541_4688.JPEG,Squats,,0.9304,0.8616,0.0,True
C:\Users\acous\Desktop\sih2026\Railway Track Surface Faults Dataset\Squats\5.MOV_20201223130541_4689.JPEG,5.MOV_20201223130541_4689.JPEG,Squats,,0.5437,0.0882,0.0,True
C:\Users\acous\Desktop\sih2026\Railway Track Surface Faults Dataset\Squats\5.MOV_20201223130541_4690.JPEG,5.MOV_20201223130541_4690.JPEG,Squats,,0.9289,0.8581,0.0,True
C:\Users\acous\Desktop\sih2026\Railway Track Surface Faults Dataset\Squats\5.MOV_20201223130541_4691.JPEG,5.MOV_20201223130541_4691.JPEG,Squats,,0.5559,0.1151,0.0,True
C:\Users\acous\Desktop\sih2026\Railway Track Surface Faults Dataset\Squats\5.MOV_20201223130541_4692.JPEG,5.MOV_20201223130541_4692.JPEG,Squats,,0.624,0.2806,0.0,True
C:\Users\acous\Desktop\sih2026\Railway Track Surface Faults Dataset\Squats\5.MOV_20201223130541_4734.JPEG,5.MOV_20201223130541_4734.JPEG,Squats,,0.8151,0.6453,0.0,True
C:\Users\acous\Desktop\sih2026\Railway Track Surface Faults Dataset\Squats\5.MOV_20201223130541_4735.JPEG,5.MOV_20201223130541_4735.JPEG,Squats,,0.9247,0.8534,0.0,True
C:\Users\acous\Desktop\sih2026\Railway Track Surface Faults Dataset\Squats\5.MOV_20201223130541_4736.JPEG,5.MOV_20201223130541_4736.JPEG,Squats,,0.9245,0.8562,0.0,True
C:\Users\acous\Desktop\sih2026\Railway Track Surface Faults Dataset\Squats\5.MOV_20201223130541_4737.JPEG,5.MOV_20201223130541_4737.JPEG,Squats,,0.9971,0.9944,0.0,True
C:\Users\acous\Desktop\sih2026\Railway Track Surface Faults Dataset\Squats\5.MOV_20201223130541_4738.JPEG,5.MOV_20201223130541_4738.JPEG,Squats,,0.9933,0.9883,0.0,True
C:\Users\acous\Desktop\sih2026\Railway Track Surface Faults Dataset\Squats\5.MOV_20201223130541_4739.JPEG,5.MOV_20201223130541_4739.JPEG,Squats,,0.9955,0.9928,0.0,True
C:\Users\acous\Desktop\sih2026\Railway Track Surface Faults Dataset\Squats\5.MOV_20201223130541_4742.JPEG,5.MOV_20201223130541_4742.JPEG,Squats,,0.9231,0.8607,0.0,True
C:\Users\acous\Desktop\sih2026\Railway Track Surface Faults Dataset\Squats\5.MOV_20201223130541_4743.JPEG,5.MOV_20201223130541_4743.JPEG,Squats,,0.9996,0.9992,0.0,True
C:\Users\acous\Desktop\sih2026\Railway Track Surface Faults Dataset\Squats\5.MOV_20201223130541_4744.JPEG,5.MOV_20201223130541_4744.JPEG,Squats,,0.9924,0.9858,0.0,True
C:\Users\acous\Desktop\sih2026\Railway Track Surface Faults Dataset\Squats\5.MOV_20201223130541_4745.JPEG,5.MOV_20201223130541_4745.JPEG,Squats,,0.9116,0.8629,0.0,True
C:\Users\acous\Desktop\sih2026\Railway Track Surface Faults Dataset\Squats\5.MOV_20201223130541_4746.JPEG,5.MOV_20201223130541_4746.JPEG,Squats,,0.5127,0.2664,0.0,True
C:\Users\acous\Desktop\sih2026\Railway Track Surface Faults Dataset\Squats\5.MOV_20201223130541_4747.JPEG,5.MOV_20201223130541_4747.JPEG,Squats,,0.4566,0.02,0.0,True
C:\Users\acous\Desktop\sih2026\Railway Track Surface Faults Dataset\Squats\5.MOV_20201223130541_4757.JPEG,5.MOV_20201223130541_4757.JPEG,Squats,,0.9916,0.9873,0.0,True
C:\Users\acous\Desktop\sih2026\Railway Track Surface Faults Dataset\Squats\5.MOV_20201223130541_4758.JPEG,5.MOV_20201223130541_4758.JPEG,Squats,,0.9947,0.9904,0.0,True
C:\Users\acous\Desktop\sih2026\Railway Track Surface Faults Dataset\Squats\5.MOV_20201223130541_4759.JPEG,5.MOV_20201223130541_4759.JPEG,Squats,,0.9972,0.9949,0.0,True
C:\Users\acous\Desktop\sih2026\Railway Track Surface Faults Dataset\Squats\5.MOV_20201223130541_4760.JPEG,5.MOV_20201223130541_4760.JPEG,Squats,,0.9979,0.9959,0.0,True
C:\Users\acous\Desktop\sih2026\Railway Track Surface Faults Dataset\Squats\5.MOV_20201223130541_4761.JPEG,5.MOV_20201223130541_4761.JPEG,Squats,,0.983,0.9729,0.0,True
C:\Users\acous\Desktop\sih2026\Railway Track Surface Faults Dataset\Squats\5.MOV_20201223130541_4811.JPEG,5.MOV_20201223130541_4811.JPEG,Squats,,0.5408,0.1328,0.0,True
C:\Users\acous\Desktop\sih2026\Railway Track Surface Faults Dataset\Squats\5.MOV_20201223130541_4812.JPEG,5.MOV_20201223130541_4812.JPEG,Squats,,0.8022,0.6162,0.0,True
C:\Users\acous\Desktop\sih2026\Railway Track Surface Faults Dataset\Squats\5.MOV_20201223130541_4813.JPEG,5.MOV_20201223130541_4813.JPEG,Squats,,0.9939,0.9907,0.0,True
C:\Users\acous\Desktop\sih2026\Railway Track Surface Faults Dataset\Squats\5.MOV_20201223130541_4814.JPEG,5.MOV_20201223130541_4814.JPEG,Squats,,0.8433,0.6896,0.0,True
C:\Users\acous\Desktop\sih2026\Railway Track Surface Faults Dataset\Squats\5.MOV_20201223130541_4815.JPEG,5.MOV_20201223130541_4815.JPEG,Squats,,0.9954,0.9914,0.0,True
C:\Users\acous\Desktop\sih2026\Railway Track Surface Faults Dataset\Squats\5.MOV_20201223130541_5262.JPEG,5.MOV_20201223130541_5262.JPEG,Squats,,0.9743,0.9489,0.0,True
C:\Users\acous\Desktop\sih2026\Railway Track Surface Faults Dataset\Squats\5.MOV_20201223130541_5263.JPEG,5.MOV_20201223130541_5263.JPEG,Squats,,0.5187,0.0447,0.0,True
C:\Users\acous\Desktop\sih2026\Railway Track Surface Faults Dataset\Squats\5.MOV_20201223130541_5267.JPEG,5.MOV_20201223130541_5267.JPEG,Squats,,0.8083,0.6774,0.0,True
C:\Users\acous\Desktop\sih2026\Railway Track Surface Faults Dataset\Squats\5.MOV_20201223130541_5268.JPEG,5.MOV_20201223130541_5268.JPEG,Squats,,0.8305,0.6942,0.0,True
C:\Users\acous\Desktop\sih2026\Railway Track Surface Faults Dataset\Squats\5.MOV_20201223130541_5269.JPEG,5.MOV_20201223130541_5269.JPEG,Squats,,0.7482,0.5027,0.0,True
C:\Users\acous\Desktop\sih2026\Railway Track Surface Faults Dataset\Squats\5.MOV_20201223130541_5274.JPEG,5.MOV_20201223130541_5274.JPEG,Squats,,0.7141,0.4291,0.0,True
C:\Users\acous\Desktop\sih2026\Railway Track Surface Faults Dataset\Squats\5.MOV_20201223130541_5275.JPEG,5.MOV_20201223130541_5275.JPEG,Squats,,0.8222,0.6472,0.0,True
C:\Users\acous\Desktop\sih2026\Railway Track Surface Faults Dataset\Squats\5.MOV_20201223130541_5278.JPEG,5.MOV_20201223130541_5278.JPEG,Squats,,0.8612,0.7226,0.0,True
C:\Users\acous\Desktop\sih2026\Railway Track Surface Faults Dataset\Squats\5.MOV_20201223130541_5279.JPEG,5.MOV_20201223130541_5279.JPEG,Squats,,0.6394,0.2793,0.0,True
C:\Users\acous\Desktop\sih2026\Railway Track Surface Faults Dataset\Squats\5.MOV_20201223130541_5282.JPEG,5.MOV_20201223130541_5282.JPEG,Squats,,0.7557,0.5941,0.0,True
C:\Users\acous\Desktop\sih2026\Railway Track Surface Faults Dataset\Squats\5.MOV_20201223130541_5283.JPEG,5.MOV_20201223130541_5283.JPEG,Squats,,0.6117,0.3973,0.0,True
C:\Users\acous\Desktop\sih2026\Railway Track Surface Faults Dataset\Squats\5.MOV_20201223130541_5311.JPEG,5.MOV_20201223130541_5311.JPEG,Squats,,0.6266,0.2607,0.0,True
C:\Users\acous\Desktop\sih2026\Railway Track Surface Faults Dataset\Squats\5.MOV_20201223130541_5312.JPEG,5.MOV_20201223130541_5312.JPEG,Squats,,0.9158,0.8656,0.0,True
C:\Users\acous\Desktop\sih2026\Railway Track Surface Faults Dataset\Squats\5.MOV_20201223130541_5313.JPEG,5.MOV_20201223130541_5313.JPEG,Squats,,0.3822,0.0568,0.0,True
C:\Users\acous\Desktop\sih2026\Railway Track Surface Faults Dataset\Squats\5.MOV_20201223130541_5318.JPEG,5.MOV_20201223130541_5318.JPEG,Squats,,0.766,0.5335,0.0,True
C:\Users\acous\Desktop\sih2026\Railway Track Surface Faults Dataset\Squats\5.MOV_20201223130541_5319.JPEG,5.MOV_20201223130541_5319.JPEG,Squats,,0.6548,0.3289,0.0,True
C:\Users\acous\Desktop\sih2026\Railway Track Surface Faults Dataset\Squats\5.MOV_20201223130541_5328.JPEG,5.MOV_20201223130541_5328.JPEG,Squats,,0.9978,0.9957,0.0,True
C:\Users\acous\Desktop\sih2026\Railway Track Surface Faults Dataset\Squats\5.MOV_20201223130541_5329.JPEG,5.MOV_20201223130541_5329.JPEG,Squats,,0.9234,0.8622,0.0,True
C:\Users\acous\Desktop\sih2026\Railway Track Surface Faults Dataset\Squats\5.MOV_20201223130541_5330.JPEG,5.MOV_20201223130541_5330.JPEG,Squats,,0.9449,0.9033,0.0,True
C:\Users\acous\Desktop\sih2026\Railway Track Surface Faults Dataset\Squats\5.MOV_20201223130541_5331.JPEG,5.MOV_20201223130541_5331.JPEG,Squats,,0.4477,0.0404,0.0,True
C:\Users\acous\Desktop\sih2026\Railway Track Surface Faults Dataset\Squats\5.MOV_20201223130541_5332.JPEG,5.MOV_20201223130541_5332.JPEG,Squats,,0.6214,0.3459,0.0,True
C:\Users\acous\Desktop\sih2026\Railway Track Surface Faults Dataset\Squats\5.MOV_20201223130541_5333.JPEG,5.MOV_20201223130541_5333.JPEG,Squats,,0.6262,0.3641,0.0,True
C:\Users\acous\Desktop\sih2026\Railway Track Surface Faults Dataset\Squats\5.MOV_20201223130541_5334.JPEG,5.MOV_20201223130541_5334.JPEG,Squats,,0.9974,0.9951,0.0,True
C:\Users\acous\Desktop\sih2026\Railway Track Surface Faults Dataset\Squats\5.MOV_20201223130541_5335.JPEG,5.MOV_20201223130541_5335.JPEG,Squats,,0.9978,0.9964,0.0,True
C:\Users\acous\Desktop\sih2026\Railway Track Surface Faults Dataset\Squats\5.MOV_20201223130541_5336.JPEG,5.MOV_20201223130541_5336.JPEG,Squats,,0.9991,0.9985,0.0,True
C:\Users\acous\Desktop\sih2026\Railway Track Surface Faults Dataset\Squats\5.MOV_20201223130541_5337.JPEG,5.MOV_20201223130541_5337.JPEG,Squats,,0.9958,0.9919,0.0,True
C:\Users\acous\Desktop\sih2026\Railway Track Surface Faults Dataset\Squats\5.MOV_20201223130541_5338.JPEG,5.MOV_20201223130541_5338.JPEG,Squats,,0.9165,0.8622,0.0,True
C:\Users\acous\Desktop\sih2026\Railway Track Surface Faults Dataset\Squats\5.MOV_20201223130541_5339.JPEG,5.MOV_20201223130541_5339.JPEG,Squats,,0.6849,0.4948,0.0,True
C:\Users\acous\Desktop\sih2026\Railway Track Surface Faults Dataset\Squats\5.MOV_20201223130541_5340.JPEG,5.MOV_20201223130541_5340.JPEG,Squats,,0.4747,0.1634,0.0,True
C:\Users\acous\Desktop\sih2026\Railway Track Surface Faults Dataset\Squats\5.MOV_20201223130541_5341.JPEG,5.MOV_20201223130541_5341.JPEG,Squats,,0.688,0.4982,0.0,True
C:\Users\acous\Desktop\sih2026\Railway Track Surface Faults Dataset\Squats\5.MOV_20201223130541_5342.JPEG,5.MOV_20201223130541_5342.JPEG,Squats,,0.992,0.987,0.0,True
C:\Users\acous\Desktop\sih2026\Railway Track Surface Faults Dataset\Squats\5.MOV_20201223130541_5347.JPEG,5.MOV_20201223130541_5347.JPEG,Squats,,0.7533,0.51,0.0,True
C:\Users\acous\Desktop\sih2026\Railway Track Surface Faults Dataset\Squats\5.MOV_20201223130541_5348.JPEG,5.MOV_20201223130541_5348.JPEG,Squats,,0.9412,0.8848,0.0,True
C:\Users\acous\Desktop\sih2026\Railway Track Surface Faults Dataset\Squats\5.MOV_20201223130541_5349.JPEG,5.MOV_20201223130541_5349.JPEG,Squats,,0.8118,0.6244,0.0,True
C:\Users\acous\Desktop\sih2026\Railway Track Surface Faults Dataset\Squats\5.MOV_20201223130541_5367.JPEG,5.MOV_20201223130541_5367.JPEG,Squats,,0.9405,0.8821,0.0,True
C:\Users\acous\Desktop\sih2026\Railway Track Surface Faults Dataset\Squats\5.MOV_20201223130541_5368.JPEG,5.MOV_20201223130541_5368.JPEG,Squats,,0.9998,0.9997,0.0,True
C:\Users\acous\Desktop\sih2026\Railway Track Surface Faults Dataset\Squats\5.MOV_20201223130541_5369.JPEG,5.MOV_20201223130541_5369.JPEG,Squats,,0.9998,0.9996,0.0,True
C:\Users\acous\Desktop\sih2026\Railway Track Surface Faults Dataset\Squats\5.MOV_20201223130541_5370.JPEG,5.MOV_20201223130541_5370.JPEG,Squats,,0.958,0.9292,0.0,True
C:\Users\acous\Desktop\sih2026\Railway Track Surface Faults Dataset\Squats\5.MOV_20201223130541_5371.JPEG,5.MOV_20201223130541_5371.JPEG,Squats,,0.9918,0.9838,0.0,True
C:\Users\acous\Desktop\sih2026\Railway Track Surface Faults Dataset\Squats\5.MOV_20201223130541_5372.JPEG,5.MOV_20201223130541_5372.JPEG,Squats,,0.9804,0.9609,0.0,True
C:\Users\acous\Desktop\sih2026\Railway Track Surface Faults Dataset\Squats\5.MOV_20201223130541_5373.JPEG,5.MOV_20201223130541_5373.JPEG,Squats,,0.9626,0.9253,0.0,True
C:\Users\acous\Desktop\sih2026\Railway Track Surface Faults Dataset\Squats\5.MOV_20201223130541_5374.JPEG,5.MOV_20201223130541_5374.JPEG,Squats,,0.9786,0.9651,0.0,True
C:\Users\acous\Desktop\sih2026\Railway Track Surface Faults Dataset\Squats\5.MOV_20201223130541_5375.JPEG,5.MOV_20201223130541_5375.JPEG,Squats,,0.9959,0.9924,0.0,True
C:\Users\acous\Desktop\sih2026\Railway Track Surface Faults Dataset\Squats\5.MOV_20201223130541_5376.JPEG,5.MOV_20201223130541_5376.JPEG,Squats,,0.9125,0.852,0.0,True
C:\Users\acous\Desktop\sih2026\Railway Track Surface Faults Dataset\Squats\5.MOV_20201223130541_5377.JPEG,5.MOV_20201223130541_5377.JPEG,Squats,,0.5345,0.2434,0.0,True
C:\Users\acous\Desktop\sih2026\Railway Track Surface Faults Dataset\Squats\5.MOV_20201223130541_5378.JPEG,5.MOV_20201223130541_5378.JPEG,Squats,,0.981,0.9626,0.0,True
C:\Users\acous\Desktop\sih2026\Railway Track Surface Faults Dataset\Squats\5.MOV_20201223130541_5379.JPEG,5.MOV_20201223130541_5379.JPEG,Squats,,0.9924,0.9868,0.0,True
C:\Users\acous\Desktop\sih2026\Railway Track Surface Faults Dataset\Squats\5.MOV_20201223130541_5380.JPEG,5.MOV_20201223130541_5380.JPEG,Squats,,0.8017,0.6702,0.0,True
C:\Users\acous\Desktop\sih2026\Railway Track Surface Faults Dataset\Squats\5.MOV_20201223130541_5381.JPEG,5.MOV_20201223130541_5381.JPEG,Squats,,0.9645,0.9302,0.0,True
C:\Users\acous\Desktop\sih2026\Railway Track Surface Faults Dataset\Squats\5.MOV_20201223130541_5382.JPEG,5.MOV_20201223130541_5382.JPEG,Squats,,0.9917,0.9844,0.0,True
C:\Users\acous\Desktop\sih2026\Railway Track Surface Faults Dataset\Squats\5.MOV_20201223130541_5383.JPEG,5.MOV_20201223130541_5383.JPEG,Squats,,0.9966,0.9938,0.0,True
C:\Users\acous\Desktop\sih2026\Railway Track Surface Faults Dataset\Squats\5.MOV_20201223130541_5384.JPEG,5.MOV_20201223130541_5384.JPEG,Squats,,0.9367,0.8815,0.0,True
C:\Users\acous\Desktop\sih2026\Railway Track Surface Faults Dataset\Squats\5.MOV_20201223130541_5396.JPEG,5.MOV_20201223130541_5396.JPEG,Squats,,0.944,0.9159,0.0,True
C:\Users\acous\Desktop\sih2026\Railway Track Surface Faults Dataset\Squats\5.MOV_20201223130541_5397.JPEG,5.MOV_20201223130541_5397.JPEG,Squats,,0.7752,0.5573,0.0,True
C:\Users\acous\Desktop\sih2026\Railway Track Surface Faults Dataset\Squats\5.MOV_20201223130541_5402.JPEG,5.MOV_20201223130541_5402.JPEG,Squats,,0.9978,0.9967,0.0,True
C:\Users\acous\Desktop\sih2026\Railway Track Surface Faults Dataset\Squats\5.MOV_20201223130541_5403.JPEG,5.MOV_20201223130541_5403.JPEG,Squats,,0.9993,0.9989,0.0,True
C:\Users\acous\Desktop\sih2026\Railway Track Surface Faults Dataset\Squats\5.MOV_20201223130541_5404.JPEG,5.MOV_20201223130541_5404.JPEG,Squats,,0.9635,0.9342,0.0,True
C:\Users\acous\Desktop\sih2026\Railway Track Surface Faults Dataset\Squats\5.MOV_20201223130541_5413.JPEG,5.MOV_20201223130541_5413.JPEG,Squats,,0.9983,0.9968,0.0,True
C:\Users\acous\Desktop\sih2026\Railway Track Surface Faults Dataset\Squats\5.MOV_20201223130541_5414.JPEG,5.MOV_20201223130541_5414.JPEG,Squats,,0.998,0.9961,0.0,True
C:\Users\acous\Desktop\sih2026\Railway Track Surface Faults Dataset\Squats\5.MOV_20201223130541_5415.JPEG,5.MOV_20201223130541_5415.JPEG,Squats,,0.6232,0.3082,0.0,True
C:\Users\acous\Desktop\sih2026\Railway Track Surface Faults Dataset\Squats\5.MOV_20201223130541_5416.JPEG,5.MOV_20201223130541_5416.JPEG,Squats,,0.7841,0.6615,0.0,True
C:\Users\acous\Desktop\sih2026\Railway Track Surface Faults Dataset\Squats\5.MOV_20201223130541_5417.JPEG,5.MOV_20201223130541_5417.JPEG,Squats,,0.8889,0.8286,0.0,True
C:\Users\acous\Desktop\sih2026\Railway Track Surface Faults Dataset\Squats\5.MOV_20201223130541_5418.JPEG,5.MOV_20201223130541_5418.JPEG,Squats,,0.9305,0.8892,0.0,True
C:\Users\acous\Desktop\sih2026\Railway Track Surface Faults Dataset\Squats\5.MOV_20201223130541_5419.JPEG,5.MOV_20201223130541_5419.JPEG,Squats,,0.989,0.981,0.0,True
C:\Users\acous\Desktop\sih2026\Railway Track Surface Faults Dataset\Squats\5.MOV_20201223130541_5420.JPEG,5.MOV_20201223130541_5420.JPEG,Squats,,0.9897,0.9803,0.0,True
C:\Users\acous\Desktop\sih2026\Railway Track Surface Faults Dataset\Squats\5.MOV_20201223130541_5421.JPEG,5.MOV_20201223130541_5421.JPEG,Squats,,0.8493,0.7069,0.0,True
C:\Users\acous\Desktop\sih2026\Railway Track Surface Faults Dataset\Squats\5.MOV_20201223130541_5422.JPEG,5.MOV_20201223130541_5422.JPEG,Squats,,0.4898,0.1996,0.0,True
C:\Users\acous\Desktop\sih2026\Railway Track Surface Faults Dataset\Squats\5.MOV_20201223130541_5447.JPEG,5.MOV_20201223130541_5447.JPEG,Squats,,0.9918,0.9838,0.0,True
C:\Users\acous\Desktop\sih2026\Railway Track Surface Faults Dataset\Squats\5.MOV_20201223130541_5448.JPEG,5.MOV_20201223130541_5448.JPEG,Squats,,0.9953,0.9912,0.0,True
C:\Users\acous\Desktop\sih2026\Railway Track Surface Faults Dataset\Squats\5.MOV_20201223130541_5449.JPEG,5.MOV_20201223130541_5449.JPEG,Squats,,0.9557,0.9137,0.0,True
C:\Users\acous\Desktop\sih2026\Railway Track Surface Faults Dataset\Squats\5.MOV_20201223130541_5450.JPEG,5.MOV_20201223130541_5450.JPEG,Squats,,0.6504,0.304,0.0,True
C:\Users\acous\Desktop\sih2026\Railway Track Surface Faults Dataset\Squats\5.MOV_20201223130541_5451.JPEG,5.MOV_20201223130541_5451.JPEG,Squats,,0.869,0.7494,0.0,True
C:\Users\acous\Desktop\sih2026\Railway Track Surface Faults Dataset\Squats\5.MOV_20201223130541_5452.JPEG,5.MOV_20201223130541_5452.JPEG,Squats,,0.5422,0.232,0.0,True
C:\Users\acous\Desktop\sih2026\Railway Track Surface Faults Dataset\Squats\5.MOV_20201223130541_5475.JPEG,5.MOV_20201223130541_5475.JPEG,Squats,,0.7227,0.5606,0.0,True
C:\Users\acous\Desktop\sih2026\Railway Track Surface Faults Dataset\Squats\5.MOV_20201223130541_5476.JPEG,5.MOV_20201223130541_5476.JPEG,Squats,,0.5064,0.0137,0.0,True
C:\Users\acous\Desktop\sih2026\Railway Track Surface Faults Dataset\Squats\5.MOV_20201223130541_5482.JPEG,5.MOV_20201223130541_5482.JPEG,Squats,,0.9994,0.9988,0.0,True
C:\Users\acous\Desktop\sih2026\Railway Track Surface Faults Dataset\Squats\5.MOV_20201223130541_5483.JPEG,5.MOV_20201223130541_5483.JPEG,Squats,,0.9999,0.9998,0.0,True
C:\Users\acous\Desktop\sih2026\Railway Track Surface Faults Dataset\Squats\5.MOV_20201223130541_5484.JPEG,5.MOV_20201223130541_5484.JPEG,Squats,,0.9979,0.9958,0.0,True
C:\Users\acous\Desktop\sih2026\Railway Track Surface Faults Dataset\Squats\5.MOV_20201223130541_5485.JPEG,5.MOV_20201223130541_5485.JPEG,Squats,,0.869,0.7382,0.0,True
C:\Users\acous\Desktop\sih2026\Railway Track Surface Faults Dataset\Squats\5.MOV_20201223130541_5512.JPEG,5.MOV_20201223130541_5512.JPEG,Squats,,0.9539,0.9169,0.0,True
C:\Users\acous\Desktop\sih2026\Railway Track Surface Faults Dataset\Squats\5.MOV_20201223130541_5513.JPEG,5.MOV_20201223130541_5513.JPEG,Squats,,0.9991,0.9984,0.0,True
C:\Users\acous\Desktop\sih2026\Railway Track Surface Faults Dataset\Squats\5.MOV_20201223130541_5514.JPEG,5.MOV_20201223130541_5514.JPEG,Squats,,0.9966,0.9936,0.0,True
C:\Users\acous\Desktop\sih2026\Railway Track Surface Faults Dataset\Squats\5.MOV_20201223130541_5516.JPEG,5.MOV_20201223130541_5516.JPEG,Squats,,0.9883,0.978,0.0,True
C:\Users\acous\Desktop\sih2026\Railway Track Surface Faults Dataset\Squats\5.MOV_20201223130541_5517.JPEG,5.MOV_20201223130541_5517.JPEG,Squats,,0.9982,0.9964,0.0,True
C:\Users\acous\Desktop\sih2026\Railway Track Surface Faults Dataset\Squats\5.MOV_20201223130541_5518.JPEG,5.MOV_20201223130541_5518.JPEG,Squats,,0.994,0.9882,0.0,True
C:\Users\acous\Desktop\sih2026\Railway Track Surface Faults Dataset\Squats\5.MOV_20201223130541_5519.JPEG,5.MOV_20201223130541_5519.JPEG,Squats,,0.9984,0.9968,0.0,True
C:\Users\acous\Desktop\sih2026\Railway Track Surface Faults Dataset\Squats\5.MOV_20201223130541_5520.JPEG,5.MOV_20201223130541_5520.JPEG,Squats,,0.9987,0.9975,0.0,True
C:\Users\acous\Desktop\sih2026\Railway Track Surface Faults Dataset\Squats\5.MOV_20201223130541_5521.JPEG,5.MOV_20201223130541_5521.JPEG,Squats,,0.9144,0.836,0.0,True
C:\Users\acous\Desktop\sih2026\Railway Track Surface Faults Dataset\Squats\5.MOV_20201223130541_5522.JPEG,5.MOV_20201223130541_5522.JPEG,Squats,,0.4557,0.0749,0.0,True
C:\Users\acous\Desktop\sih2026\Railway Track Surface Faults Dataset\Squats\5.MOV_20201223130541_5523.JPEG,5.MOV_20201223130541_5523.JPEG,Squats,,0.8144,0.6454,0.0,True
C:\Users\acous\Desktop\sih2026\Railway Track Surface Faults Dataset\Squats\5.MOV_20201223130541_5538.JPEG,5.MOV_20201223130541_5538.JPEG,Squats,,0.7582,0.5175,0.0,True
C:\Users\acous\Desktop\sih2026\Railway Track Surface Faults Dataset\Squats\5.MOV_20201223130541_5539.JPEG,5.MOV_20201223130541_5539.JPEG,Squats,,0.9641,0.9288,0.0,True
C:\Users\acous\Desktop\sih2026\Railway Track Surface Faults Dataset\Squats\5.MOV_20201223130541_5540.JPEG,5.MOV_20201223130541_5540.JPEG,Squats,,0.9617,0.931,0.0,True
C:\Users\acous\Desktop\sih2026\Railway Track Surface Faults Dataset\Squats\5.MOV_20201223130541_5541.JPEG,5.MOV_20201223130541_5541.JPEG,Squats,,0.9852,0.9772,0.0,True
C:\Users\acous\Desktop\sih2026\Railway Track Surface Faults Dataset\Squats\5.MOV_20201223130541_5542.JPEG,5.MOV_20201223130541_5542.JPEG,Squats,,0.9993,0.9989,0.0,True
C:\Users\acous\Desktop\sih2026\Railway Track Surface Faults Dataset\Squats\5.MOV_20201223130541_5543.JPEG,5.MOV_20201223130541_5543.JPEG,Squats,,0.9997,0.9994,0.0,True
C:\Users\acous\Desktop\sih2026\Railway Track Surface Faults Dataset\Squats\5.MOV_20201223130541_5555.JPEG,5.MOV_20201223130541_5555.JPEG,Squats,,1.0,1.0,0.0,True
C:\Users\acous\Desktop\sih2026\Railway Track Surface Faults Dataset\Squats\5.MOV_20201223130541_5556.JPEG,5.MOV_20201223130541_5556.JPEG,Squats,,1.0,1.0,0.0,True
C:\Users\acous\Desktop\sih2026\Railway Track Surface Faults Dataset\Squats\5.MOV_20201223130541_5557.JPEG,5.MOV_20201223130541_5557.JPEG,Squats,,0.953,0.9103,0.0,True
C:\Users\acous\Desktop\sih2026\Railway Track Surface Faults Dataset\Squats\5.MOV_20201223130541_5561.JPEG,5.MOV_20201223130541_5561.JPEG,Squats,,0.919,0.8631,0.0,True
C:\Users\acous\Desktop\sih2026\Railway Track Surface Faults Dataset\Squats\5.MOV_20201223130541_5562.JPEG,5.MOV_20201223130541_5562.JPEG,Squats,,0.7775,0.5857,0.0,True
C:\Users\acous\Desktop\sih2026\Railway Track Surface Faults Dataset\Squats\5.MOV_20201223130541_5574.JPEG,5.MOV_20201223130541_5574.JPEG,Squats,,0.9959,0.9935,0.0,True
C:\Users\acous\Desktop\sih2026\Railway Track Surface Faults Dataset\Squats\5.MOV_20201223130541_5575.JPEG,5.MOV_20201223130541_5575.JPEG,Squats,,0.9979,0.9964,0.0,True
C:\Users\acous\Desktop\sih2026\Railway Track Surface Faults Dataset\Squats\5.MOV_20201223130541_5578.JPEG,5.MOV_20201223130541_5578.JPEG,Squats,,0.9972,0.9948,0.0,True
C:\Users\acous\Desktop\sih2026\Railway Track Surface Faults Dataset\Squats\5.MOV_20201223130541_5588.JPEG,5.MOV_20201223130541_5588.JPEG,Squats,,0.9493,0.9038,0.0,True
C:\Users\acous\Desktop\sih2026\Railway Track Surface Faults Dataset\Squats\5.MOV_20201223130541_5589.JPEG,5.MOV_20201223130541_5589.JPEG,Squats,,0.9962,0.9932,0.0,True
C:\Users\acous\Desktop\sih2026\Railway Track Surface Faults Dataset\Squats\5.MOV_20201223130541_5590.JPEG,5.MOV_20201223130541_5590.JPEG,Squats,,0.9929,0.987,0.0,True
C:\Users\acous\Desktop\sih2026\Railway Track Surface Faults Dataset\Squats\5.MOV_20201223130541_5591.JPEG,5.MOV_20201223130541_5591.JPEG,Squats,,0.9979,0.9964,0.0,True
C:\Users\acous\Desktop\sih2026\Railway Track Surface Faults Dataset\Squats\5.MOV_20201223130541_5592.JPEG,5.MOV_20201223130541_5592.JPEG,Squats,,0.9677,0.9372,0.0,True
C:\Users\acous\Desktop\sih2026\Railway Track Surface Faults Dataset\Squats\5.MOV_20201223130541_5593.JPEG,5.MOV_20201223130541_5593.JPEG,Squats,,0.8631,0.735,0.0,True
C:\Users\acous\Desktop\sih2026\Railway Track Surface Faults Dataset\Squats\5.MOV_20201223130541_5595.JPEG,5.MOV_20201223130541_5595.JPEG,Squats,,0.9984,0.9975,0.0,True
C:\Users\acous\Desktop\sih2026\Railway Track Surface Faults Dataset\Squats\5.MOV_20201223130541_5596.JPEG,5.MOV_20201223130541_5596.JPEG,Squats,,0.9999,0.9998,0.0,True
C:\Users\acous\Desktop\sih2026\Railway Track Surface Faults Dataset\Squats\5.MOV_20201223130541_5597.JPEG,5.MOV_20201223130541_5597.JPEG,Squats,,1.0,1.0,0.0,True
C:\Users\acous\Desktop\sih2026\Railway Track Surface Faults Dataset\Squats\5.MOV_20201223130541_5598.JPEG,5.MOV_20201223130541_5598.JPEG,Squats,,0.9997,0.9996,0.0,True
C:\Users\acous\Desktop\sih2026\Railway Track Surface Faults Dataset\Squats\5.MOV_20201223130541_5599.JPEG,5.MOV_20201223130541_5599.JPEG,Squats,,0.9993,0.9988,0.0,True
C:\Users\acous\Desktop\sih2026\Railway Track Surface Faults Dataset\Squats\5.MOV_20201223130541_5600.JPEG,5.MOV_20201223130541_5600.JPEG,Squats,,0.9982,0.9972,0.0,True
C:\Users\acous\Desktop\sih2026\Railway Track Surface Faults Dataset\Squats\5.MOV_20201223130541_5601.JPEG,5.MOV_20201223130541_5601.JPEG,Squats,,0.9896,0.9808,0.0,True
C:\Users\acous\Desktop\sih2026\Railway Track Surface Faults Dataset\Squats\5.MOV_20201223130541_5602.JPEG,5.MOV_20201223130541_5602.JPEG,Squats,,0.8358,0.7128,0.0,True
C:\Users\acous\Desktop\sih2026\Railway Track Surface Faults Dataset\Squats\5.MOV_20201223130541_5605.JPEG,5.MOV_20201223130541_5605.JPEG,Squats,,0.9864,0.9772,0.0,True
C:\Users\acous\Desktop\sih2026\Railway Track Surface Faults Dataset\Squats\5.MOV_20201223130541_5606.JPEG,5.MOV_20201223130541_5606.JPEG,Squats,,0.996,0.9928,0.0,True
C:\Users\acous\Desktop\sih2026\Railway Track Surface Faults Dataset\Squats\5.MOV_20201223130541_5607.JPEG,5.MOV_20201223130541_5607.JPEG,Squats,,0.9671,0.9375,0.0,True
C:\Users\acous\Desktop\sih2026\Railway Track Surface Faults Dataset\Squats\5.MOV_20201223130541_5608.JPEG,5.MOV_20201223130541_5608.JPEG,Squats,,0.9996,0.9992,0.0,True
C:\Users\acous\Desktop\sih2026\Railway Track Surface Faults Dataset\Squats\5.MOV_20201223130541_5609.JPEG,5.MOV_20201223130541_5609.JPEG,Squats,,0.9992,0.9984,0.0,True
C:\Users\acous\Desktop\sih2026\Railway Track Surface Faults Dataset\Squats\5.MOV_20201223130541_5610.JPEG,5.MOV_20201223130541_5610.JPEG,Squats,,0.7986,0.6175,0.0,True
C:\Users\acous\Desktop\sih2026\Railway Track Surface Faults Dataset\Squats\5.MOV_20201223130541_5611.JPEG,5.MOV_20201223130541_5611.JPEG,Squats,,0.9988,0.9979,0.0,True
C:\Users\acous\Desktop\sih2026\Railway Track Surface Faults Dataset\Squats\5.MOV_20201223130541_5612.JPEG,5.MOV_20201223130541_5612.JPEG,Squats,,0.9993,0.9988,0.0,True
C:\Users\acous\Desktop\sih2026\Railway Track Surface Faults Dataset\Squats\5.MOV_20201223130541_5613.JPEG,5.MOV_20201223130541_5613.JPEG,Squats,,0.9647,0.9317,0.0,True
C:\Users\acous\Desktop\sih2026\Railway Track Surface Faults Dataset\Squats\5.MOV_20201223130541_5631.JPEG,5.MOV_20201223130541_5631.JPEG,Squats,,0.9943,0.9886,0.0,True
C:\Users\acous\Desktop\sih2026\Railway Track Surface Faults Dataset\Squats\5.MOV_20201223130541_5632.JPEG,5.MOV_20201223130541_5632.JPEG,Squats,,0.9943,0.9887,0.0,True
C:\Users\acous\Desktop\sih2026\Railway Track Surface Faults Dataset\Squats\5.MOV_20201223130541_5633.JPEG,5.MOV_20201223130541_5633.JPEG,Squats,,0.9593,0.9197,0.0,True
C:\Users\acous\Desktop\sih2026\Railway Track Surface Faults Dataset\Squats\5.MOV_20201223130541_5643.JPEG,5.MOV_20201223130541_5643.JPEG,Squats,,0.9999,0.9998,0.0,True
C:\Users\acous\Desktop\sih2026\Railway Track Surface Faults Dataset\Squats\5.MOV_20201223130541_5644.JPEG,5.MOV_20201223130541_5644.JPEG,Squats,,1.0,1.0,0.0,True
C:\Users\acous\Desktop\sih2026\Railway Track Surface Faults Dataset\Squats\5.MOV_20201223130541_5645.JPEG,5.MOV_20201223130541_5645.JPEG,Squats,,0.9983,0.9967,0.0,True
C:\Users\acous\Desktop\sih2026\Railway Track Surface Faults Dataset\Squats\5.MOV_20201223130541_5646.JPEG,5.MOV_20201223130541_5646.JPEG,Squats,,0.4133,0.0033,0.0,True
C:\Users\acous\Desktop\sih2026\Railway Track Surface Faults Dataset\Squats\5.MOV_20201223130541_5647.JPEG,5.MOV_20201223130541_5647.JPEG,Squats,,0.5721,0.2595,0.0,True
C:\Users\acous\Desktop\sih2026\Railway Track Surface Faults Dataset\Squats\5.MOV_20201223130541_5648.JPEG,5.MOV_20201223130541_5648.JPEG,Squats,,0.8616,0.7911,0.0,True
C:\Users\acous\Desktop\sih2026\Railway Track Surface Faults Dataset\Squats\5.MOV_20201223130541_5649.JPEG,5.MOV_20201223130541_5649.JPEG,Squats,,0.5376,0.1153,0.0,True
C:\Users\acous\Desktop\sih2026\Railway Track Surface Faults Dataset\Squats\5.MOV_20201223130541_5666.JPEG,5.MOV_20201223130541_5666.JPEG,Squats,,0.9987,0.9979,0.0,True
C:\Users\acous\Desktop\sih2026\Railway Track Surface Faults Dataset\Squats\5.MOV_20201223130541_5667.JPEG,5.MOV_20201223130541_5667.JPEG,Squats,,0.9916,0.9854,0.0,True
C:\Users\acous\Desktop\sih2026\Railway Track Surface Faults Dataset\Squats\5.MOV_20201223130541_5668.JPEG,5.MOV_20201223130541_5668.JPEG,Squats,,0.9956,0.9923,0.0,True
C:\Users\acous\Desktop\sih2026\Railway Track Surface Faults Dataset\Squats\5.MOV_20201223130541_5669.JPEG,5.MOV_20201223130541_5669.JPEG,Squats,,0.9779,0.956,0.0,True
C:\Users\acous\Desktop\sih2026\Railway Track Surface Faults Dataset\Squats\5.MOV_20201223130541_5670.JPEG,5.MOV_20201223130541_5670.JPEG,Squats,,0.5776,0.3249,0.0,True
C:\Users\acous\Desktop\sih2026\Railway Track Surface Faults Dataset\Squats\5.MOV_20201223130541_5671.JPEG,5.MOV_20201223130541_5671.JPEG,Squats,,0.5911,0.2543,0.0,True
C:\Users\acous\Desktop\sih2026\Railway Track Surface Faults Dataset\Squats\5.MOV_20201223130541_5672.JPEG,5.MOV_20201223130541_5672.JPEG,Squats,,0.924,0.8562,0.0,True
C:\Users\acous\Desktop\sih2026\Railway Track Surface Faults Dataset\Squats\5.MOV_20201223130541_5673.JPEG,5.MOV_20201223130541_5673.JPEG,Squats,,0.9989,0.9981,0.0,True
C:\Users\acous\Desktop\sih2026\Railway Track Surface Faults Dataset\Squats\5.MOV_20201223130541_5674.JPEG,5.MOV_20201223130541_5674.JPEG,Squats,,0.9997,0.9995,0.0,True
C:\Users\acous\Desktop\sih2026\Railway Track Surface Faults Dataset\Squats\5.MOV_20201223130541_5675.JPEG,5.MOV_20201223130541_5675.JPEG,Squats,,0.9994,0.9989,0.0,True
C:\Users\acous\Desktop\sih2026\Railway Track Surface Faults Dataset\Squats\5.MOV_20201223130541_5676.JPEG,5.MOV_20201223130541_5676.JPEG,Squats,,0.9985,0.9973,0.0,True
C:\Users\acous\Desktop\sih2026\Railway Track Surface Faults Dataset\Squats\5.MOV_20201223130541_5677.JPEG,5.MOV_20201223130541_5677.JPEG,Squats,,0.9997,0.9995,0.0,True
C:\Users\acous\Desktop\sih2026\Railway Track Surface Faults Dataset\Squats\5.MOV_20201223130541_5678.JPEG,5.MOV_20201223130541_5678.JPEG,Squats,,0.995,0.9911,0.0,True
C:\Users\acous\Desktop\sih2026\Railway Track Surface Faults Dataset\Squats\5.MOV_20201223130541_5679.JPEG,5.MOV_20201223130541_5679.JPEG,Squats,,0.7106,0.4368,0.0,True
C:\Users\acous\Desktop\sih2026\Railway Track Surface Faults Dataset\Squats\5.MOV_20201223130541_5683.JPEG,5.MOV_20201223130541_5683.JPEG,Squats,,0.9995,0.9992,0.0,True
C:\Users\acous\Desktop\sih2026\Railway Track Surface Faults Dataset\Squats\5.MOV_20201223130541_5689.JPEG,5.MOV_20201223130541_5689.JPEG,Squats,,0.8846,0.7876,0.0,True
C:\Users\acous\Desktop\sih2026\Railway Track Surface Faults Dataset\Squats\5.MOV_20201223130541_5690.JPEG,5.MOV_20201223130541_5690.JPEG,Squats,,0.7514,0.5102,0.0,True
C:\Users\acous\Desktop\sih2026\Railway Track Surface Faults Dataset\Squats\5.MOV_20201223130541_5692.JPEG,5.MOV_20201223130541_5692.JPEG,Squats,,0.9945,0.9891,0.0,True
C:\Users\acous\Desktop\sih2026\Railway Track Surface Faults Dataset\Squats\5.MOV_20201223130541_5693.JPEG,5.MOV_20201223130541_5693.JPEG,Squats,,0.9974,0.9951,0.0,True
C:\Users\acous\Desktop\sih2026\Railway Track Surface Faults Dataset\Squats\5.MOV_20201223130541_5695.JPEG,5.MOV_20201223130541_5695.JPEG,Squats,,0.9999,0.9998,0.0,True
C:\Users\acous\Desktop\sih2026\Railway Track Surface Faults Dataset\Squats\5.MOV_20201223130541_5696.JPEG,5.MOV_20201223130541_5696.JPEG,Squats,,0.9999,0.9998,0.0,True
C:\Users\acous\Desktop\sih2026\Railway Track Surface Faults Dataset\Squats\5.MOV_20201223130541_5697.JPEG,5.MOV_20201223130541_5697.JPEG,Squats,,0.995,0.9904,0.0,True
C:\Users\acous\Desktop\sih2026\Railway Track Surface Faults Dataset\Squats\5.MOV_20201223130541_5699.JPEG,5.MOV_20201223130541_5699.JPEG,Squats,,0.9996,0.9994,0.0,True
C:\Users\acous\Desktop\sih2026\Railway Track Surface Faults Dataset\Squats\5.MOV_20201223130541_5700.JPEG,5.MOV_20201223130541_5700.JPEG,Squats,,0.9997,0.9994,0.0,True
C:\Users\acous\Desktop\sih2026\Railway Track Surface Faults Dataset\Squats\5.MOV_20201223130541_5701.JPEG,5.MOV_20201223130541_5701.JPEG,Squats,,0.8133,0.6272,0.0,True
C:\Users\acous\Desktop\sih2026\Railway Track Surface Faults Dataset\Squats\5.MOV_20201223130541_5703.JPEG,5.MOV_20201223130541_5703.JPEG,Squats,,0.6128,0.2284,0.0,True
C:\Users\acous\Desktop\sih2026\Railway Track Surface Faults Dataset\Squats\5.MOV_20201223130541_5704.JPEG,5.MOV_20201223130541_5704.JPEG,Squats,,0.9983,0.9967,0.0,True
C:\Users\acous\Desktop\sih2026\Railway Track Surface Faults Dataset\Squats\5.MOV_20201223130541_5705.JPEG,5.MOV_20201223130541_5705.JPEG,Squats,,0.9998,0.9996,0.0,True
C:\Users\acous\Desktop\sih2026\Railway Track Surface Faults Dataset\Squats\5.MOV_20201223130541_5707.JPEG,5.MOV_20201223130541_5707.JPEG,Squats,,0.9819,0.9644,0.0,True
C:\Users\acous\Desktop\sih2026\Railway Track Surface Faults Dataset\Squats\5.MOV_20201223130541_5708.JPEG,5.MOV_20201223130541_5708.JPEG,Squats,,1.0,1.0,0.0,True
C:\Users\acous\Desktop\sih2026\Railway Track Surface Faults Dataset\Squats\5.MOV_20201223130541_5709.JPEG,5.MOV_20201223130541_5709.JPEG,Squats,,0.9956,0.9933,0.0,True
C:\Users\acous\Desktop\sih2026\Railway Track Surface Faults Dataset\Squats\5.MOV_20201223130541_5710.JPEG,5.MOV_20201223130541_5710.JPEG,Squats,,0.9961,0.9934,0.0,True
C:\Users\acous\Desktop\sih2026\Railway Track Surface Faults Dataset\Squats\5.MOV_20201223130541_5711.JPEG,5.MOV_20201223130541_5711.JPEG,Squats,,0.8097,0.6292,0.0,True
C:\Users\acous\Desktop\sih2026\Railway Track Surface Faults Dataset\Squats\5.MOV_20201223130541_5723.JPEG,5.MOV_20201223130541_5723.JPEG,Squats,,0.9989,0.9978,0.0,True
C:\Users\acous\Desktop\sih2026\Railway Track Surface Faults Dataset\Squats\5.MOV_20201223130541_5724.JPEG,5.MOV_20201223130541_5724.JPEG,Squats,,0.9881,0.9788,0.0,True
C:\Users\acous\Desktop\sih2026\Railway Track Surface Faults Dataset\Squats\5.MOV_20201223130541_5725.JPEG,5.MOV_20201223130541_5725.JPEG,Squats,,0.9112,0.8239,0.0,True
C:\Users\acous\Desktop\sih2026\Railway Track Surface Faults Dataset\Squats\5.MOV_20201223130541_5728.JPEG,5.MOV_20201223130541_5728.JPEG,Squats,,0.9518,0.9222,0.0,True
C:\Users\acous\Desktop\sih2026\Railway Track Surface Faults Dataset\Squats\5.MOV_20201223130541_5729.JPEG,5.MOV_20201223130541_5729.JPEG,Squats,,0.9897,0.9807,0.0,True
C:\Users\acous\Desktop\sih2026\Railway Track Surface Faults Dataset\Squats\5.MOV_20201223130541_5730.JPEG,5.MOV_20201223130541_5730.JPEG,Squats,,0.9004,0.8042,0.0,True
C:\Users\acous\Desktop\sih2026\Railway Track Surface Faults Dataset\Squats\5.MOV_20201223130541_5737.JPEG,5.MOV_20201223130541_5737.JPEG,Squats,,0.9997,0.9994,0.0,True
C:\Users\acous\Desktop\sih2026\Railway Track Surface Faults Dataset\Squats\5.MOV_20201223130541_5738.JPEG,5.MOV_20201223130541_5738.JPEG,Squats,,1.0,1.0,0.0,True
C:\Users\acous\Desktop\sih2026\Railway Track Surface Faults Dataset\Squats\5.MOV_20201223130541_5739.JPEG,5.MOV_20201223130541_5739.JPEG,Squats,,0.9999,0.9998,0.0,True
C:\Users\acous\Desktop\sih2026\Railway Track Surface Faults Dataset\Squats\5.MOV_20201223130541_5740.JPEG,5.MOV_20201223130541_5740.JPEG,Squats,,0.9999,0.9998,0.0,True
C:\Users\acous\Desktop\sih2026\Railway Track Surface Faults Dataset\Squats\5.MOV_20201223130541_5741.JPEG,5.MOV_20201223130541_5741.JPEG,Squats,,0.9996,0.9993,0.0,True
C:\Users\acous\Desktop\sih2026\Railway Track Surface Faults Dataset\Squats\5.MOV_20201223130541_5742.JPEG,5.MOV_20201223130541_5742.JPEG,Squats,,0.9907,0.9818,0.0,True
C:\Users\acous\Desktop\sih2026\Railway Track Surface Faults Dataset\Squats\5.MOV_20201223130541_5744.JPEG,5.MOV_20201223130541_5744.JPEG,Squats,,0.896,0.7955,0.0,True
C:\Users\acous\Desktop\sih2026\Railway Track Surface Faults Dataset\Squats\5.MOV_20201223130541_5745.JPEG,5.MOV_20201223130541_5745.JPEG,Squats,,0.9995,0.9991,0.0,True
C:\Users\acous\Desktop\sih2026\Railway Track Surface Faults Dataset\Squats\5.MOV_20201223130541_5746.JPEG,5.MOV_20201223130541_5746.JPEG,Squats,,0.9824,0.9669,0.0,True
C:\Users\acous\Desktop\sih2026\Railway Track Surface Faults Dataset\Squats\5.MOV_20201223130541_5747.JPEG,5.MOV_20201223130541_5747.JPEG,Squats,,0.9278,0.8643,0.0,True
C:\Users\acous\Desktop\sih2026\Railway Track Surface Faults Dataset\Squats\5.MOV_20201223130541_5764.JPEG,5.MOV_20201223130541_5764.JPEG,Squats,,0.9958,0.9929,0.0,True
C:\Users\acous\Desktop\sih2026\Railway Track Surface Faults Dataset\Squats\5.MOV_20201223130541_5765.JPEG,5.MOV_20201223130541_5765.JPEG,Squats,,0.9587,0.9181,0.0,True
C:\Users\acous\Desktop\sih2026\Railway Track Surface Faults Dataset\Squats\5.MOV_20201223130541_5766.JPEG,5.MOV_20201223130541_5766.JPEG,Squats,,0.6703,0.3479,0.0,True
C:\Users\acous\Desktop\sih2026\Railway Track Surface Faults Dataset\Squats\5.MOV_20201223130541_5785.JPEG,5.MOV_20201223130541_5785.JPEG,Squats,,0.7537,0.5192,0.0,True
C:\Users\acous\Desktop\sih2026\Railway Track Surface Faults Dataset\Squats\5.MOV_20201223130541_5786.JPEG,5.MOV_20201223130541_5786.JPEG,Squats,,0.7003,0.4022,0.0,True
C:\Users\acous\Desktop\sih2026\Railway Track Surface Faults Dataset\Squats\5.MOV_20201223130541_5787.JPEG,5.MOV_20201223130541_5787.JPEG,Squats,,0.9889,0.9798,0.0,True
C:\Users\acous\Desktop\sih2026\Railway Track Surface Faults Dataset\Squats\5.MOV_20201223130541_5788.JPEG,5.MOV_20201223130541_5788.JPEG,Squats,,0.969,0.9404,0.0,True
C:\Users\acous\Desktop\sih2026\Railway Track Surface Faults Dataset\Squats\5.MOV_20201223130541_5789.JPEG,5.MOV_20201223130541_5789.JPEG,Squats,,0.9186,0.8396,0.0,True
C:\Users\acous\Desktop\sih2026\Railway Track Surface Faults Dataset\Squats\5.MOV_20201223130541_5790.JPEG,5.MOV_20201223130541_5790.JPEG,Squats,,0.5799,0.1801,0.0,True
C:\Users\acous\Desktop\sih2026\Railway Track Surface Faults Dataset\Squats\5.MOV_20201223130541_5791.JPEG,5.MOV_20201223130541_5791.JPEG,Squats,,0.9999,0.9998,0.0,True
C:\Users\acous\Desktop\sih2026\Railway Track Surface Faults Dataset\Squats\5.MOV_20201223130541_5792.JPEG,5.MOV_20201223130541_5792.JPEG,Squats,,1.0,1.0,0.0,True
C:\Users\acous\Desktop\sih2026\Railway Track Surface Faults Dataset\Squats\5.MOV_20201223130541_5793.JPEG,5.MOV_20201223130541_5793.JPEG,Squats,,0.9989,0.9979,0.0,True
C:\Users\acous\Desktop\sih2026\Railway Track Surface Faults Dataset\Squats\5.MOV_20201223130541_5794.JPEG,5.MOV_20201223130541_5794.JPEG,Squats,,0.9745,0.954,0.0,True
C:\Users\acous\Desktop\sih2026\Railway Track Surface Faults Dataset\Squats\5.MOV_20201223130541_5797.JPEG,5.MOV_20201223130541_5797.JPEG,Squats,,0.825,0.6542,0.0,True
C:\Users\acous\Desktop\sih2026\Railway Track Surface Faults Dataset\Squats\5.MOV_20201223130541_5798.JPEG,5.MOV_20201223130541_5798.JPEG,Squats,,0.8646,0.7293,0.0,True
C:\Users\acous\Desktop\sih2026\Railway Track Surface Faults Dataset\Squats\5.MOV_20201223130541_5799.JPEG,5.MOV_20201223130541_5799.JPEG,Squats,,0.9676,0.9354,0.0,True
C:\Users\acous\Desktop\sih2026\Railway Track Surface Faults Dataset\Squats\5.MOV_20201223130541_5820.JPEG,5.MOV_20201223130541_5820.JPEG,Squats,,0.995,0.9901,0.0,True
C:\Users\acous\Desktop\sih2026\Railway Track Surface Faults Dataset\Squats\5.MOV_20201223130541_5821.JPEG,5.MOV_20201223130541_5821.JPEG,Squats,,0.9939,0.9879,0.0,True
C:\Users\acous\Desktop\sih2026\Railway Track Surface Faults Dataset\Squats\5.MOV_20201223130541_5822.JPEG,5.MOV_20201223130541_5822.JPEG,Squats,,0.9956,0.9912,0.0,True
C:\Users\acous\Desktop\sih2026\Railway Track Surface Faults Dataset\Squats\5.MOV_20201223130541_5823.JPEG,5.MOV_20201223130541_5823.JPEG,Squats,,0.9931,0.9864,0.0,True
C:\Users\acous\Desktop\sih2026\Railway Track Surface Faults Dataset\Squats\5.MOV_20201223130541_5824.JPEG,5.MOV_20201223130541_5824.JPEG,Squats,,0.9865,0.9738,0.0,True
C:\Users\acous\Desktop\sih2026\Railway Track Surface Faults Dataset\Squats\5.MOV_20201223130541_5825.JPEG,5.MOV_20201223130541_5825.JPEG,Squats,,0.9989,0.9978,0.0,True
C:\Users\acous\Desktop\sih2026\Railway Track Surface Faults Dataset\Squats\5.MOV_20201223130541_5826.JPEG,5.MOV_20201223130541_5826.JPEG,Squats,,0.9999,0.9998,0.0,True
C:\Users\acous\Desktop\sih2026\Railway Track Surface Faults Dataset\Squats\5.MOV_20201223130541_5827.JPEG,5.MOV_20201223130541_5827.JPEG,Squats,,0.9587,0.9347,0.0,True
C:\Users\acous\Desktop\sih2026\Railway Track Surface Faults Dataset\Squats\5.MOV_20201223130541_5828.JPEG,5.MOV_20201223130541_5828.JPEG,Squats,,0.79,0.6244,0.0,True
C:\Users\acous\Desktop\sih2026\Railway Track Surface Faults Dataset\Squats\5.MOV_20201223130541_5830.JPEG,5.MOV_20201223130541_5830.JPEG,Squats,,0.952,0.9228,0.0,True
C:\Users\acous\Desktop\sih2026\Railway Track Surface Faults Dataset\Squats\5.MOV_20201223130541_5831.JPEG,5.MOV_20201223130541_5831.JPEG,Squats,,0.6717,0.4461,0.0,True
C:\Users\acous\Desktop\sih2026\Railway Track Surface Faults Dataset\Squats\5.MOV_20201223130541_5832.JPEG,5.MOV_20201223130541_5832.JPEG,Squats,,0.9993,0.9986,0.0,True
C:\Users\acous\Desktop\sih2026\Railway Track Surface Faults Dataset\Squats\5.MOV_20201223130541_5833.JPEG,5.MOV_20201223130541_5833.JPEG,Squats,,0.9998,0.9996,0.0,True
C:\Users\acous\Desktop\sih2026\Railway Track Surface Faults Dataset\Squats\5.MOV_20201223130541_5834.JPEG,5.MOV_20201223130541_5834.JPEG,Squats,,0.9999,0.9998,0.0,True
C:\Users\acous\Desktop\sih2026\Railway Track Surface Faults Dataset\Squats\5.MOV_20201223130541_5835.JPEG,5.MOV_20201223130541_5835.JPEG,Squats,,0.9995,0.9991,0.0,True
C:\Users\acous\Desktop\sih2026\Railway Track Surface Faults Dataset\Squats\5.MOV_20201223130541_5842.JPEG,5.MOV_20201223130541_5842.JPEG,Squats,,0.9872,0.9797,0.0,True
C:\Users\acous\Desktop\sih2026\Railway Track Surface Faults Dataset\Squats\5.MOV_20201223130541_5843.JPEG,5.MOV_20201223130541_5843.JPEG,Squats,,0.9992,0.9985,0.0,True
C:\Users\acous\Desktop\sih2026\Railway Track Surface Faults Dataset\Squats\5.MOV_20201223130541_5844.JPEG,5.MOV_20201223130541_5844.JPEG,Squats,,1.0,1.0,0.0,True
C:\Users\acous\Desktop\sih2026\Railway Track Surface Faults Dataset\Squats\5.MOV_20201223130541_5845.JPEG,5.MOV_20201223130541_5845.JPEG,Squats,,0.9999,0.9998,0.0,True
C:\Users\acous\Desktop\sih2026\Railway Track Surface Faults Dataset\Squats\5.MOV_20201223130541_5846.JPEG,5.MOV_20201223130541_5846.JPEG,Squats,,0.7452,0.5401,0.0,True
C:\Users\acous\Desktop\sih2026\Railway Track Surface Faults Dataset\Squats\5.MOV_20201223130541_5848.JPEG,5.MOV_20201223130541_5848.JPEG,Squats,,0.9906,0.9837,0.0,True
C:\Users\acous\Desktop\sih2026\Railway Track Surface Faults Dataset\Squats\5.MOV_20201223130541_5849.JPEG,5.MOV_20201223130541_5849.JPEG,Squats,,0.9977,0.9957,0.0,True
C:\Users\acous\Desktop\sih2026\Railway Track Surface Faults Dataset\Squats\5.MOV_20201223130541_5850.JPEG,5.MOV_20201223130541_5850.JPEG,Squats,,0.9898,0.9801,0.0,True
C:\Users\acous\Desktop\sih2026\Railway Track Surface Faults Dataset\Squats\5.MOV_20201223130541_5851.JPEG,5.MOV_20201223130541_5851.JPEG,Squats,,0.7326,0.4944,0.0,True
C:\Users\acous\Desktop\sih2026\Railway Track Surface Faults Dataset\Squats\5.MOV_20201223130541_5852.JPEG,5.MOV_20201223130541_5852.JPEG,Squats,,0.9721,0.945,0.0,True
C:\Users\acous\Desktop\sih2026\Railway Track Surface Faults Dataset\Squats\5.MOV_20201223130541_5853.JPEG,5.MOV_20201223130541_5853.JPEG,Squats,,0.9551,0.9121,0.0,True
C:\Users\acous\Desktop\sih2026\Railway Track Surface Faults Dataset\Squats\5.MOV_20201223130541_5854.JPEG,5.MOV_20201223130541_5854.JPEG,Squats,,0.9553,0.9129,0.0,True
C:\Users\acous\Desktop\sih2026\Railway Track Surface Faults Dataset\Squats\5.MOV_20201223130541_5855.JPEG,5.MOV_20201223130541_5855.JPEG,Squats,,0.9137,0.8386,0.0,True
C:\Users\acous\Desktop\sih2026\Railway Track Surface Faults Dataset\Squats\5.MOV_20201223130541_5858.JPEG,5.MOV_20201223130541_5858.JPEG,Squats,,0.9661,0.9454,0.0,True
C:\Users\acous\Desktop\sih2026\Railway Track Surface Faults Dataset\Squats\5.MOV_20201223130541_5859.JPEG,5.MOV_20201223130541_5859.JPEG,Squats,,0.6563,0.3371,0.0,True
C:\Users\acous\Desktop\sih2026\Railway Track Surface Faults Dataset\Squats\5.MOV_20201223130541_5860.JPEG,5.MOV_20201223130541_5860.JPEG,Squats,,0.9244,0.8544,0.0,True
C:\Users\acous\Desktop\sih2026\Railway Track Surface Faults Dataset\Squats\5.MOV_20201223130541_5861.JPEG,5.MOV_20201223130541_5861.JPEG,Squats,,1.0,1.0,0.0,True
C:\Users\acous\Desktop\sih2026\Railway Track Surface Faults Dataset\Squats\5.MOV_20201223130541_5862.JPEG,5.MOV_20201223130541_5862.JPEG,Squats,,0.9999,0.9998,0.0,True
C:\Users\acous\Desktop\sih2026\Railway Track Surface Faults Dataset\Squats\5.MOV_20201223130541_5863.JPEG,5.MOV_20201223130541_5863.JPEG,Squats,,0.6868,0.523,0.0,True
C:\Users\acous\Desktop\sih2026\Railway Track Surface Faults Dataset\Squats\5.MOV_20201223130541_5864.JPEG,5.MOV_20201223130541_5864.JPEG,Squats,,0.7402,0.6037,0.0,True
C:\Users\acous\Desktop\sih2026\Railway Track Surface Faults Dataset\Squats\5.MOV_20201223130541_5865.JPEG,5.MOV_20201223130541_5865.JPEG,Squats,,0.9776,0.9638,0.0,True
C:\Users\acous\Desktop\sih2026\Railway Track Surface Faults Dataset\Squats\5.MOV_20201223130541_5866.JPEG,5.MOV_20201223130541_5866.JPEG,Squats,,0.9999,0.9998,0.0,True
C:\Users\acous\Desktop\sih2026\Railway Track Surface Faults Dataset\Squats\5.MOV_20201223130541_5867.JPEG,5.MOV_20201223130541_5867.JPEG,Squats,,0.9998,0.9996,0.0,True
C:\Users\acous\Desktop\sih2026\Railway Track Surface Faults Dataset\Squats\5.MOV_20201223130541_5868.JPEG,5.MOV_20201223130541_5868.JPEG,Squats,,0.9945,0.9911,0.0,True
C:\Users\acous\Desktop\sih2026\Railway Track Surface Faults Dataset\Squats\5.MOV_20201223130541_5869.JPEG,5.MOV_20201223130541_5869.JPEG,Squats,,0.9879,0.9816,0.0,True
C:\Users\acous\Desktop\sih2026\Railway Track Surface Faults Dataset\Squats\5.MOV_20201223130541_5870.JPEG,5.MOV_20201223130541_5870.JPEG,Squats,,0.9982,0.9965,0.0,True
C:\Users\acous\Desktop\sih2026\Railway Track Surface Faults Dataset\Squats\5.MOV_20201223130541_5871.JPEG,5.MOV_20201223130541_5871.JPEG,Squats,,0.9999,0.9998,0.0,True
C:\Users\acous\Desktop\sih2026\Railway Track Surface Faults Dataset\Squats\5.MOV_20201223130541_5872.JPEG,5.MOV_20201223130541_5872.JPEG,Squats,,0.9999,0.9998,0.0,True
C:\Users\acous\Desktop\sih2026\Railway Track Surface Faults Dataset\Squats\5.MOV_20201223130541_5873.JPEG,5.MOV_20201223130541_5873.JPEG,Squats,,0.9981,0.9964,0.0,True
C:\Users\acous\Desktop\sih2026\Railway Track Surface Faults Dataset\Squats\5.MOV_20201223130541_5874.JPEG,5.MOV_20201223130541_5874.JPEG,Squats,,0.9875,0.9773,0.0,True
C:\Users\acous\Desktop\sih2026\Railway Track Surface Faults Dataset\Squats\5.MOV_20201223130541_5875.JPEG,5.MOV_20201223130541_5875.JPEG,Squats,,0.9943,0.9888,0.0,True
C:\Users\acous\Desktop\sih2026\Railway Track Surface Faults Dataset\Squats\5.MOV_20201223130541_5876.JPEG,5.MOV_20201223130541_5876.JPEG,Squats,,0.8418,0.6894,0.0,True
C:\Users\acous\Desktop\sih2026\Railway Track Surface Faults Dataset\Squats\5.MOV_20201223130541_5888.JPEG,5.MOV_20201223130541_5888.JPEG,Squats,,0.9913,0.9865,0.0,True
C:\Users\acous\Desktop\sih2026\Railway Track Surface Faults Dataset\Squats\5.MOV_20201223130541_5889.JPEG,5.MOV_20201223130541_5889.JPEG,Squats,,1.0,1.0,0.0,True
C:\Users\acous\Desktop\sih2026\Railway Track Surface Faults Dataset\Squats\5.MOV_20201223130541_5890.JPEG,5.MOV_20201223130541_5890.JPEG,Squats,,0.781,0.592,0.0,True
C:\Users\acous\Desktop\sih2026\Railway Track Surface Faults Dataset\Squats\5.MOV_20201223130541_5893.JPEG,5.MOV_20201223130541_5893.JPEG,Squats,,0.9999,0.9998,0.0,True
C:\Users\acous\Desktop\sih2026\Railway Track Surface Faults Dataset\Squats\5.MOV_20201223130541_5894.JPEG,5.MOV_20201223130541_5894.JPEG,Squats,,1.0,1.0,0.0,True
C:\Users\acous\Desktop\sih2026\Railway Track Surface Faults Dataset\Squats\5.MOV_20201223130541_5895.JPEG,5.MOV_20201223130541_5895.JPEG,Squats,,0.9946,0.9916,0.0,True
C:\Users\acous\Desktop\sih2026\Railway Track Surface Faults Dataset\Squats\5.MOV_20201223130541_5902.JPEG,5.MOV_20201223130541_5902.JPEG,Squats,,0.9999,0.9998,0.0,True
C:\Users\acous\Desktop\sih2026\Railway Track Surface Faults Dataset\Squats\5.MOV_20201223130541_5903.JPEG,5.MOV_20201223130541_5903.JPEG,Squats,,0.9999,0.9998,0.0,True
C:\Users\acous\Desktop\sih2026\Railway Track Surface Faults Dataset\Squats\5.MOV_20201223130541_5904.JPEG,5.MOV_20201223130541_5904.JPEG,Squats,,0.9985,0.9976,0.0,True
C:\Users\acous\Desktop\sih2026\Railway Track Surface Faults Dataset\Squats\5.MOV_20201223130541_6109.JPEG,5.MOV_20201223130541_6109.JPEG,Squats,,0.9991,0.9987,0.0,True
C:\Users\acous\Desktop\sih2026\Railway Track Surface Faults Dataset\Squats\5.MOV_20201223130541_6110.JPEG,5.MOV_20201223130541_6110.JPEG,Squats,,0.9999,0.9999,0.0,True
C:\Users\acous\Desktop\sih2026\Railway Track Surface Faults Dataset\Squats\5.MOV_20201223130541_6111.JPEG,5.MOV_20201223130541_6111.JPEG,Squats,,0.9999,0.9998,0.0,True
C:\Users\acous\Desktop\sih2026\Railway Track Surface Faults Dataset\Squats\5.MOV_20201223130541_6112.JPEG,5.MOV_20201223130541_6112.JPEG,Squats,,0.749,0.5051,0.0,True
C:\Users\acous\Desktop\sih2026\Railway Track Surface Faults Dataset\Squats\5.MOV_20201223130541_6442.JPEG,5.MOV_20201223130541_6442.JPEG,Squats,,0.7877,0.5816,0.0,True
C:\Users\acous\Desktop\sih2026\Railway Track Surface Faults Dataset\Squats\5.MOV_20201223130541_6443.JPEG,5.MOV_20201223130541_6443.JPEG,Squats,,0.9594,0.9261,0.0,True
C:\Users\acous\Desktop\sih2026\Railway Track Surface Faults Dataset\Squats\5.MOV_20201223130541_6444.JPEG,5.MOV_20201223130541_6444.JPEG,Squats,,0.943,0.9122,0.0,True
C:\Users\acous\Desktop\sih2026\Railway Track Surface Faults Dataset\Squats\5.MOV_20201223130541_6445.JPEG,5.MOV_20201223130541_6445.JPEG,Squats,,0.919,0.8561,0.0,True
C:\Users\acous\Desktop\sih2026\Railway Track Surface Faults Dataset\Squats\5.MOV_20201223130541_6446.JPEG,5.MOV_20201223130541_6446.JPEG,Squats,,0.6337,0.2807,0.0,True
C:\Users\acous\Desktop\sih2026\Railway Track Surface Faults Dataset\Squats\5.MOV_20201223130541_6447.JPEG,5.MOV_20201223130541_6447.JPEG,Squats,,0.8291,0.6762,0.0,True
C:\Users\acous\Desktop\sih2026\Railway Track Surface Faults Dataset\Squats\5.MOV_20201223130541_6448.JPEG,5.MOV_20201223130541_6448.JPEG,Squats,,0.5935,0.2281,0.0,True
C:\Users\acous\Desktop\sih2026\Railway Track Surface Faults Dataset\Squats\5.MOV_20201223130541_6454.JPEG,5.MOV_20201223130541_6454.JPEG,Squats,,0.9404,0.8893,0.0,True
C:\Users\acous\Desktop\sih2026\Railway Track Surface Faults Dataset\Squats\5.MOV_20201223130541_6455.JPEG,5.MOV_20201223130541_6455.JPEG,Squats,,0.9991,0.9983,0.0,True
C:\Users\acous\Desktop\sih2026\Railway Track Surface Faults Dataset\Squats\5.MOV_20201223130541_6456.JPEG,5.MOV_20201223130541_6456.JPEG,Squats,,0.9969,0.9938,0.0,True
C:\Users\acous\Desktop\sih2026\Railway Track Surface Faults Dataset\Squats\5.MOV_20201223130541_6457.JPEG,5.MOV_20201223130541_6457.JPEG,Squats,,0.9933,0.9871,0.0,True
C:\Users\acous\Desktop\sih2026\Railway Track Surface Faults Dataset\Squats\5.MOV_20201223130541_6458.JPEG,5.MOV_20201223130541_6458.JPEG,Squats,,0.9982,0.9967,0.0,True
C:\Users\acous\Desktop\sih2026\Railway Track Surface Faults Dataset\Squats\5.MOV_20201223130541_6459.JPEG,5.MOV_20201223130541_6459.JPEG,Squats,,0.9992,0.9987,0.0,True
C:\Users\acous\Desktop\sih2026\Railway Track Surface Faults Dataset\Squats\5.MOV_20201223130541_6460.JPEG,5.MOV_20201223130541_6460.JPEG,Squats,,0.974,0.9592,0.0,True
C:\Users\acous\Desktop\sih2026\Railway Track Surface Faults Dataset\Squats\5.MOV_20201223130541_6540.JPEG,5.MOV_20201223130541_6540.JPEG,Squats,,0.7012,0.4028,0.0,True
C:\Users\acous\Desktop\sih2026\Railway Track Surface Faults Dataset\Squats\5.MOV_20201223130541_6541.JPEG,5.MOV_20201223130541_6541.JPEG,Squats,,0.9529,0.9059,0.0,True
C:\Users\acous\Desktop\sih2026\Railway Track Surface Faults Dataset\Squats\5.MOV_20201223130541_6542.JPEG,5.MOV_20201223130541_6542.JPEG,Squats,,0.983,0.966,0.0,True
C:\Users\acous\Desktop\sih2026\Railway Track Surface Faults Dataset\Squats\5.MOV_20201223130541_6543.JPEG,5.MOV_20201223130541_6543.JPEG,Squats,,0.9987,0.9974,0.0,True
C:\Users\acous\Desktop\sih2026\Railway Track Surface Faults Dataset\Squats\5.MOV_20201223130541_6544.JPEG,5.MOV_20201223130541_6544.JPEG,Squats,,0.9983,0.9966,0.0,True
C:\Users\acous\Desktop\sih2026\Railway Track Surface Faults Dataset\Squats\5.MOV_20201223130541_6545.JPEG,5.MOV_20201223130541_6545.JPEG,Squats,,0.9976,0.9952,0.0,True
C:\Users\acous\Desktop\sih2026\Railway Track Surface Faults Dataset\Squats\5.MOV_20201223130541_6546.JPEG,5.MOV_20201223130541_6546.JPEG,Squats,,0.9685,0.9371,0.0,True
C:\Users\acous\Desktop\sih2026\Railway Track Surface Faults Dataset\Squats\5.MOV_20201223130541_6547.JPEG,5.MOV_20201223130541_6547.JPEG,Squats,,0.8707,0.7416,0.0,True
C:\Users\acous\Desktop\sih2026\Railway Track Surface Faults Dataset\Squats\5.MOV_20201223130541_6548.JPEG,5.MOV_20201223130541_6548.JPEG,Squats,,0.6325,0.2663,0.0,True
C:\Users\acous\Desktop\sih2026\Railway Track Surface Faults Dataset\Squats\5.MOV_20201223130541_6615.JPEG,5.MOV_20201223130541_6615.JPEG,Squats,,0.7214,0.4633,0.0,True
C:\Users\acous\Desktop\sih2026\Railway Track Surface Faults Dataset\Squats\5.MOV_20201223130541_6616.JPEG,5.MOV_20201223130541_6616.JPEG,Squats,,0.7653,0.6244,0.0,True
C:\Users\acous\Desktop\sih2026\Railway Track Surface Faults Dataset\Squats\5.MOV_20201223130541_6617.JPEG,5.MOV_20201223130541_6617.JPEG,Squats,,0.7514,0.5767,0.0,True
C:\Users\acous\Desktop\sih2026\Railway Track Surface Faults Dataset\Squats\5.MOV_20201223130541_6618.JPEG,5.MOV_20201223130541_6618.JPEG,Squats,,0.7094,0.4464,0.0,True
C:\Users\acous\Desktop\sih2026\Railway Track Surface Faults Dataset\Squats\5.MOV_20201223130541_6619.JPEG,5.MOV_20201223130541_6619.JPEG,Squats,,0.5826,0.1803,0.0,True
C:\Users\acous\Desktop\sih2026\Railway Track Surface Faults Dataset\Squats\5.MOV_20201223130541_6620.JPEG,5.MOV_20201223130541_6620.JPEG,Squats,,0.5948,0.3792,0.0,True
C:\Users\acous\Desktop\sih2026\Railway Track Surface Faults Dataset\Squats\5.MOV_20201223130541_6621.JPEG,5.MOV_20201223130541_6621.JPEG,Squats,,0.5498,0.2175,0.0,True
C:\Users\acous\Desktop\sih2026\Railway Track Surface Faults Dataset\Squats\5.MOV_20201223130541_6622.JPEG,5.MOV_20201223130541_6622.JPEG,Squats,,0.3929,0.0148,0.0,True
C:\Users\acous\Desktop\sih2026\Railway Track Surface Faults Dataset\Squats\5.MOV_20201223130541_6623.JPEG,5.MOV_20201223130541_6623.JPEG,Squats,,0.486,0.2323,0.0,True
C:\Users\acous\Desktop\sih2026\Railway Track Surface Faults Dataset\Squats\5.MOV_20201223130541_6624.JPEG,5.MOV_20201223130541_6624.JPEG,Squats,,0.598,0.3721,0.0,True
C:\Users\acous\Desktop\sih2026\Railway Track Surface Faults Dataset\Squats\5.MOV_20201223130541_6625.JPEG,5.MOV_20201223130541_6625.JPEG,Squats,,0.4914,0.168,0.0,True
C:\Users\acous\Desktop\sih2026\Railway Track Surface Faults Dataset\Squats\5.MOV_20201223130541_6626.JPEG,5.MOV_20201223130541_6626.JPEG,Squats,,0.4274,0.1358,0.0,True
C:\Users\acous\Desktop\sih2026\Railway Track Surface Faults Dataset\Squats\5.MOV_20201223130541_6627.JPEG,5.MOV_20201223130541_6627.JPEG,Squats,,0.7755,0.654,0.0,True
C:\Users\acous\Desktop\sih2026\Railway Track Surface Faults Dataset\Squats\5.MOV_20201223130541_6628.JPEG,5.MOV_20201223130541_6628.JPEG,Squats,,0.5157,0.3327,0.0,True
C:\Users\acous\Desktop\sih2026\Railway Track Surface Faults Dataset\Squats\5.MOV_20201223130541_6629.JPEG,5.MOV_20201223130541_6629.JPEG,Squats,,0.6443,0.4141,0.0,True
C:\Users\acous\Desktop\sih2026\Railway Track Surface Faults Dataset\Squats\5.MOV_20201223130541_6630.JPEG,5.MOV_20201223130541_6630.JPEG,Squats,,0.8407,0.7241,0.0,True
C:\Users\acous\Desktop\sih2026\Railway Track Surface Faults Dataset\Squats\5.MOV_20201223130541_6631.JPEG,5.MOV_20201223130541_6631.JPEG,Squats,,0.7771,0.6524,0.0,True
C:\Users\acous\Desktop\sih2026\Railway Track Surface Faults Dataset\Squats\5.MOV_20201223130541_6632.JPEG,5.MOV_20201223130541_6632.JPEG,Squats,,0.5151,0.125,0.0,True
C:\Users\acous\Desktop\sih2026\Railway Track Surface Faults Dataset\Squats\5.MOV_20201223130541_6633.JPEG,5.MOV_20201223130541_6633.JPEG,Squats,,0.8493,0.7661,0.0,True
C:\Users\acous\Desktop\sih2026\Railway Track Surface Faults Dataset\Squats\5.MOV_20201223130541_6634.JPEG,5.MOV_20201223130541_6634.JPEG,Squats,,0.8336,0.7043,0.0,True
C:\Users\acous\Desktop\sih2026\Railway Track Surface Faults Dataset\Squats\5.MOV_20201223130541_6635.JPEG,5.MOV_20201223130541_6635.JPEG,Squats,,0.7235,0.4734,0.0,True
C:\Users\acous\Desktop\sih2026\Railway Track Surface Faults Dataset\Squats\5.MOV_20201223130541_6636.JPEG,5.MOV_20201223130541_6636.JPEG,Squats,,0.5858,0.2028,0.0,True
C:\Users\acous\Desktop\sih2026\Railway Track Surface Faults Dataset\Squats\5.MOV_20201223130541_6637.JPEG,5.MOV_20201223130541_6637.JPEG,Squats,,0.5527,0.1616,0.0,True
C:\Users\acous\Desktop\sih2026\Railway Track Surface Faults Dataset\Squats\5.MOV_20201223130541_6638.JPEG,5.MOV_20201223130541_6638.JPEG,Squats,,0.6431,0.3781,0.0,True
C:\Users\acous\Desktop\sih2026\Railway Track Surface Faults Dataset\Squats\5.MOV_20201223130541_6639.JPEG,5.MOV_20201223130541_6639.JPEG,Squats,,0.4904,0.0682,0.0,True
C:\Users\acous\Desktop\sih2026\Railway Track Surface Faults Dataset\Squats\5.MOV_20201223130541_6640.JPEG,5.MOV_20201223130541_6640.JPEG,Squats,,0.6339,0.2825,0.0,True
C:\Users\acous\Desktop\sih2026\Railway Track Surface Faults Dataset\Squats\5.MOV_20201223130541_6641.JPEG,5.MOV_20201223130541_6641.JPEG,Squats,,0.623,0.3585,0.0,True
C:\Users\acous\Desktop\sih2026\Railway Track Surface Faults Dataset\Squats\5.MOV_20201223130541_6642.JPEG,5.MOV_20201223130541_6642.JPEG,Squats,,0.6832,0.3899,0.0,True
C:\Users\acous\Desktop\sih2026\Railway Track Surface Faults Dataset\Squats\5.MOV_20201223130541_6643.JPEG,5.MOV_20201223130541_6643.JPEG,Squats,,0.6936,0.4174,0.0,True
C:\Users\acous\Desktop\sih2026\Railway Track Surface Faults Dataset\Squats\5.MOV_20201223130541_6644.JPEG,5.MOV_20201223130541_6644.JPEG,Squats,,0.582,0.2049,0.0,True
C:\Users\acous\Desktop\sih2026\Railway Track Surface Faults Dataset\Squats\5.MOV_20201223130541_6645.JPEG,5.MOV_20201223130541_6645.JPEG,Squats,,0.7144,0.4719,0.0,True
C:\Users\acous\Desktop\sih2026\Railway Track Surface Faults Dataset\Squats\5.MOV_20201223130541_6646.JPEG,5.MOV_20201223130541_6646.JPEG,Squats,,0.8399,0.7007,0.0,True
C:\Users\acous\Desktop\sih2026\Railway Track Surface Faults Dataset\Squats\5.MOV_20201223130541_6647.JPEG,5.MOV_20201223130541_6647.JPEG,Squats,,0.5686,0.1633,0.0,True
C:\Users\acous\Desktop\sih2026\Railway Track Surface Faults Dataset\Squats\5.MOV_20201223130541_6648.JPEG,5.MOV_20201223130541_6648.JPEG,Squats,,0.9019,0.8352,0.0,True
C:\Users\acous\Desktop\sih2026\Railway Track Surface Faults Dataset\Squats\5.MOV_20201223130541_6649.JPEG,5.MOV_20201223130541_6649.JPEG,Squats,,0.9906,0.9839,0.0,True
C:\Users\acous\Desktop\sih2026\Railway Track Surface Faults Dataset\Squats\5.MOV_20201223130541_6650.JPEG,5.MOV_20201223130541_6650.JPEG,Squats,,0.9982,0.9968,0.0,True
C:\Users\acous\Desktop\sih2026\Railway Track Surface Faults Dataset\Squats\5.MOV_20201223130541_6651.JPEG,5.MOV_20201223130541_6651.JPEG,Squats,,0.9992,0.9987,0.0,True
C:\Users\acous\Desktop\sih2026\Railway Track Surface Faults Dataset\Squats\5.MOV_20201223130541_6652.JPEG,5.MOV_20201223130541_6652.JPEG,Squats,,1.0,1.0,0.0,True
C:\Users\acous\Desktop\sih2026\Railway Track Surface Faults Dataset\Squats\5.MOV_20201223130541_6653.JPEG,5.MOV_20201223130541_6653.JPEG,Squats,,1.0,1.0,0.0,True
C:\Users\acous\Desktop\sih2026\Railway Track Surface Faults Dataset\Squats\5.MOV_20201223130541_6654.JPEG,5.MOV_20201223130541_6654.JPEG,Squats,,1.0,1.0,0.0,True
C:\Users\acous\Desktop\sih2026\Railway Track Surface Faults Dataset\Squats\5.MOV_20201223130541_6655.JPEG,5.MOV_20201223130541_6655.JPEG,Squats,,1.0,1.0,0.0,True
C:\Users\acous\Desktop\sih2026\Railway Track Surface Faults Dataset\Squats\5.MOV_20201223130541_6656.JPEG,5.MOV_20201223130541_6656.JPEG,Squats,,1.0,1.0,0.0,True
C:\Users\acous\Desktop\sih2026\Railway Track Surface Faults Dataset\Squats\5.MOV_20201223130541_6657.JPEG,5.MOV_20201223130541_6657.JPEG,Squats,,0.9992,0.9986,0.0,True
C:\Users\acous\Desktop\sih2026\Railway Track Surface Faults Dataset\Squats\5.MOV_20201223130541_6658.JPEG,5.MOV_20201223130541_6658.JPEG,Squats,,0.9864,0.9747,0.0,True
C:\Users\acous\Desktop\sih2026\Railway Track Surface Faults Dataset\Squats\5.MOV_20201223130541_6659.JPEG,5.MOV_20201223130541_6659.JPEG,Squats,,0.4753,0.103,0.0,True
C:\Users\acous\Desktop\sih2026\Railway Track Surface Faults Dataset\Squats\5.MOV_20201223130541_6660.JPEG,5.MOV_20201223130541_6660.JPEG,Squats,,0.8187,0.6528,0.0,True
C:\Users\acous\Desktop\sih2026\Railway Track Surface Faults Dataset\Squats\5.MOV_20201223130541_6661.JPEG,5.MOV_20201223130541_6661.JPEG,Squats,,0.8169,0.6422,0.0,True
C:\Users\acous\Desktop\sih2026\Railway Track Surface Faults Dataset\Squats\5.MOV_20201223130541_6781.JPEG,5.MOV_20201223130541_6781.JPEG,Squats,,0.5741,0.3289,0.0,True
C:\Users\acous\Desktop\sih2026\Railway Track Surface Faults Dataset\Squats\5.MOV_20201223130541_6782.JPEG,5.MOV_20201223130541_6782.JPEG,Squats,,0.4421,0.1359,0.0,True
C:\Users\acous\Desktop\sih2026\Railway Track Surface Faults Dataset\Squats\5.MOV_20201223130541_6783.JPEG,5.MOV_20201223130541_6783.JPEG,Squats,,0.4205,0.1292,0.0,True
C:\Users\acous\Desktop\sih2026\Railway Track Surface Faults Dataset\Squats\5.MOV_20201223130541_6784.JPEG,5.MOV_20201223130541_6784.JPEG,Squats,,0.6313,0.3472,0.0,True
C:\Users\acous\Desktop\sih2026\Railway Track Surface Faults Dataset\Squats\5.MOV_20201223130541_6785.JPEG,5.MOV_20201223130541_6785.JPEG,Squats,,0.8213,0.6783,0.0,True
C:\Users\acous\Desktop\sih2026\Railway Track Surface Faults Dataset\Squats\5.MOV_20201223130541_6786.JPEG,5.MOV_20201223130541_6786.JPEG,Squats,,0.531,0.2547,0.0,True
C:\Users\acous\Desktop\sih2026\Railway Track Surface Faults Dataset\Squats\5.MOV_20201223130541_6787.JPEG,5.MOV_20201223130541_6787.JPEG,Squats,,0.4788,0.136,0.0,True
C:\Users\acous\Desktop\sih2026\Railway Track Surface Faults Dataset\Squats\5.MOV_20201223130541_6788.JPEG,5.MOV_20201223130541_6788.JPEG,Squats,,0.4068,0.0352,0.0,True
C:\Users\acous\Desktop\sih2026\Railway Track Surface Faults Dataset\Squats\5.MOV_20201223130541_6789.JPEG,5.MOV_20201223130541_6789.JPEG,Squats,,0.5118,0.1294,0.0,True
C:\Users\acous\Desktop\sih2026\Railway Track Surface Faults Dataset\Squats\5.MOV_20201223130541_6790.JPEG,5.MOV_20201223130541_6790.JPEG,Squats,,0.7288,0.473,0.0,True
C:\Users\acous\Desktop\sih2026\Railway Track Surface Faults Dataset\Squats\5.MOV_20201223130541_6791.JPEG,5.MOV_20201223130541_6791.JPEG,Squats,,0.5563,0.1305,0.0,True
C:\Users\acous\Desktop\sih2026\Railway Track Surface Faults Dataset\Squats\5.MOV_20201223130541_6792.JPEG,5.MOV_20201223130541_6792.JPEG,Squats,,0.5028,0.0144,0.0,True
C:\Users\acous\Desktop\sih2026\Railway Track Surface Faults Dataset\Squats\5.MOV_20201223130541_6793.JPEG,5.MOV_20201223130541_6793.JPEG,Squats,,0.5638,0.1419,0.0,True
C:\Users\acous\Desktop\sih2026\Railway Track Surface Faults Dataset\Squats\5.MOV_20201223130541_6794.JPEG,5.MOV_20201223130541_6794.JPEG,Squats,,0.6964,0.4206,0.0,True
C:\Users\acous\Desktop\sih2026\Railway Track Surface Faults Dataset\Squats\5.MOV_20201223130541_6795.JPEG,5.MOV_20201223130541_6795.JPEG,Squats,,0.5791,0.1682,0.0,True
C:\Users\acous\Desktop\sih2026\Railway Track Surface Faults Dataset\Squats\5.MOV_20201223130541_6796.JPEG,5.MOV_20201223130541_6796.JPEG,Squats,,0.7775,0.5981,0.0,True
C:\Users\acous\Desktop\sih2026\Railway Track Surface Faults Dataset\Squats\5.MOV_20201223130541_6838.JPEG,5.MOV_20201223130541_6838.JPEG,Squats,,0.6594,0.3656,0.0,True
C:\Users\acous\Desktop\sih2026\Railway Track Surface Faults Dataset\Squats\5.MOV_20201223130541_6839.JPEG,5.MOV_20201223130541_6839.JPEG,Squats,,0.9648,0.9383,0.0,True
C:\Users\acous\Desktop\sih2026\Railway Track Surface Faults Dataset\Squats\5.MOV_20201223130541_6840.JPEG,5.MOV_20201223130541_6840.JPEG,Squats,,0.946,0.9052,0.0,True
C:\Users\acous\Desktop\sih2026\Railway Track Surface Faults Dataset\Squats\5.MOV_20201223130541_6841.JPEG,5.MOV_20201223130541_6841.JPEG,Squats,,0.9891,0.9817,0.0,True
C:\Users\acous\Desktop\sih2026\Railway Track Surface Faults Dataset\Squats\5.MOV_20201223130541_6842.JPEG,5.MOV_20201223130541_6842.JPEG,Squats,,0.974,0.9609,0.0,True
C:\Users\acous\Desktop\sih2026\Railway Track Surface Faults Dataset\Squats\5.MOV_20201223130541_6843.JPEG,5.MOV_20201223130541_6843.JPEG,Squats,,0.5905,0.3235,0.0,True
C:\Users\acous\Desktop\sih2026\Railway Track Surface Faults Dataset\Squats\5.MOV_20201223130541_6844.JPEG,5.MOV_20201223130541_6844.JPEG,Squats,,0.5699,0.3356,0.0,True
C:\Users\acous\Desktop\sih2026\Railway Track Surface Faults Dataset\Squats\5.MOV_20201223130541_6845.JPEG,5.MOV_20201223130541_6845.JPEG,Squats,,0.8017,0.6674,0.0,True
C:\Users\acous\Desktop\sih2026\Railway Track Surface Faults Dataset\Squats\5.MOV_20201223130541_6846.JPEG,5.MOV_20201223130541_6846.JPEG,Squats,,0.5884,0.374,0.0,True
C:\Users\acous\Desktop\sih2026\Railway Track Surface Faults Dataset\Squats\5.MOV_20201223130541_6847.JPEG,5.MOV_20201223130541_6847.JPEG,Squats,,0.3986,0.0564,0.0,True
C:\Users\acous\Desktop\sih2026\Railway Track Surface Faults Dataset\Squats\5.MOV_20201223130541_6848.JPEG,5.MOV_20201223130541_6848.JPEG,Squats,,0.3639,0.0472,0.0,True
C:\Users\acous\Desktop\sih2026\Railway Track Surface Faults Dataset\Squats\5.MOV_20201223130541_6865.JPEG,5.MOV_20201223130541_6865.JPEG,Squats,,0.5605,0.2765,0.0,True
C:\Users\acous\Desktop\sih2026\Railway Track Surface Faults Dataset\Squats\5.MOV_20201223130541_6866.JPEG,5.MOV_20201223130541_6866.JPEG,Squats,,0.6647,0.3928,0.0,True
C:\Users\acous\Desktop\sih2026\Railway Track Surface Faults Dataset\Squats\5.MOV_20201223130541_6867.JPEG,5.MOV_20201223130541_6867.JPEG,Squats,,0.8158,0.6552,0.0,True
C:\Users\acous\Desktop\sih2026\Railway Track Surface Faults Dataset\Squats\5.MOV_20201223130541_6868.JPEG,5.MOV_20201223130541_6868.JPEG,Squats,,0.9856,0.9723,0.0,True
C:\Users\acous\Desktop\sih2026\Railway Track Surface Faults Dataset\Squats\5.MOV_20201223130541_6869.JPEG,5.MOV_20201223130541_6869.JPEG,Squats,,0.9957,0.9916,0.0,True
C:\Users\acous\Desktop\sih2026\Railway Track Surface Faults Dataset\Squats\5.MOV_20201223130541_6870.JPEG,5.MOV_20201223130541_6870.JPEG,Squats,,0.9971,0.9944,0.0,True
C:\Users\acous\Desktop\sih2026\Railway Track Surface Faults Dataset\Squats\5.MOV_20201223130541_6871.JPEG,5.MOV_20201223130541_6871.JPEG,Squats,,0.9948,0.9901,0.0,True
C:\Users\acous\Desktop\sih2026\Railway Track Surface Faults Dataset\Squats\5.MOV_20201223130541_6872.JPEG,5.MOV_20201223130541_6872.JPEG,Squats,,0.985,0.9768,0.0,True
C:\Users\acous\Desktop\sih2026\Railway Track Surface Faults Dataset\Squats\5.MOV_20201223130541_6873.JPEG,5.MOV_20201223130541_6873.JPEG,Squats,,0.9309,0.8838,0.0,True
C:\Users\acous\Desktop\sih2026\Railway Track Surface Faults Dataset\Squats\5.MOV_20201223130541_6874.JPEG,5.MOV_20201223130541_6874.JPEG,Squats,,0.5655,0.2735,0.0,True
C:\Users\acous\Desktop\sih2026\Railway Track Surface Faults Dataset\Squats\5.MOV_20201223130541_6914.JPEG,5.MOV_20201223130541_6914.JPEG,Squats,,0.4341,0.0152,0.0,True
C:\Users\acous\Desktop\sih2026\Railway Track Surface Faults Dataset\Squats\5.MOV_20201223130541_6915.JPEG,5.MOV_20201223130541_6915.JPEG,Squats,,0.6225,0.3786,0.0,True
C:\Users\acous\Desktop\sih2026\Railway Track Surface Faults Dataset\Squats\5.MOV_20201223130541_6916.JPEG,5.MOV_20201223130541_6916.JPEG,Squats,,0.9528,0.9212,0.0,True
C:\Users\acous\Desktop\sih2026\Railway Track Surface Faults Dataset\Squats\5.MOV_20201223130541_6917.JPEG,5.MOV_20201223130541_6917.JPEG,Squats,,0.9546,0.9324,0.0,True
C:\Users\acous\Desktop\sih2026\Railway Track Surface Faults Dataset\Squats\5.MOV_20201223130541_6918.JPEG,5.MOV_20201223130541_6918.JPEG,Squats,,0.9259,0.8825,0.0,True
C:\Users\acous\Desktop\sih2026\Railway Track Surface Faults Dataset\Squats\5.MOV_20201223130541_6919.JPEG,5.MOV_20201223130541_6919.JPEG,Squats,,0.9983,0.9968,0.0,True
C:\Users\acous\Desktop\sih2026\Railway Track Surface Faults Dataset\Squats\5.MOV_20201223130541_6920.JPEG,5.MOV_20201223130541_6920.JPEG,Squats,,0.4168,0.0545,0.0,True
C:\Users\acous\Desktop\sih2026\Railway Track Surface Faults Dataset\Squats\5.MOV_20201223130541_6921.JPEG,5.MOV_20201223130541_6921.JPEG,Squats,,0.4907,0.1153,0.0,True
C:\Users\acous\Desktop\sih2026\Railway Track Surface Faults Dataset\Squats\5.MOV_20201223130541_6922.JPEG,5.MOV_20201223130541_6922.JPEG,Squats,,0.4389,0.1544,0.0,True
C:\Users\acous\Desktop\sih2026\Railway Track Surface Faults Dataset\Squats\5.MOV_20201223130541_6942.JPEG,5.MOV_20201223130541_6942.JPEG,Squats,,0.762,0.636,0.0,True
C:\Users\acous\Desktop\sih2026\Railway Track Surface Faults Dataset\Squats\5.MOV_20201223130541_6943.JPEG,5.MOV_20201223130541_6943.JPEG,Squats,,0.7414,0.551,0.0,True
C:\Users\acous\Desktop\sih2026\Railway Track Surface Faults Dataset\Squats\5.MOV_20201223130541_6944.JPEG,5.MOV_20201223130541_6944.JPEG,Squats,,0.7966,0.6589,0.0,True
C:\Users\acous\Desktop\sih2026\Railway Track Surface Faults Dataset\Squats\5.MOV_20201223130541_6945.JPEG,5.MOV_20201223130541_6945.JPEG,Squats,,0.8327,0.7087,0.0,True
C:\Users\acous\Desktop\sih2026\Railway Track Surface Faults Dataset\Squats\5.MOV_20201223130541_6946.JPEG,5.MOV_20201223130541_6946.JPEG,Squats,,0.995,0.9902,0.0,True
C:\Users\acous\Desktop\sih2026\Railway Track Surface Faults Dataset\Squats\5.MOV_20201223130541_6947.JPEG,5.MOV_20201223130541_6947.JPEG,Squats,,0.9047,0.8441,0.0,True
C:\Users\acous\Desktop\sih2026\Railway Track Surface Faults Dataset\Squats\5.MOV_20201223130541_6948.JPEG,5.MOV_20201223130541_6948.JPEG,Squats,,0.7299,0.563,0.0,True
C:\Users\acous\Desktop\sih2026\Railway Track Surface Faults Dataset\Squats\5.MOV_20201223130541_6949.JPEG,5.MOV_20201223130541_6949.JPEG,Squats,,0.4909,0.1656,0.0,True
C:\Users\acous\Desktop\sih2026\Railway Track Surface Faults Dataset\Squats\5.MOV_20201223130541_6950.JPEG,5.MOV_20201223130541_6950.JPEG,Squats,,0.9762,0.9642,0.0,True
C:\Users\acous\Desktop\sih2026\Railway Track Surface Faults Dataset\Squats\5.MOV_20201223130541_6951.JPEG,5.MOV_20201223130541_6951.JPEG,Squats,,0.997,0.9949,0.0,True
C:\Users\acous\Desktop\sih2026\Railway Track Surface Faults Dataset\Squats\5.MOV_20201223130541_7014.JPEG,5.MOV_20201223130541_7014.JPEG,Squats,,0.6248,0.3915,0.0,True
C:\Users\acous\Desktop\sih2026\Railway Track Surface Faults Dataset\Squats\5.MOV_20201223130541_7015.JPEG,5.MOV_20201223130541_7015.JPEG,Squats,,0.4449,0.0334,0.0,True
C:\Users\acous\Desktop\sih2026\Railway Track Surface Faults Dataset\Squats\5.MOV_20201223130541_7016.JPEG,5.MOV_20201223130541_7016.JPEG,Squats,,0.9793,0.9616,0.0,True
C:\Users\acous\Desktop\sih2026\Railway Track Surface Faults Dataset\Squats\5.MOV_20201223130541_7017.JPEG,5.MOV_20201223130541_7017.JPEG,Squats,,0.985,0.9713,0.0,True
C:\Users\acous\Desktop\sih2026\Railway Track Surface Faults Dataset\Squats\5.MOV_20201223130541_7018.JPEG,5.MOV_20201223130541_7018.JPEG,Squats,,0.9005,0.8043,0.0,True
C:\Users\acous\Desktop\sih2026\Railway Track Surface Faults Dataset\Squats\5.MOV_20201223130541_7019.JPEG,5.MOV_20201223130541_7019.JPEG,Squats,,0.6292,0.3041,0.0,True
C:\Users\acous\Desktop\sih2026\Railway Track Surface Faults Dataset\Squats\5.MOV_20201223130541_7020.JPEG,5.MOV_20201223130541_7020.JPEG,Squats,,0.701,0.4341,0.0,True
C:\Users\acous\Desktop\sih2026\Railway Track Surface Faults Dataset\Squats\5.MOV_20201223130541_7021.JPEG,5.MOV_20201223130541_7021.JPEG,Squats,,0.8562,0.7735,0.0,True
C:\Users\acous\Desktop\sih2026\Railway Track Surface Faults Dataset\Squats\5.MOV_20201223130541_7026.JPEG,5.MOV_20201223130541_7026.JPEG,Squats,,0.8862,0.824,0.0,True
C:\Users\acous\Desktop\sih2026\Railway Track Surface Faults Dataset\Squats\5.MOV_20201223130541_7027.JPEG,5.MOV_20201223130541_7027.JPEG,Squats,,0.9216,0.8802,0.0,True
C:\Users\acous\Desktop\sih2026\Railway Track Surface Faults Dataset\Squats\5.MOV_20201223130541_7028.JPEG,5.MOV_20201223130541_7028.JPEG,Squats,,0.9601,0.9384,0.0,True
C:\Users\acous\Desktop\sih2026\Railway Track Surface Faults Dataset\Squats\5.MOV_20201223130541_7029.JPEG,5.MOV_20201223130541_7029.JPEG,Squats,,0.9069,0.8527,0.0,True
C:\Users\acous\Desktop\sih2026\Railway Track Surface Faults Dataset\Squats\5.MOV_20201223130541_7030.JPEG,5.MOV_20201223130541_7030.JPEG,Squats,,0.9962,0.9925,0.0,True
C:\Users\acous\Desktop\sih2026\Railway Track Surface Faults Dataset\Squats\5.MOV_20201223130541_7031.JPEG,5.MOV_20201223130541_7031.JPEG,Squats,,0.9574,0.9164,0.0,True
C:\Users\acous\Desktop\sih2026\Railway Track Surface Faults Dataset\Squats\5.MOV_20201223130541_7032.JPEG,5.MOV_20201223130541_7032.JPEG,Squats,,0.8584,0.7318,0.0,True
C:\Users\acous\Desktop\sih2026\Railway Track Surface Faults Dataset\Squats\5.MOV_20201223130541_7033.JPEG,5.MOV_20201223130541_7033.JPEG,Squats,,0.5665,0.253,0.0,True
C:\Users\acous\Desktop\sih2026\Railway Track Surface Faults Dataset\Squats\5.MOV_20201223130541_7111.JPEG,5.MOV_20201223130541_7111.JPEG,Squats,,0.5444,0.1028,0.0,True
C:\Users\acous\Desktop\sih2026\Railway Track Surface Faults Dataset\Squats\5.MOV_20201223130541_7112.JPEG,5.MOV_20201223130541_7112.JPEG,Squats,,0.9873,0.9752,0.0,True
C:\Users\acous\Desktop\sih2026\Railway Track Surface Faults Dataset\Squats\5.MOV_20201223130541_7113.JPEG,5.MOV_20201223130541_7113.JPEG,Squats,,0.9619,0.9314,0.0,True
C:\Users\acous\Desktop\sih2026\Railway Track Surface Faults Dataset\Squats\5.MOV_20201223130541_7114.JPEG,5.MOV_20201223130541_7114.JPEG,Squats,,0.8541,0.7125,0.0,True
C:\Users\acous\Desktop\sih2026\Railway Track Surface Faults Dataset\Squats\5.MOV_20201223130541_7115.JPEG,5.MOV_20201223130541_7115.JPEG,Squats,,0.9834,0.967,0.0,True
C:\Users\acous\Desktop\sih2026\Railway Track Surface Faults Dataset\Squats\5.MOV_20201223130541_7116.JPEG,5.MOV_20201223130541_7116.JPEG,Squats,,0.8576,0.7193,0.0,True
C:\Users\acous\Desktop\sih2026\Railway Track Surface Faults Dataset\Squats\5.MOV_20201223130541_7117.JPEG,5.MOV_20201223130541_7117.JPEG,Squats,,0.6751,0.3595,0.0,True
C:\Users\acous\Desktop\sih2026\Railway Track Surface Faults Dataset\Squats\5.MOV_20201223130541_7204.JPEG,5.MOV_20201223130541_7204.JPEG,Squats,,0.9538,0.925,0.0,True
C:\Users\acous\Desktop\sih2026\Railway Track Surface Faults Dataset\Squats\5.MOV_20201223130541_7205.JPEG,5.MOV_20201223130541_7205.JPEG,Squats,,0.862,0.7807,0.0,True
C:\Users\acous\Desktop\sih2026\Railway Track Surface Faults Dataset\Squats\5.MOV_20201223130541_7206.JPEG,5.MOV_20201223130541_7206.JPEG,Squats,,0.8623,0.7752,0.0,True
C:\Users\acous\Desktop\sih2026\Railway Track Surface Faults Dataset\Squats\5.MOV_20201223130541_7207.JPEG,5.MOV_20201223130541_7207.JPEG,Squats,,0.8054,0.6566,0.0,True
C:\Users\acous\Desktop\sih2026\Railway Track Surface Faults Dataset\Squats\5.MOV_20201223130541_7208.JPEG,5.MOV_20201223130541_7208.JPEG,Squats,,0.8805,0.7689,0.0,True
C:\Users\acous\Desktop\sih2026\Railway Track Surface Faults Dataset\Squats\5.MOV_20201223130541_7209.JPEG,5.MOV_20201223130541_7209.JPEG,Squats,,0.5189,0.0525,0.0,True
C:\Users\acous\Desktop\sih2026\Railway Track Surface Faults Dataset\Squats\5.MOV_20201223130541_7210.JPEG,5.MOV_20201223130541_7210.JPEG,Squats,,0.5893,0.1799,0.0,True
C:\Users\acous\Desktop\sih2026\Railway Track Surface Faults Dataset\Squats\5.MOV_20201223130541_7304.JPEG,5.MOV_20201223130541_7304.JPEG,Squats,,0.8407,0.6843,0.0,True
C:\Users\acous\Desktop\sih2026\Railway Track Surface Faults Dataset\Squats\5.MOV_20201223130541_7305.JPEG,5.MOV_20201223130541_7305.JPEG,Squats,,0.9394,0.8883,0.0,True
C:\Users\acous\Desktop\sih2026\Railway Track Surface Faults Dataset\Squats\5.MOV_20201223130541_7306.JPEG,5.MOV_20201223130541_7306.JPEG,Squats,,0.9926,0.9852,0.0,True
C:\Users\acous\Desktop\sih2026\Railway Track Surface Faults Dataset\Squats\5.MOV_20201223130541_7307.JPEG,5.MOV_20201223130541_7307.JPEG,Squats,,0.9963,0.9928,0.0,True
C:\Users\acous\Desktop\sih2026\Railway Track Surface Faults Dataset\Squats\5.MOV_20201223130541_7308.JPEG,5.MOV_20201223130541_7308.JPEG,Squats,,0.3798,0.0313,0.0,True
C:\Users\acous\Desktop\sih2026\Railway Track Surface Faults Dataset\Squats\5.MOV_20201223130541_7313.JPEG,5.MOV_20201223130541_7313.JPEG,Squats,,0.7354,0.5296,0.0,True
C:\Users\acous\Desktop\sih2026\Railway Track Surface Faults Dataset\Squats\5.MOV_20201223130541_7314.JPEG,5.MOV_20201223130541_7314.JPEG,Squats,,0.5027,0.0966,0.0,True
C:\Users\acous\Desktop\sih2026\Railway Track Surface Faults Dataset\Squats\5.MOV_20201223130541_7315.JPEG,5.MOV_20201223130541_7315.JPEG,Squats,,0.5622,0.2926,0.0,True
C:\Users\acous\Desktop\sih2026\Railway Track Surface Faults Dataset\Squats\5.MOV_20201223130541_7316.JPEG,5.MOV_20201223130541_7316.JPEG,Squats,,0.5374,0.0892,0.0,True
C:\Users\acous\Desktop\sih2026\Railway Track Surface Faults Dataset\Squats\5.MOV_20201223130541_7317.JPEG,5.MOV_20201223130541_7317.JPEG,Squats,,0.7843,0.5697,0.0,True
C:\Users\acous\Desktop\sih2026\Railway Track Surface Faults Dataset\Squats\5.MOV_20201223130541_7371.JPEG,5.MOV_20201223130541_7371.JPEG,Squats,,0.7256,0.4533,0.0,True
C:\Users\acous\Desktop\sih2026\Railway Track Surface Faults Dataset\Squats\5.MOV_20201223130541_7372.JPEG,5.MOV_20201223130541_7372.JPEG,Squats,,0.9994,0.9988,0.0,True
C:\Users\acous\Desktop\sih2026\Railway Track Surface Faults Dataset\Squats\5.MOV_20201223130541_7373.JPEG,5.MOV_20201223130541_7373.JPEG,Squats,,1.0,1.0,0.0,True
C:\Users\acous\Desktop\sih2026\Railway Track Surface Faults Dataset\Squats\5.MOV_20201223130541_7374.JPEG,5.MOV_20201223130541_7374.JPEG,Squats,,1.0,1.0,0.0,True
C:\Users\acous\Desktop\sih2026\Railway Track Surface Faults Dataset\Squats\5.MOV_20201223130541_7375.JPEG,5.MOV_20201223130541_7375.JPEG,Squats,,0.9999,0.9998,0.0,True
C:\Users\acous\Desktop\sih2026\Railway Track Surface Faults Dataset\Squats\5.MOV_20201223130541_7376.JPEG,5.MOV_20201223130541_7376.JPEG,Squats,,0.9985,0.9971,0.0,True
C:\Users\acous\Desktop\sih2026\Railway Track Surface Faults Dataset\Squats\5.MOV_20201223130541_7377.JPEG,5.MOV_20201223130541_7377.JPEG,Squats,,0.8834,0.8193,0.0,True
C:\Users\acous\Desktop\sih2026\Railway Track Surface Faults Dataset\Squats\5.MOV_20201223130541_7378.JPEG,5.MOV_20201223130541_7378.JPEG,Squats,,0.4347,0.0644,0.0,True
C:\Users\acous\Desktop\sih2026\Railway Track Surface Faults Dataset\Squats\5.MOV_20201223130541_7384.JPEG,5.MOV_20201223130541_7384.JPEG,Squats,,0.9943,0.9889,0.0,True
C:\Users\acous\Desktop\sih2026\Railway Track Surface Faults Dataset\Squats\5.MOV_20201223130541_7385.JPEG,5.MOV_20201223130541_7385.JPEG,Squats,,1.0,1.0,0.0,True
C:\Users\acous\Desktop\sih2026\Railway Track Surface Faults Dataset\Squats\5.MOV_20201223130541_7386.JPEG,5.MOV_20201223130541_7386.JPEG,Squats,,1.0,1.0,0.0,True
C:\Users\acous\Desktop\sih2026\Railway Track Surface Faults Dataset\Squats\5.MOV_20201223130541_7387.JPEG,5.MOV_20201223130541_7387.JPEG,Squats,,0.9999,0.9998,0.0,True
C:\Users\acous\Desktop\sih2026\Railway Track Surface Faults Dataset\Squats\5.MOV_20201223130541_7388.JPEG,5.MOV_20201223130541_7388.JPEG,Squats,,0.9931,0.9862,0.0,True
C:\Users\acous\Desktop\sih2026\Railway Track Surface Faults Dataset\Squats\5.MOV_20201223130541_7389.JPEG,5.MOV_20201223130541_7389.JPEG,Squats,,0.8914,0.7828,0.0,True
C:\Users\acous\Desktop\sih2026\Railway Track Surface Faults Dataset\Squats\5.MOV_20201223130541_7390.JPEG,5.MOV_20201223130541_7390.JPEG,Squats,,0.9545,0.909,0.0,True
C:\Users\acous\Desktop\sih2026\Railway Track Surface Faults Dataset\Squats\5.MOV_20201223130541_7391.JPEG,5.MOV_20201223130541_7391.JPEG,Squats,,0.9618,0.9241,0.0,True
C:\Users\acous\Desktop\sih2026\Railway Track Surface Faults Dataset\Squats\5.MOV_20201223130541_7392.JPEG,5.MOV_20201223130541_7392.JPEG,Squats,,0.961,0.922,0.0,True
C:\Users\acous\Desktop\sih2026\Railway Track Surface Faults Dataset\Squats\5.MOV_20201223130541_7393.JPEG,5.MOV_20201223130541_7393.JPEG,Squats,,0.8676,0.7354,0.0,True
C:\Users\acous\Desktop\sih2026\Railway Track Surface Faults Dataset\Squats\5.MOV_20201223130541_7394.JPEG,5.MOV_20201223130541_7394.JPEG,Squats,,0.8503,0.7008,0.0,True
C:\Users\acous\Desktop\sih2026\Railway Track Surface Faults Dataset\Squats\5.MOV_20201223130541_7395.JPEG,5.MOV_20201223130541_7395.JPEG,Squats,,0.6185,0.2375,0.0,True
C:\Users\acous\Desktop\sih2026\Railway Track Surface Faults Dataset\Squats\5.MOV_20201223130541_7396.JPEG,5.MOV_20201223130541_7396.JPEG,Squats,,0.9619,0.9238,0.0,True
C:\Users\acous\Desktop\sih2026\Railway Track Surface Faults Dataset\Squats\5.MOV_20201223130541_7397.JPEG,5.MOV_20201223130541_7397.JPEG,Squats,,0.9684,0.9368,0.0,True
C:\Users\acous\Desktop\sih2026\Railway Track Surface Faults Dataset\Squats\5.MOV_20201223130541_7398.JPEG,5.MOV_20201223130541_7398.JPEG,Squats,,0.9939,0.9878,0.0,True
C:\Users\acous\Desktop\sih2026\Railway Track Surface Faults Dataset\Squats\5.MOV_20201223130541_7399.JPEG,5.MOV_20201223130541_7399.JPEG,Squats,,0.998,0.996,0.0,True
C:\Users\acous\Desktop\sih2026\Railway Track Surface Faults Dataset\Squats\5.MOV_20201223130541_7400.JPEG,5.MOV_20201223130541_7400.JPEG,Squats,,0.9902,0.9804,0.0,True
C:\Users\acous\Desktop\sih2026\Railway Track Surface Faults Dataset\Squats\5.MOV_20201223130541_7401.JPEG,5.MOV_20201223130541_7401.JPEG,Squats,,0.968,0.936,0.0,True
C:\Users\acous\Desktop\sih2026\Railway Track Surface Faults Dataset\Squats\5.MOV_20201223130541_7419.JPEG,5.MOV_20201223130541_7419.JPEG,Squats,,0.7389,0.4815,0.0,True
C:\Users\acous\Desktop\sih2026\Railway Track Surface Faults Dataset\Squats\5.MOV_20201223130541_7420.JPEG,5.MOV_20201223130541_7420.JPEG,Squats,,0.9991,0.9982,0.0,True
C:\Users\acous\Desktop\sih2026\Railway Track Surface Faults Dataset\Squats\5.MOV_20201223130541_7421.JPEG,5.MOV_20201223130541_7421.JPEG,Squats,,0.9999,0.9998,0.0,True
C:\Users\acous\Desktop\sih2026\Railway Track Surface Faults Dataset\Squats\5.MOV_20201223130541_7422.JPEG,5.MOV_20201223130541_7422.JPEG,Squats,,1.0,1.0,0.0,True
C:\Users\acous\Desktop\sih2026\Railway Track Surface Faults Dataset\Squats\5.MOV_20201223130541_7423.JPEG,5.MOV_20201223130541_7423.JPEG,Squats,,1.0,1.0,0.0,True
C:\Users\acous\Desktop\sih2026\Railway Track Surface Faults Dataset\Squats\5.MOV_20201223130541_7424.JPEG,5.MOV_20201223130541_7424.JPEG,Squats,,0.9999,0.9998,0.0,True
C:\Users\acous\Desktop\sih2026\Railway Track Surface Faults Dataset\Squats\5.MOV_20201223130541_7425.JPEG,5.MOV_20201223130541_7425.JPEG,Squats,,0.9944,0.9889,0.0,True
C:\Users\acous\Desktop\sih2026\Railway Track Surface Faults Dataset\Squats\5.MOV_20201223130541_7426.JPEG,5.MOV_20201223130541_7426.JPEG,Squats,,0.6529,0.415,0.0,True
C:\Users\acous\Desktop\sih2026\Railway Track Surface Faults Dataset\Squats\5.MOV_20201223130541_7432.JPEG,5.MOV_20201223130541_7432.JPEG,Squats,,0.7987,0.6391,0.0,True
C:\Users\acous\Desktop\sih2026\Railway Track Surface Faults Dataset\Squats\5.MOV_20201223130541_7433.JPEG,5.MOV_20201223130541_7433.JPEG,Squats,,0.9549,0.9181,0.0,True
C:\Users\acous\Desktop\sih2026\Railway Track Surface Faults Dataset\Squats\5.MOV_20201223130541_7434.JPEG,5.MOV_20201223130541_7434.JPEG,Squats,,0.9733,0.9492,0.0,True
C:\Users\acous\Desktop\sih2026\Railway Track Surface Faults Dataset\Squats\5.MOV_20201223130541_7435.JPEG,5.MOV_20201223130541_7435.JPEG,Squats,,0.9957,0.9917,0.0,True
C:\Users\acous\Desktop\sih2026\Railway Track Surface Faults Dataset\Squats\5.MOV_20201223130541_7436.JPEG,5.MOV_20201223130541_7436.JPEG,Squats,,0.995,0.9903,0.0,True
C:\Users\acous\Desktop\sih2026\Railway Track Surface Faults Dataset\Squats\5.MOV_20201223130541_7437.JPEG,5.MOV_20201223130541_7437.JPEG,Squats,,0.7451,0.5119,0.0,True
C:\Users\acous\Desktop\sih2026\Railway Track Surface Faults Dataset\Squats\5.MOV_20201223130541_7486.JPEG,5.MOV_20201223130541_7486.JPEG,Squats,,0.8853,0.7718,0.0,True
C:\Users\acous\Desktop\sih2026\Railway Track Surface Faults Dataset\Squats\5.MOV_20201223130541_7487.JPEG,5.MOV_20201223130541_7487.JPEG,Squats,,0.8823,0.7649,0.0,True
C:\Users\acous\Desktop\sih2026\Railway Track Surface Faults Dataset\Squats\5.MOV_20201223130541_7488.JPEG,5.MOV_20201223130541_7488.JPEG,Squats,,0.9741,0.9484,0.0,True
C:\Users\acous\Desktop\sih2026\Railway Track Surface Faults Dataset\Squats\5.MOV_20201223130541_7489.JPEG,5.MOV_20201223130541_7489.JPEG,Squats,,0.9987,0.9974,0.0,True
C:\Users\acous\Desktop\sih2026\Railway Track Surface Faults Dataset\Squats\5.MOV_20201223130541_7490.JPEG,5.MOV_20201223130541_7490.JPEG,Squats,,0.9946,0.9893,0.0,True
C:\Users\acous\Desktop\sih2026\Railway Track Surface Faults Dataset\Squats\5.MOV_20201223130541_7491.JPEG,5.MOV_20201223130541_7491.JPEG,Squats,,0.7482,0.4972,0.0,True
C:\Users\acous\Desktop\sih2026\Railway Track Surface Faults Dataset\Squats\5.MOV_20201223130541_7492.JPEG,5.MOV_20201223130541_7492.JPEG,Squats,,0.5724,0.1451,0.0,True
C:\Users\acous\Desktop\sih2026\Railway Track Surface Faults Dataset\Squats\5.MOV_20201223130541_7533.JPEG,5.MOV_20201223130541_7533.JPEG,Squats,,0.7958,0.5959,0.0,True
C:\Users\acous\Desktop\sih2026\Railway Track Surface Faults Dataset\Squats\5.MOV_20201223130541_7534.JPEG,5.MOV_20201223130541_7534.JPEG,Squats,,0.9946,0.9893,0.0,True
C:\Users\acous\Desktop\sih2026\Railway Track Surface Faults Dataset\Squats\5.MOV_20201223130541_7535.JPEG,5.MOV_20201223130541_7535.JPEG,Squats,,0.9863,0.9728,0.0,True
C:\Users\acous\Desktop\sih2026\Railway Track Surface Faults Dataset\Squats\5.MOV_20201223130541_7536.JPEG,5.MOV_20201223130541_7536.JPEG,Squats,,0.9966,0.9933,0.0,True
C:\Users\acous\Desktop\sih2026\Railway Track Surface Faults Dataset\Squats\5.MOV_20201223130541_7537.JPEG,5.MOV_20201223130541_7537.JPEG,Squats,,0.9956,0.9913,0.0,True
C:\Users\acous\Desktop\sih2026\Railway Track Surface Faults Dataset\Squats\5.MOV_20201223130541_7538.JPEG,5.MOV_20201223130541_7538.JPEG,Squats,,0.948,0.8981,0.0,True
C:\Users\acous\Desktop\sih2026\Railway Track Surface Faults Dataset\Squats\5.MOV_20201223130541_7539.JPEG,5.MOV_20201223130541_7539.JPEG,Squats,,0.5612,0.1242,0.0,True
C:\Users\acous\Desktop\sih2026\Railway Track Surface Faults Dataset\Squats\5.MOV_20201223130541_7540.JPEG,5.MOV_20201223130541_7540.JPEG,Squats,,0.8425,0.6904,0.0,True
C:\Users\acous\Desktop\sih2026\Railway Track Surface Faults Dataset\Squats\5.MOV_20201223130541_7575.JPEG,5.MOV_20201223130541_7575.JPEG,Squats,,0.9985,0.997,0.0,True
C:\Users\acous\Desktop\sih2026\Railway Track Surface Faults Dataset\Squats\5.MOV_20201223130541_7576.JPEG,5.MOV_20201223130541_7576.JPEG,Squats,,0.9999,0.9998,0.0,True
C:\Users\acous\Desktop\sih2026\Railway Track Surface Faults Dataset\Squats\5.MOV_20201223130541_7577.JPEG,5.MOV_20201223130541_7577.JPEG,Squats,,0.9999,0.9998,0.0,True
C:\Users\acous\Desktop\sih2026\Railway Track Surface Faults Dataset\Squats\5.MOV_20201223130541_7578.JPEG,5.MOV_20201223130541_7578.JPEG,Squats,,0.9998,0.9996,0.0,True
C:\Users\acous\Desktop\sih2026\Railway Track Surface Faults Dataset\Squats\5.MOV_20201223130541_7579.JPEG,5.MOV_20201223130541_7579.JPEG,Squats,,0.9799,0.9599,0.0,True
C:\Users\acous\Desktop\sih2026\Railway Track Surface Faults Dataset\Squats\5.MOV_20201223130541_7580.JPEG,5.MOV_20201223130541_7580.JPEG,Squats,,0.889,0.7788,0.0,True
C:\Users\acous\Desktop\sih2026\Railway Track Surface Faults Dataset\Squats\5.MOV_20201223130541_7581.JPEG,5.MOV_20201223130541_7581.JPEG,Squats,,0.7353,0.4712,0.0,True
C:\Users\acous\Desktop\sih2026\Railway Track Surface Faults Dataset\Squats\5.MOV_20201223130541_7616.JPEG,5.MOV_20201223130541_7616.JPEG,Squats,,0.9976,0.9952,0.0,True
C:\Users\acous\Desktop\sih2026\Railway Track Surface Faults Dataset\Squats\5.MOV_20201223130541_7617.JPEG,5.MOV_20201223130541_7617.JPEG,Squats,,1.0,1.0,0.0,True
C:\Users\acous\Desktop\sih2026\Railway Track Surface Faults Dataset\Squats\5.MOV_20201223130541_7618.JPEG,5.MOV_20201223130541_7618.JPEG,Squats,,1.0,1.0,0.0,True
C:\Users\acous\Desktop\sih2026\Railway Track Surface Faults Dataset\Squats\5.MOV_20201223130541_7619.JPEG,5.MOV_20201223130541_7619.JPEG,Squats,,1.0,1.0,0.0,True
C:\Users\acous\Desktop\sih2026\Railway Track Surface Faults Dataset\Squats\5.MOV_20201223130541_7620.JPEG,5.MOV_20201223130541_7620.JPEG,Squats,,0.9995,0.999,0.0,True
C:\Users\acous\Desktop\sih2026\Railway Track Surface Faults Dataset\Squats\5.MOV_20201223130541_7621.JPEG,5.MOV_20201223130541_7621.JPEG,Squats,,0.9764,0.9532,0.0,True
C:\Users\acous\Desktop\sih2026\Railway Track Surface Faults Dataset\Squats\5.MOV_20201223130541_7622.JPEG,5.MOV_20201223130541_7622.JPEG,Squats,,0.805,0.6241,0.0,True
C:\Users\acous\Desktop\sih2026\Railway Track Surface Faults Dataset\Squats\5.MOV_20201223130541_7624.JPEG,5.MOV_20201223130541_7624.JPEG,Squats,,0.9955,0.9913,0.0,True
C:\Users\acous\Desktop\sih2026\Railway Track Surface Faults Dataset\Squats\5.MOV_20201223130541_7625.JPEG,5.MOV_20201223130541_7625.JPEG,Squats,,0.9963,0.9938,0.0,True
C:\Users\acous\Desktop\sih2026\Railway Track Surface Faults Dataset\Squats\5.MOV_20201223130541_7626.JPEG,5.MOV_20201223130541_7626.JPEG,Squats,,0.9993,0.9987,0.0,True
C:\Users\acous\Desktop\sih2026\Railway Track Surface Faults Dataset\Squats\5.MOV_20201223130541_7627.JPEG,5.MOV_20201223130541_7627.JPEG,Squats,,0.9998,0.9996,0.0,True
C:\Users\acous\Desktop\sih2026\Railway Track Surface Faults Dataset\Squats\5.MOV_20201223130541_7628.JPEG,5.MOV_20201223130541_7628.JPEG,Squats,,0.9997,0.9994,0.0,True
C:\Users\acous\Desktop\sih2026\Railway Track Surface Faults Dataset\Squats\5.MOV_20201223130541_7629.JPEG,5.MOV_20201223130541_7629.JPEG,Squats,,0.9989,0.998,0.0,True
C:\Users\acous\Desktop\sih2026\Railway Track Surface Faults Dataset\Squats\5.MOV_20201223130541_7630.JPEG,5.MOV_20201223130541_7630.JPEG,Squats,,0.9737,0.9511,0.0,True
C:\Users\acous\Desktop\sih2026\Railway Track Surface Faults Dataset\Squats\5.MOV_20201223130541_7651.JPEG,5.MOV_20201223130541_7651.JPEG,Squats,,0.7462,0.515,0.0,True
C:\Users\acous\Desktop\sih2026\Railway Track Surface Faults Dataset\Squats\5.MOV_20201223130541_7652.JPEG,5.MOV_20201223130541_7652.JPEG,Squats,,0.9933,0.9899,0.0,True
C:\Users\acous\Desktop\sih2026\Railway Track Surface Faults Dataset\Squats\5.MOV_20201223130541_7653.JPEG,5.MOV_20201223130541_7653.JPEG,Squats,,0.9861,0.9786,0.0,True
C:\Users\acous\Desktop\sih2026\Railway Track Surface Faults Dataset\Squats\5.MOV_20201223130541_7654.JPEG,5.MOV_20201223130541_7654.JPEG,Squats,,0.9987,0.9977,0.0,True
C:\Users\acous\Desktop\sih2026\Railway Track Surface Faults Dataset\Squats\5.MOV_20201223130541_7655.JPEG,5.MOV_20201223130541_7655.JPEG,Squats,,0.9781,0.9577,0.0,True
C:\Users\acous\Desktop\sih2026\Railway Track Surface Faults Dataset\Squats\5.MOV_20201223130541_7656.JPEG,5.MOV_20201223130541_7656.JPEG,Squats,,0.9907,0.9834,0.0,True
C:\Users\acous\Desktop\sih2026\Railway Track Surface Faults Dataset\Squats\5.MOV_20201223130541_7657.JPEG,5.MOV_20201223130541_7657.JPEG,Squats,,0.6855,0.4059,0.0,True
C:\Users\acous\Desktop\sih2026\Railway Track Surface Faults Dataset\Squats\5.MOV_20201223130541_7666.JPEG,5.MOV_20201223130541_7666.JPEG,Squats,,0.7792,0.5644,0.0,True
C:\Users\acous\Desktop\sih2026\Railway Track Surface Faults Dataset\Squats\5.MOV_20201223130541_7667.JPEG,5.MOV_20201223130541_7667.JPEG,Squats,,0.9791,0.9637,0.0,True
C:\Users\acous\Desktop\sih2026\Railway Track Surface Faults Dataset\Squats\5.MOV_20201223130541_7668.JPEG,5.MOV_20201223130541_7668.JPEG,Squats,,0.9979,0.996,0.0,True
C:\Users\acous\Desktop\sih2026\Railway Track Surface Faults Dataset\Squats\5.MOV_20201223130541_7669.JPEG,5.MOV_20201223130541_7669.JPEG,Squats,,0.9966,0.9933,0.0,True
C:\Users\acous\Desktop\sih2026\Railway Track Surface Faults Dataset\Squats\5.MOV_20201223130541_7670.JPEG,5.MOV_20201223130541_7670.JPEG,Squats,,0.9984,0.9968,0.0,True
C:\Users\acous\Desktop\sih2026\Railway Track Surface Faults Dataset\Squats\5.MOV_20201223130541_7671.JPEG,5.MOV_20201223130541_7671.JPEG,Squats,,0.9998,0.9996,0.0,True
C:\Users\acous\Desktop\sih2026\Railway Track Surface Faults Dataset\Squats\5.MOV_20201223130541_7672.JPEG,5.MOV_20201223130541_7672.JPEG,Squats,,0.9927,0.9856,0.0,True
C:\Users\acous\Desktop\sih2026\Railway Track Surface Faults Dataset\Squats\5.MOV_20201223130541_7709.JPEG,5.MOV_20201223130541_7709.JPEG,Squats,,0.9939,0.9882,0.0,True
C:\Users\acous\Desktop\sih2026\Railway Track Surface Faults Dataset\Squats\5.MOV_20201223130541_7710.JPEG,5.MOV_20201223130541_7710.JPEG,Squats,,0.9993,0.9987,0.0,True
C:\Users\acous\Desktop\sih2026\Railway Track Surface Faults Dataset\Squats\5.MOV_20201223130541_7711.JPEG,5.MOV_20201223130541_7711.JPEG,Squats,,0.999,0.9984,0.0,True
C:\Users\acous\Desktop\sih2026\Railway Track Surface Faults Dataset\Squats\5.MOV_20201223130541_7712.JPEG,5.MOV_20201223130541_7712.JPEG,Squats,,0.9999,0.9998,0.0,True
C:\Users\acous\Desktop\sih2026\Railway Track Surface Faults Dataset\Squats\5.MOV_20201223130541_7713.JPEG,5.MOV_20201223130541_7713.JPEG,Squats,,0.9995,0.999,0.0,True
C:\Users\acous\Desktop\sih2026\Railway Track Surface Faults Dataset\Squats\5.MOV_20201223130541_7714.JPEG,5.MOV_20201223130541_7714.JPEG,Squats,,0.9643,0.9288,0.0,True
C:\Users\acous\Desktop\sih2026\Railway Track Surface Faults Dataset\Squats\5.MOV_20201223130541_7715.JPEG,5.MOV_20201223130541_7715.JPEG,Squats,,0.9521,0.9046,0.0,True
C:\Users\acous\Desktop\sih2026\Railway Track Surface Faults Dataset\Squats\5.MOV_20201223130541_7754.JPEG,5.MOV_20201223130541_7754.JPEG,Squats,,0.9969,0.9939,0.0,True
C:\Users\acous\Desktop\sih2026\Railway Track Surface Faults Dataset\Squats\5.MOV_20201223130541_7755.JPEG,5.MOV_20201223130541_7755.JPEG,Squats,,0.9998,0.9996,0.0,True
C:\Users\acous\Desktop\sih2026\Railway Track Surface Faults Dataset\Squats\5.MOV_20201223130541_7756.JPEG,5.MOV_20201223130541_7756.JPEG,Squats,,0.9999,0.9998,0.0,True
C:\Users\acous\Desktop\sih2026\Railway Track Surface Faults Dataset\Squats\5.MOV_20201223130541_7757.JPEG,5.MOV_20201223130541_7757.JPEG,Squats,,0.9995,0.999,0.0,True
C:\Users\acous\Desktop\sih2026\Railway Track Surface Faults Dataset\Squats\5.MOV_20201223130541_7758.JPEG,5.MOV_20201223130541_7758.JPEG,Squats,,1.0,1.0,0.0,True
C:\Users\acous\Desktop\sih2026\Railway Track Surface Faults Dataset\Squats\5.MOV_20201223130541_7759.JPEG,5.MOV_20201223130541_7759.JPEG,Squats,,1.0,1.0,0.0,True
C:\Users\acous\Desktop\sih2026\Railway Track Surface Faults Dataset\Squats\5.MOV_20201223130541_7760.JPEG,5.MOV_20201223130541_7760.JPEG,Squats,,0.9991,0.9982,0.0,True
C:\Users\acous\Desktop\sih2026\Railway Track Surface Faults Dataset\Squats\5.MOV_20201223130541_7761.JPEG,5.MOV_20201223130541_7761.JPEG,Squats,,0.9829,0.9658,0.0,True
C:\Users\acous\Desktop\sih2026\Railway Track Surface Faults Dataset\Squats\5.MOV_20201223130541_7769.JPEG,5.MOV_20201223130541_7769.JPEG,Squats,,0.9448,0.8897,0.0,True
C:\Users\acous\Desktop\sih2026\Railway Track Surface Faults Dataset\Squats\5.MOV_20201223130541_7770.JPEG,5.MOV_20201223130541_7770.JPEG,Squats,,0.9913,0.9826,0.0,True
C:\Users\acous\Desktop\sih2026\Railway Track Surface Faults Dataset\Squats\5.MOV_20201223130541_7771.JPEG,5.MOV_20201223130541_7771.JPEG,Squats,,0.9991,0.9982,0.0,True
C:\Users\acous\Desktop\sih2026\Railway Track Surface Faults Dataset\Squats\5.MOV_20201223130541_7772.JPEG,5.MOV_20201223130541_7772.JPEG,Squats,,0.9997,0.9994,0.0,True
C:\Users\acous\Desktop\sih2026\Railway Track Surface Faults Dataset\Squats\5.MOV_20201223130541_7773.JPEG,5.MOV_20201223130541_7773.JPEG,Squats,,0.9997,0.9994,0.0,True
C:\Users\acous\Desktop\sih2026\Railway Track Surface Faults Dataset\Squats\5.MOV_20201223130541_7774.JPEG,5.MOV_20201223130541_7774.JPEG,Squats,,0.9995,0.9991,0.0,True
C:\Users\acous\Desktop\sih2026\Railway Track Surface Faults Dataset\Squats\5.MOV_20201223130541_7775.JPEG,5.MOV_20201223130541_7775.JPEG,Squats,,0.9997,0.9994,0.0,True
C:\Users\acous\Desktop\sih2026\Railway Track Surface Faults Dataset\Squats\5.MOV_20201223130541_7776.JPEG,5.MOV_20201223130541_7776.JPEG,Squats,,0.9706,0.9412,0.0,True
C:\Users\acous\Desktop\sih2026\Railway Track Surface Faults Dataset\Squats\5.MOV_20201223130541_7789.JPEG,5.MOV_20201223130541_7789.JPEG,Squats,,0.9813,0.9632,0.0,True
C:\Users\acous\Desktop\sih2026\Railway Track Surface Faults Dataset\Squats\5.MOV_20201223130541_7790.JPEG,5.MOV_20201223130541_7790.JPEG,Squats,,0.9925,0.9853,0.0,True
C:\Users\acous\Desktop\sih2026\Railway Track Surface Faults Dataset\Squats\5.MOV_20201223130541_7791.JPEG,5.MOV_20201223130541_7791.JPEG,Squats,,0.9954,0.991,0.0,True
C:\Users\acous\Desktop\sih2026\Railway Track Surface Faults Dataset\Squats\5.MOV_20201223130541_7792.JPEG,5.MOV_20201223130541_7792.JPEG,Squats,,0.9978,0.9959,0.0,True
C:\Users\acous\Desktop\sih2026\Railway Track Surface Faults Dataset\Squats\5.MOV_20201223130541_7793.JPEG,5.MOV_20201223130541_7793.JPEG,Squats,,0.9991,0.9982,0.0,True
C:\Users\acous\Desktop\sih2026\Railway Track Surface Faults Dataset\Squats\5.MOV_20201223130541_7794.JPEG,5.MOV_20201223130541_7794.JPEG,Squats,,0.9968,0.9937,0.0,True
C:\Users\acous\Desktop\sih2026\Railway Track Surface Faults Dataset\Squats\5.MOV_20201223130541_7800.JPEG,5.MOV_20201223130541_7800.JPEG,Squats,,0.3903,0.0551,0.0,True
C:\Users\acous\Desktop\sih2026\Railway Track Surface Faults Dataset\Squats\5.MOV_20201223130541_7801.JPEG,5.MOV_20201223130541_7801.JPEG,Squats,,0.6222,0.3397,0.0,True
C:\Users\acous\Desktop\sih2026\Railway Track Surface Faults Dataset\Squats\5.MOV_20201223130541_7802.JPEG,5.MOV_20201223130541_7802.JPEG,Squats,,0.9881,0.9788,0.0,True
C:\Users\acous\Desktop\sih2026\Railway Track Surface Faults Dataset\Squats\5.MOV_20201223130541_7803.JPEG,5.MOV_20201223130541_7803.JPEG,Squats,,0.9849,0.9773,0.0,True
C:\Users\acous\Desktop\sih2026\Railway Track Surface Faults Dataset\Squats\5.MOV_20201223130541_7804.JPEG,5.MOV_20201223130541_7804.JPEG,Squats,,0.9817,0.9678,0.0,True
C:\Users\acous\Desktop\sih2026\Railway Track Surface Faults Dataset\Squats\5.MOV_20201223130541_7805.JPEG,5.MOV_20201223130541_7805.JPEG,Squats,,0.8105,0.6328,0.0,True
C:\Users\acous\Desktop\sih2026\Railway Track Surface Faults Dataset\Squats\5.MOV_20201223130541_7806.JPEG,5.MOV_20201223130541_7806.JPEG,Squats,,0.5187,0.1375,0.0,True
C:\Users\acous\Desktop\sih2026\Railway Track Surface Faults Dataset\Squats\5.MOV_20201223130541_7807.JPEG,5.MOV_20201223130541_7807.JPEG,Squats,,0.7847,0.666,0.0,True
C:\Users\acous\Desktop\sih2026\Railway Track Surface Faults Dataset\Squats\5.MOV_20201223130541_7808.JPEG,5.MOV_20201223130541_7808.JPEG,Squats,,0.7783,0.5678,0.0,True
C:\Users\acous\Desktop\sih2026\Railway Track Surface Faults Dataset\Squats\5.MOV_20201223130541_7819.JPEG,5.MOV_20201223130541_7819.JPEG,Squats,,0.9684,0.9485,0.0,True
C:\Users\acous\Desktop\sih2026\Railway Track Surface Faults Dataset\Squats\5.MOV_20201223130541_7820.JPEG,5.MOV_20201223130541_7820.JPEG,Squats,,0.9946,0.9903,0.0,True
C:\Users\acous\Desktop\sih2026\Railway Track Surface Faults Dataset\Squats\5.MOV_20201223130541_7821.JPEG,5.MOV_20201223130541_7821.JPEG,Squats,,0.9993,0.9988,0.0,True
C:\Users\acous\Desktop\sih2026\Railway Track Surface Faults Dataset\Squats\5.MOV_20201223130541_7828.JPEG,5.MOV_20201223130541_7828.JPEG,Squats,,0.9951,0.9904,0.0,True
C:\Users\acous\Desktop\sih2026\Railway Track Surface Faults Dataset\Squats\5.MOV_20201223130541_7829.JPEG,5.MOV_20201223130541_7829.JPEG,Squats,,0.9953,0.9906,0.0,True
C:\Users\acous\Desktop\sih2026\Railway Track Surface Faults Dataset\Squats\5.MOV_20201223130541_7830.JPEG,5.MOV_20201223130541_7830.JPEG,Squats,,0.9993,0.9986,0.0,True
C:\Users\acous\Desktop\sih2026\Railway Track Surface Faults Dataset\Squats\5.MOV_20201223130541_7831.JPEG,5.MOV_20201223130541_7831.JPEG,Squats,,0.9942,0.9884,0.0,True
C:\Users\acous\Desktop\sih2026\Railway Track Surface Faults Dataset\Squats\5.MOV_20201223130541_7832.JPEG,5.MOV_20201223130541_7832.JPEG,Squats,,0.9983,0.9966,0.0,True
C:\Users\acous\Desktop\sih2026\Railway Track Surface Faults Dataset\Squats\5.MOV_20201223130541_7833.JPEG,5.MOV_20201223130541_7833.JPEG,Squats,,0.9958,0.9917,0.0,True
C:\Users\acous\Desktop\sih2026\Railway Track Surface Faults Dataset\Squats\5.MOV_20201223130541_7834.JPEG,5.MOV_20201223130541_7834.JPEG,Squats,,0.9954,0.9909,0.0,True
C:\Users\acous\Desktop\sih2026\Railway Track Surface Faults Dataset\Squats\5.MOV_20201223130541_7835.JPEG,5.MOV_20201223130541_7835.JPEG,Squats,,0.7257,0.4568,0.0,True
C:\Users\acous\Desktop\sih2026\Railway Track Surface Faults Dataset\Squats\5.MOV_20201223130541_7875.JPEG,5.MOV_20201223130541_7875.JPEG,Squats,,0.9718,0.9437,0.0,True
C:\Users\acous\Desktop\sih2026\Railway Track Surface Faults Dataset\Squats\5.MOV_20201223130541_7876.JPEG,5.MOV_20201223130541_7876.JPEG,Squats,,0.9926,0.9852,0.0,True
C:\Users\acous\Desktop\sih2026\Railway Track Surface Faults Dataset\Squats\5.MOV_20201223130541_7877.JPEG,5.MOV_20201223130541_7877.JPEG,Squats,,1.0,1.0,0.0,True
C:\Users\acous\Desktop\sih2026\Railway Track Surface Faults Dataset\Squats\5.MOV_20201223130541_7878.JPEG,5.MOV_20201223130541_7878.JPEG,Squats,,0.9999,0.9998,0.0,True
C:\Users\acous\Desktop\sih2026\Railway Track Surface Faults Dataset\Squats\5.MOV_20201223130541_7879.JPEG,5.MOV_20201223130541_7879.JPEG,Squats,,0.9996,0.9992,0.0,True
C:\Users\acous\Desktop\sih2026\Railway Track Surface Faults Dataset\Squats\5.MOV_20201223130541_7880.JPEG,5.MOV_20201223130541_7880.JPEG,Squats,,0.9975,0.995,0.0,True
C:\Users\acous\Desktop\sih2026\Railway Track Surface Faults Dataset\Squats\5.MOV_20201223130541_7881.JPEG,5.MOV_20201223130541_7881.JPEG,Squats,,0.9923,0.9846,0.0,True
C:\Users\acous\Desktop\sih2026\Railway Track Surface Faults Dataset\Squats\5.MOV_20201223130541_7882.JPEG,5.MOV_20201223130541_7882.JPEG,Squats,,0.9805,0.961,0.0,True
C:\Users\acous\Desktop\sih2026\Railway Track Surface Faults Dataset\Squats\5.MOV_20201223130541_7894.JPEG,5.MOV_20201223130541_7894.JPEG,Squats,,0.9609,0.9222,0.0,True
C:\Users\acous\Desktop\sih2026\Railway Track Surface Faults Dataset\Squats\5.MOV_20201223130541_7895.JPEG,5.MOV_20201223130541_7895.JPEG,Squats,,0.9875,0.9751,0.0,True
C:\Users\acous\Desktop\sih2026\Railway Track Surface Faults Dataset\Squats\5.MOV_20201223130541_7896.JPEG,5.MOV_20201223130541_7896.JPEG,Squats,,0.9952,0.9904,0.0,True
C:\Users\acous\Desktop\sih2026\Railway Track Surface Faults Dataset\Squats\5.MOV_20201223130541_7897.JPEG,5.MOV_20201223130541_7897.JPEG,Squats,,0.9909,0.9818,0.0,True
C:\Users\acous\Desktop\sih2026\Railway Track Surface Faults Dataset\Squats\5.MOV_20201223130541_7898.JPEG,5.MOV_20201223130541_7898.JPEG,Squats,,0.9979,0.9959,0.0,True
C:\Users\acous\Desktop\sih2026\Railway Track Surface Faults Dataset\Squats\5.MOV_20201223130541_7899.JPEG,5.MOV_20201223130541_7899.JPEG,Squats,,0.9995,0.9991,0.0,True
C:\Users\acous\Desktop\sih2026\Railway Track Surface Faults Dataset\Squats\5.MOV_20201223130541_7900.JPEG,5.MOV_20201223130541_7900.JPEG,Squats,,0.999,0.998,0.0,True
C:\Users\acous\Desktop\sih2026\Railway Track Surface Faults Dataset\Squats\5.MOV_20201223130541_7901.JPEG,5.MOV_20201223130541_7901.JPEG,Squats,,0.9982,0.9964,0.0,True
C:\Users\acous\Desktop\sih2026\Railway Track Surface Faults Dataset\Squats\5.MOV_20201223130541_7920.JPEG,5.MOV_20201223130541_7920.JPEG,Squats,,0.5542,0.1086,0.0,True
C:\Users\acous\Desktop\sih2026\Railway Track Surface Faults Dataset\Squats\5.MOV_20201223130541_7921.JPEG,5.MOV_20201223130541_7921.JPEG,Squats,,0.8684,0.7373,0.0,True
C:\Users\acous\Desktop\sih2026\Railway Track Surface Faults Dataset\Squats\5.MOV_20201223130541_7922.JPEG,5.MOV_20201223130541_7922.JPEG,Squats,,0.9967,0.9934,0.0,True
C:\Users\acous\Desktop\sih2026\Railway Track Surface Faults Dataset\Squats\5.MOV_20201223130541_7923.JPEG,5.MOV_20201223130541_7923.JPEG,Squats,,0.9998,0.9996,0.0,True
C:\Users\acous\Desktop\sih2026\Railway Track Surface Faults Dataset\Squats\5.MOV_20201223130541_7924.JPEG,5.MOV_20201223130541_7924.JPEG,Squats,,0.9998,0.9996,0.0,True
C:\Users\acous\Desktop\sih2026\Railway Track Surface Faults Dataset\Squats\5.MOV_20201223130541_7925.JPEG,5.MOV_20201223130541_7925.JPEG,Squats,,0.9988,0.9977,0.0,True
C:\Users\acous\Desktop\sih2026\Railway Track Surface Faults Dataset\Squats\5.MOV_20201223130541_7926.JPEG,5.MOV_20201223130541_7926.JPEG,Squats,,0.9928,0.9867,0.0,True
C:\Users\acous\Desktop\sih2026\Railway Track Surface Faults Dataset\Squats\5.MOV_20201223130541_7927.JPEG,5.MOV_20201223130541_7927.JPEG,Squats,,0.9427,0.908,0.0,True
C:\Users\acous\Desktop\sih2026\Railway Track Surface Faults Dataset\Squats\5.MOV_20201223130541_7939.JPEG,5.MOV_20201223130541_7939.JPEG,Squats,,0.8659,0.7382,0.0,True
C:\Users\acous\Desktop\sih2026\Railway Track Surface Faults Dataset\Squats\5.MOV_20201223130541_7940.JPEG,5.MOV_20201223130541_7940.JPEG,Squats,,0.9975,0.9957,0.0,True
C:\Users\acous\Desktop\sih2026\Railway Track Surface Faults Dataset\Squats\5.MOV_20201223130541_7941.JPEG,5.MOV_20201223130541_7941.JPEG,Squats,,0.9861,0.9777,0.0,True
C:\Users\acous\Desktop\sih2026\Railway Track Surface Faults Dataset\Squats\5.MOV_20201223130541_7942.JPEG,5.MOV_20201223130541_7942.JPEG,Squats,,0.9942,0.99,0.0,True
C:\Users\acous\Desktop\sih2026\Railway Track Surface Faults Dataset\Squats\5.MOV_20201223130541_7943.JPEG,5.MOV_20201223130541_7943.JPEG,Squats,,0.6943,0.4304,0.0,True
C:\Users\acous\Desktop\sih2026\Railway Track Surface Faults Dataset\Squats\5.MOV_20201223130541_7944.JPEG,5.MOV_20201223130541_7944.JPEG,Squats,,0.7272,0.465,0.0,True
C:\Users\acous\Desktop\sih2026\Railway Track Surface Faults Dataset\Squats\5.MOV_20201223130541_7994.JPEG,5.MOV_20201223130541_7994.JPEG,Squats,,0.9941,0.989,0.0,True
C:\Users\acous\Desktop\sih2026\Railway Track Surface Faults Dataset\Squats\5.MOV_20201223130541_7995.JPEG,5.MOV_20201223130541_7995.JPEG,Squats,,0.9989,0.998,0.0,True
C:\Users\acous\Desktop\sih2026\Railway Track Surface Faults Dataset\Squats\5.MOV_20201223130541_7996.JPEG,5.MOV_20201223130541_7996.JPEG,Squats,,0.9996,0.9992,0.0,True
C:\Users\acous\Desktop\sih2026\Railway Track Surface Faults Dataset\Squats\5.MOV_20201223130541_7997.JPEG,5.MOV_20201223130541_7997.JPEG,Squats,,0.9998,0.9996,0.0,True
C:\Users\acous\Desktop\sih2026\Railway Track Surface Faults Dataset\Squats\5.MOV_20201223130541_7998.JPEG,5.MOV_20201223130541_7998.JPEG,Squats,,0.9998,0.9996,0.0,True
C:\Users\acous\Desktop\sih2026\Railway Track Surface Faults Dataset\Squats\5.MOV_20201223130541_7999.JPEG,5.MOV_20201223130541_7999.JPEG,Squats,,0.9992,0.9984,0.0,True
C:\Users\acous\Desktop\sih2026\Railway Track Surface Faults Dataset\Squats\5.MOV_20201223130541_8000.JPEG,5.MOV_20201223130541_8000.JPEG,Squats,,0.9987,0.9975,0.0,True
C:\Users\acous\Desktop\sih2026\Railway Track Surface Faults Dataset\Squats\5.MOV_20201223130541_8001.JPEG,5.MOV_20201223130541_8001.JPEG,Squats,,0.8604,0.7883,0.0,True
C:\Users\acous\Desktop\sih2026\Railway Track Surface Faults Dataset\Squats\5.MOV_20201223130541_8013.JPEG,5.MOV_20201223130541_8013.JPEG,Squats,,0.8995,0.8002,0.0,True
C:\Users\acous\Desktop\sih2026\Railway Track Surface Faults Dataset\Squats\5.MOV_20201223130541_8014.JPEG,5.MOV_20201223130541_8014.JPEG,Squats,,0.9842,0.9696,0.0,True
C:\Users\acous\Desktop\sih2026\Railway Track Surface Faults Dataset\Squats\5.MOV_20201223130541_8015.JPEG,5.MOV_20201223130541_8015.JPEG,Squats,,0.9979,0.996,0.0,True
C:\Users\acous\Desktop\sih2026\Railway Track Surface Faults Dataset\Squats\5.MOV_20201223130541_8016.JPEG,5.MOV_20201223130541_8016.JPEG,Squats,,0.9995,0.999,0.0,True
C:\Users\acous\Desktop\sih2026\Railway Track Surface Faults Dataset\Squats\5.MOV_20201223130541_8017.JPEG,5.MOV_20201223130541_8017.JPEG,Squats,,0.9999,0.9998,0.0,True
C:\Users\acous\Desktop\sih2026\Railway Track Surface Faults Dataset\Squats\5.MOV_20201223130541_8018.JPEG,5.MOV_20201223130541_8018.JPEG,Squats,,0.9998,0.9996,0.0,True
C:\Users\acous\Desktop\sih2026\Railway Track Surface Faults Dataset\Squats\5.MOV_20201223130541_8019.JPEG,5.MOV_20201223130541_8019.JPEG,Squats,,0.9986,0.9972,0.0,True
C:\Users\acous\Desktop\sih2026\Railway Track Surface Faults Dataset\Squats\5.MOV_20201223130541_8020.JPEG,5.MOV_20201223130541_8020.JPEG,Squats,,0.9586,0.9173,0.0,True
C:\Users\acous\Desktop\sih2026\Railway Track Surface Faults Dataset\Squats\5.MOV_20201223130541_8035.JPEG,5.MOV_20201223130541_8035.JPEG,Squats,,0.8259,0.6582,0.0,True
C:\Users\acous\Desktop\sih2026\Railway Track Surface Faults Dataset\Squats\5.MOV_20201223130541_8036.JPEG,5.MOV_20201223130541_8036.JPEG,Squats,,0.8502,0.7225,0.0,True
C:\Users\acous\Desktop\sih2026\Railway Track Surface Faults Dataset\Squats\5.MOV_20201223130541_8037.JPEG,5.MOV_20201223130541_8037.JPEG,Squats,,0.9973,0.995,0.0,True
C:\Users\acous\Desktop\sih2026\Railway Track Surface Faults Dataset\Squats\5.MOV_20201223130541_8038.JPEG,5.MOV_20201223130541_8038.JPEG,Squats,,0.974,0.951,0.0,True
C:\Users\acous\Desktop\sih2026\Railway Track Surface Faults Dataset\Squats\5.MOV_20201223130541_8039.JPEG,5.MOV_20201223130541_8039.JPEG,Squats,,0.9892,0.9812,0.0,True
C:\Users\acous\Desktop\sih2026\Railway Track Surface Faults Dataset\Squats\5.MOV_20201223130541_8040.JPEG,5.MOV_20201223130541_8040.JPEG,Squats,,0.8686,0.7646,0.0,True
C:\Users\acous\Desktop\sih2026\Railway Track Surface Faults Dataset\Squats\5.MOV_20201223130541_8041.JPEG,5.MOV_20201223130541_8041.JPEG,Squats,,0.6307,0.434,0.0,True
C:\Users\acous\Desktop\sih2026\Railway Track Surface Faults Dataset\Squats\5.MOV_20201223130541_8062.JPEG,5.MOV_20201223130541_8062.JPEG,Squats,,0.996,0.992,0.0,True
C:\Users\acous\Desktop\sih2026\Railway Track Surface Faults Dataset\Squats\5.MOV_20201223130541_8063.JPEG,5.MOV_20201223130541_8063.JPEG,Squats,,0.9998,0.9997,0.0,True
C:\Users\acous\Desktop\sih2026\Railway Track Surface Faults Dataset\Squats\5.MOV_20201223130541_8064.JPEG,5.MOV_20201223130541_8064.JPEG,Squats,,0.9999,0.9998,0.0,True
C:\Users\acous\Desktop\sih2026\Railway Track Surface Faults Dataset\Squats\5.MOV_20201223130541_8065.JPEG,5.MOV_20201223130541_8065.JPEG,Squats,,1.0,1.0,0.0,True
C:\Users\acous\Desktop\sih2026\Railway Track Surface Faults Dataset\Squats\5.MOV_20201223130541_8066.JPEG,5.MOV_20201223130541_8066.JPEG,Squats,,0.9991,0.9985,0.0,True
C:\Users\acous\Desktop\sih2026\Railway Track Surface Faults Dataset\Squats\5.MOV_20201223130541_8067.JPEG,5.MOV_20201223130541_8067.JPEG,Squats,,0.9973,0.9947,0.0,True
C:\Users\acous\Desktop\sih2026\Railway Track Surface Faults Dataset\Squats\5.MOV_20201223130541_8068.JPEG,5.MOV_20201223130541_8068.JPEG,Squats,,0.9971,0.9945,0.0,True
C:\Users\acous\Desktop\sih2026\Railway Track Surface Faults Dataset\Squats\5.MOV_20201223130541_8069.JPEG,5.MOV_20201223130541_8069.JPEG,Squats,,0.9986,0.9972,0.0,True
C:\Users\acous\Desktop\sih2026\Railway Track Surface Faults Dataset\Squats\5.MOV_20201223130541_8070.JPEG,5.MOV_20201223130541_8070.JPEG,Squats,,0.9984,0.9968,0.0,True
C:\Users\acous\Desktop\sih2026\Railway Track Surface Faults Dataset\Squats\5.MOV_20201223130541_8071.JPEG,5.MOV_20201223130541_8071.JPEG,Squats,,0.6827,0.3656,0.0,True
C:\Users\acous\Desktop\sih2026\Railway Track Surface Faults Dataset\Squats\5.MOV_20201223130541_8072.JPEG,5.MOV_20201223130541_8072.JPEG,Squats,,0.5692,0.1386,0.0,True
C:\Users\acous\Desktop\sih2026\Railway Track Surface Faults Dataset\Squats\5.MOV_20201223130541_8078.JPEG,5.MOV_20201223130541_8078.JPEG,Squats,,0.9996,0.9992,0.0,True
C:\Users\acous\Desktop\sih2026\Railway Track Surface Faults Dataset\Squats\5.MOV_20201223130541_8079.JPEG,5.MOV_20201223130541_8079.JPEG,Squats,,0.9956,0.9918,0.0,True
C:\Users\acous\Desktop\sih2026\Railway Track Surface Faults Dataset\Squats\5.MOV_20201223130541_8080.JPEG,5.MOV_20201223130541_8080.JPEG,Squats,,0.9996,0.9993,0.0,True
C:\Users\acous\Desktop\sih2026\Railway Track Surface Faults Dataset\Squats\5.MOV_20201223130541_8081.JPEG,5.MOV_20201223130541_8081.JPEG,Squats,,0.9999,0.9998,0.0,True
C:\Users\acous\Desktop\sih2026\Railway Track Surface Faults Dataset\Squats\5.MOV_20201223130541_8082.JPEG,5.MOV_20201223130541_8082.JPEG,Squats,,0.9998,0.9996,0.0,True
C:\Users\acous\Desktop\sih2026\Railway Track Surface Faults Dataset\Squats\5.MOV_20201223130541_8083.JPEG,5.MOV_20201223130541_8083.JPEG,Squats,,0.9998,0.9996,0.0,True
C:\Users\acous\Desktop\sih2026\Railway Track Surface Faults Dataset\Squats\5.MOV_20201223130541_8084.JPEG,5.MOV_20201223130541_8084.JPEG,Squats,,0.9866,0.9733,0.0,True
C:\Users\acous\Desktop\sih2026\Railway Track Surface Faults Dataset\Squats\5.MOV_20201223130541_8117.JPEG,5.MOV_20201223130541_8117.JPEG,Squats,,0.9995,0.999,0.0,True
C:\Users\acous\Desktop\sih2026\Railway Track Surface Faults Dataset\Squats\5.MOV_20201223130541_8118.JPEG,5.MOV_20201223130541_8118.JPEG,Squats,,1.0,1.0,0.0,True
C:\Users\acous\Desktop\sih2026\Railway Track Surface Faults Dataset\Squats\5.MOV_20201223130541_8119.JPEG,5.MOV_20201223130541_8119.JPEG,Squats,,1.0,1.0,0.0,True
C:\Users\acous\Desktop\sih2026\Railway Track Surface Faults Dataset\Squats\5.MOV_20201223130541_8120.JPEG,5.MOV_20201223130541_8120.JPEG,Squats,,0.9999,0.9998,0.0,True
C:\Users\acous\Desktop\sih2026\Railway Track Surface Faults Dataset\Squats\5.MOV_20201223130541_8121.JPEG,5.MOV_20201223130541_8121.JPEG,Squats,,0.9999,0.9999,0.0,True
C:\Users\acous\Desktop\sih2026\Railway Track Surface Faults Dataset\Squats\5.MOV_20201223130541_8122.JPEG,5.MOV_20201223130541_8122.JPEG,Squats,,0.9998,0.9996,0.0,True
C:\Users\acous\Desktop\sih2026\Railway Track Surface Faults Dataset\Squats\5.MOV_20201223130541_8123.JPEG,5.MOV_20201223130541_8123.JPEG,Squats,,0.9211,0.8614,0.0,True
C:\Users\acous\Desktop\sih2026\Railway Track Surface Faults Dataset\Squats\5.MOV_20201223130541_8124.JPEG,5.MOV_20201223130541_8124.JPEG,Squats,,0.9564,0.9156,0.0,True
C:\Users\acous\Desktop\sih2026\Railway Track Surface Faults Dataset\Squats\5.MOV_20201223130541_8125.JPEG,5.MOV_20201223130541_8125.JPEG,Squats,,0.7585,0.5346,0.0,True
C:\Users\acous\Desktop\sih2026\Railway Track Surface Faults Dataset\Squats\5.MOV_20201223130541_8126.JPEG,5.MOV_20201223130541_8126.JPEG,Squats,,0.9554,0.9116,0.0,True
C:\Users\acous\Desktop\sih2026\Railway Track Surface Faults Dataset\Squats\5.MOV_20201223130541_8127.JPEG,5.MOV_20201223130541_8127.JPEG,Squats,,0.9987,0.9975,0.0,True
C:\Users\acous\Desktop\sih2026\Railway Track Surface Faults Dataset\Squats\5.MOV_20201223130541_8128.JPEG,5.MOV_20201223130541_8128.JPEG,Squats,,0.9995,0.999,0.0,True
C:\Users\acous\Desktop\sih2026\Railway Track Surface Faults Dataset\Squats\5.MOV_20201223130541_8129.JPEG,5.MOV_20201223130541_8129.JPEG,Squats,,0.9963,0.9928,0.0,True
C:\Users\acous\Desktop\sih2026\Railway Track Surface Faults Dataset\Squats\5.MOV_20201223130541_8130.JPEG,5.MOV_20201223130541_8130.JPEG,Squats,,0.701,0.5165,0.0,True
C:\Users\acous\Desktop\sih2026\Railway Track Surface Faults Dataset\Squats\5.MOV_20201223130541_8131.JPEG,5.MOV_20201223130541_8131.JPEG,Squats,,0.9471,0.9132,0.0,True
C:\Users\acous\Desktop\sih2026\Railway Track Surface Faults Dataset\Squats\5.MOV_20201223130541_8132.JPEG,5.MOV_20201223130541_8132.JPEG,Squats,,0.9575,0.9322,0.0,True
C:\Users\acous\Desktop\sih2026\Railway Track Surface Faults Dataset\Squats\5.MOV_20201223130541_8133.JPEG,5.MOV_20201223130541_8133.JPEG,Squats,,0.5628,0.1457,0.0,True
C:\Users\acous\Desktop\sih2026\Railway Track Surface Faults Dataset\Squats\5.MOV_20201223130541_8136.JPEG,5.MOV_20201223130541_8136.JPEG,Squats,,0.746,0.4925,0.0,True
C:\Users\acous\Desktop\sih2026\Railway Track Surface Faults Dataset\Squats\5.MOV_20201223130541_8137.JPEG,5.MOV_20201223130541_8137.JPEG,Squats,,0.9535,0.9071,0.0,True
C:\Users\acous\Desktop\sih2026\Railway Track Surface Faults Dataset\Squats\5.MOV_20201223130541_8138.JPEG,5.MOV_20201223130541_8138.JPEG,Squats,,0.9723,0.9447,0.0,True
C:\Users\acous\Desktop\sih2026\Railway Track Surface Faults Dataset\Squats\5.MOV_20201223130541_8139.JPEG,5.MOV_20201223130541_8139.JPEG,Squats,,0.9706,0.9413,0.0,True
C:\Users\acous\Desktop\sih2026\Railway Track Surface Faults Dataset\Squats\5.MOV_20201223130541_8140.JPEG,5.MOV_20201223130541_8140.JPEG,Squats,,0.9821,0.9643,0.0,True
C:\Users\acous\Desktop\sih2026\Railway Track Surface Faults Dataset\Squats\5.MOV_20201223130541_8141.JPEG,5.MOV_20201223130541_8141.JPEG,Squats,,0.9721,0.9442,0.0,True
C:\Users\acous\Desktop\sih2026\Railway Track Surface Faults Dataset\Squats\5.MOV_20201223130541_8142.JPEG,5.MOV_20201223130541_8142.JPEG,Squats,,0.9643,0.9286,0.0,True
C:\Users\acous\Desktop\sih2026\Railway Track Surface Faults Dataset\Squats\5.MOV_20201223130541_8143.JPEG,5.MOV_20201223130541_8143.JPEG,Squats,,0.9993,0.9986,0.0,True
C:\Users\acous\Desktop\sih2026\Railway Track Surface Faults Dataset\Squats\5.MOV_20201223130541_8144.JPEG,5.MOV_20201223130541_8144.JPEG,Squats,,0.9997,0.9994,0.0,True
C:\Users\acous\Desktop\sih2026\Railway Track Surface Faults Dataset\Squats\5.MOV_20201223130541_8145.JPEG,5.MOV_20201223130541_8145.JPEG,Squats,,0.9998,0.9996,0.0,True
C:\Users\acous\Desktop\sih2026\Railway Track Surface Faults Dataset\Squats\5.MOV_20201223130541_8146.JPEG,5.MOV_20201223130541_8146.JPEG,Squats,,0.9999,0.9998,0.0,True
C:\Users\acous\Desktop\sih2026\Railway Track Surface Faults Dataset\Squats\5.MOV_20201223130541_8147.JPEG,5.MOV_20201223130541_8147.JPEG,Squats,,1.0,1.0,0.0,True
C:\Users\acous\Desktop\sih2026\Railway Track Surface Faults Dataset\Squats\5.MOV_20201223130541_8148.JPEG,5.MOV_20201223130541_8148.JPEG,Squats,,0.9999,0.9998,0.0,True
C:\Users\acous\Desktop\sih2026\Railway Track Surface Faults Dataset\Squats\5.MOV_20201223130541_8149.JPEG,5.MOV_20201223130541_8149.JPEG,Squats,,0.999,0.998,0.0,True
C:\Users\acous\Desktop\sih2026\Railway Track Surface Faults Dataset\Squats\5.MOV_20201223130541_8150.JPEG,5.MOV_20201223130541_8150.JPEG,Squats,,0.9942,0.9889,0.0,True
C:\Users\acous\Desktop\sih2026\Railway Track Surface Faults Dataset\Squats\5.MOV_20201223130541_8151.JPEG,5.MOV_20201223130541_8151.JPEG,Squats,,0.4754,0.0161,0.0,True
C:\Users\acous\Desktop\sih2026\Railway Track Surface Faults Dataset\Squats\5.MOV_20201223130541_8152.JPEG,5.MOV_20201223130541_8152.JPEG,Squats,,0.4696,0.1653,0.0,True
C:\Users\acous\Desktop\sih2026\Railway Track Surface Faults Dataset\Squats\5.MOV_20201223130541_8190.JPEG,5.MOV_20201223130541_8190.JPEG,Squats,,0.8689,0.7556,0.0,True
C:\Users\acous\Desktop\sih2026\Railway Track Surface Faults Dataset\Squats\5.MOV_20201223130541_8191.JPEG,5.MOV_20201223130541_8191.JPEG,Squats,,0.9064,0.8455,0.0,True
C:\Users\acous\Desktop\sih2026\Railway Track Surface Faults Dataset\Squats\5.MOV_20201223130541_8192.JPEG,5.MOV_20201223130541_8192.JPEG,Squats,,0.9987,0.9977,0.0,True
C:\Users\acous\Desktop\sih2026\Railway Track Surface Faults Dataset\Squats\5.MOV_20201223130541_8193.JPEG,5.MOV_20201223130541_8193.JPEG,Squats,,0.9994,0.9989,0.0,True
C:\Users\acous\Desktop\sih2026\Railway Track Surface Faults Dataset\Squats\5.MOV_20201223130541_8194.JPEG,5.MOV_20201223130541_8194.JPEG,Squats,,0.9998,0.9997,0.0,True
C:\Users\acous\Desktop\sih2026\Railway Track Surface Faults Dataset\Squats\5.MOV_20201223130541_8195.JPEG,5.MOV_20201223130541_8195.JPEG,Squats,,0.9999,0.9998,0.0,True
C:\Users\acous\Desktop\sih2026\Railway Track Surface Faults Dataset\Squats\5.MOV_20201223130541_8196.JPEG,5.MOV_20201223130541_8196.JPEG,Squats,,0.9591,0.9336,0.0,True
C:\Users\acous\Desktop\sih2026\Railway Track Surface Faults Dataset\Squats\5.MOV_20201223130541_8197.JPEG,5.MOV_20201223130541_8197.JPEG,Squats,,0.9361,0.9017,0.0,True
C:\Users\acous\Desktop\sih2026\Railway Track Surface Faults Dataset\Squats\5.MOV_20201223130541_8198.JPEG,5.MOV_20201223130541_8198.JPEG,Squats,,0.5038,0.0313,0.0,True
C:\Users\acous\Desktop\sih2026\Railway Track Surface Faults Dataset\Squats\5.MOV_20201223130541_8209.JPEG,5.MOV_20201223130541_8209.JPEG,Squats,,0.9814,0.9682,0.0,True
C:\Users\acous\Desktop\sih2026\Railway Track Surface Faults Dataset\Squats\5.MOV_20201223130541_8210.JPEG,5.MOV_20201223130541_8210.JPEG,Squats,,0.9865,0.9767,0.0,True
C:\Users\acous\Desktop\sih2026\Railway Track Surface Faults Dataset\Squats\5.MOV_20201223130541_8211.JPEG,5.MOV_20201223130541_8211.JPEG,Squats,,0.9865,0.9784,0.0,True
C:\Users\acous\Desktop\sih2026\Railway Track Surface Faults Dataset\Squats\5.MOV_20201223130541_8212.JPEG,5.MOV_20201223130541_8212.JPEG,Squats,,0.9971,0.995,0.0,True
C:\Users\acous\Desktop\sih2026\Railway Track Surface Faults Dataset\Squats\5.MOV_20201223130541_8213.JPEG,5.MOV_20201223130541_8213.JPEG,Squats,,0.9982,0.9966,0.0,True
C:\Users\acous\Desktop\sih2026\Railway Track Surface Faults Dataset\Squats\5.MOV_20201223130541_8214.JPEG,5.MOV_20201223130541_8214.JPEG,Squats,,0.9668,0.9446,0.0,True
C:\Users\acous\Desktop\sih2026\Railway Track Surface Faults Dataset\Squats\5.MOV_20201223130541_8237.JPEG,5.MOV_20201223130541_8237.JPEG,Squats,,0.9369,0.8853,0.0,True
C:\Users\acous\Desktop\sih2026\Railway Track Surface Faults Dataset\Squats\5.MOV_20201223130541_8238.JPEG,5.MOV_20201223130541_8238.JPEG,Squats,,0.9938,0.9904,0.0,True
C:\Users\acous\Desktop\sih2026\Railway Track Surface Faults Dataset\Squats\5.MOV_20201223130541_8239.JPEG,5.MOV_20201223130541_8239.JPEG,Squats,,0.9959,0.9934,0.0,True
C:\Users\acous\Desktop\sih2026\Railway Track Surface Faults Dataset\Squats\5.MOV_20201223130541_8240.JPEG,5.MOV_20201223130541_8240.JPEG,Squats,,0.9942,0.9909,0.0,True
C:\Users\acous\Desktop\sih2026\Railway Track Surface Faults Dataset\Squats\5.MOV_20201223130541_8241.JPEG,5.MOV_20201223130541_8241.JPEG,Squats,,0.9671,0.9418,0.0,True
C:\Users\acous\Desktop\sih2026\Railway Track Surface Faults Dataset\Squats\5.MOV_20201223130541_8242.JPEG,5.MOV_20201223130541_8242.JPEG,Squats,,0.7161,0.4399,0.0,True
C:\Users\acous\Desktop\sih2026\Railway Track Surface Faults Dataset\Squats\5.MOV_20201223130541_8278.JPEG,5.MOV_20201223130541_8278.JPEG,Squats,,0.9933,0.9867,0.0,True
C:\Users\acous\Desktop\sih2026\Railway Track Surface Faults Dataset\Squats\5.MOV_20201223130541_8279.JPEG,5.MOV_20201223130541_8279.JPEG,Squats,,0.9995,0.999,0.0,True
C:\Users\acous\Desktop\sih2026\Railway Track Surface Faults Dataset\Squats\5.MOV_20201223130541_8280.JPEG,5.MOV_20201223130541_8280.JPEG,Squats,,1.0,1.0,0.0,True
C:\Users\acous\Desktop\sih2026\Railway Track Surface Faults Dataset\Squats\5.MOV_20201223130541_8281.JPEG,5.MOV_20201223130541_8281.JPEG,Squats,,0.9999,0.9998,0.0,True
C:\Users\acous\Desktop\sih2026\Railway Track Surface Faults Dataset\Squats\5.MOV_20201223130541_8282.JPEG,5.MOV_20201223130541_8282.JPEG,Squats,,0.9987,0.9974,0.0,True
C:\Users\acous\Desktop\sih2026\Railway Track Surface Faults Dataset\Squats\5.MOV_20201223130541_8283.JPEG,5.MOV_20201223130541_8283.JPEG,Squats,,0.9218,0.8438,0.0,True
C:\Users\acous\Desktop\sih2026\Railway Track Surface Faults Dataset\Squats\5.MOV_20201223130541_8284.JPEG,5.MOV_20201223130541_8284.JPEG,Squats,,0.9722,0.9445,0.0,True
C:\Users\acous\Desktop\sih2026\Railway Track Surface Faults Dataset\Squats\5.MOV_20201223130541_8285.JPEG,5.MOV_20201223130541_8285.JPEG,Squats,,0.9981,0.9962,0.0,True
C:\Users\acous\Desktop\sih2026\Railway Track Surface Faults Dataset\Squats\5.MOV_20201223130541_8286.JPEG,5.MOV_20201223130541_8286.JPEG,Squats,,0.9997,0.9994,0.0,True
C:\Users\acous\Desktop\sih2026\Railway Track Surface Faults Dataset\Squats\5.MOV_20201223130541_8287.JPEG,5.MOV_20201223130541_8287.JPEG,Squats,,0.9974,0.9948,0.0,True
C:\Users\acous\Desktop\sih2026\Railway Track Surface Faults Dataset\Squats\5.MOV_20201223130541_8288.JPEG,5.MOV_20201223130541_8288.JPEG,Squats,,0.998,0.996,0.0,True
C:\Users\acous\Desktop\sih2026\Railway Track Surface Faults Dataset\Squats\5.MOV_20201223130541_8289.JPEG,5.MOV_20201223130541_8289.JPEG,Squats,,0.9976,0.9952,0.0,True
C:\Users\acous\Desktop\sih2026\Railway Track Surface Faults Dataset\Squats\5.MOV_20201223130541_8290.JPEG,5.MOV_20201223130541_8290.JPEG,Squats,,0.9415,0.883,0.0,True
C:\Users\acous\Desktop\sih2026\Railway Track Surface Faults Dataset\Squats\6.MOV_20201227192101_0004.JPEG,6.MOV_20201227192101_0004.JPEG,Squats,,0.4695,0.0266,0.0,True
C:\Users\acous\Desktop\sih2026\Railway Track Surface Faults Dataset\Squats\6.MOV_20201227192101_0005.JPEG,6.MOV_20201227192101_0005.JPEG,Squats,,0.9994,0.9989,0.0,True
C:\Users\acous\Desktop\sih2026\Railway Track Surface Faults Dataset\Squats\6.MOV_20201227192101_0006.JPEG,6.MOV_20201227192101_0006.JPEG,Squats,,0.999,0.9981,0.0,True
C:\Users\acous\Desktop\sih2026\Railway Track Surface Faults Dataset\Squats\6.MOV_20201227192101_0007.JPEG,6.MOV_20201227192101_0007.JPEG,Squats,,0.9999,0.9998,0.0,True
C:\Users\acous\Desktop\sih2026\Railway Track Surface Faults Dataset\Squats\6.MOV_20201227192101_0008.JPEG,6.MOV_20201227192101_0008.JPEG,Squats,,0.9992,0.9986,0.0,True
C:\Users\acous\Desktop\sih2026\Railway Track Surface Faults Dataset\Squats\6.MOV_20201227192101_0009.JPEG,6.MOV_20201227192101_0009.JPEG,Squats,,0.9996,0.9993,0.0,True
C:\Users\acous\Desktop\sih2026\Railway Track Surface Faults Dataset\Squats\6.MOV_20201227192101_0010.JPEG,6.MOV_20201227192101_0010.JPEG,Squats,,0.9999,0.9998,0.0,True
C:\Users\acous\Desktop\sih2026\Railway Track Surface Faults Dataset\Squats\6.MOV_20201227192101_0011.JPEG,6.MOV_20201227192101_0011.JPEG,Squats,,1.0,1.0,0.0,True
C:\Users\acous\Desktop\sih2026\Railway Track Surface Faults Dataset\Squats\6.MOV_20201227192101_0012.JPEG,6.MOV_20201227192101_0012.JPEG,Squats,,1.0,1.0,0.0,True
C:\Users\acous\Desktop\sih2026\Railway Track Surface Faults Dataset\Squats\6.MOV_20201227192101_0013.JPEG,6.MOV_20201227192101_0013.JPEG,Squats,,1.0,1.0,0.0,True
C:\Users\acous\Desktop\sih2026\Railway Track Surface Faults Dataset\Squats\6.MOV_20201227192101_0014.JPEG,6.MOV_20201227192101_0014.JPEG,Squats,,0.8583,0.7184,0.0,True
C:\Users\acous\Desktop\sih2026\Railway Track Surface Faults Dataset\Squats\6.MOV_20201227192101_0024.JPEG,6.MOV_20201227192101_0024.JPEG,Squats,,0.998,0.9962,0.0,True
C:\Users\acous\Desktop\sih2026\Railway Track Surface Faults Dataset\Squats\6.MOV_20201227192101_0025.JPEG,6.MOV_20201227192101_0025.JPEG,Squats,,0.9918,0.9856,0.0,True
C:\Users\acous\Desktop\sih2026\Railway Track Surface Faults Dataset\Squats\6.MOV_20201227192101_0026.JPEG,6.MOV_20201227192101_0026.JPEG,Squats,,0.9993,0.9989,0.0,True
C:\Users\acous\Desktop\sih2026\Railway Track Surface Faults Dataset\Squats\6.MOV_20201227192101_0027.JPEG,6.MOV_20201227192101_0027.JPEG,Squats,,0.9998,0.9996,0.0,True
C:\Users\acous\Desktop\sih2026\Railway Track Surface Faults Dataset\Squats\6.MOV_20201227192101_0028.JPEG,6.MOV_20201227192101_0028.JPEG,Squats,,0.9981,0.9963,0.0,True
C:\Users\acous\Desktop\sih2026\Railway Track Surface Faults Dataset\Squats\6.MOV_20201227192101_0045.JPEG,6.MOV_20201227192101_0045.JPEG,Squats,,0.9593,0.9186,0.0,True
C:\Users\acous\Desktop\sih2026\Railway Track Surface Faults Dataset\Squats\6.MOV_20201227192101_0046.JPEG,6.MOV_20201227192101_0046.JPEG,Squats,,0.9897,0.9794,0.0,True
C:\Users\acous\Desktop\sih2026\Railway Track Surface Faults Dataset\Squats\6.MOV_20201227192101_0047.JPEG,6.MOV_20201227192101_0047.JPEG,Squats,,0.9058,0.8118,0.0,True
C:\Users\acous\Desktop\sih2026\Railway Track Surface Faults Dataset\Squats\6.MOV_20201227192101_0048.JPEG,6.MOV_20201227192101_0048.JPEG,Squats,,0.8612,0.7224,0.0,True
C:\Users\acous\Desktop\sih2026\Railway Track Surface Faults Dataset\Squats\6.MOV_20201227192101_0049.JPEG,6.MOV_20201227192101_0049.JPEG,Squats,,0.998,0.996,0.0,True
C:\Users\acous\Desktop\sih2026\Railway Track Surface Faults Dataset\Squats\6.MOV_20201227192101_0050.JPEG,6.MOV_20201227192101_0050.JPEG,Squats,,1.0,1.0,0.0,True
C:\Users\acous\Desktop\sih2026\Railway Track Surface Faults Dataset\Squats\6.MOV_20201227192101_0051.JPEG,6.MOV_20201227192101_0051.JPEG,Squats,,1.0,1.0,0.0,True
C:\Users\acous\Desktop\sih2026\Railway Track Surface Faults Dataset\Squats\6.MOV_20201227192101_0052.JPEG,6.MOV_20201227192101_0052.JPEG,Squats,,1.0,1.0,0.0,True
C:\Users\acous\Desktop\sih2026\Railway Track Surface Faults Dataset\Squats\6.MOV_20201227192101_0053.JPEG,6.MOV_20201227192101_0053.JPEG,Squats,,0.9999,0.9998,0.0,True
C:\Users\acous\Desktop\sih2026\Railway Track Surface Faults Dataset\Squats\6.MOV_20201227192101_0054.JPEG,6.MOV_20201227192101_0054.JPEG,Squats,,1.0,1.0,0.0,True
C:\Users\acous\Desktop\sih2026\Railway Track Surface Faults Dataset\Squats\6.MOV_20201227192101_0055.JPEG,6.MOV_20201227192101_0055.JPEG,Squats,,0.9999,0.9998,0.0,True
C:\Users\acous\Desktop\sih2026\Railway Track Surface Faults Dataset\Squats\6.MOV_20201227192101_0056.JPEG,6.MOV_20201227192101_0056.JPEG,Squats,,0.999,0.998,0.0,True
C:\Users\acous\Desktop\sih2026\Railway Track Surface Faults Dataset\Squats\6.MOV_20201227192101_0057.JPEG,6.MOV_20201227192101_0057.JPEG,Squats,,0.9995,0.999,0.0,True
C:\Users\acous\Desktop\sih2026\Railway Track Surface Faults Dataset\Squats\6.MOV_20201227192101_0058.JPEG,6.MOV_20201227192101_0058.JPEG,Squats,,0.9998,0.9996,0.0,True
C:\Users\acous\Desktop\sih2026\Railway Track Surface Faults Dataset\Squats\6.MOV_20201227192101_0059.JPEG,6.MOV_20201227192101_0059.JPEG,Squats,,0.9995,0.9991,0.0,True
C:\Users\acous\Desktop\sih2026\Railway Track Surface Faults Dataset\Squats\6.MOV_20201227192101_0060.JPEG,6.MOV_20201227192101_0060.JPEG,Squats,,0.9905,0.9824,0.0,True
C:\Users\acous\Desktop\sih2026\Railway Track Surface Faults Dataset\Squats\6.MOV_20201227192101_0069.JPEG,6.MOV_20201227192101_0069.JPEG,Squats,,0.9947,0.9897,0.0,True
C:\Users\acous\Desktop\sih2026\Railway Track Surface Faults Dataset\Squats\6.MOV_20201227192101_0070.JPEG,6.MOV_20201227192101_0070.JPEG,Squats,,0.9966,0.9933,0.0,True
C:\Users\acous\Desktop\sih2026\Railway Track Surface Faults Dataset\Squats\6.MOV_20201227192101_0071.JPEG,6.MOV_20201227192101_0071.JPEG,Squats,,0.9797,0.9596,0.0,True
C:\Users\acous\Desktop\sih2026\Railway Track Surface Faults Dataset\Squats\6.MOV_20201227192101_0072.JPEG,6.MOV_20201227192101_0072.JPEG,Squats,,0.7389,0.4797,0.0,True
C:\Users\acous\Desktop\sih2026\Railway Track Surface Faults Dataset\Squats\6.MOV_20201227192101_0073.JPEG,6.MOV_20201227192101_0073.JPEG,Squats,,0.6576,0.3184,0.0,True
C:\Users\acous\Desktop\sih2026\Railway Track Surface Faults Dataset\Squats\6.MOV_20201227192101_0089.JPEG,6.MOV_20201227192101_0089.JPEG,Squats,,0.7693,0.5391,0.0,True
C:\Users\acous\Desktop\sih2026\Railway Track Surface Faults Dataset\Squats\6.MOV_20201227192101_0090.JPEG,6.MOV_20201227192101_0090.JPEG,Squats,,0.9775,0.9575,0.0,True
C:\Users\acous\Desktop\sih2026\Railway Track Surface Faults Dataset\Squats\6.MOV_20201227192101_0091.JPEG,6.MOV_20201227192101_0091.JPEG,Squats,,0.9962,0.9924,0.0,True
C:\Users\acous\Desktop\sih2026\Railway Track Surface Faults Dataset\Squats\6.MOV_20201227192101_0092.JPEG,6.MOV_20201227192101_0092.JPEG,Squats,,0.9878,0.9778,0.0,True
C:\Users\acous\Desktop\sih2026\Railway Track Surface Faults Dataset\Squats\6.MOV_20201227192101_0093.JPEG,6.MOV_20201227192101_0093.JPEG,Squats,,0.9996,0.9993,0.0,True
C:\Users\acous\Desktop\sih2026\Railway Track Surface Faults Dataset\Squats\6.MOV_20201227192101_0094.JPEG,6.MOV_20201227192101_0094.JPEG,Squats,,0.9974,0.9953,0.0,True
C:\Users\acous\Desktop\sih2026\Railway Track Surface Faults Dataset\Squats\6.MOV_20201227192101_0095.JPEG,6.MOV_20201227192101_0095.JPEG,Squats,,0.9969,0.9953,0.0,True
C:\Users\acous\Desktop\sih2026\Railway Track Surface Faults Dataset\Squats\6.MOV_20201227192101_0096.JPEG,6.MOV_20201227192101_0096.JPEG,Squats,,0.9818,0.9641,0.0,True
C:\Users\acous\Desktop\sih2026\Railway Track Surface Faults Dataset\Squats\6.MOV_20201227192101_0103.JPEG,6.MOV_20201227192101_0103.JPEG,Squats,,0.7516,0.5708,0.0,True
C:\Users\acous\Desktop\sih2026\Railway Track Surface Faults Dataset\Squats\6.MOV_20201227192101_0104.JPEG,6.MOV_20201227192101_0104.JPEG,Squats,,0.9879,0.9811,0.0,True
C:\Users\acous\Desktop\sih2026\Railway Track Surface Faults Dataset\Squats\6.MOV_20201227192101_0105.JPEG,6.MOV_20201227192101_0105.JPEG,Squats,,0.9997,0.9995,0.0,True
C:\Users\acous\Desktop\sih2026\Railway Track Surface Faults Dataset\Squats\6.MOV_20201227192101_0106.JPEG,6.MOV_20201227192101_0106.JPEG,Squats,,0.9997,0.9994,0.0,True
C:\Users\acous\Desktop\sih2026\Railway Track Surface Faults Dataset\Squats\6.MOV_20201227192101_0107.JPEG,6.MOV_20201227192101_0107.JPEG,Squats,,0.9708,0.9433,0.0,True
C:\Users\acous\Desktop\sih2026\Railway Track Surface Faults Dataset\Squats\6.MOV_20201227192101_0108.JPEG,6.MOV_20201227192101_0108.JPEG,Squats,,0.6299,0.4223,0.0,True
C:\Users\acous\Desktop\sih2026\Railway Track Surface Faults Dataset\Squats\6.MOV_20201227192101_0116.JPEG,6.MOV_20201227192101_0116.JPEG,Squats,,0.8141,0.6502,0.0,True
C:\Users\acous\Desktop\sih2026\Railway Track Surface Faults Dataset\Squats\6.MOV_20201227192101_0117.JPEG,6.MOV_20201227192101_0117.JPEG,Squats,,0.9991,0.9984,0.0,True
C:\Users\acous\Desktop\sih2026\Railway Track Surface Faults Dataset\Squats\6.MOV_20201227192101_0118.JPEG,6.MOV_20201227192101_0118.JPEG,Squats,,0.9996,0.9993,0.0,True
C:\Users\acous\Desktop\sih2026\Railway Track Surface Faults Dataset\Squats\6.MOV_20201227192101_0119.JPEG,6.MOV_20201227192101_0119.JPEG,Squats,,0.9999,0.9998,0.0,True
C:\Users\acous\Desktop\sih2026\Railway Track Surface Faults Dataset\Squats\6.MOV_20201227192101_0120.JPEG,6.MOV_20201227192101_0120.JPEG,Squats,,0.9997,0.9994,0.0,True
C:\Users\acous\Desktop\sih2026\Railway Track Surface Faults Dataset\Squats\6.MOV_20201227192101_0121.JPEG,6.MOV_20201227192101_0121.JPEG,Squats,,0.9881,0.9764,0.0,True
C:\Users\acous\Desktop\sih2026\Railway Track Surface Faults Dataset\Squats\6.MOV_20201227192101_0122.JPEG,6.MOV_20201227192101_0122.JPEG,Squats,,0.9999,0.9998,0.0,True
C:\Users\acous\Desktop\sih2026\Railway Track Surface Faults Dataset\Squats\6.MOV_20201227192101_0123.JPEG,6.MOV_20201227192101_0123.JPEG,Squats,,0.999,0.9983,0.0,True
C:\Users\acous\Desktop\sih2026\Railway Track Surface Faults Dataset\Squats\6.MOV_20201227192101_0124.JPEG,6.MOV_20201227192101_0124.JPEG,Squats,,0.9993,0.9989,0.0,True
C:\Users\acous\Desktop\sih2026\Railway Track Surface Faults Dataset\Squats\6.MOV_20201227192101_0125.JPEG,6.MOV_20201227192101_0125.JPEG,Squats,,0.9997,0.9995,0.0,True
C:\Users\acous\Desktop\sih2026\Railway Track Surface Faults Dataset\Squats\6.MOV_20201227192101_0126.JPEG,6.MOV_20201227192101_0126.JPEG,Squats,,0.9993,0.9988,0.0,True
C:\Users\acous\Desktop\sih2026\Railway Track Surface Faults Dataset\Squats\6.MOV_20201227192101_0127.JPEG,6.MOV_20201227192101_0127.JPEG,Squats,,1.0,1.0,0.0,True
C:\Users\acous\Desktop\sih2026\Railway Track Surface Faults Dataset\Squats\6.MOV_20201227192101_0128.JPEG,6.MOV_20201227192101_0128.JPEG,Squats,,1.0,1.0,0.0,True
C:\Users\acous\Desktop\sih2026\Railway Track Surface Faults Dataset\Squats\6.MOV_20201227192101_0129.JPEG,6.MOV_20201227192101_0129.JPEG,Squats,,1.0,1.0,0.0,True
C:\Users\acous\Desktop\sih2026\Railway Track Surface Faults Dataset\Squats\6.MOV_20201227192101_0130.JPEG,6.MOV_20201227192101_0130.JPEG,Squats,,0.9999,0.9998,0.0,True
C:\Users\acous\Desktop\sih2026\Railway Track Surface Faults Dataset\Squats\6.MOV_20201227192101_0131.JPEG,6.MOV_20201227192101_0131.JPEG,Squats,,0.9993,0.9987,0.0,True
C:\Users\acous\Desktop\sih2026\Railway Track Surface Faults Dataset\Squats\6.MOV_20201227192101_0132.JPEG,6.MOV_20201227192101_0132.JPEG,Squats,,0.967,0.9389,0.0,True
C:\Users\acous\Desktop\sih2026\Railway Track Surface Faults Dataset\Squats\6.MOV_20201227192101_0133.JPEG,6.MOV_20201227192101_0133.JPEG,Squats,,0.8785,0.8033,0.0,True
C:\Users\acous\Desktop\sih2026\Railway Track Surface Faults Dataset\Squats\6.MOV_20201227192101_0137.JPEG,6.MOV_20201227192101_0137.JPEG,Squats,,0.5067,0.0317,0.0,True
C:\Users\acous\Desktop\sih2026\Railway Track Surface Faults Dataset\Squats\6.MOV_20201227192101_0138.JPEG,6.MOV_20201227192101_0138.JPEG,Squats,,0.9885,0.9793,0.0,True
C:\Users\acous\Desktop\sih2026\Railway Track Surface Faults Dataset\Squats\6.MOV_20201227192101_0139.JPEG,6.MOV_20201227192101_0139.JPEG,Squats,,0.9499,0.9106,0.0,True
C:\Users\acous\Desktop\sih2026\Railway Track Surface Faults Dataset\Squats\6.MOV_20201227192101_0140.JPEG,6.MOV_20201227192101_0140.JPEG,Squats,,0.9981,0.9971,0.0,True
C:\Users\acous\Desktop\sih2026\Railway Track Surface Faults Dataset\Squats\6.MOV_20201227192101_0141.JPEG,6.MOV_20201227192101_0141.JPEG,Squats,,0.9966,0.9949,0.0,True
C:\Users\acous\Desktop\sih2026\Railway Track Surface Faults Dataset\Squats\6.MOV_20201227192101_0142.JPEG,6.MOV_20201227192101_0142.JPEG,Squats,,0.9999,0.9998,0.0,True
C:\Users\acous\Desktop\sih2026\Railway Track Surface Faults Dataset\Squats\6.MOV_20201227192101_0143.JPEG,6.MOV_20201227192101_0143.JPEG,Squats,,0.9973,0.9946,0.0,True
C:\Users\acous\Desktop\sih2026\Railway Track Surface Faults Dataset\Squats\6.MOV_20201227192101_0144.JPEG,6.MOV_20201227192101_0144.JPEG,Squats,,0.4494,0.1717,0.0,True
C:\Users\acous\Desktop\sih2026\Railway Track Surface Faults Dataset\Squats\6.MOV_20201227192101_0217.JPEG,6.MOV_20201227192101_0217.JPEG,Squats,,0.9993,0.9987,0.0,True
C:\Users\acous\Desktop\sih2026\Railway Track Surface Faults Dataset\Squats\6.MOV_20201227192101_0218.JPEG,6.MOV_20201227192101_0218.JPEG,Squats,,0.9998,0.9997,0.0,True
C:\Users\acous\Desktop\sih2026\Railway Track Surface Faults Dataset\Squats\6.MOV_20201227192101_0219.JPEG,6.MOV_20201227192101_0219.JPEG,Squats,,0.9995,0.9991,0.0,True
C:\Users\acous\Desktop\sih2026\Railway Track Surface Faults Dataset\Squats\6.MOV_20201227192101_0220.JPEG,6.MOV_20201227192101_0220.JPEG,Squats,,0.9849,0.9762,0.0,True
C:\Users\acous\Desktop\sih2026\Railway Track Surface Faults Dataset\Squats\6.MOV_20201227192101_0271.JPEG,6.MOV_20201227192101_0271.JPEG,Squats,,0.9652,0.9329,0.0,True
C:\Users\acous\Desktop\sih2026\Railway Track Surface Faults Dataset\Squats\6.MOV_20201227192101_0272.JPEG,6.MOV_20201227192101_0272.JPEG,Squats,,0.9998,0.9996,0.0,True
C:\Users\acous\Desktop\sih2026\Railway Track Surface Faults Dataset\Squats\6.MOV_20201227192101_0273.JPEG,6.MOV_20201227192101_0273.JPEG,Squats,,0.9999,0.9998,0.0,True
C:\Users\acous\Desktop\sih2026\Railway Track Surface Faults Dataset\Squats\6.MOV_20201227192101_0274.JPEG,6.MOV_20201227192101_0274.JPEG,Squats,,0.9999,0.9998,0.0,True
C:\Users\acous\Desktop\sih2026\Railway Track Surface Faults Dataset\Squats\6.MOV_20201227192101_0275.JPEG,6.MOV_20201227192101_0275.JPEG,Squats,,0.9989,0.9978,0.0,True
C:\Users\acous\Desktop\sih2026\Railway Track Surface Faults Dataset\Squats\6.MOV_20201227192101_0276.JPEG,6.MOV_20201227192101_0276.JPEG,Squats,,0.7801,0.5725,0.0,True
C:\Users\acous\Desktop\sih2026\Railway Track Surface Faults Dataset\Squats\6.MOV_20201227192101_0278.JPEG,6.MOV_20201227192101_0278.JPEG,Squats,,0.9921,0.9847,0.0,True
C:\Users\acous\Desktop\sih2026\Railway Track Surface Faults Dataset\Squats\6.MOV_20201227192101_0279.JPEG,6.MOV_20201227192101_0279.JPEG,Squats,,0.9999,0.9998,0.0,True
C:\Users\acous\Desktop\sih2026\Railway Track Surface Faults Dataset\Squats\6.MOV_20201227192101_0280.JPEG,6.MOV_20201227192101_0280.JPEG,Squats,,0.9999,0.9998,0.0,True
C:\Users\acous\Desktop\sih2026\Railway Track Surface Faults Dataset\Squats\6.MOV_20201227192101_0281.JPEG,6.MOV_20201227192101_0281.JPEG,Squats,,0.9944,0.9895,0.0,True
C:\Users\acous\Desktop\sih2026\Railway Track Surface Faults Dataset\Squats\6.MOV_20201227192101_0282.JPEG,6.MOV_20201227192101_0282.JPEG,Squats,,1.0,1.0,0.0,True
C:\Users\acous\Desktop\sih2026\Railway Track Surface Faults Dataset\Squats\6.MOV_20201227192101_0283.JPEG,6.MOV_20201227192101_0283.JPEG,Squats,,0.9998,0.9997,0.0,True
C:\Users\acous\Desktop\sih2026\Railway Track Surface Faults Dataset\Squats\6.MOV_20201227192101_0284.JPEG,6.MOV_20201227192101_0284.JPEG,Squats,,0.9997,0.9995,0.0,True
C:\Users\acous\Desktop\sih2026\Railway Track Surface Faults Dataset\Squats\6.MOV_20201227192101_0285.JPEG,6.MOV_20201227192101_0285.JPEG,Squats,,0.9992,0.9985,0.0,True
C:\Users\acous\Desktop\sih2026\Railway Track Surface Faults Dataset\Squats\6.MOV_20201227192101_0286.JPEG,6.MOV_20201227192101_0286.JPEG,Squats,,0.9941,0.9886,0.0,True
C:\Users\acous\Desktop\sih2026\Railway Track Surface Faults Dataset\Squats\6.MOV_20201227192101_0287.JPEG,6.MOV_20201227192101_0287.JPEG,Squats,,0.9995,0.999,0.0,True
C:\Users\acous\Desktop\sih2026\Railway Track Surface Faults Dataset\Squats\6.MOV_20201227192101_0288.JPEG,6.MOV_20201227192101_0288.JPEG,Squats,,0.8854,0.772,0.0,True
C:\Users\acous\Desktop\sih2026\Railway Track Surface Faults Dataset\Squats\6.MOV_20201227192101_0289.JPEG,6.MOV_20201227192101_0289.JPEG,Squats,,0.5206,0.064,0.0,True
C:\Users\acous\Desktop\sih2026\Railway Track Surface Faults Dataset\Squats\6.MOV_20201227192101_0347.JPEG,6.MOV_20201227192101_0347.JPEG,Squats,,0.9707,0.9532,0.0,True
C:\Users\acous\Desktop\sih2026\Railway Track Surface Faults Dataset\Squats\6.MOV_20201227192101_0348.JPEG,6.MOV_20201227192101_0348.JPEG,Squats,,0.9948,0.9914,0.0,True
C:\Users\acous\Desktop\sih2026\Railway Track Surface Faults Dataset\Squats\6.MOV_20201227192101_0349.JPEG,6.MOV_20201227192101_0349.JPEG,Squats,,0.9935,0.9881,0.0,True
C:\Users\acous\Desktop\sih2026\Railway Track Surface Faults Dataset\Squats\6.MOV_20201227192101_0350.JPEG,6.MOV_20201227192101_0350.JPEG,Squats,,0.9126,0.8581,0.0,True
C:\Users\acous\Desktop\sih2026\Railway Track Surface Faults Dataset\Squats\6.MOV_20201227192101_0364.JPEG,6.MOV_20201227192101_0364.JPEG,Squats,,0.9943,0.9888,0.0,True
C:\Users\acous\Desktop\sih2026\Railway Track Surface Faults Dataset\Squats\6.MOV_20201227192101_0365.JPEG,6.MOV_20201227192101_0365.JPEG,Squats,,1.0,1.0,0.0,True
C:\Users\acous\Desktop\sih2026\Railway Track Surface Faults Dataset\Squats\6.MOV_20201227192101_0366.JPEG,6.MOV_20201227192101_0366.JPEG,Squats,,1.0,1.0,0.0,True
C:\Users\acous\Desktop\sih2026\Railway Track Surface Faults Dataset\Squats\6.MOV_20201227192101_0367.JPEG,6.MOV_20201227192101_0367.JPEG,Squats,,0.9989,0.9979,0.0,True
C:\Users\acous\Desktop\sih2026\Railway Track Surface Faults Dataset\Squats\6.MOV_20201227192101_0368.JPEG,6.MOV_20201227192101_0368.JPEG,Squats,,0.9588,0.9308,0.0,True
C:\Users\acous\Desktop\sih2026\Railway Track Surface Faults Dataset\Squats\6.MOV_20201227192101_0369.JPEG,6.MOV_20201227192101_0369.JPEG,Squats,,0.9997,0.9994,0.0,True
C:\Users\acous\Desktop\sih2026\Railway Track Surface Faults Dataset\Squats\6.MOV_20201227192101_0370.JPEG,6.MOV_20201227192101_0370.JPEG,Squats,,0.999,0.9981,0.0,True
C:\Users\acous\Desktop\sih2026\Railway Track Surface Faults Dataset\Squats\6.MOV_20201227192101_0371.JPEG,6.MOV_20201227192101_0371.JPEG,Squats,,0.997,0.9955,0.0,True
C:\Users\acous\Desktop\sih2026\Railway Track Surface Faults Dataset\Squats\6.MOV_20201227192101_0372.JPEG,6.MOV_20201227192101_0372.JPEG,Squats,,0.9972,0.9945,0.0,True
C:\Users\acous\Desktop\sih2026\Railway Track Surface Faults Dataset\Squats\6.MOV_20201227192101_0378.JPEG,6.MOV_20201227192101_0378.JPEG,Squats,,0.9974,0.9949,0.0,True
C:\Users\acous\Desktop\sih2026\Railway Track Surface Faults Dataset\Squats\6.MOV_20201227192101_0379.JPEG,6.MOV_20201227192101_0379.JPEG,Squats,,0.9997,0.9994,0.0,True
C:\Users\acous\Desktop\sih2026\Railway Track Surface Faults Dataset\Squats\6.MOV_20201227192101_0380.JPEG,6.MOV_20201227192101_0380.JPEG,Squats,,0.9997,0.9994,0.0,True
C:\Users\acous\Desktop\sih2026\Railway Track Surface Faults Dataset\Squats\6.MOV_20201227192101_0381.JPEG,6.MOV_20201227192101_0381.JPEG,Squats,,0.9997,0.9994,0.0,True
C:\Users\acous\Desktop\sih2026\Railway Track Surface Faults Dataset\Squats\6.MOV_20201227192101_0382.JPEG,6.MOV_20201227192101_0382.JPEG,Squats,,0.9934,0.9882,0.0,True
C:\Users\acous\Desktop\sih2026\Railway Track Surface Faults Dataset\Squats\6.MOV_20201227192101_0383.JPEG,6.MOV_20201227192101_0383.JPEG,Squats,,0.9918,0.9856,0.0,True
C:\Users\acous\Desktop\sih2026\Railway Track Surface Faults Dataset\Squats\6.MOV_20201227192101_0384.JPEG,6.MOV_20201227192101_0384.JPEG,Squats,,0.9392,0.9069,0.0,True
C:\Users\acous\Desktop\sih2026\Railway Track Surface Faults Dataset\Squats\6.MOV_20201227192101_0392.JPEG,6.MOV_20201227192101_0392.JPEG,Squats,,0.9876,0.9759,0.0,True
C:\Users\acous\Desktop\sih2026\Railway Track Surface Faults Dataset\Squats\6.MOV_20201227192101_0393.JPEG,6.MOV_20201227192101_0393.JPEG,Squats,,0.9994,0.9991,0.0,True
C:\Users\acous\Desktop\sih2026\Railway Track Surface Faults Dataset\Squats\6.MOV_20201227192101_0394.JPEG,6.MOV_20201227192101_0394.JPEG,Squats,,0.9988,0.998,0.0,True
C:\Users\acous\Desktop\sih2026\Railway Track Surface Faults Dataset\Squats\6.MOV_20201227192101_0395.JPEG,6.MOV_20201227192101_0395.JPEG,Squats,,0.9676,0.9379,0.0,True
C:\Users\acous\Desktop\sih2026\Railway Track Surface Faults Dataset\Squats\6.MOV_20201227192101_0424.JPEG,6.MOV_20201227192101_0424.JPEG,Squats,,0.991,0.9825,0.0,True
C:\Users\acous\Desktop\sih2026\Railway Track Surface Faults Dataset\Squats\6.MOV_20201227192101_0425.JPEG,6.MOV_20201227192101_0425.JPEG,Squats,,0.9992,0.9985,0.0,True
C:\Users\acous\Desktop\sih2026\Railway Track Surface Faults Dataset\Squats\6.MOV_20201227192101_0426.JPEG,6.MOV_20201227192101_0426.JPEG,Squats,,0.9996,0.9992,0.0,True
C:\Users\acous\Desktop\sih2026\Railway Track Surface Faults Dataset\Squats\6.MOV_20201227192101_0427.JPEG,6.MOV_20201227192101_0427.JPEG,Squats,,0.9734,0.9485,0.0,True
C:\Users\acous\Desktop\sih2026\Railway Track Surface Faults Dataset\Squats\6.MOV_20201227192101_0428.JPEG,6.MOV_20201227192101_0428.JPEG,Squats,,0.5586,0.1226,0.0,True
C:\Users\acous\Desktop\sih2026\Railway Track Surface Faults Dataset\Squats\6.MOV_20201227192101_0441.JPEG,6.MOV_20201227192101_0441.JPEG,Squats,,0.9286,0.858,0.0,True
C:\Users\acous\Desktop\sih2026\Railway Track Surface Faults Dataset\Squats\6.MOV_20201227192101_0442.JPEG,6.MOV_20201227192101_0442.JPEG,Squats,,0.991,0.9823,0.0,True
C:\Users\acous\Desktop\sih2026\Railway Track Surface Faults Dataset\Squats\6.MOV_20201227192101_0443.JPEG,6.MOV_20201227192101_0443.JPEG,Squats,,0.9969,0.9939,0.0,True
C:\Users\acous\Desktop\sih2026\Railway Track Surface Faults Dataset\Squats\6.MOV_20201227192101_0444.JPEG,6.MOV_20201227192101_0444.JPEG,Squats,,0.9999,0.9998,0.0,True
C:\Users\acous\Desktop\sih2026\Railway Track Surface Faults Dataset\Squats\6.MOV_20201227192101_0445.JPEG,6.MOV_20201227192101_0445.JPEG,Squats,,0.9994,0.9988,0.0,True
C:\Users\acous\Desktop\sih2026\Railway Track Surface Faults Dataset\Squats\6.MOV_20201227192101_0446.JPEG,6.MOV_20201227192101_0446.JPEG,Squats,,0.9999,0.9998,0.0,True
C:\Users\acous\Desktop\sih2026\Railway Track Surface Faults Dataset\Squats\6.MOV_20201227192101_0447.JPEG,6.MOV_20201227192101_0447.JPEG,Squats,,0.9827,0.9674,0.0,True
C:\Users\acous\Desktop\sih2026\Railway Track Surface Faults Dataset\Squats\6.MOV_20201227192101_0485.JPEG,6.MOV_20201227192101_0485.JPEG,Squats,,0.9579,0.9164,0.0,True
C:\Users\acous\Desktop\sih2026\Railway Track Surface Faults Dataset\Squats\6.MOV_20201227192101_0486.JPEG,6.MOV_20201227192101_0486.JPEG,Squats,,0.9988,0.9977,0.0,True
C:\Users\acous\Desktop\sih2026\Railway Track Surface Faults Dataset\Squats\6.MOV_20201227192101_0487.JPEG,6.MOV_20201227192101_0487.JPEG,Squats,,0.9999,0.9998,0.0,True
C:\Users\acous\Desktop\sih2026\Railway Track Surface Faults Dataset\Squats\6.MOV_20201227192101_0488.JPEG,6.MOV_20201227192101_0488.JPEG,Squats,,1.0,1.0,0.0,True
C:\Users\acous\Desktop\sih2026\Railway Track Surface Faults Dataset\Squats\6.MOV_20201227192101_0489.JPEG,6.MOV_20201227192101_0489.JPEG,Squats,,0.9999,0.9998,0.0,True
C:\Users\acous\Desktop\sih2026\Railway Track Surface Faults Dataset\Squats\6.MOV_20201227192101_0490.JPEG,6.MOV_20201227192101_0490.JPEG,Squats,,0.9988,0.9977,0.0,True
C:\Users\acous\Desktop\sih2026\Railway Track Surface Faults Dataset\Squats\6.MOV_20201227192101_0491.JPEG,6.MOV_20201227192101_0491.JPEG,Squats,,0.992,0.9854,0.0,True
C:\Users\acous\Desktop\sih2026\Railway Track Surface Faults Dataset\Squats\6.MOV_20201227192101_0492.JPEG,6.MOV_20201227192101_0492.JPEG,Squats,,0.981,0.9627,0.0,True
C:\Users\acous\Desktop\sih2026\Railway Track Surface Faults Dataset\Squats\6.MOV_20201227192101_0493.JPEG,6.MOV_20201227192101_0493.JPEG,Squats,,0.8938,0.7938,0.0,True
C:\Users\acous\Desktop\sih2026\Railway Track Surface Faults Dataset\Squats\6.MOV_20201227192101_0494.JPEG,6.MOV_20201227192101_0494.JPEG,Squats,,0.969,0.9404,0.0,True
C:\Users\acous\Desktop\sih2026\Railway Track Surface Faults Dataset\Squats\6.MOV_20201227192101_0495.JPEG,6.MOV_20201227192101_0495.JPEG,Squats,,0.9303,0.8764,0.0,True
C:\Users\acous\Desktop\sih2026\Railway Track Surface Faults Dataset\Squats\6.MOV_20201227192101_0496.JPEG,6.MOV_20201227192101_0496.JPEG,Squats,,0.9759,0.955,0.0,True
C:\Users\acous\Desktop\sih2026\Railway Track Surface Faults Dataset\Squats\6.MOV_20201227192101_0497.JPEG,6.MOV_20201227192101_0497.JPEG,Squats,,0.7704,0.5556,0.0,True
C:\Users\acous\Desktop\sih2026\Railway Track Surface Faults Dataset\Squats\6.MOV_20201227192101_0549.JPEG,6.MOV_20201227192101_0549.JPEG,Squats,,0.9997,0.9994,0.0,True
C:\Users\acous\Desktop\sih2026\Railway Track Surface Faults Dataset\Squats\6.MOV_20201227192101_0550.JPEG,6.MOV_20201227192101_0550.JPEG,Squats,,0.9999,0.9998,0.0,True
C:\Users\acous\Desktop\sih2026\Railway Track Surface Faults Dataset\Squats\6.MOV_20201227192101_0551.JPEG,6.MOV_20201227192101_0551.JPEG,Squats,,0.9999,0.9999,0.0,True
C:\Users\acous\Desktop\sih2026\Railway Track Surface Faults Dataset\Squats\6.MOV_20201227192101_0552.JPEG,6.MOV_20201227192101_0552.JPEG,Squats,,0.9997,0.9994,0.0,True
C:\Users\acous\Desktop\sih2026\Railway Track Surface Faults Dataset\Squats\6.MOV_20201227192101_0553.JPEG,6.MOV_20201227192101_0553.JPEG,Squats,,0.999,0.998,0.0,True
C:\Users\acous\Desktop\sih2026\Railway Track Surface Faults Dataset\Squats\6.MOV_20201227192101_0554.JPEG,6.MOV_20201227192101_0554.JPEG,Squats,,0.9992,0.9985,0.0,True
C:\Users\acous\Desktop\sih2026\Railway Track Surface Faults Dataset\Squats\6.MOV_20201227192101_0555.JPEG,6.MOV_20201227192101_0555.JPEG,Squats,,0.9989,0.9981,0.0,True
C:\Users\acous\Desktop\sih2026\Railway Track Surface Faults Dataset\Squats\6.MOV_20201227192101_0556.JPEG,6.MOV_20201227192101_0556.JPEG,Squats,,0.9993,0.9986,0.0,True
C:\Users\acous\Desktop\sih2026\Railway Track Surface Faults Dataset\Squats\6.MOV_20201227192101_0557.JPEG,6.MOV_20201227192101_0557.JPEG,Squats,,0.9688,0.9382,0.0,True
C:\Users\acous\Desktop\sih2026\Railway Track Surface Faults Dataset\Squats\6.MOV_20201227192101_0558.JPEG,6.MOV_20201227192101_0558.JPEG,Squats,,0.753,0.5184,0.0,True
C:\Users\acous\Desktop\sih2026\Railway Track Surface Faults Dataset\Squats\6.MOV_20201227192101_0669.JPEG,6.MOV_20201227192101_0669.JPEG,Squats,,0.7875,0.576,0.0,True
C:\Users\acous\Desktop\sih2026\Railway Track Surface Faults Dataset\Squats\6.MOV_20201227192101_0670.JPEG,6.MOV_20201227192101_0670.JPEG,Squats,,0.9773,0.9557,0.0,True
C:\Users\acous\Desktop\sih2026\Railway Track Surface Faults Dataset\Squats\6.MOV_20201227192101_0671.JPEG,6.MOV_20201227192101_0671.JPEG,Squats,,0.9717,0.9441,0.0,True
C:\Users\acous\Desktop\sih2026\Railway Track Surface Faults Dataset\Squats\6.MOV_20201227192101_0672.JPEG,6.MOV_20201227192101_0672.JPEG,Squats,,0.9964,0.9928,0.0,True
C:\Users\acous\Desktop\sih2026\Railway Track Surface Faults Dataset\Squats\6.MOV_20201227192101_0673.JPEG,6.MOV_20201227192101_0673.JPEG,Squats,,0.9987,0.9974,0.0,True
C:\Users\acous\Desktop\sih2026\Railway Track Surface Faults Dataset\Squats\6.MOV_20201227192101_0674.JPEG,6.MOV_20201227192101_0674.JPEG,Squats,,0.9987,0.9974,0.0,True
C:\Users\acous\Desktop\sih2026\Railway Track Surface Faults Dataset\Squats\6.MOV_20201227192101_0675.JPEG,6.MOV_20201227192101_0675.JPEG,Squats,,0.9973,0.9947,0.0,True
C:\Users\acous\Desktop\sih2026\Railway Track Surface Faults Dataset\Squats\6.MOV_20201227192101_0676.JPEG,6.MOV_20201227192101_0676.JPEG,Squats,,0.9797,0.9595,0.0,True
C:\Users\acous\Desktop\sih2026\Railway Track Surface Faults Dataset\Squats\6.MOV_20201227192101_0677.JPEG,6.MOV_20201227192101_0677.JPEG,Squats,,0.9659,0.9323,0.0,True
C:\Users\acous\Desktop\sih2026\Railway Track Surface Faults Dataset\Squats\6.MOV_20201227192101_0678.JPEG,6.MOV_20201227192101_0678.JPEG,Squats,,0.9586,0.9177,0.0,True
C:\Users\acous\Desktop\sih2026\Railway Track Surface Faults Dataset\Squats\6.MOV_20201227192101_0683.JPEG,6.MOV_20201227192101_0683.JPEG,Squats,,0.8655,0.7317,0.0,True
C:\Users\acous\Desktop\sih2026\Railway Track Surface Faults Dataset\Squats\6.MOV_20201227192101_0684.JPEG,6.MOV_20201227192101_0684.JPEG,Squats,,0.9907,0.9821,0.0,True
C:\Users\acous\Desktop\sih2026\Railway Track Surface Faults Dataset\Squats\6.MOV_20201227192101_0685.JPEG,6.MOV_20201227192101_0685.JPEG,Squats,,0.9195,0.8788,0.0,True
C:\Users\acous\Desktop\sih2026\Railway Track Surface Faults Dataset\Squats\6.MOV_20201227192101_0686.JPEG,6.MOV_20201227192101_0686.JPEG,Squats,,0.9917,0.9846,0.0,True
C:\Users\acous\Desktop\sih2026\Railway Track Surface Faults Dataset\Squats\6.MOV_20201227192101_0710.JPEG,6.MOV_20201227192101_0710.JPEG,Squats,,0.986,0.9746,0.0,True
C:\Users\acous\Desktop\sih2026\Railway Track Surface Faults Dataset\Squats\6.MOV_20201227192101_0711.JPEG,6.MOV_20201227192101_0711.JPEG,Squats,,0.9936,0.9873,0.0,True
C:\Users\acous\Desktop\sih2026\Railway Track Surface Faults Dataset\Squats\6.MOV_20201227192101_0712.JPEG,6.MOV_20201227192101_0712.JPEG,Squats,,0.9977,0.9956,0.0,True
C:\Users\acous\Desktop\sih2026\Railway Track Surface Faults Dataset\Squats\6.MOV_20201227192101_0713.JPEG,6.MOV_20201227192101_0713.JPEG,Squats,,0.9961,0.9923,0.0,True
C:\Users\acous\Desktop\sih2026\Railway Track Surface Faults Dataset\Squats\6.MOV_20201227192101_0714.JPEG,6.MOV_20201227192101_0714.JPEG,Squats,,0.5541,0.1156,0.0,True
C:\Users\acous\Desktop\sih2026\Railway Track Surface Faults Dataset\Squats\6.MOV_20201227192101_0715.JPEG,6.MOV_20201227192101_0715.JPEG,Squats,,0.68,0.3705,0.0,True
C:\Users\acous\Desktop\sih2026\Railway Track Surface Faults Dataset\Squats\6.MOV_20201227192101_0724.JPEG,6.MOV_20201227192101_0724.JPEG,Squats,,0.5028,0.0344,0.0,True
C:\Users\acous\Desktop\sih2026\Railway Track Surface Faults Dataset\Squats\6.MOV_20201227192101_0725.JPEG,6.MOV_20201227192101_0725.JPEG,Squats,,0.91,0.8315,0.0,True
C:\Users\acous\Desktop\sih2026\Railway Track Surface Faults Dataset\Squats\6.MOV_20201227192101_0726.JPEG,6.MOV_20201227192101_0726.JPEG,Squats,,0.9855,0.9741,0.0,True
C:\Users\acous\Desktop\sih2026\Railway Track Surface Faults Dataset\Squats\6.MOV_20201227192101_0727.JPEG,6.MOV_20201227192101_0727.JPEG,Squats,,0.9942,0.9886,0.0,True
C:\Users\acous\Desktop\sih2026\Railway Track Surface Faults Dataset\Squats\6.MOV_20201227192101_0728.JPEG,6.MOV_20201227192101_0728.JPEG,Squats,,0.9721,0.9444,0.0,True
C:\Users\acous\Desktop\sih2026\Railway Track Surface Faults Dataset\Squats\6.MOV_20201227192101_0729.JPEG,6.MOV_20201227192101_0729.JPEG,Squats,,0.6861,0.3917,0.0,True
C:\Users\acous\Desktop\sih2026\Railway Track Surface Faults Dataset\Squats\6.MOV_20201227192101_0741.JPEG,6.MOV_20201227192101_0741.JPEG,Squats,,0.9999,0.9998,0.0,True
C:\Users\acous\Desktop\sih2026\Railway Track Surface Faults Dataset\Squats\6.MOV_20201227192101_0742.JPEG,6.MOV_20201227192101_0742.JPEG,Squats,,0.9999,0.9998,0.0,True
C:\Users\acous\Desktop\sih2026\Railway Track Surface Faults Dataset\Squats\6.MOV_20201227192101_0743.JPEG,6.MOV_20201227192101_0743.JPEG,Squats,,1.0,1.0,0.0,True
C:\Users\acous\Desktop\sih2026\Railway Track Surface Faults Dataset\Squats\6.MOV_20201227192101_0744.JPEG,6.MOV_20201227192101_0744.JPEG,Squats,,1.0,1.0,0.0,True
C:\Users\acous\Desktop\sih2026\Railway Track Surface Faults Dataset\Squats\6.MOV_20201227192101_0745.JPEG,6.MOV_20201227192101_0745.JPEG,Squats,,0.9999,0.9998,0.0,True
C:\Users\acous\Desktop\sih2026\Railway Track Surface Faults Dataset\Squats\6.MOV_20201227192101_0746.JPEG,6.MOV_20201227192101_0746.JPEG,Squats,,0.9996,0.9992,0.0,True
C:\Users\acous\Desktop\sih2026\Railway Track Surface Faults Dataset\Squats\6.MOV_20201227192101_0747.JPEG,6.MOV_20201227192101_0747.JPEG,Squats,,0.9965,0.993,0.0,True
C:\Users\acous\Desktop\sih2026\Railway Track Surface Faults Dataset\Squats\6.MOV_20201227192101_0748.JPEG,6.MOV_20201227192101_0748.JPEG,Squats,,0.9902,0.9804,0.0,True
C:\Users\acous\Desktop\sih2026\Railway Track Surface Faults Dataset\Squats\6.MOV_20201227192101_0749.JPEG,6.MOV_20201227192101_0749.JPEG,Squats,,0.9966,0.9932,0.0,True
C:\Users\acous\Desktop\sih2026\Railway Track Surface Faults Dataset\Squats\6.MOV_20201227192101_0750.JPEG,6.MOV_20201227192101_0750.JPEG,Squats,,0.9983,0.9966,0.0,True
C:\Users\acous\Desktop\sih2026\Railway Track Surface Faults Dataset\Squats\6.MOV_20201227192101_0751.JPEG,6.MOV_20201227192101_0751.JPEG,Squats,,0.9991,0.9982,0.0,True
C:\Users\acous\Desktop\sih2026\Railway Track Surface Faults Dataset\Squats\6.MOV_20201227192101_0752.JPEG,6.MOV_20201227192101_0752.JPEG,Squats,,0.9999,0.9998,0.0,True
C:\Users\acous\Desktop\sih2026\Railway Track Surface Faults Dataset\Squats\6.MOV_20201227192101_0753.JPEG,6.MOV_20201227192101_0753.JPEG,Squats,,0.9999,0.9998,0.0,True
C:\Users\acous\Desktop\sih2026\Railway Track Surface Faults Dataset\Squats\6.MOV_20201227192101_0754.JPEG,6.MOV_20201227192101_0754.JPEG,Squats,,0.9998,0.9996,0.0,True
C:\Users\acous\Desktop\sih2026\Railway Track Surface Faults Dataset\Squats\6.MOV_20201227192101_0755.JPEG,6.MOV_20201227192101_0755.JPEG,Squats,,0.9999,0.9998,0.0,True
C:\Users\acous\Desktop\sih2026\Railway Track Surface Faults Dataset\Squats\6.MOV_20201227192101_0756.JPEG,6.MOV_20201227192101_0756.JPEG,Squats,,0.9923,0.9847,0.0,True
C:\Users\acous\Desktop\sih2026\Railway Track Surface Faults Dataset\Squats\6.MOV_20201227192101_0757.JPEG,6.MOV_20201227192101_0757.JPEG,Squats,,0.9237,0.8489,0.0,True
C:\Users\acous\Desktop\sih2026\Railway Track Surface Faults Dataset\Squats\6.MOV_20201227192101_0839.JPEG,6.MOV_20201227192101_0839.JPEG,Squats,,0.9967,0.9934,0.0,True
C:\Users\acous\Desktop\sih2026\Railway Track Surface Faults Dataset\Squats\6.MOV_20201227192101_0840.JPEG,6.MOV_20201227192101_0840.JPEG,Squats,,0.9979,0.9958,0.0,True
C:\Users\acous\Desktop\sih2026\Railway Track Surface Faults Dataset\Squats\6.MOV_20201227192101_0841.JPEG,6.MOV_20201227192101_0841.JPEG,Squats,,0.9997,0.9994,0.0,True
C:\Users\acous\Desktop\sih2026\Railway Track Surface Faults Dataset\Squats\6.MOV_20201227192101_0842.JPEG,6.MOV_20201227192101_0842.JPEG,Squats,,1.0,1.0,0.0,True
C:\Users\acous\Desktop\sih2026\Railway Track Surface Faults Dataset\Squats\6.MOV_20201227192101_0843.JPEG,6.MOV_20201227192101_0843.JPEG,Squats,,1.0,1.0,0.0,True
C:\Users\acous\Desktop\sih2026\Railway Track Surface Faults Dataset\Squats\6.MOV_20201227192101_0844.JPEG,6.MOV_20201227192101_0844.JPEG,Squats,,1.0,1.0,0.0,True
C:\Users\acous\Desktop\sih2026\Railway Track Surface Faults Dataset\Squats\6.MOV_20201227192101_0845.JPEG,6.MOV_20201227192101_0845.JPEG,Squats,,0.9993,0.9986,0.0,True
C:\Users\acous\Desktop\sih2026\Railway Track Surface Faults Dataset\Squats\6.MOV_20201227192101_0846.JPEG,6.MOV_20201227192101_0846.JPEG,Squats,,0.9953,0.9906,0.0,True
C:\Users\acous\Desktop\sih2026\Railway Track Surface Faults Dataset\Squats\6.MOV_20201227192101_0847.JPEG,6.MOV_20201227192101_0847.JPEG,Squats,,0.998,0.996,0.0,True
C:\Users\acous\Desktop\sih2026\Railway Track Surface Faults Dataset\Squats\6.MOV_20201227192101_0848.JPEG,6.MOV_20201227192101_0848.JPEG,Squats,,0.9821,0.9642,0.0,True
C:\Users\acous\Desktop\sih2026\Railway Track Surface Faults Dataset\Squats\6.MOV_20201227192101_0853.JPEG,6.MOV_20201227192101_0853.JPEG,Squats,,0.8787,0.7592,0.0,True
C:\Users\acous\Desktop\sih2026\Railway Track Surface Faults Dataset\Squats\6.MOV_20201227192101_0854.JPEG,6.MOV_20201227192101_0854.JPEG,Squats,,0.8013,0.6049,0.0,True
C:\Users\acous\Desktop\sih2026\Railway Track Surface Faults Dataset\Squats\6.MOV_20201227192101_0855.JPEG,6.MOV_20201227192101_0855.JPEG,Squats,,0.6391,0.2991,0.0,True
C:\Users\acous\Desktop\sih2026\Railway Track Surface Faults Dataset\Squats\6.MOV_20201227192101_0856.JPEG,6.MOV_20201227192101_0856.JPEG,Squats,,0.5569,0.1346,0.0,True
C:\Users\acous\Desktop\sih2026\Railway Track Surface Faults Dataset\Squats\6.MOV_20201227192101_0857.JPEG,6.MOV_20201227192101_0857.JPEG,Squats,,0.5507,0.1037,0.0,True
C:\Users\acous\Desktop\sih2026\Railway Track Surface Faults Dataset\Squats\6.MOV_20201227192101_0858.JPEG,6.MOV_20201227192101_0858.JPEG,Squats,,0.5731,0.147,0.0,True
C:\Users\acous\Desktop\sih2026\Railway Track Surface Faults Dataset\Squats\6.MOV_20201227192101_0859.JPEG,6.MOV_20201227192101_0859.JPEG,Squats,,0.8882,0.7786,0.0,True
C:\Users\acous\Desktop\sih2026\Railway Track Surface Faults Dataset\Squats\6.MOV_20201227192101_0860.JPEG,6.MOV_20201227192101_0860.JPEG,Squats,,0.7279,0.478,0.0,True
C:\Users\acous\Desktop\sih2026\Railway Track Surface Faults Dataset\Squats\6.MOV_20201227192101_0867.JPEG,6.MOV_20201227192101_0867.JPEG,Squats,,0.9739,0.9484,0.0,True
C:\Users\acous\Desktop\sih2026\Railway Track Surface Faults Dataset\Squats\6.MOV_20201227192101_0868.JPEG,6.MOV_20201227192101_0868.JPEG,Squats,,0.9917,0.9849,0.0,True
C:\Users\acous\Desktop\sih2026\Railway Track Surface Faults Dataset\Squats\6.MOV_20201227192101_0869.JPEG,6.MOV_20201227192101_0869.JPEG,Squats,,0.9997,0.9995,0.0,True
C:\Users\acous\Desktop\sih2026\Railway Track Surface Faults Dataset\Squats\6.MOV_20201227192101_0870.JPEG,6.MOV_20201227192101_0870.JPEG,Squats,,0.9997,0.9995,0.0,True
C:\Users\acous\Desktop\sih2026\Railway Track Surface Faults Dataset\Squats\6.MOV_20201227192101_0871.JPEG,6.MOV_20201227192101_0871.JPEG,Squats,,0.9999,0.9998,0.0,True
C:\Users\acous\Desktop\sih2026\Railway Track Surface Faults Dataset\Squats\6.MOV_20201227192101_0872.JPEG,6.MOV_20201227192101_0872.JPEG,Squats,,0.9996,0.9992,0.0,True
C:\Users\acous\Desktop\sih2026\Railway Track Surface Faults Dataset\Squats\6.MOV_20201227192101_0873.JPEG,6.MOV_20201227192101_0873.JPEG,Squats,,0.9991,0.9983,0.0,True
C:\Users\acous\Desktop\sih2026\Railway Track Surface Faults Dataset\Squats\6.MOV_20201227192101_0874.JPEG,6.MOV_20201227192101_0874.JPEG,Squats,,0.9358,0.8727,0.0,True
C:\Users\acous\Desktop\sih2026\Railway Track Surface Faults Dataset\Squats\6.MOV_20201227192101_0890.JPEG,6.MOV_20201227192101_0890.JPEG,Squats,,0.8961,0.7927,0.0,True
C:\Users\acous\Desktop\sih2026\Railway Track Surface Faults Dataset\Squats\6.MOV_20201227192101_0891.JPEG,6.MOV_20201227192101_0891.JPEG,Squats,,0.5895,0.2052,0.0,True
C:\Users\acous\Desktop\sih2026\Railway Track Surface Faults Dataset\Squats\6.MOV_20201227192101_0892.JPEG,6.MOV_20201227192101_0892.JPEG,Squats,,0.9625,0.9255,0.0,True
C:\Users\acous\Desktop\sih2026\Railway Track Surface Faults Dataset\Squats\6.MOV_20201227192101_0893.JPEG,6.MOV_20201227192101_0893.JPEG,Squats,,0.8443,0.6892,0.0,True
C:\Users\acous\Desktop\sih2026\Railway Track Surface Faults Dataset\Squats\6.MOV_20201227192101_0894.JPEG,6.MOV_20201227192101_0894.JPEG,Squats,,0.7907,0.5864,0.0,True
C:\Users\acous\Desktop\sih2026\Railway Track Surface Faults Dataset\Squats\6.MOV_20201227192101_0895.JPEG,6.MOV_20201227192101_0895.JPEG,Squats,,0.7753,0.5558,0.0,True
C:\Users\acous\Desktop\sih2026\Railway Track Surface Faults Dataset\Squats\6.MOV_20201227192101_0922.JPEG,6.MOV_20201227192101_0922.JPEG,Squats,,0.8955,0.7952,0.0,True
C:\Users\acous\Desktop\sih2026\Railway Track Surface Faults Dataset\Squats\6.MOV_20201227192101_0923.JPEG,6.MOV_20201227192101_0923.JPEG,Squats,,0.9859,0.9722,0.0,True
C:\Users\acous\Desktop\sih2026\Railway Track Surface Faults Dataset\Squats\6.MOV_20201227192101_0924.JPEG,6.MOV_20201227192101_0924.JPEG,Squats,,0.9678,0.936,0.0,True
C:\Users\acous\Desktop\sih2026\Railway Track Surface Faults Dataset\Squats\6.MOV_20201227192101_0925.JPEG,6.MOV_20201227192101_0925.JPEG,Squats,,0.9979,0.9959,0.0,True
C:\Users\acous\Desktop\sih2026\Railway Track Surface Faults Dataset\Squats\6.MOV_20201227192101_0926.JPEG,6.MOV_20201227192101_0926.JPEG,Squats,,0.9995,0.999,0.0,True
C:\Users\acous\Desktop\sih2026\Railway Track Surface Faults Dataset\Squats\6.MOV_20201227192101_0927.JPEG,6.MOV_20201227192101_0927.JPEG,Squats,,0.9275,0.8772,0.0,True
C:\Users\acous\Desktop\sih2026\Railway Track Surface Faults Dataset\Squats\6.MOV_20201227192101_0928.JPEG,6.MOV_20201227192101_0928.JPEG,Squats,,0.5565,0.1204,0.0,True
C:\Users\acous\Desktop\sih2026\Railway Track Surface Faults Dataset\Squats\6.MOV_20201227192101_0929.JPEG,6.MOV_20201227192101_0929.JPEG,Squats,,0.5524,0.1125,0.0,True
C:\Users\acous\Desktop\sih2026\Railway Track Surface Faults Dataset\Squats\6.MOV_20201227192101_1013.JPEG,6.MOV_20201227192101_1013.JPEG,Squats,,0.8544,0.714,0.0,True
C:\Users\acous\Desktop\sih2026\Railway Track Surface Faults Dataset\Squats\6.MOV_20201227192101_1014.JPEG,6.MOV_20201227192101_1014.JPEG,Squats,,0.8101,0.641,0.0,True
C:\Users\acous\Desktop\sih2026\Railway Track Surface Faults Dataset\Squats\6.MOV_20201227192101_1015.JPEG,6.MOV_20201227192101_1015.JPEG,Squats,,0.9744,0.9529,0.0,True
C:\Users\acous\Desktop\sih2026\Railway Track Surface Faults Dataset\Squats\6.MOV_20201227192101_1016.JPEG,6.MOV_20201227192101_1016.JPEG,Squats,,0.96,0.9237,0.0,True
C:\Users\acous\Desktop\sih2026\Railway Track Surface Faults Dataset\Squats\6.MOV_20201227192101_1017.JPEG,6.MOV_20201227192101_1017.JPEG,Squats,,0.9717,0.9436,0.0,True
C:\Users\acous\Desktop\sih2026\Railway Track Surface Faults Dataset\Squats\6.MOV_20201227192101_1018.JPEG,6.MOV_20201227192101_1018.JPEG,Squats,,0.8655,0.734,0.0,True
C:\Users\acous\Desktop\sih2026\Railway Track Surface Faults Dataset\Squats\6.MOV_20201227192101_1019.JPEG,6.MOV_20201227192101_1019.JPEG,Squats,,0.611,0.2288,0.0,True
C:\Users\acous\Desktop\sih2026\Railway Track Surface Faults Dataset\Squats\6.MOV_20201227192101_1109.JPEG,6.MOV_20201227192101_1109.JPEG,Squats,,0.9995,0.999,0.0,True
C:\Users\acous\Desktop\sih2026\Railway Track Surface Faults Dataset\Squats\6.MOV_20201227192101_1110.JPEG,6.MOV_20201227192101_1110.JPEG,Squats,,1.0,1.0,0.0,True
C:\Users\acous\Desktop\sih2026\Railway Track Surface Faults Dataset\Squats\6.MOV_20201227192101_1111.JPEG,6.MOV_20201227192101_1111.JPEG,Squats,,0.9999,0.9998,0.0,True
C:\Users\acous\Desktop\sih2026\Railway Track Surface Faults Dataset\Squats\6.MOV_20201227192101_1112.JPEG,6.MOV_20201227192101_1112.JPEG,Squats,,1.0,1.0,0.0,True
C:\Users\acous\Desktop\sih2026\Railway Track Surface Faults Dataset\Squats\6.MOV_20201227192101_1113.JPEG,6.MOV_20201227192101_1113.JPEG,Squats,,1.0,1.0,0.0,True
C:\Users\acous\Desktop\sih2026\Railway Track Surface Faults Dataset\Squats\6.MOV_20201227192101_1114.JPEG,6.MOV_20201227192101_1114.JPEG,Squats,,0.9997,0.9994,0.0,True
C:\Users\acous\Desktop\sih2026\Railway Track Surface Faults Dataset\Squats\6.MOV_20201227192101_1115.JPEG,6.MOV_20201227192101_1115.JPEG,Squats,,0.9978,0.9956,0.0,True
C:\Users\acous\Desktop\sih2026\Railway Track Surface Faults Dataset\Squats\6.MOV_20201227192101_1116.JPEG,6.MOV_20201227192101_1116.JPEG,Squats,,0.6665,0.3337,0.0,True
C:\Users\acous\Desktop\sih2026\Railway Track Surface Faults Dataset\Squats\6.MOV_20201227192101_1216.JPEG,6.MOV_20201227192101_1216.JPEG,Squats,,0.9825,0.9651,0.0,True
C:\Users\acous\Desktop\sih2026\Railway Track Surface Faults Dataset\Squats\6.MOV_20201227192101_1217.JPEG,6.MOV_20201227192101_1217.JPEG,Squats,,0.9996,0.9992,0.0,True
C:\Users\acous\Desktop\sih2026\Railway Track Surface Faults Dataset\Squats\6.MOV_20201227192101_1218.JPEG,6.MOV_20201227192101_1218.JPEG,Squats,,1.0,1.0,0.0,True
C:\Users\acous\Desktop\sih2026\Railway Track Surface Faults Dataset\Squats\6.MOV_20201227192101_1219.JPEG,6.MOV_20201227192101_1219.JPEG,Squats,,1.0,1.0,0.0,True
C:\Users\acous\Desktop\sih2026\Railway Track Surface Faults Dataset\Squats\6.MOV_20201227192101_1220.JPEG,6.MOV_20201227192101_1220.JPEG,Squats,,1.0,1.0,0.0,True
C:\Users\acous\Desktop\sih2026\Railway Track Surface Faults Dataset\Squats\6.MOV_20201227192101_1221.JPEG,6.MOV_20201227192101_1221.JPEG,Squats,,0.9999,0.9998,0.0,True
C:\Users\acous\Desktop\sih2026\Railway Track Surface Faults Dataset\Squats\6.MOV_20201227192101_1222.JPEG,6.MOV_20201227192101_1222.JPEG,Squats,,0.9999,0.9998,0.0,True
C:\Users\acous\Desktop\sih2026\Railway Track Surface Faults Dataset\Squats\6.MOV_20201227192101_1223.JPEG,6.MOV_20201227192101_1223.JPEG,Squats,,0.9996,0.9992,0.0,True
C:\Users\acous\Desktop\sih2026\Railway Track Surface Faults Dataset\Squats\6.MOV_20201227192101_1224.JPEG,6.MOV_20201227192101_1224.JPEG,Squats,,0.9984,0.9968,0.0,True
C:\Users\acous\Desktop\sih2026\Railway Track Surface Faults Dataset\Squats\6.MOV_20201227192101_1225.JPEG,6.MOV_20201227192101_1225.JPEG,Squats,,0.9954,0.9915,0.0,True
C:\Users\acous\Desktop\sih2026\Railway Track Surface Faults Dataset\Squats\6.MOV_20201227192101_1226.JPEG,6.MOV_20201227192101_1226.JPEG,Squats,,0.983,0.9708,0.0,True
C:\Users\acous\Desktop\sih2026\Railway Track Surface Faults Dataset\Squats\6.MOV_20201227192101_1241.JPEG,6.MOV_20201227192101_1241.JPEG,Squats,,0.8738,0.7614,0.0,True
C:\Users\acous\Desktop\sih2026\Railway Track Surface Faults Dataset\Squats\6.MOV_20201227192101_1242.JPEG,6.MOV_20201227192101_1242.JPEG,Squats,,0.9998,0.9997,0.0,True
C:\Users\acous\Desktop\sih2026\Railway Track Surface Faults Dataset\Squats\6.MOV_20201227192101_1243.JPEG,6.MOV_20201227192101_1243.JPEG,Squats,,1.0,1.0,0.0,True
C:\Users\acous\Desktop\sih2026\Railway Track Surface Faults Dataset\Squats\6.MOV_20201227192101_1244.JPEG,6.MOV_20201227192101_1244.JPEG,Squats,,0.9996,0.9994,0.0,True
C:\Users\acous\Desktop\sih2026\Railway Track Surface Faults Dataset\Squats\6.MOV_20201227192101_1245.JPEG,6.MOV_20201227192101_1245.JPEG,Squats,,0.9975,0.9961,0.0,True
C:\Users\acous\Desktop\sih2026\Railway Track Surface Faults Dataset\Squats\6.MOV_20201227192101_1246.JPEG,6.MOV_20201227192101_1246.JPEG,Squats,,0.9926,0.988,0.0,True
C:\Users\acous\Desktop\sih2026\Railway Track Surface Faults Dataset\Squats\6.MOV_20201227192101_1247.JPEG,6.MOV_20201227192101_1247.JPEG,Squats,,0.9959,0.9933,0.0,True
C:\Users\acous\Desktop\sih2026\Railway Track Surface Faults Dataset\Squats\6.MOV_20201227192101_1248.JPEG,6.MOV_20201227192101_1248.JPEG,Squats,,0.987,0.9794,0.0,True
C:\Users\acous\Desktop\sih2026\Railway Track Surface Faults Dataset\Squats\6.MOV_20201227192101_1249.JPEG,6.MOV_20201227192101_1249.JPEG,Squats,,0.9398,0.8918,0.0,True
C:\Users\acous\Desktop\sih2026\Railway Track Surface Faults Dataset\Squats\6.MOV_20201227192101_1250.JPEG,6.MOV_20201227192101_1250.JPEG,Squats,,0.4775,0.0031,0.0,True
C:\Users\acous\Desktop\sih2026\Railway Track Surface Faults Dataset\Squats\6.MOV_20201227192101_1463.JPEG,6.MOV_20201227192101_1463.JPEG,Squats,,0.9951,0.9921,0.0,True
C:\Users\acous\Desktop\sih2026\Railway Track Surface Faults Dataset\Squats\6.MOV_20201227192101_1464.JPEG,6.MOV_20201227192101_1464.JPEG,Squats,,0.999,0.9984,0.0,True
C:\Users\acous\Desktop\sih2026\Railway Track Surface Faults Dataset\Squats\6.MOV_20201227192101_1465.JPEG,6.MOV_20201227192101_1465.JPEG,Squats,,0.9999,0.9998,0.0,True
C:\Users\acous\Desktop\sih2026\Railway Track Surface Faults Dataset\Squats\6.MOV_20201227192101_1466.JPEG,6.MOV_20201227192101_1466.JPEG,Squats,,0.9999,0.9998,0.0,True
C:\Users\acous\Desktop\sih2026\Railway Track Surface Faults Dataset\Squats\6.MOV_20201227192101_1467.JPEG,6.MOV_20201227192101_1467.JPEG,Squats,,0.9988,0.9976,0.0,True
C:\Users\acous\Desktop\sih2026\Railway Track Surface Faults Dataset\Squats\6.MOV_20201227192101_1468.JPEG,6.MOV_20201227192101_1468.JPEG,Squats,,0.9985,0.9972,0.0,True
C:\Users\acous\Desktop\sih2026\Railway Track Surface Faults Dataset\Squats\6.MOV_20201227192101_1469.JPEG,6.MOV_20201227192101_1469.JPEG,Squats,,0.997,0.9941,0.0,True
C:\Users\acous\Desktop\sih2026\Railway Track Surface Faults Dataset\Squats\6.MOV_20201227192101_1470.JPEG,6.MOV_20201227192101_1470.JPEG,Squats,,0.9833,0.9702,0.0,True
C:\Users\acous\Desktop\sih2026\Railway Track Surface Faults Dataset\Squats\6.MOV_20201227192101_1542.JPEG,6.MOV_20201227192101_1542.JPEG,Squats,,0.9977,0.9954,0.0,True
C:\Users\acous\Desktop\sih2026\Railway Track Surface Faults Dataset\Squats\6.MOV_20201227192101_1543.JPEG,6.MOV_20201227192101_1543.JPEG,Squats,,0.9995,0.999,0.0,True
C:\Users\acous\Desktop\sih2026\Railway Track Surface Faults Dataset\Squats\6.MOV_20201227192101_1544.JPEG,6.MOV_20201227192101_1544.JPEG,Squats,,0.9993,0.9986,0.0,True
C:\Users\acous\Desktop\sih2026\Railway Track Surface Faults Dataset\Squats\6.MOV_20201227192101_1545.JPEG,6.MOV_20201227192101_1545.JPEG,Squats,,0.9775,0.9551,0.0,True
C:\Users\acous\Desktop\sih2026\Railway Track Surface Faults Dataset\Squats\6.MOV_20201227192101_1546.JPEG,6.MOV_20201227192101_1546.JPEG,Squats,,0.7768,0.6196,0.0,True
C:\Users\acous\Desktop\sih2026\Railway Track Surface Faults Dataset\Squats\6.MOV_20201227192101_1586.JPEG,6.MOV_20201227192101_1586.JPEG,Squats,,0.9836,0.9674,0.0,True
C:\Users\acous\Desktop\sih2026\Railway Track Surface Faults Dataset\Squats\6.MOV_20201227192101_1587.JPEG,6.MOV_20201227192101_1587.JPEG,Squats,,0.9996,0.9992,0.0,True
C:\Users\acous\Desktop\sih2026\Railway Track Surface Faults Dataset\Squats\6.MOV_20201227192101_1588.JPEG,6.MOV_20201227192101_1588.JPEG,Squats,,0.9997,0.9994,0.0,True
C:\Users\acous\Desktop\sih2026\Railway Track Surface Faults Dataset\Squats\6.MOV_20201227192101_1589.JPEG,6.MOV_20201227192101_1589.JPEG,Squats,,0.9999,0.9998,0.0,True
C:\Users\acous\Desktop\sih2026\Railway Track Surface Faults Dataset\Squats\6.MOV_20201227192101_1590.JPEG,6.MOV_20201227192101_1590.JPEG,Squats,,0.9994,0.9988,0.0,True
C:\Users\acous\Desktop\sih2026\Railway Track Surface Faults Dataset\Squats\6.MOV_20201227192101_1591.JPEG,6.MOV_20201227192101_1591.JPEG,Squats,,0.9924,0.9848,0.0,True
C:\Users\acous\Desktop\sih2026\Railway Track Surface Faults Dataset\Squats\6.MOV_20201227192101_1592.JPEG,6.MOV_20201227192101_1592.JPEG,Squats,,0.9773,0.9546,0.0,True
C:\Users\acous\Desktop\sih2026\Railway Track Surface Faults Dataset\Squats\6.MOV_20201227192101_1593.JPEG,6.MOV_20201227192101_1593.JPEG,Squats,,0.8058,0.6121,0.0,True
C:\Users\acous\Desktop\sih2026\Railway Track Surface Faults Dataset\Squats\6.MOV_20201227192101_1594.JPEG,6.MOV_20201227192101_1594.JPEG,Squats,,0.6687,0.4026,0.0,True
C:\Users\acous\Desktop\sih2026\Railway Track Surface Faults Dataset\Squats\6.MOV_20201227192101_1660.JPEG,6.MOV_20201227192101_1660.JPEG,Squats,,0.9999,0.9998,0.0,True
C:\Users\acous\Desktop\sih2026\Railway Track Surface Faults Dataset\Squats\6.MOV_20201227192101_1661.JPEG,6.MOV_20201227192101_1661.JPEG,Squats,,0.9947,0.9895,0.0,True
C:\Users\acous\Desktop\sih2026\Railway Track Surface Faults Dataset\Squats\6.MOV_20201227192101_1662.JPEG,6.MOV_20201227192101_1662.JPEG,Squats,,0.9437,0.8894,0.0,True
C:\Users\acous\Desktop\sih2026\Railway Track Surface Faults Dataset\Squats\6.MOV_20201227192101_1663.JPEG,6.MOV_20201227192101_1663.JPEG,Squats,,0.9581,0.9201,0.0,True
C:\Users\acous\Desktop\sih2026\Railway Track Surface Faults Dataset\Squats\6.MOV_20201227192101_1719.JPEG,6.MOV_20201227192101_1719.JPEG,Squats,,0.9911,0.9863,0.0,True
C:\Users\acous\Desktop\sih2026\Railway Track Surface Faults Dataset\Squats\6.MOV_20201227192101_1720.JPEG,6.MOV_20201227192101_1720.JPEG,Squats,,0.9932,0.9877,0.0,True
C:\Users\acous\Desktop\sih2026\Railway Track Surface Faults Dataset\Squats\6.MOV_20201227192101_1721.JPEG,6.MOV_20201227192101_1721.JPEG,Squats,,0.919,0.8434,0.0,True
C:\Users\acous\Desktop\sih2026\Railway Track Surface Faults Dataset\Squats\6.MOV_20201227192101_1722.JPEG,6.MOV_20201227192101_1722.JPEG,Squats,,0.9988,0.9979,0.0,True
C:\Users\acous\Desktop\sih2026\Railway Track Surface Faults Dataset\Squats\6.MOV_20201227192101_1723.JPEG,6.MOV_20201227192101_1723.JPEG,Squats,,0.9998,0.9996,0.0,True
C:\Users\acous\Desktop\sih2026\Railway Track Surface Faults Dataset\Squats\6.MOV_20201227192101_1724.JPEG,6.MOV_20201227192101_1724.JPEG,Squats,,0.7827,0.5905,0.0,True
C:\Users\acous\Desktop\sih2026\Railway Track Surface Faults Dataset\Squats\6.MOV_20201227192101_1725.JPEG,6.MOV_20201227192101_1725.JPEG,Squats,,0.3723,0.0529,0.0,True
C:\Users\acous\Desktop\sih2026\Railway Track Surface Faults Dataset\Squats\6.MOV_20201227192101_1795.JPEG,6.MOV_20201227192101_1795.JPEG,Squats,,0.8535,0.7072,0.0,True
C:\Users\acous\Desktop\sih2026\Railway Track Surface Faults Dataset\Squats\6.MOV_20201227192101_1796.JPEG,6.MOV_20201227192101_1796.JPEG,Squats,,0.9996,0.9992,0.0,True
C:\Users\acous\Desktop\sih2026\Railway Track Surface Faults Dataset\Squats\6.MOV_20201227192101_1797.JPEG,6.MOV_20201227192101_1797.JPEG,Squats,,0.9997,0.9994,0.0,True
C:\Users\acous\Desktop\sih2026\Railway Track Surface Faults Dataset\Squats\6.MOV_20201227192101_1798.JPEG,6.MOV_20201227192101_1798.JPEG,Squats,,0.9991,0.9982,0.0,True
C:\Users\acous\Desktop\sih2026\Railway Track Surface Faults Dataset\Squats\6.MOV_20201227192101_1799.JPEG,6.MOV_20201227192101_1799.JPEG,Squats,,0.9983,0.9966,0.0,True
C:\Users\acous\Desktop\sih2026\Railway Track Surface Faults Dataset\Squats\6.MOV_20201227192101_1800.JPEG,6.MOV_20201227192101_1800.JPEG,Squats,,0.9769,0.9542,0.0,True
C:\Users\acous\Desktop\sih2026\Railway Track Surface Faults Dataset\Squats\6.MOV_20201227192101_1801.JPEG,6.MOV_20201227192101_1801.JPEG,Squats,,0.9191,0.8397,0.0,True
C:\Users\acous\Desktop\sih2026\Railway Track Surface Faults Dataset\Squats\6.MOV_20201227192101_1851.JPEG,6.MOV_20201227192101_1851.JPEG,Squats,,0.9919,0.9847,0.0,True
C:\Users\acous\Desktop\sih2026\Railway Track Surface Faults Dataset\Squats\6.MOV_20201227192101_1852.JPEG,6.MOV_20201227192101_1852.JPEG,Squats,,0.9995,0.999,0.0,True
C:\Users\acous\Desktop\sih2026\Railway Track Surface Faults Dataset\Squats\6.MOV_20201227192101_1853.JPEG,6.MOV_20201227192101_1853.JPEG,Squats,,1.0,1.0,0.0,True
C:\Users\acous\Desktop\sih2026\Railway Track Surface Faults Dataset\Squats\6.MOV_20201227192101_1854.JPEG,6.MOV_20201227192101_1854.JPEG,Squats,,0.9993,0.9989,0.0,True
C:\Users\acous\Desktop\sih2026\Railway Track Surface Faults Dataset\Squats\6.MOV_20201227192101_1855.JPEG,6.MOV_20201227192101_1855.JPEG,Squats,,0.9996,0.9992,0.0,True
C:\Users\acous\Desktop\sih2026\Railway Track Surface Faults Dataset\Squats\6.MOV_20201227192101_1856.JPEG,6.MOV_20201227192101_1856.JPEG,Squats,,0.9808,0.963,0.0,True
C:\Users\acous\Desktop\sih2026\Railway Track Surface Faults Dataset\Squats\6.MOV_20201227192101_1912.JPEG,6.MOV_20201227192101_1912.JPEG,Squats,,0.9984,0.9968,0.0,True
C:\Users\acous\Desktop\sih2026\Railway Track Surface Faults Dataset\Squats\6.MOV_20201227192101_1913.JPEG,6.MOV_20201227192101_1913.JPEG,Squats,,0.9999,0.9998,0.0,True
C:\Users\acous\Desktop\sih2026\Railway Track Surface Faults Dataset\Squats\6.MOV_20201227192101_1914.JPEG,6.MOV_20201227192101_1914.JPEG,Squats,,1.0,1.0,0.0,True
C:\Users\acous\Desktop\sih2026\Railway Track Surface Faults Dataset\Squats\6.MOV_20201227192101_1915.JPEG,6.MOV_20201227192101_1915.JPEG,Squats,,1.0,1.0,0.0,True
C:\Users\acous\Desktop\sih2026\Railway Track Surface Faults Dataset\Squats\6.MOV_20201227192101_1916.JPEG,6.MOV_20201227192101_1916.JPEG,Squats,,0.9977,0.9954,0.0,True
C:\Users\acous\Desktop\sih2026\Railway Track Surface Faults Dataset\Squats\6.MOV_20201227192101_1917.JPEG,6.MOV_20201227192101_1917.JPEG,Squats,,0.9559,0.9118,0.0,True
C:\Users\acous\Desktop\sih2026\Railway Track Surface Faults Dataset\Squats\6.MOV_20201227192101_1927.JPEG,6.MOV_20201227192101_1927.JPEG,Squats,,0.9948,0.9896,0.0,True
C:\Users\acous\Desktop\sih2026\Railway Track Surface Faults Dataset\Squats\6.MOV_20201227192101_1928.JPEG,6.MOV_20201227192101_1928.JPEG,Squats,,0.9999,0.9998,0.0,True
C:\Users\acous\Desktop\sih2026\Railway Track Surface Faults Dataset\Squats\6.MOV_20201227192101_1929.JPEG,6.MOV_20201227192101_1929.JPEG,Squats,,0.9999,0.9998,0.0,True
C:\Users\acous\Desktop\sih2026\Railway Track Surface Faults Dataset\Squats\6.MOV_20201227192101_1930.JPEG,6.MOV_20201227192101_1930.JPEG,Squats,,0.9999,0.9998,0.0,True
C:\Users\acous\Desktop\sih2026\Railway Track Surface Faults Dataset\Squats\6.MOV_20201227192101_1931.JPEG,6.MOV_20201227192101_1931.JPEG,Squats,,0.9999,0.9998,0.0,True
C:\Users\acous\Desktop\sih2026\Railway Track Surface Faults Dataset\Squats\6.MOV_20201227192101_1932.JPEG,6.MOV_20201227192101_1932.JPEG,Squats,,0.9992,0.9984,0.0,True
C:\Users\acous\Desktop\sih2026\Railway Track Surface Faults Dataset\Squats\6.MOV_20201227192101_1933.JPEG,6.MOV_20201227192101_1933.JPEG,Squats,,0.9982,0.9964,0.0,True
C:\Users\acous\Desktop\sih2026\Railway Track Surface Faults Dataset\Squats\6.MOV_20201227192101_1934.JPEG,6.MOV_20201227192101_1934.JPEG,Squats,,0.9865,0.973,0.0,True
C:\Users\acous\Desktop\sih2026\Railway Track Surface Faults Dataset\Squats\6.MOV_20201227192101_2054.JPEG,6.MOV_20201227192101_2054.JPEG,Squats,,0.9911,0.9828,0.0,True
C:\Users\acous\Desktop\sih2026\Railway Track Surface Faults Dataset\Squats\6.MOV_20201227192101_2055.JPEG,6.MOV_20201227192101_2055.JPEG,Squats,,0.9998,0.9996,0.0,True
C:\Users\acous\Desktop\sih2026\Railway Track Surface Faults Dataset\Squats\6.MOV_20201227192101_2056.JPEG,6.MOV_20201227192101_2056.JPEG,Squats,,0.9984,0.9968,0.0,True
C:\Users\acous\Desktop\sih2026\Railway Track Surface Faults Dataset\Squats\6.MOV_20201227192101_2057.JPEG,6.MOV_20201227192101_2057.JPEG,Squats,,0.9805,0.964,0.0,True
C:\Users\acous\Desktop\sih2026\Railway Track Surface Faults Dataset\Squats\6.MOV_20201227192101_2058.JPEG,6.MOV_20201227192101_2058.JPEG,Squats,,0.9751,0.9553,0.0,True
C:\Users\acous\Desktop\sih2026\Railway Track Surface Faults Dataset\Squats\6.MOV_20201227192101_2059.JPEG,6.MOV_20201227192101_2059.JPEG,Squats,,0.9956,0.9917,0.0,True
C:\Users\acous\Desktop\sih2026\Railway Track Surface Faults Dataset\Squats\6.MOV_20201227192101_2060.JPEG,6.MOV_20201227192101_2060.JPEG,Squats,,0.9997,0.9994,0.0,True
C:\Users\acous\Desktop\sih2026\Railway Track Surface Faults Dataset\Squats\6.MOV_20201227192101_2061.JPEG,6.MOV_20201227192101_2061.JPEG,Squats,,0.9694,0.9395,0.0,True
C:\Users\acous\Desktop\sih2026\Railway Track Surface Faults Dataset\Squats\6.MOV_20201227192101_2145.JPEG,6.MOV_20201227192101_2145.JPEG,Squats,,0.7572,0.5151,0.0,True
C:\Users\acous\Desktop\sih2026\Railway Track Surface Faults Dataset\Squats\6.MOV_20201227192101_2146.JPEG,6.MOV_20201227192101_2146.JPEG,Squats,,0.9965,0.993,0.0,True
C:\Users\acous\Desktop\sih2026\Railway Track Surface Faults Dataset\Squats\6.MOV_20201227192101_2147.JPEG,6.MOV_20201227192101_2147.JPEG,Squats,,0.999,0.998,0.0,True
C:\Users\acous\Desktop\sih2026\Railway Track Surface Faults Dataset\Squats\6.MOV_20201227192101_2148.JPEG,6.MOV_20201227192101_2148.JPEG,Squats,,0.9993,0.9986,0.0,True
C:\Users\acous\Desktop\sih2026\Railway Track Surface Faults Dataset\Squats\6.MOV_20201227192101_2149.JPEG,6.MOV_20201227192101_2149.JPEG,Squats,,0.9984,0.9968,0.0,True
C:\Users\acous\Desktop\sih2026\Railway Track Surface Faults Dataset\Squats\6.MOV_20201227192101_2150.JPEG,6.MOV_20201227192101_2150.JPEG,Squats,,0.7772,0.5883,0.0,True
C:\Users\acous\Desktop\sih2026\Railway Track Surface Faults Dataset\Squats\6.MOV_20201227192101_2151.JPEG,6.MOV_20201227192101_2151.JPEG,Squats,,0.7131,0.4296,0.0,True
C:\Users\acous\Desktop\sih2026\Railway Track Surface Faults Dataset\Squats\6.MOV_20201227192101_2162.JPEG,6.MOV_20201227192101_2162.JPEG,Squats,,0.9952,0.9904,0.0,True
C:\Users\acous\Desktop\sih2026\Railway Track Surface Faults Dataset\Squats\6.MOV_20201227192101_2163.JPEG,6.MOV_20201227192101_2163.JPEG,Squats,,0.9991,0.9982,0.0,True
C:\Users\acous\Desktop\sih2026\Railway Track Surface Faults Dataset\Squats\6.MOV_20201227192101_2164.JPEG,6.MOV_20201227192101_2164.JPEG,Squats,,0.9997,0.9994,0.0,True
C:\Users\acous\Desktop\sih2026\Railway Track Surface Faults Dataset\Squats\6.MOV_20201227192101_2165.JPEG,6.MOV_20201227192101_2165.JPEG,Squats,,0.9998,0.9996,0.0,True
C:\Users\acous\Desktop\sih2026\Railway Track Surface Faults Dataset\Squats\6.MOV_20201227192101_2166.JPEG,6.MOV_20201227192101_2166.JPEG,Squats,,0.9999,0.9998,0.0,True
C:\Users\acous\Desktop\sih2026\Railway Track Surface Faults Dataset\Squats\6.MOV_20201227192101_2167.JPEG,6.MOV_20201227192101_2167.JPEG,Squats,,0.9996,0.9992,0.0,True
C:\Users\acous\Desktop\sih2026\Railway Track Surface Faults Dataset\Squats\6.MOV_20201227192101_2168.JPEG,6.MOV_20201227192101_2168.JPEG,Squats,,0.9939,0.9879,0.0,True
C:\Users\acous\Desktop\sih2026\Railway Track Surface Faults Dataset\Squats\6.MOV_20201227192101_2169.JPEG,6.MOV_20201227192101_2169.JPEG,Squats,,0.8524,0.7066,0.0,True
C:\Users\acous\Desktop\sih2026\Railway Track Surface Faults Dataset\Squats\6.MOV_20201227192101_2182.JPEG,6.MOV_20201227192101_2182.JPEG,Squats,,0.9999,0.9998,0.0,True
C:\Users\acous\Desktop\sih2026\Railway Track Surface Faults Dataset\Squats\6.MOV_20201227192101_2183.JPEG,6.MOV_20201227192101_2183.JPEG,Squats,,1.0,1.0,0.0,True
C:\Users\acous\Desktop\sih2026\Railway Track Surface Faults Dataset\Squats\6.MOV_20201227192101_2184.JPEG,6.MOV_20201227192101_2184.JPEG,Squats,,1.0,1.0,0.0,True
C:\Users\acous\Desktop\sih2026\Railway Track Surface Faults Dataset\Squats\6.MOV_20201227192101_2185.JPEG,6.MOV_20201227192101_2185.JPEG,Squats,,1.0,1.0,0.0,True
C:\Users\acous\Desktop\sih2026\Railway Track Surface Faults Dataset\Squats\6.MOV_20201227192101_2186.JPEG,6.MOV_20201227192101_2186.JPEG,Squats,,1.0,1.0,0.0,True
C:\Users\acous\Desktop\sih2026\Railway Track Surface Faults Dataset\Squats\6.MOV_20201227192101_2187.JPEG,6.MOV_20201227192101_2187.JPEG,Squats,,0.9999,0.9998,0.0,True
C:\Users\acous\Desktop\sih2026\Railway Track Surface Faults Dataset\Squats\6.MOV_20201227192101_2188.JPEG,6.MOV_20201227192101_2188.JPEG,Squats,,0.9898,0.9796,0.0,True
C:\Users\acous\Desktop\sih2026\Railway Track Surface Faults Dataset\Squats\6.MOV_20201227192101_2189.JPEG,6.MOV_20201227192101_2189.JPEG,Squats,,0.9546,0.9099,0.0,True
C:\Users\acous\Desktop\sih2026\Railway Track Surface Faults Dataset\Squats\6.MOV_20201227192101_2190.JPEG,6.MOV_20201227192101_2190.JPEG,Squats,,0.9198,0.8399,0.0,True
C:\Users\acous\Desktop\sih2026\Railway Track Surface Faults Dataset\Squats\6.MOV_20201227192101_2217.JPEG,6.MOV_20201227192101_2217.JPEG,Squats,,0.9956,0.9912,0.0,True
C:\Users\acous\Desktop\sih2026\Railway Track Surface Faults Dataset\Squats\6.MOV_20201227192101_2218.JPEG,6.MOV_20201227192101_2218.JPEG,Squats,,0.9996,0.9992,0.0,True
C:\Users\acous\Desktop\sih2026\Railway Track Surface Faults Dataset\Squats\6.MOV_20201227192101_2219.JPEG,6.MOV_20201227192101_2219.JPEG,Squats,,0.9998,0.9996,0.0,True
C:\Users\acous\Desktop\sih2026\Railway Track Surface Faults Dataset\Squats\6.MOV_20201227192101_2220.JPEG,6.MOV_20201227192101_2220.JPEG,Squats,,0.9997,0.9994,0.0,True
C:\Users\acous\Desktop\sih2026\Railway Track Surface Faults Dataset\Squats\6.MOV_20201227192101_2221.JPEG,6.MOV_20201227192101_2221.JPEG,Squats,,0.9952,0.9904,0.0,True
C:\Users\acous\Desktop\sih2026\Railway Track Surface Faults Dataset\Squats\6.MOV_20201227192101_2222.JPEG,6.MOV_20201227192101_2222.JPEG,Squats,,0.9956,0.9913,0.0,True
C:\Users\acous\Desktop\sih2026\Railway Track Surface Faults Dataset\Squats\6.MOV_20201227192101_2223.JPEG,6.MOV_20201227192101_2223.JPEG,Squats,,0.9951,0.9902,0.0,True
C:\Users\acous\Desktop\sih2026\Railway Track Surface Faults Dataset\Squats\6.MOV_20201227192101_2224.JPEG,6.MOV_20201227192101_2224.JPEG,Squats,,0.9369,0.8739,0.0,True
C:\Users\acous\Desktop\sih2026\Railway Track Surface Faults Dataset\Squats\6.MOV_20201227192101_2225.JPEG,6.MOV_20201227192101_2225.JPEG,Squats,,0.9697,0.9394,0.0,True
C:\Users\acous\Desktop\sih2026\Railway Track Surface Faults Dataset\Squats\6.MOV_20201227192101_2242.JPEG,6.MOV_20201227192101_2242.JPEG,Squats,,0.9976,0.9952,0.0,True
C:\Users\acous\Desktop\sih2026\Railway Track Surface Faults Dataset\Squats\6.MOV_20201227192101_2243.JPEG,6.MOV_20201227192101_2243.JPEG,Squats,,0.9996,0.9992,0.0,True
C:\Users\acous\Desktop\sih2026\Railway Track Surface Faults Dataset\Squats\6.MOV_20201227192101_2244.JPEG,6.MOV_20201227192101_2244.JPEG,Squats,,1.0,1.0,0.0,True
C:\Users\acous\Desktop\sih2026\Railway Track Surface Faults Dataset\Squats\6.MOV_20201227192101_2245.JPEG,6.MOV_20201227192101_2245.JPEG,Squats,,1.0,1.0,0.0,True
C:\Users\acous\Desktop\sih2026\Railway Track Surface Faults Dataset\Squats\6.MOV_20201227192101_2246.JPEG,6.MOV_20201227192101_2246.JPEG,Squats,,1.0,1.0,0.0,True
C:\Users\acous\Desktop\sih2026\Railway Track Surface Faults Dataset\Squats\6.MOV_20201227192101_2247.JPEG,6.MOV_20201227192101_2247.JPEG,Squats,,1.0,1.0,0.0,True
C:\Users\acous\Desktop\sih2026\Railway Track Surface Faults Dataset\Squats\6.MOV_20201227192101_2248.JPEG,6.MOV_20201227192101_2248.JPEG,Squats,,1.0,1.0,0.0,True
C:\Users\acous\Desktop\sih2026\Railway Track Surface Faults Dataset\Squats\6.MOV_20201227192101_2249.JPEG,6.MOV_20201227192101_2249.JPEG,Squats,,1.0,1.0,0.0,True
C:\Users\acous\Desktop\sih2026\Railway Track Surface Faults Dataset\Squats\6.MOV_20201227192101_2250.JPEG,6.MOV_20201227192101_2250.JPEG,Squats,,1.0,1.0,0.0,True
C:\Users\acous\Desktop\sih2026\Railway Track Surface Faults Dataset\Squats\6.MOV_20201227192101_2251.JPEG,6.MOV_20201227192101_2251.JPEG,Squats,,0.9998,0.9996,0.0,True
C:\Users\acous\Desktop\sih2026\Railway Track Surface Faults Dataset\Squats\6.MOV_20201227192101_2252.JPEG,6.MOV_20201227192101_2252.JPEG,Squats,,0.9997,0.9994,0.0,True
C:\Users\acous\Desktop\sih2026\Railway Track Surface Faults Dataset\Squats\6.MOV_20201227192101_2253.JPEG,6.MOV_20201227192101_2253.JPEG,Squats,,0.9989,0.9978,0.0,True
C:\Users\acous\Desktop\sih2026\Railway Track Surface Faults Dataset\Squats\6.MOV_20201227192101_2254.JPEG,6.MOV_20201227192101_2254.JPEG,Squats,,0.9977,0.9954,0.0,True
C:\Users\acous\Desktop\sih2026\Railway Track Surface Faults Dataset\Squats\6.MOV_20201227192101_2255.JPEG,6.MOV_20201227192101_2255.JPEG,Squats,,0.9991,0.9982,0.0,True
C:\Users\acous\Desktop\sih2026\Railway Track Surface Faults Dataset\Squats\6.MOV_20201227192101_2256.JPEG,6.MOV_20201227192101_2256.JPEG,Squats,,0.997,0.9941,0.0,True
C:\Users\acous\Desktop\sih2026\Railway Track Surface Faults Dataset\Squats\6.MOV_20201227192101_2257.JPEG,6.MOV_20201227192101_2257.JPEG,Squats,,0.9967,0.9934,0.0,True
C:\Users\acous\Desktop\sih2026\Railway Track Surface Faults Dataset\Squats\6.MOV_20201227192101_2295.JPEG,6.MOV_20201227192101_2295.JPEG,Squats,,0.9926,0.9852,0.0,True
C:\Users\acous\Desktop\sih2026\Railway Track Surface Faults Dataset\Squats\6.MOV_20201227192101_2296.JPEG,6.MOV_20201227192101_2296.JPEG,Squats,,0.9979,0.9958,0.0,True
C:\Users\acous\Desktop\sih2026\Railway Track Surface Faults Dataset\Squats\6.MOV_20201227192101_2297.JPEG,6.MOV_20201227192101_2297.JPEG,Squats,,0.9992,0.9984,0.0,True
C:\Users\acous\Desktop\sih2026\Railway Track Surface Faults Dataset\Squats\6.MOV_20201227192101_2298.JPEG,6.MOV_20201227192101_2298.JPEG,Squats,,0.9999,0.9998,0.0,True
C:\Users\acous\Desktop\sih2026\Railway Track Surface Faults Dataset\Squats\6.MOV_20201227192101_2299.JPEG,6.MOV_20201227192101_2299.JPEG,Squats,,0.9998,0.9996,0.0,True
C:\Users\acous\Desktop\sih2026\Railway Track Surface Faults Dataset\Squats\6.MOV_20201227192101_2300.JPEG,6.MOV_20201227192101_2300.JPEG,Squats,,0.9999,0.9998,0.0,True
C:\Users\acous\Desktop\sih2026\Railway Track Surface Faults Dataset\Squats\6.MOV_20201227192101_2301.JPEG,6.MOV_20201227192101_2301.JPEG,Squats,,0.9999,0.9998,0.0,True
C:\Users\acous\Desktop\sih2026\Railway Track Surface Faults Dataset\Squats\6.MOV_20201227192101_2302.JPEG,6.MOV_20201227192101_2302.JPEG,Squats,,0.9999,0.9998,0.0,True
C:\Users\acous\Desktop\sih2026\Railway Track Surface Faults Dataset\Squats\6.MOV_20201227192101_2303.JPEG,6.MOV_20201227192101_2303.JPEG,Squats,,0.9998,0.9996,0.0,True
C:\Users\acous\Desktop\sih2026\Railway Track Surface Faults Dataset\Squats\6.MOV_20201227192101_2304.JPEG,6.MOV_20201227192101_2304.JPEG,Squats,,0.9981,0.9962,0.0,True
C:\Users\acous\Desktop\sih2026\Railway Track Surface Faults Dataset\Squats\6.MOV_20201227192101_2305.JPEG,6.MOV_20201227192101_2305.JPEG,Squats,,0.9994,0.9988,0.0,True
C:\Users\acous\Desktop\sih2026\Railway Track Surface Faults Dataset\Squats\6.MOV_20201227192101_2306.JPEG,6.MOV_20201227192101_2306.JPEG,Squats,,0.9893,0.9787,0.0,True
C:\Users\acous\Desktop\sih2026\Railway Track Surface Faults Dataset\Squats\6.MOV_20201227192101_2307.JPEG,6.MOV_20201227192101_2307.JPEG,Squats,,0.968,0.9361,0.0,True
C:\Users\acous\Desktop\sih2026\Railway Track Surface Faults Dataset\Squats\6.MOV_20201227192101_2337.JPEG,6.MOV_20201227192101_2337.JPEG,Squats,,0.9951,0.991,0.0,True
C:\Users\acous\Desktop\sih2026\Railway Track Surface Faults Dataset\Squats\6.MOV_20201227192101_2338.JPEG,6.MOV_20201227192101_2338.JPEG,Squats,,0.9989,0.9982,0.0,True
C:\Users\acous\Desktop\sih2026\Railway Track Surface Faults Dataset\Squats\6.MOV_20201227192101_2339.JPEG,6.MOV_20201227192101_2339.JPEG,Squats,,0.9983,0.9969,0.0,True
C:\Users\acous\Desktop\sih2026\Railway Track Surface Faults Dataset\Squats\6.MOV_20201227192101_2340.JPEG,6.MOV_20201227192101_2340.JPEG,Squats,,0.9999,0.9998,0.0,True
C:\Users\acous\Desktop\sih2026\Railway Track Surface Faults Dataset\Squats\6.MOV_20201227192101_2341.JPEG,6.MOV_20201227192101_2341.JPEG,Squats,,0.995,0.9905,0.0,True
C:\Users\acous\Desktop\sih2026\Railway Track Surface Faults Dataset\Squats\6.MOV_20201227192101_2342.JPEG,6.MOV_20201227192101_2342.JPEG,Squats,,0.9994,0.9988,0.0,True
C:\Users\acous\Desktop\sih2026\Railway Track Surface Faults Dataset\Squats\6.MOV_20201227192101_2343.JPEG,6.MOV_20201227192101_2343.JPEG,Squats,,0.9826,0.9695,0.0,True
C:\Users\acous\Desktop\sih2026\Railway Track Surface Faults Dataset\Squats\6.MOV_20201227192101_2344.JPEG,6.MOV_20201227192101_2344.JPEG,Squats,,0.9995,0.999,0.0,True
C:\Users\acous\Desktop\sih2026\Railway Track Surface Faults Dataset\Squats\6.MOV_20201227192101_2345.JPEG,6.MOV_20201227192101_2345.JPEG,Squats,,0.9962,0.9925,0.0,True
C:\Users\acous\Desktop\sih2026\Railway Track Surface Faults Dataset\Squats\6.MOV_20201227192101_2346.JPEG,6.MOV_20201227192101_2346.JPEG,Squats,,0.9972,0.9949,0.0,True
C:\Users\acous\Desktop\sih2026\Railway Track Surface Faults Dataset\Squats\6.MOV_20201227192101_2347.JPEG,6.MOV_20201227192101_2347.JPEG,Squats,,0.9999,0.9998,0.0,True
C:\Users\acous\Desktop\sih2026\Railway Track Surface Faults Dataset\Squats\6.MOV_20201227192101_2348.JPEG,6.MOV_20201227192101_2348.JPEG,Squats,,0.9999,0.9998,0.0,True
C:\Users\acous\Desktop\sih2026\Railway Track Surface Faults Dataset\Squats\6.MOV_20201227192101_2349.JPEG,6.MOV_20201227192101_2349.JPEG,Squats,,0.9998,0.9996,0.0,True
C:\Users\acous\Desktop\sih2026\Railway Track Surface Faults Dataset\Squats\6.MOV_20201227192101_2350.JPEG,6.MOV_20201227192101_2350.JPEG,Squats,,0.9999,0.9998,0.0,True
C:\Users\acous\Desktop\sih2026\Railway Track Surface Faults Dataset\Squats\6.MOV_20201227192101_2351.JPEG,6.MOV_20201227192101_2351.JPEG,Squats,,0.9999,0.9998,0.0,True
C:\Users\acous\Desktop\sih2026\Railway Track Surface Faults Dataset\Squats\6.MOV_20201227192101_2352.JPEG,6.MOV_20201227192101_2352.JPEG,Squats,,0.9997,0.9995,0.0,True
C:\Users\acous\Desktop\sih2026\Railway Track Surface Faults Dataset\Squats\6.MOV_20201227192101_2353.JPEG,6.MOV_20201227192101_2353.JPEG,Squats,,0.9999,0.9998,0.0,True
C:\Users\acous\Desktop\sih2026\Railway Track Surface Faults Dataset\Squats\6.MOV_20201227192101_2354.JPEG,6.MOV_20201227192101_2354.JPEG,Squats,,1.0,1.0,0.0,True
C:\Users\acous\Desktop\sih2026\Railway Track Surface Faults Dataset\Squats\6.MOV_20201227192101_2355.JPEG,6.MOV_20201227192101_2355.JPEG,Squats,,0.9999,0.9998,0.0,True
C:\Users\acous\Desktop\sih2026\Railway Track Surface Faults Dataset\Squats\6.MOV_20201227192101_2356.JPEG,6.MOV_20201227192101_2356.JPEG,Squats,,0.9999,0.9998,0.0,True
C:\Users\acous\Desktop\sih2026\Railway Track Surface Faults Dataset\Squats\6.MOV_20201227192101_2357.JPEG,6.MOV_20201227192101_2357.JPEG,Squats,,0.9996,0.9993,0.0,True
C:\Users\acous\Desktop\sih2026\Railway Track Surface Faults Dataset\Squats\6.MOV_20201227192101_2358.JPEG,6.MOV_20201227192101_2358.JPEG,Squats,,0.9885,0.9813,0.0,True
C:\Users\acous\Desktop\sih2026\Railway Track Surface Faults Dataset\Squats\6.MOV_20201227192101_2359.JPEG,6.MOV_20201227192101_2359.JPEG,Squats,,0.9608,0.9378,0.0,True
C:\Users\acous\Desktop\sih2026\Railway Track Surface Faults Dataset\Squats\6.MOV_20201227192101_2360.JPEG,6.MOV_20201227192101_2360.JPEG,Squats,,0.7681,0.6117,0.0,True
C:\Users\acous\Desktop\sih2026\Railway Track Surface Faults Dataset\Squats\6.MOV_20201227192101_2361.JPEG,6.MOV_20201227192101_2361.JPEG,Squats,,0.6752,0.5115,0.0,True
C:\Users\acous\Desktop\sih2026\Railway Track Surface Faults Dataset\Squats\7.MOV_20201228114152_2754.JPEG,7.MOV_20201228114152_2754.JPEG,Squats,,0.6102,0.23,0.0,True
C:\Users\acous\Desktop\sih2026\Railway Track Surface Faults Dataset\Squats\7.MOV_20201228114152_2755.JPEG,7.MOV_20201228114152_2755.JPEG,Squats,,0.9362,0.8735,0.0,True
C:\Users\acous\Desktop\sih2026\Railway Track Surface Faults Dataset\Squats\7.MOV_20201228114152_2756.JPEG,7.MOV_20201228114152_2756.JPEG,Squats,,0.8973,0.8018,0.0,True
C:\Users\acous\Desktop\sih2026\Railway Track Surface Faults Dataset\Squats\7.MOV_20201228114152_3740.JPEG,7.MOV_20201228114152_3740.JPEG,Squats,,0.9981,0.9963,0.0,True
C:\Users\acous\Desktop\sih2026\Railway Track Surface Faults Dataset\Squats\7.MOV_20201228114152_3741.JPEG,7.MOV_20201228114152_3741.JPEG,Squats,,0.9999,0.9998,0.0,True
C:\Users\acous\Desktop\sih2026\Railway Track Surface Faults Dataset\Squats\7.MOV_20201228114152_3742.JPEG,7.MOV_20201228114152_3742.JPEG,Squats,,0.9979,0.9966,0.0,True
C:\Users\acous\Desktop\sih2026\Railway Track Surface Faults Dataset\Squats\7.MOV_20201228114152_3759.JPEG,7.MOV_20201228114152_3759.JPEG,Squats,,0.9961,0.9923,0.0,True
C:\Users\acous\Desktop\sih2026\Railway Track Surface Faults Dataset\Squats\7.MOV_20201228114152_3760.JPEG,7.MOV_20201228114152_3760.JPEG,Squats,,0.9996,0.9992,0.0,True
C:\Users\acous\Desktop\sih2026\Railway Track Surface Faults Dataset\Squats\7.MOV_20201228114152_3761.JPEG,7.MOV_20201228114152_3761.JPEG,Squats,,0.9817,0.9648,0.0,True
C:\Users\acous\Desktop\sih2026\Railway Track Surface Faults Dataset\Squats\7.MOV_20201228114152_3762.JPEG,7.MOV_20201228114152_3762.JPEG,Squats,,0.9962,0.9925,0.0,True
C:\Users\acous\Desktop\sih2026\Railway Track Surface Faults Dataset\Squats\7.MOV_20201228114152_3763.JPEG,7.MOV_20201228114152_3763.JPEG,Squats,,0.9828,0.9657,0.0,True
C:\Users\acous\Desktop\sih2026\Railway Track Surface Faults Dataset\Squats\7.MOV_20201228114152_3794.JPEG,7.MOV_20201228114152_3794.JPEG,Squats,,0.9986,0.9973,0.0,True
C:\Users\acous\Desktop\sih2026\Railway Track Surface Faults Dataset\Squats\7.MOV_20201228114152_3795.JPEG,7.MOV_20201228114152_3795.JPEG,Squats,,0.9989,0.9984,0.0,True
C:\Users\acous\Desktop\sih2026\Railway Track Surface Faults Dataset\Squats\7.MOV_20201228114152_3796.JPEG,7.MOV_20201228114152_3796.JPEG,Squats,,0.9949,0.9923,0.0,True
C:\Users\acous\Desktop\sih2026\Railway Track Surface Faults Dataset\Squats\7.MOV_20201228114152_3825.JPEG,7.MOV_20201228114152_3825.JPEG,Squats,,0.9989,0.9981,0.0,True
C:\Users\acous\Desktop\sih2026\Railway Track Surface Faults Dataset\Squats\7.MOV_20201228114152_3826.JPEG,7.MOV_20201228114152_3826.JPEG,Squats,,0.9997,0.9995,0.0,True
C:\Users\acous\Desktop\sih2026\Railway Track Surface Faults Dataset\Squats\7.MOV_20201228114152_3827.JPEG,7.MOV_20201228114152_3827.JPEG,Squats,,0.9998,0.9996,0.0,True
C:\Users\acous\Desktop\sih2026\Railway Track Surface Faults Dataset\Squats\7.MOV_20201228114152_3828.JPEG,7.MOV_20201228114152_3828.JPEG,Squats,,0.9975,0.9951,0.0,True
C:\Users\acous\Desktop\sih2026\Railway Track Surface Faults Dataset\Squats\7.MOV_20201228114152_3829.JPEG,7.MOV_20201228114152_3829.JPEG,Squats,,0.9986,0.9977,0.0,True
C:\Users\acous\Desktop\sih2026\Railway Track Surface Faults Dataset\Squats\7.MOV_20201228114152_3830.JPEG,7.MOV_20201228114152_3830.JPEG,Squats,,0.9995,0.9991,0.0,True
C:\Users\acous\Desktop\sih2026\Railway Track Surface Faults Dataset\Squats\7.MOV_20201228114152_3844.JPEG,7.MOV_20201228114152_3844.JPEG,Squats,,0.9989,0.9979,0.0,True
C:\Users\acous\Desktop\sih2026\Railway Track Surface Faults Dataset\Squats\7.MOV_20201228114152_3845.JPEG,7.MOV_20201228114152_3845.JPEG,Squats,,0.9896,0.9793,0.0,True
C:\Users\acous\Desktop\sih2026\Railway Track Surface Faults Dataset\Squats\7.MOV_20201228114152_3846.JPEG,7.MOV_20201228114152_3846.JPEG,Squats,,0.9965,0.9947,0.0,True
C:\Users\acous\Desktop\sih2026\Railway Track Surface Faults Dataset\Squats\7.MOV_20201228114152_3867.JPEG,7.MOV_20201228114152_3867.JPEG,Squats,,0.7182,0.4445,0.0,True
C:\Users\acous\Desktop\sih2026\Railway Track Surface Faults Dataset\Squats\7.MOV_20201228114152_3868.JPEG,7.MOV_20201228114152_3868.JPEG,Squats,,0.7201,0.4599,0.0,True
C:\Users\acous\Desktop\sih2026\Railway Track Surface Faults Dataset\Squats\7.MOV_20201228114152_3876.JPEG,7.MOV_20201228114152_3876.JPEG,Squats,,0.9991,0.9984,0.0,True
C:\Users\acous\Desktop\sih2026\Railway Track Surface Faults Dataset\Squats\7.MOV_20201228114152_3877.JPEG,7.MOV_20201228114152_3877.JPEG,Squats,,0.9968,0.9951,0.0,True
C:\Users\acous\Desktop\sih2026\Railway Track Surface Faults Dataset\Squats\7.MOV_20201228114152_3878.JPEG,7.MOV_20201228114152_3878.JPEG,Squats,,0.9963,0.9942,0.0,True
C:\Users\acous\Desktop\sih2026\Railway Track Surface Faults Dataset\Squats\7.MOV_20201228114152_3881.JPEG,7.MOV_20201228114152_3881.JPEG,Squats,,0.9378,0.8791,0.0,True
C:\Users\acous\Desktop\sih2026\Railway Track Surface Faults Dataset\Squats\7.MOV_20201228114152_3882.JPEG,7.MOV_20201228114152_3882.JPEG,Squats,,0.9994,0.999,0.0,True
C:\Users\acous\Desktop\sih2026\Railway Track Surface Faults Dataset\Squats\7.MOV_20201228114152_3883.JPEG,7.MOV_20201228114152_3883.JPEG,Squats,,0.9938,0.9877,0.0,True
C:\Users\acous\Desktop\sih2026\Railway Track Surface Faults Dataset\Squats\7.MOV_20201228114152_3894.JPEG,7.MOV_20201228114152_3894.JPEG,Squats,,0.9995,0.9991,0.0,True
C:\Users\acous\Desktop\sih2026\Railway Track Surface Faults Dataset\Squats\7.MOV_20201228114152_3895.JPEG,7.MOV_20201228114152_3895.JPEG,Squats,,0.997,0.9953,0.0,True
C:\Users\acous\Desktop\sih2026\Railway Track Surface Faults Dataset\Squats\7.MOV_20201228114152_3896.JPEG,7.MOV_20201228114152_3896.JPEG,Squats,,0.9902,0.9846,0.0,True
C:\Users\acous\Desktop\sih2026\Railway Track Surface Faults Dataset\Squats\7.MOV_20201228114152_3897.JPEG,7.MOV_20201228114152_3897.JPEG,Squats,,0.9673,0.9384,0.0,True
C:\Users\acous\Desktop\sih2026\Railway Track Surface Faults Dataset\Squats\7.MOV_20201228114152_3898.JPEG,7.MOV_20201228114152_3898.JPEG,Squats,,0.7541,0.51,0.0,True
C:\Users\acous\Desktop\sih2026\Railway Track Surface Faults Dataset\Squats\7.MOV_20201228114152_3899.JPEG,7.MOV_20201228114152_3899.JPEG,Squats,,0.9967,0.9951,0.0,True
C:\Users\acous\Desktop\sih2026\Railway Track Surface Faults Dataset\Squats\7.MOV_20201228114152_3962.JPEG,7.MOV_20201228114152_3962.JPEG,Squats,,0.9886,0.9787,0.0,True
C:\Users\acous\Desktop\sih2026\Railway Track Surface Faults Dataset\Squats\7.MOV_20201228114152_3963.JPEG,7.MOV_20201228114152_3963.JPEG,Squats,,0.9999,0.9998,0.0,True
C:\Users\acous\Desktop\sih2026\Railway Track Surface Faults Dataset\Squats\7.MOV_20201228114152_3964.JPEG,7.MOV_20201228114152_3964.JPEG,Squats,,0.9893,0.979,0.0,True
C:\Users\acous\Desktop\sih2026\Railway Track Surface Faults Dataset\Squats\7.MOV_20201228114152_3965.JPEG,7.MOV_20201228114152_3965.JPEG,Squats,,0.9991,0.9983,0.0,True
C:\Users\acous\Desktop\sih2026\Railway Track Surface Faults Dataset\Squats\7.MOV_20201228114152_3966.JPEG,7.MOV_20201228114152_3966.JPEG,Squats,,0.9906,0.9813,0.0,True
C:\Users\acous\Desktop\sih2026\Railway Track Surface Faults Dataset\Squats\7.MOV_20201228114152_3967.JPEG,7.MOV_20201228114152_3967.JPEG,Squats,,0.9885,0.9796,0.0,True
C:\Users\acous\Desktop\sih2026\Railway Track Surface Faults Dataset\Squats\7.MOV_20201228114152_3968.JPEG,7.MOV_20201228114152_3968.JPEG,Squats,,0.9988,0.998,0.0,True
C:\Users\acous\Desktop\sih2026\Railway Track Surface Faults Dataset\Squats\7.MOV_20201228114152_3969.JPEG,7.MOV_20201228114152_3969.JPEG,Squats,,0.9974,0.9951,0.0,True
C:\Users\acous\Desktop\sih2026\Railway Track Surface Faults Dataset\Squats\7.MOV_20201228114152_3973.JPEG,7.MOV_20201228114152_3973.JPEG,Squats,,0.9923,0.9857,0.0,True
C:\Users\acous\Desktop\sih2026\Railway Track Surface Faults Dataset\Squats\7.MOV_20201228114152_3974.JPEG,7.MOV_20201228114152_3974.JPEG,Squats,,0.9981,0.9964,0.0,True
C:\Users\acous\Desktop\sih2026\Railway Track Surface Faults Dataset\Squats\7.MOV_20201228114152_3975.JPEG,7.MOV_20201228114152_3975.JPEG,Squats,,0.9996,0.9993,0.0,True
C:\Users\acous\Desktop\sih2026\Railway Track Surface Faults Dataset\Squats\7.MOV_20201228114152_3976.JPEG,7.MOV_20201228114152_3976.JPEG,Squats,,0.995,0.9924,0.0,True
C:\Users\acous\Desktop\sih2026\Railway Track Surface Faults Dataset\Squats\7.MOV_20201228114152_4011.JPEG,7.MOV_20201228114152_4011.JPEG,Squats,,0.6291,0.2595,0.0,True
C:\Users\acous\Desktop\sih2026\Railway Track Surface Faults Dataset\Squats\7.MOV_20201228114152_4012.JPEG,7.MOV_20201228114152_4012.JPEG,Squats,,0.9949,0.9918,0.0,True
C:\Users\acous\Desktop\sih2026\Railway Track Surface Faults Dataset\Squats\7.MOV_20201228114152_4013.JPEG,7.MOV_20201228114152_4013.JPEG,Squats,,0.995,0.9925,0.0,True
C:\Users\acous\Desktop\sih2026\Railway Track Surface Faults Dataset\Squats\7.MOV_20201228114152_4014.JPEG,7.MOV_20201228114152_4014.JPEG,Squats,,0.9956,0.9917,0.0,True
C:\Users\acous\Desktop\sih2026\Railway Track Surface Faults Dataset\Squats\7.MOV_20201228114152_4015.JPEG,7.MOV_20201228114152_4015.JPEG,Squats,,0.992,0.9843,0.0,True
C:\Users\acous\Desktop\sih2026\Railway Track Surface Faults Dataset\Squats\7.MOV_20201228114152_4016.JPEG,7.MOV_20201228114152_4016.JPEG,Squats,,0.9909,0.9843,0.0,True
C:\Users\acous\Desktop\sih2026\Railway Track Surface Faults Dataset\Squats\7.MOV_20201228114152_4019.JPEG,7.MOV_20201228114152_4019.JPEG,Squats,,0.9853,0.9743,0.0,True
C:\Users\acous\Desktop\sih2026\Railway Track Surface Faults Dataset\Squats\7.MOV_20201228114152_4020.JPEG,7.MOV_20201228114152_4020.JPEG,Squats,,0.9605,0.9347,0.0,True
C:\Users\acous\Desktop\sih2026\Railway Track Surface Faults Dataset\Squats\7.MOV_20201228114152_4021.JPEG,7.MOV_20201228114152_4021.JPEG,Squats,,0.9666,0.9387,0.0,True
C:\Users\acous\Desktop\sih2026\Railway Track Surface Faults Dataset\Squats\7.MOV_20201228114152_4022.JPEG,7.MOV_20201228114152_4022.JPEG,Squats,,0.9962,0.9934,0.0,True
C:\Users\acous\Desktop\sih2026\Railway Track Surface Faults Dataset\Squats\7.MOV_20201228114152_4023.JPEG,7.MOV_20201228114152_4023.JPEG,Squats,,0.9995,0.9992,0.0,True
C:\Users\acous\Desktop\sih2026\Railway Track Surface Faults Dataset\Squats\7.MOV_20201228114152_4024.JPEG,7.MOV_20201228114152_4024.JPEG,Squats,,0.9899,0.9843,0.0,True
C:\Users\acous\Desktop\sih2026\Railway Track Surface Faults Dataset\Squats\7.MOV_20201228114152_4026.JPEG,7.MOV_20201228114152_4026.JPEG,Squats,,0.9973,0.995,0.0,True
C:\Users\acous\Desktop\sih2026\Railway Track Surface Faults Dataset\Squats\7.MOV_20201228114152_4027.JPEG,7.MOV_20201228114152_4027.JPEG,Squats,,0.9939,0.9886,0.0,True
C:\Users\acous\Desktop\sih2026\Railway Track Surface Faults Dataset\Squats\7.MOV_20201228114152_4028.JPEG,7.MOV_20201228114152_4028.JPEG,Squats,,0.9461,0.8923,0.0,True
C:\Users\acous\Desktop\sih2026\Railway Track Surface Faults Dataset\Squats\7.MOV_20201228114152_4054.JPEG,7.MOV_20201228114152_4054.JPEG,Squats,,0.865,0.7349,0.0,True
C:\Users\acous\Desktop\sih2026\Railway Track Surface Faults Dataset\Squats\7.MOV_20201228114152_4055.JPEG,7.MOV_20201228114152_4055.JPEG,Squats,,0.9959,0.993,0.0,True
C:\Users\acous\Desktop\sih2026\Railway Track Surface Faults Dataset\Squats\7.MOV_20201228114152_4056.JPEG,7.MOV_20201228114152_4056.JPEG,Squats,,0.9529,0.9108,0.0,True
C:\Users\acous\Desktop\sih2026\Railway Track Surface Faults Dataset\Squats\7.MOV_20201228114152_4129.JPEG,7.MOV_20201228114152_4129.JPEG,Squats,,0.8936,0.8197,0.0,True
C:\Users\acous\Desktop\sih2026\Railway Track Surface Faults Dataset\Squats\7.MOV_20201228114152_4130.JPEG,7.MOV_20201228114152_4130.JPEG,Squats,,0.9682,0.9402,0.0,True
C:\Users\acous\Desktop\sih2026\Railway Track Surface Faults Dataset\Squats\7.MOV_20201228114152_4131.JPEG,7.MOV_20201228114152_4131.JPEG,Squats,,0.9816,0.9695,0.0,True
C:\Users\acous\Desktop\sih2026\Railway Track Surface Faults Dataset\Squats\7.MOV_20201228114152_4200.JPEG,7.MOV_20201228114152_4200.JPEG,Squats,,0.9891,0.9783,0.0,True
C:\Users\acous\Desktop\sih2026\Railway Track Surface Faults Dataset\Squats\7.MOV_20201228114152_4201.JPEG,7.MOV_20201228114152_4201.JPEG,Squats,,0.9993,0.9987,0.0,True
C:\Users\acous\Desktop\sih2026\Railway Track Surface Faults Dataset\Squats\7.MOV_20201228114152_4202.JPEG,7.MOV_20201228114152_4202.JPEG,Squats,,0.9989,0.9978,0.0,True
C:\Users\acous\Desktop\sih2026\Railway Track Surface Faults Dataset\Squats\7.MOV_20201228114152_4204.JPEG,7.MOV_20201228114152_4204.JPEG,Squats,,0.9941,0.989,0.0,True
C:\Users\acous\Desktop\sih2026\Railway Track Surface Faults Dataset\Squats\7.MOV_20201228114152_4205.JPEG,7.MOV_20201228114152_4205.JPEG,Squats,,0.9896,0.9805,0.0,True
C:\Users\acous\Desktop\sih2026\Railway Track Surface Faults Dataset\Squats\7.MOV_20201228114152_4261.JPEG,7.MOV_20201228114152_4261.JPEG,Squats,,0.9897,0.9819,0.0,True
C:\Users\acous\Desktop\sih2026\Railway Track Surface Faults Dataset\Squats\7.MOV_20201228114152_4262.JPEG,7.MOV_20201228114152_4262.JPEG,Squats,,0.9898,0.9797,0.0,True
C:\Users\acous\Desktop\sih2026\Railway Track Surface Faults Dataset\Squats\7.MOV_20201228114152_4283.JPEG,7.MOV_20201228114152_4283.JPEG,Squats,,0.9738,0.9481,0.0,True
C:\Users\acous\Desktop\sih2026\Railway Track Surface Faults Dataset\Squats\7.MOV_20201228114152_4284.JPEG,7.MOV_20201228114152_4284.JPEG,Squats,,0.9837,0.9676,0.0,True
C:\Users\acous\Desktop\sih2026\Railway Track Surface Faults Dataset\Squats\7.MOV_20201228114152_4285.JPEG,7.MOV_20201228114152_4285.JPEG,Squats,,0.9766,0.9535,0.0,True
C:\Users\acous\Desktop\sih2026\Railway Track Surface Faults Dataset\Squats\7.MOV_20201228114152_4315.JPEG,7.MOV_20201228114152_4315.JPEG,Squats,,0.9885,0.977,0.0,True
C:\Users\acous\Desktop\sih2026\Railway Track Surface Faults Dataset\Squats\7.MOV_20201228114152_4316.JPEG,7.MOV_20201228114152_4316.JPEG,Squats,,0.9992,0.9984,0.0,True
C:\Users\acous\Desktop\sih2026\Railway Track Surface Faults Dataset\Squats\7.MOV_20201228114152_4324.JPEG,7.MOV_20201228114152_4324.JPEG,Squats,,0.9934,0.9871,0.0,True
C:\Users\acous\Desktop\sih2026\Railway Track Surface Faults Dataset\Squats\7.MOV_20201228114152_4325.JPEG,7.MOV_20201228114152_4325.JPEG,Squats,,0.8708,0.7503,0.0,True
C:\Users\acous\Desktop\sih2026\Railway Track Surface Faults Dataset\Squats\7.MOV_20201228114152_4326.JPEG,7.MOV_20201228114152_4326.JPEG,Squats,,0.9447,0.894,0.0,True
C:\Users\acous\Desktop\sih2026\Railway Track Surface Faults Dataset\Squats\7.MOV_20201228114152_4327.JPEG,7.MOV_20201228114152_4327.JPEG,Squats,,0.9698,0.9401,0.0,True
C:\Users\acous\Desktop\sih2026\Railway Track Surface Faults Dataset\Squats\7.MOV_20201228114152_4328.JPEG,7.MOV_20201228114152_4328.JPEG,Squats,,0.9838,0.968,0.0,True
C:\Users\acous\Desktop\sih2026\Railway Track Surface Faults Dataset\Squats\7.MOV_20201228114152_4335.JPEG,7.MOV_20201228114152_4335.JPEG,Squats,,0.9988,0.9977,0.0,True
C:\Users\acous\Desktop\sih2026\Railway Track Surface Faults Dataset\Squats\7.MOV_20201228114152_4336.JPEG,7.MOV_20201228114152_4336.JPEG,Squats,,0.9975,0.995,0.0,True
C:\Users\acous\Desktop\sih2026\Railway Track Surface Faults Dataset\Squats\7.MOV_20201228114152_4365.JPEG,7.MOV_20201228114152_4365.JPEG,Squats,,0.9992,0.9985,0.0,True
C:\Users\acous\Desktop\sih2026\Railway Track Surface Faults Dataset\Squats\7.MOV_20201228114152_4366.JPEG,7.MOV_20201228114152_4366.JPEG,Squats,,0.9997,0.9994,0.0,True
C:\Users\acous\Desktop\sih2026\Railway Track Surface Faults Dataset\Squats\7.MOV_20201228114152_4381.JPEG,7.MOV_20201228114152_4381.JPEG,Squats,,0.988,0.9765,0.0,True
C:\Users\acous\Desktop\sih2026\Railway Track Surface Faults Dataset\Squats\7.MOV_20201228114152_4382.JPEG,7.MOV_20201228114152_4382.JPEG,Squats,,0.9852,0.9708,0.0,True
C:\Users\acous\Desktop\sih2026\Railway Track Surface Faults Dataset\Squats\7.MOV_20201228114152_4383.JPEG,7.MOV_20201228114152_4383.JPEG,Squats,,0.9644,0.9303,0.0,True
C:\Users\acous\Desktop\sih2026\Railway Track Surface Faults Dataset\Squats\7.MOV_20201228114152_4389.JPEG,7.MOV_20201228114152_4389.JPEG,Squats,,0.9619,0.9249,0.0,True
C:\Users\acous\Desktop\sih2026\Railway Track Surface Faults Dataset\Squats\7.MOV_20201228114152_4390.JPEG,7.MOV_20201228114152_4390.JPEG,Squats,,0.997,0.9945,0.0,True
C:\Users\acous\Desktop\sih2026\Railway Track Surface Faults Dataset\Squats\7.MOV_20201228114152_4391.JPEG,7.MOV_20201228114152_4391.JPEG,Squats,,0.9998,0.9996,0.0,True
C:\Users\acous\Desktop\sih2026\Railway Track Surface Faults Dataset\Squats\7.MOV_20201228114152_4405.JPEG,7.MOV_20201228114152_4405.JPEG,Squats,,0.9977,0.9954,0.0,True
C:\Users\acous\Desktop\sih2026\Railway Track Surface Faults Dataset\Squats\7.MOV_20201228114152_4406.JPEG,7.MOV_20201228114152_4406.JPEG,Squats,,0.9995,0.9991,0.0,True
C:\Users\acous\Desktop\sih2026\Railway Track Surface Faults Dataset\Squats\7.MOV_20201228114152_4407.JPEG,7.MOV_20201228114152_4407.JPEG,Squats,,0.9977,0.9954,0.0,True
C:\Users\acous\Desktop\sih2026\Railway Track Surface Faults Dataset\Squats\7.MOV_20201228114152_4408.JPEG,7.MOV_20201228114152_4408.JPEG,Squats,,0.9716,0.9437,0.0,True
C:\Users\acous\Desktop\sih2026\Railway Track Surface Faults Dataset\Squats\7.MOV_20201228114152_4409.JPEG,7.MOV_20201228114152_4409.JPEG,Squats,,0.9562,0.9213,0.0,True
C:\Users\acous\Desktop\sih2026\Railway Track Surface Faults Dataset\Squats\7.MOV_20201228114152_4410.JPEG,7.MOV_20201228114152_4410.JPEG,Squats,,0.99,0.981,0.0,True
C:\Users\acous\Desktop\sih2026\Railway Track Surface Faults Dataset\Squats\7.MOV_20201228114152_4443.JPEG,7.MOV_20201228114152_4443.JPEG,Squats,,0.9952,0.9904,0.0,True
C:\Users\acous\Desktop\sih2026\Railway Track Surface Faults Dataset\Squats\7.MOV_20201228114152_4444.JPEG,7.MOV_20201228114152_4444.JPEG,Squats,,0.9985,0.997,0.0,True
C:\Users\acous\Desktop\sih2026\Railway Track Surface Faults Dataset\Squats\7.MOV_20201228114152_4445.JPEG,7.MOV_20201228114152_4445.JPEG,Squats,,0.9802,0.9656,0.0,True
C:\Users\acous\Desktop\sih2026\Railway Track Surface Faults Dataset\Squats\7.MOV_20201228114152_4464.JPEG,7.MOV_20201228114152_4464.JPEG,Squats,,0.9137,0.8278,0.0,True
C:\Users\acous\Desktop\sih2026\Railway Track Surface Faults Dataset\Squats\7.MOV_20201228114152_4465.JPEG,7.MOV_20201228114152_4465.JPEG,Squats,,0.9484,0.8972,0.0,True
C:\Users\acous\Desktop\sih2026\Railway Track Surface Faults Dataset\Squats\7.MOV_20201228114152_4466.JPEG,7.MOV_20201228114152_4466.JPEG,Squats,,0.9751,0.9503,0.0,True
C:\Users\acous\Desktop\sih2026\Railway Track Surface Faults Dataset\Squats\7.MOV_20201228114152_4469.JPEG,7.MOV_20201228114152_4469.JPEG,Squats,,0.8536,0.7095,0.0,True
C:\Users\acous\Desktop\sih2026\Railway Track Surface Faults Dataset\Squats\7.MOV_20201228114152_4470.JPEG,7.MOV_20201228114152_4470.JPEG,Squats,,0.8632,0.7267,0.0,True
C:\Users\acous\Desktop\sih2026\Railway Track Surface Faults Dataset\Squats\7.MOV_20201228114152_4471.JPEG,7.MOV_20201228114152_4471.JPEG,Squats,,0.9858,0.9728,0.0,True
C:\Users\acous\Desktop\sih2026\Railway Track Surface Faults Dataset\Squats\7.MOV_20201228114152_4472.JPEG,7.MOV_20201228114152_4472.JPEG,Squats,,0.9838,0.9679,0.0,True
C:\Users\acous\Desktop\sih2026\Railway Track Surface Faults Dataset\Squats\7.MOV_20201228114152_4473.JPEG,7.MOV_20201228114152_4473.JPEG,Squats,,0.8341,0.6696,0.0,True
C:\Users\acous\Desktop\sih2026\Railway Track Surface Faults Dataset\Squats\7.MOV_20201228114152_4474.JPEG,7.MOV_20201228114152_4474.JPEG,Squats,,0.9288,0.8585,0.0,True
C:\Users\acous\Desktop\sih2026\Railway Track Surface Faults Dataset\Squats\7.MOV_20201228114152_4484.JPEG,7.MOV_20201228114152_4484.JPEG,Squats,,0.9894,0.9809,0.0,True
C:\Users\acous\Desktop\sih2026\Railway Track Surface Faults Dataset\Squats\7.MOV_20201228114152_4485.JPEG,7.MOV_20201228114152_4485.JPEG,Squats,,0.9993,0.9987,0.0,True
C:\Users\acous\Desktop\sih2026\Railway Track Surface Faults Dataset\Squats\7.MOV_20201228114152_4497.JPEG,7.MOV_20201228114152_4497.JPEG,Squats,,0.985,0.9706,0.0,True
C:\Users\acous\Desktop\sih2026\Railway Track Surface Faults Dataset\Squats\7.MOV_20201228114152_4556.JPEG,7.MOV_20201228114152_4556.JPEG,Squats,,0.9947,0.9896,0.0,True
C:\Users\acous\Desktop\sih2026\Railway Track Surface Faults Dataset\Squats\7.MOV_20201228114152_4557.JPEG,7.MOV_20201228114152_4557.JPEG,Squats,,0.994,0.9884,0.0,True
C:\Users\acous\Desktop\sih2026\Railway Track Surface Faults Dataset\Squats\7.MOV_20201228114152_4558.JPEG,7.MOV_20201228114152_4558.JPEG,Squats,,0.8495,0.7114,0.0,True
C:\Users\acous\Desktop\sih2026\Railway Track Surface Faults Dataset\Squats\7.MOV_20201228114152_4596.JPEG,7.MOV_20201228114152_4596.JPEG,Squats,,0.9956,0.9913,0.0,True
C:\Users\acous\Desktop\sih2026\Railway Track Surface Faults Dataset\Squats\7.MOV_20201228114152_4597.JPEG,7.MOV_20201228114152_4597.JPEG,Squats,,0.997,0.9953,0.0,True
C:\Users\acous\Desktop\sih2026\Railway Track Surface Faults Dataset\Squats\7.MOV_20201228114152_4598.JPEG,7.MOV_20201228114152_4598.JPEG,Squats,,0.9962,0.9927,0.0,True
C:\Users\acous\Desktop\sih2026\Railway Track Surface Faults Dataset\Squats\7.MOV_20201228114152_4630.JPEG,7.MOV_20201228114152_4630.JPEG,Squats,,0.9958,0.9916,0.0,True
C:\Users\acous\Desktop\sih2026\Railway Track Surface Faults Dataset\Squats\7.MOV_20201228114152_4631.JPEG,7.MOV_20201228114152_4631.JPEG,Squats,,0.9957,0.9914,0.0,True
C:\Users\acous\Desktop\sih2026\Railway Track Surface Faults Dataset\Squats\7.MOV_20201228114152_4654.JPEG,7.MOV_20201228114152_4654.JPEG,Squats,,0.9937,0.989,0.0,True
C:\Users\acous\Desktop\sih2026\Railway Track Surface Faults Dataset\Squats\7.MOV_20201228114152_4655.JPEG,7.MOV_20201228114152_4655.JPEG,Squats,,0.9974,0.995,0.0,True
C:\Users\acous\Desktop\sih2026\Railway Track Surface Faults Dataset\Squats\7.MOV_20201228114152_4656.JPEG,7.MOV_20201228114152_4656.JPEG,Squats,,0.9799,0.9622,0.0,True
C:\Users\acous\Desktop\sih2026\Railway Track Surface Faults Dataset\Squats\7.MOV_20201228114152_4672.JPEG,7.MOV_20201228114152_4672.JPEG,Squats,,0.9986,0.9972,0.0,True
C:\Users\acous\Desktop\sih2026\Railway Track Surface Faults Dataset\Squats\7.MOV_20201228114152_4673.JPEG,7.MOV_20201228114152_4673.JPEG,Squats,,0.9944,0.9889,0.0,True
C:\Users\acous\Desktop\sih2026\Railway Track Surface Faults Dataset\Squats\7.MOV_20201228114152_4690.JPEG,7.MOV_20201228114152_4690.JPEG,Squats,,0.959,0.9184,0.0,True
C:\Users\acous\Desktop\sih2026\Railway Track Surface Faults Dataset\Squats\7.MOV_20201228114152_4691.JPEG,7.MOV_20201228114152_4691.JPEG,Squats,,0.9851,0.9704,0.0,True
C:\Users\acous\Desktop\sih2026\Railway Track Surface Faults Dataset\Squats\7.MOV_20201228114152_4692.JPEG,7.MOV_20201228114152_4692.JPEG,Squats,,0.999,0.9981,0.0,True
C:\Users\acous\Desktop\sih2026\Railway Track Surface Faults Dataset\Squats\7.MOV_20201228114152_4699.JPEG,7.MOV_20201228114152_4699.JPEG,Squats,,0.5323,0.0787,0.0,True
C:\Users\acous\Desktop\sih2026\Railway Track Surface Faults Dataset\Squats\7.MOV_20201228114152_4700.JPEG,7.MOV_20201228114152_4700.JPEG,Squats,,0.9479,0.9085,0.0,True
C:\Users\acous\Desktop\sih2026\Railway Track Surface Faults Dataset\Squats\7.MOV_20201228114152_4701.JPEG,7.MOV_20201228114152_4701.JPEG,Squats,,0.9795,0.9652,0.0,True
C:\Users\acous\Desktop\sih2026\Railway Track Surface Faults Dataset\Squats\7.MOV_20201228114152_5202.JPEG,7.MOV_20201228114152_5202.JPEG,Squats,,0.8767,0.7613,0.0,True
C:\Users\acous\Desktop\sih2026\Railway Track Surface Faults Dataset\Squats\7.MOV_20201228114152_5203.JPEG,7.MOV_20201228114152_5203.JPEG,Squats,,0.9555,0.9202,0.0,True
C:\Users\acous\Desktop\sih2026\Railway Track Surface Faults Dataset\Squats\7.MOV_20201228114152_5204.JPEG,7.MOV_20201228114152_5204.JPEG,Squats,,0.9255,0.854,0.0,True
C:\Users\acous\Desktop\sih2026\Railway Track Surface Faults Dataset\Squats\7.MOV_20201228114152_5205.JPEG,7.MOV_20201228114152_5205.JPEG,Squats,,0.8405,0.6898,0.0,True
C:\Users\acous\Desktop\sih2026\Railway Track Surface Faults Dataset\Squats\7.MOV_20201228114152_5221.JPEG,7.MOV_20201228114152_5221.JPEG,Squats,,0.5725,0.1513,0.0,True
C:\Users\acous\Desktop\sih2026\Railway Track Surface Faults Dataset\Squats\7.MOV_20201228114152_5222.JPEG,7.MOV_20201228114152_5222.JPEG,Squats,,0.9611,0.9234,0.0,True
C:\Users\acous\Desktop\sih2026\Railway Track Surface Faults Dataset\Squats\7.MOV_20201228114152_5223.JPEG,7.MOV_20201228114152_5223.JPEG,Squats,,0.9857,0.9728,0.0,True
C:\Users\acous\Desktop\sih2026\Railway Track Surface Faults Dataset\Squats\7.MOV_20201228114152_5224.JPEG,7.MOV_20201228114152_5224.JPEG,Squats,,0.9507,0.9049,0.0,True
C:\Users\acous\Desktop\sih2026\Railway Track Surface Faults Dataset\Squats\7.MOV_20201228114152_5225.JPEG,7.MOV_20201228114152_5225.JPEG,Squats,,0.5951,0.1929,0.0,True
C:\Users\acous\Desktop\sih2026\Railway Track Surface Faults Dataset\Squats\7.MOV_20201228114152_5243.JPEG,7.MOV_20201228114152_5243.JPEG,Squats,,0.5486,0.1008,0.0,True
C:\Users\acous\Desktop\sih2026\Railway Track Surface Faults Dataset\Squats\7.MOV_20201228114152_5244.JPEG,7.MOV_20201228114152_5244.JPEG,Squats,,0.8591,0.7198,0.0,True
C:\Users\acous\Desktop\sih2026\Railway Track Surface Faults Dataset\Squats\7.MOV_20201228114152_5245.JPEG,7.MOV_20201228114152_5245.JPEG,Squats,,0.9294,0.8651,0.0,True
C:\Users\acous\Desktop\sih2026\Railway Track Surface Faults Dataset\Squats\7.MOV_20201228114152_5246.JPEG,7.MOV_20201228114152_5246.JPEG,Squats,,0.6046,0.2121,0.0,True
C:\Users\acous\Desktop\sih2026\Railway Track Surface Faults Dataset\Squats\7.MOV_20201228114152_5288.JPEG,7.MOV_20201228114152_5288.JPEG,Squats,,0.5019,0.0047,0.0,True
C:\Users\acous\Desktop\sih2026\Railway Track Surface Faults Dataset\Squats\7.MOV_20201228114152_5289.JPEG,7.MOV_20201228114152_5289.JPEG,Squats,,0.7579,0.6347,0.0,True
C:\Users\acous\Desktop\sih2026\Railway Track Surface Faults Dataset\Squats\7.MOV_20201228114152_5290.JPEG,7.MOV_20201228114152_5290.JPEG,Squats,,0.9525,0.9075,0.0,True
C:\Users\acous\Desktop\sih2026\Railway Track Surface Faults Dataset\Squats\7.MOV_20201228114152_5291.JPEG,7.MOV_20201228114152_5291.JPEG,Squats,,0.9891,0.9813,0.0,True
C:\Users\acous\Desktop\sih2026\Railway Track Surface Faults Dataset\Squats\7.MOV_20201228114152_5296.JPEG,7.MOV_20201228114152_5296.JPEG,Squats,,0.902,0.8043,0.0,True
C:\Users\acous\Desktop\sih2026\Railway Track Surface Faults Dataset\Squats\7.MOV_20201228114152_5297.JPEG,7.MOV_20201228114152_5297.JPEG,Squats,,0.8494,0.7226,0.0,True
C:\Users\acous\Desktop\sih2026\Railway Track Surface Faults Dataset\Squats\7.MOV_20201228114152_5298.JPEG,7.MOV_20201228114152_5298.JPEG,Squats,,0.8567,0.7197,0.0,True
C:\Users\acous\Desktop\sih2026\Railway Track Surface Faults Dataset\Squats\7.MOV_20201228114152_5470.JPEG,7.MOV_20201228114152_5470.JPEG,Squats,,0.9977,0.9955,0.0,True
C:\Users\acous\Desktop\sih2026\Railway Track Surface Faults Dataset\Squats\7.MOV_20201228114152_5471.JPEG,7.MOV_20201228114152_5471.JPEG,Squats,,0.99,0.9807,0.0,True
C:\Users\acous\Desktop\sih2026\Railway Track Surface Faults Dataset\Squats\7.MOV_20201228114152_5716.JPEG,7.MOV_20201228114152_5716.JPEG,Squats,,0.9995,0.9992,0.0,True
C:\Users\acous\Desktop\sih2026\Railway Track Surface Faults Dataset\Squats\7.MOV_20201228114152_5717.JPEG,7.MOV_20201228114152_5717.JPEG,Squats,,0.9981,0.9963,0.0,True
C:\Users\acous\Desktop\sih2026\Railway Track Surface Faults Dataset\Squats\7.MOV_20201228114152_5718.JPEG,7.MOV_20201228114152_5718.JPEG,Squats,,0.9933,0.9876,0.0,True
C:\Users\acous\Desktop\sih2026\Railway Track Surface Faults Dataset\Squats\7.MOV_20201228114152_5800.JPEG,7.MOV_20201228114152_5800.JPEG,Squats,,0.5884,0.22,0.0,True
C:\Users\acous\Desktop\sih2026\Railway Track Surface Faults Dataset\Squats\7.MOV_20201228114152_5801.JPEG,7.MOV_20201228114152_5801.JPEG,Squats,,0.7754,0.5512,0.0,True
C:\Users\acous\Desktop\sih2026\Railway Track Surface Faults Dataset\Squats\7.MOV_20201228114152_5802.JPEG,7.MOV_20201228114152_5802.JPEG,Squats,,0.9962,0.9926,0.0,True
C:\Users\acous\Desktop\sih2026\Railway Track Surface Faults Dataset\Squats\7.MOV_20201228114152_5812.JPEG,7.MOV_20201228114152_5812.JPEG,Squats,,0.5866,0.1743,0.0,True
C:\Users\acous\Desktop\sih2026\Railway Track Surface Faults Dataset\Squats\7.MOV_20201228114152_5813.JPEG,7.MOV_20201228114152_5813.JPEG,Squats,,0.7818,0.5637,0.0,True
C:\Users\acous\Desktop\sih2026\Railway Track Surface Faults Dataset\Squats\7.MOV_20201228114152_5814.JPEG,7.MOV_20201228114152_5814.JPEG,Squats,,0.8292,0.6586,0.0,True
C:\Users\acous\Desktop\sih2026\Railway Track Surface Faults Dataset\Squats\7.MOV_20201228114152_5822.JPEG,7.MOV_20201228114152_5822.JPEG,Squats,,0.8633,0.7272,0.0,True
C:\Users\acous\Desktop\sih2026\Railway Track Surface Faults Dataset\Squats\7.MOV_20201228114152_5823.JPEG,7.MOV_20201228114152_5823.JPEG,Squats,,0.9322,0.8644,0.0,True
C:\Users\acous\Desktop\sih2026\Railway Track Surface Faults Dataset\Squats\7.MOV_20201228114152_5824.JPEG,7.MOV_20201228114152_5824.JPEG,Squats,,0.7163,0.4331,0.0,True
C:\Users\acous\Desktop\sih2026\Railway Track Surface Faults Dataset\Squats\7.MOV_20201228114152_5829.JPEG,7.MOV_20201228114152_5829.JPEG,Squats,,0.9377,0.8786,0.0,True
C:\Users\acous\Desktop\sih2026\Railway Track Surface Faults Dataset\Squats\7.MOV_20201228114152_5830.JPEG,7.MOV_20201228114152_5830.JPEG,Squats,,0.7533,0.5094,0.0,True
C:\Users\acous\Desktop\sih2026\Railway Track Surface Faults Dataset\Squats\7.MOV_20201228114152_5831.JPEG,7.MOV_20201228114152_5831.JPEG,Squats,,0.6114,0.2242,0.0,True
C:\Users\acous\Desktop\sih2026\Railway Track Surface Faults Dataset\Squats\7.MOV_20201228114152_5832.JPEG,7.MOV_20201228114152_5832.JPEG,Squats,,0.9648,0.93,0.0,True
C:\Users\acous\Desktop\sih2026\Railway Track Surface Faults Dataset\Squats\7.MOV_20201228114152_5844.JPEG,7.MOV_20201228114152_5844.JPEG,Squats,,0.5539,0.1086,0.0,True
C:\Users\acous\Desktop\sih2026\Railway Track Surface Faults Dataset\Squats\7.MOV_20201228114152_5845.JPEG,7.MOV_20201228114152_5845.JPEG,Squats,,0.7285,0.4598,0.0,True
C:\Users\acous\Desktop\sih2026\Railway Track Surface Faults Dataset\Squats\7.MOV_20201228114152_5846.JPEG,7.MOV_20201228114152_5846.JPEG,Squats,,0.8835,0.7675,0.0,True
C:\Users\acous\Desktop\sih2026\Railway Track Surface Faults Dataset\Squats\7.MOV_20201228114152_5847.JPEG,7.MOV_20201228114152_5847.JPEG,Squats,,0.7106,0.4282,0.0,True
C:\Users\acous\Desktop\sih2026\Railway Track Surface Faults Dataset\Squats\7.MOV_20201228114152_5892.JPEG,7.MOV_20201228114152_5892.JPEG,Squats,,0.92,0.8409,0.0,True
C:\Users\acous\Desktop\sih2026\Railway Track Surface Faults Dataset\Squats\7.MOV_20201228114152_5893.JPEG,7.MOV_20201228114152_5893.JPEG,Squats,,0.949,0.8982,0.0,True
C:\Users\acous\Desktop\sih2026\Railway Track Surface Faults Dataset\Squats\7.MOV_20201228114152_5894.JPEG,7.MOV_20201228114152_5894.JPEG,Squats,,0.9657,0.9314,0.0,True
C:\Users\acous\Desktop\sih2026\Railway Track Surface Faults Dataset\Squats\7.MOV_20201228114152_5895.JPEG,7.MOV_20201228114152_5895.JPEG,Squats,,0.9072,0.8145,0.0,True
C:\Users\acous\Desktop\sih2026\Railway Track Surface Faults Dataset\Squats\7.MOV_20201228114152_5940.JPEG,7.MOV_20201228114152_5940.JPEG,Squats,,0.8495,0.7005,0.0,True
C:\Users\acous\Desktop\sih2026\Railway Track Surface Faults Dataset\Squats\7.MOV_20201228114152_5941.JPEG,7.MOV_20201228114152_5941.JPEG,Squats,,0.7233,0.4469,0.0,True
C:\Users\acous\Desktop\sih2026\Railway Track Surface Faults Dataset\Squats\7.MOV_20201228114152_5942.JPEG,7.MOV_20201228114152_5942.JPEG,Squats,,0.6838,0.3677,0.0,True
C:\Users\acous\Desktop\sih2026\Railway Track Surface Faults Dataset\Squats\7.MOV_20201228114152_5943.JPEG,7.MOV_20201228114152_5943.JPEG,Squats,,0.5236,0.0475,0.0,True
C:\Users\acous\Desktop\sih2026\Railway Track Surface Faults Dataset\Squats\7.MOV_20201228114152_5944.JPEG,7.MOV_20201228114152_5944.JPEG,Squats,,0.5865,0.1733,0.0,True
C:\Users\acous\Desktop\sih2026\Railway Track Surface Faults Dataset\Squats\7.MOV_20201228114152_6018.JPEG,7.MOV_20201228114152_6018.JPEG,Squats,,0.7646,0.5314,0.0,True
C:\Users\acous\Desktop\sih2026\Railway Track Surface Faults Dataset\Squats\7.MOV_20201228114152_6019.JPEG,7.MOV_20201228114152_6019.JPEG,Squats,,0.5307,0.0623,0.0,True
C:\Users\acous\Desktop\sih2026\Railway Track Surface Faults Dataset\Squats\7.MOV_20201228114152_6020.JPEG,7.MOV_20201228114152_6020.JPEG,Squats,,0.5097,0.02,0.0,True
C:\Users\acous\Desktop\sih2026\Railway Track Surface Faults Dataset\Squats\7.MOV_20201228114152_6082.JPEG,7.MOV_20201228114152_6082.JPEG,Squats,,0.9108,0.8217,0.0,True
C:\Users\acous\Desktop\sih2026\Railway Track Surface Faults Dataset\Squats\7.MOV_20201228114152_6083.JPEG,7.MOV_20201228114152_6083.JPEG,Squats,,0.8443,0.6887,0.0,True
C:\Users\acous\Desktop\sih2026\Railway Track Surface Faults Dataset\Squats\7.MOV_20201228114152_6084.JPEG,7.MOV_20201228114152_6084.JPEG,Squats,,0.6236,0.2475,0.0,True
C:\Users\acous\Desktop\sih2026\Railway Track Surface Faults Dataset\Squats\7.MOV_20201228114152_6085.JPEG,7.MOV_20201228114152_6085.JPEG,Squats,,0.7062,0.4132,0.0,True
C:\Users\acous\Desktop\sih2026\Railway Track Surface Faults Dataset\Squats\7.MOV_20201228114152_6122.JPEG,7.MOV_20201228114152_6122.JPEG,Squats,,0.8013,0.6028,0.0,True
C:\Users\acous\Desktop\sih2026\Railway Track Surface Faults Dataset\Squats\7.MOV_20201228114152_6123.JPEG,7.MOV_20201228114152_6123.JPEG,Squats,,0.8095,0.6197,0.0,True
C:\Users\acous\Desktop\sih2026\Railway Track Surface Faults Dataset\Squats\7.MOV_20201228114152_6124.JPEG,7.MOV_20201228114152_6124.JPEG,Squats,,0.9628,0.9279,0.0,True
C:\Users\acous\Desktop\sih2026\Railway Track Surface Faults Dataset\Squats\7.MOV_20201228114152_6125.JPEG,7.MOV_20201228114152_6125.JPEG,Squats,,0.8216,0.6493,0.0,True
C:\Users\acous\Desktop\sih2026\Railway Track Surface Faults Dataset\Squats\7.MOV_20201228114152_6575.JPEG,7.MOV_20201228114152_6575.JPEG,Squats,,0.6703,0.3435,0.0,True
C:\Users\acous\Desktop\sih2026\Railway Track Surface Faults Dataset\Squats\7.MOV_20201228114152_6576.JPEG,7.MOV_20201228114152_6576.JPEG,Squats,,0.7892,0.5856,0.0,True
C:\Users\acous\Desktop\sih2026\Railway Track Surface Faults Dataset\Squats\7.MOV_20201228114152_6577.JPEG,7.MOV_20201228114152_6577.JPEG,Squats,,0.6295,0.264,0.0,True
C:\Users\acous\Desktop\sih2026\Railway Track Surface Faults Dataset\Squats\7.MOV_20201228114152_6578.JPEG,7.MOV_20201228114152_6578.JPEG,Squats,,0.54,0.0811,0.0,True
C:\Users\acous\Desktop\sih2026\Railway Track Surface Faults Dataset\Squats\7.MOV_20201228114152_6579.JPEG,7.MOV_20201228114152_6579.JPEG,Squats,,0.5345,0.0692,0.0,True
C:\Users\acous\Desktop\sih2026\Railway Track Surface Faults Dataset\Squats\7.MOV_20201228114152_6634.JPEG,7.MOV_20201228114152_6634.JPEG,Squats,,0.7067,0.4153,0.0,True
C:\Users\acous\Desktop\sih2026\Railway Track Surface Faults Dataset\Squats\7.MOV_20201228114152_6635.JPEG,7.MOV_20201228114152_6635.JPEG,Squats,,0.7298,0.4615,0.0,True
C:\Users\acous\Desktop\sih2026\Railway Track Surface Faults Dataset\Squats\7.MOV_20201228114152_6636.JPEG,7.MOV_20201228114152_6636.JPEG,Squats,,0.5356,0.0723,0.0,True
C:\Users\acous\Desktop\sih2026\Railway Track Surface Faults Dataset\Squats\7.MOV_20201228114152_6637.JPEG,7.MOV_20201228114152_6637.JPEG,Squats,,0.5757,0.1543,0.0,True
C:\Users\acous\Desktop\sih2026\Railway Track Surface Faults Dataset\Squats\7.MOV_20201228114152_6749.JPEG,7.MOV_20201228114152_6749.JPEG,Squats,,0.5016,0.0095,0.0,True
C:\Users\acous\Desktop\sih2026\Railway Track Surface Faults Dataset\Squats\7.MOV_20201228114152_6750.JPEG,7.MOV_20201228114152_6750.JPEG,Squats,,0.6523,0.3089,0.0,True
C:\Users\acous\Desktop\sih2026\Railway Track Surface Faults Dataset\Squats\7.MOV_20201228114152_6751.JPEG,7.MOV_20201228114152_6751.JPEG,Squats,,0.8246,0.6499,0.0,True
C:\Users\acous\Desktop\sih2026\Railway Track Surface Faults Dataset\Squats\7.MOV_20201228114152_6752.JPEG,7.MOV_20201228114152_6752.JPEG,Squats,,0.6305,0.2616,0.0,True
C:\Users\acous\Desktop\sih2026\Railway Track Surface Faults Dataset\Squats\7.MOV_20201228114152_6962.JPEG,7.MOV_20201228114152_6962.JPEG,Squats,,0.9661,0.9323,0.0,True
C:\Users\acous\Desktop\sih2026\Railway Track Surface Faults Dataset\Squats\7.MOV_20201228114152_6963.JPEG,7.MOV_20201228114152_6963.JPEG,Squats,,0.9418,0.8838,0.0,True
C:\Users\acous\Desktop\sih2026\Railway Track Surface Faults Dataset\Squats\7.MOV_20201228114152_6964.JPEG,7.MOV_20201228114152_6964.JPEG,Squats,,0.9643,0.9287,0.0,True
C:\Users\acous\Desktop\sih2026\Railway Track Surface Faults Dataset\Squats\7.MOV_20201228114152_7338.JPEG,7.MOV_20201228114152_7338.JPEG,Squats,,0.6839,0.369,0.0,True
C:\Users\acous\Desktop\sih2026\Railway Track Surface Faults Dataset\Squats\7.MOV_20201228114152_7339.JPEG,7.MOV_20201228114152_7339.JPEG,Squats,,0.8505,0.7019,0.0,True
C:\Users\acous\Desktop\sih2026\Railway Track Surface Faults Dataset\Squats\7.MOV_20201228114152_7340.JPEG,7.MOV_20201228114152_7340.JPEG,Squats,,0.617,0.2351,0.0,True
C:\Users\acous\Desktop\sih2026\Railway Track Surface Faults Dataset\Squats\7.MOV_20201228114152_7341.JPEG,7.MOV_20201228114152_7341.JPEG,Squats,,0.5694,0.1396,0.0,True
C:\Users\acous\Desktop\sih2026\Railway Track Surface Faults Dataset\Squats\7.MOV_20201228114152_7349.JPEG,7.MOV_20201228114152_7349.JPEG,Squats,,0.8864,0.7801,0.0,True
C:\Users\acous\Desktop\sih2026\Railway Track Surface Faults Dataset\Squats\7.MOV_20201228114152_7350.JPEG,7.MOV_20201228114152_7350.JPEG,Squats,,0.9449,0.9094,0.0,True
C:\Users\acous\Desktop\sih2026\Railway Track Surface Faults Dataset\Squats\7.MOV_20201228114152_7351.JPEG,7.MOV_20201228114152_7351.JPEG,Squats,,0.9829,0.9699,0.0,True
C:\Users\acous\Desktop\sih2026\Railway Track Surface Faults Dataset\Squats\7.MOV_20201228114152_7375.JPEG,7.MOV_20201228114152_7375.JPEG,Squats,,0.9346,0.8978,0.0,True
C:\Users\acous\Desktop\sih2026\Railway Track Surface Faults Dataset\Squats\7.MOV_20201228114152_7376.JPEG,7.MOV_20201228114152_7376.JPEG,Squats,,0.5936,0.2751,0.0,True
C:\Users\acous\Desktop\sih2026\Railway Track Surface Faults Dataset\Squats\7.MOV_20201228114152_7377.JPEG,7.MOV_20201228114152_7377.JPEG,Squats,,0.6837,0.4227,0.0,True
C:\Users\acous\Desktop\sih2026\Railway Track Surface Faults Dataset\Squats\7.MOV_20201228114152_8188.JPEG,7.MOV_20201228114152_8188.JPEG,Squats,,0.6554,0.3304,0.0,True
C:\Users\acous\Desktop\sih2026\Railway Track Surface Faults Dataset\Squats\7.MOV_20201228114152_8189.JPEG,7.MOV_20201228114152_8189.JPEG,Squats,,0.9675,0.9422,0.0,True
C:\Users\acous\Desktop\sih2026\Railway Track Surface Faults Dataset\Squats\7.MOV_20201228114152_8190.JPEG,7.MOV_20201228114152_8190.JPEG,Squats,,0.9443,0.9002,0.0,True
C:\Users\acous\Desktop\sih2026\Railway Track Surface Faults Dataset\Squats\7.MOV_20201228114152_8191.JPEG,7.MOV_20201228114152_8191.JPEG,Squats,,0.7253,0.4661,0.0,True
C:\Users\acous\Desktop\sih2026\Railway Track Surface Faults Dataset\Squats\7.MOV_20201228114152_8192.JPEG,7.MOV_20201228114152_8192.JPEG,Squats,,0.8046,0.6119,0.0,True
C:\Users\acous\Desktop\sih2026\Railway Track Surface Faults Dataset\Squats\7.MOV_20201228114152_8193.JPEG,7.MOV_20201228114152_8193.JPEG,Squats,,0.619,0.2462,0.0,True
C:\Users\acous\Desktop\sih2026\Railway Track Surface Faults Dataset\Squats\7.MOV_20201228114152_8194.JPEG,7.MOV_20201228114152_8194.JPEG,Squats,,0.6615,0.4015,0.0,True
C:\Users\acous\Desktop\sih2026\Railway Track Surface Faults Dataset\Squats\7.MOV_20201228114152_8195.JPEG,7.MOV_20201228114152_8195.JPEG,Squats,,0.661,0.3317,0.0,True
C:\Users\acous\Desktop\sih2026\Railway Track Surface Faults Dataset\Squats\7.MOV_20201228114152_8196.JPEG,7.MOV_20201228114152_8196.JPEG,Squats,,0.7094,0.4359,0.0,True
C:\Users\acous\Desktop\sih2026\Railway Track Surface Faults Dataset\Squats\7.MOV_20201228114152_8197.JPEG,7.MOV_20201228114152_8197.JPEG,Squats,,0.8231,0.6643,0.0,True
C:\Users\acous\Desktop\sih2026\Railway Track Surface Faults Dataset\Squats\7.MOV_20201228114152_8198.JPEG,7.MOV_20201228114152_8198.JPEG,Squats,,0.6445,0.4263,0.0,True
C:\Users\acous\Desktop\sih2026\Railway Track Surface Faults Dataset\Squats\7.MOV_20201228114152_9306.JPEG,7.MOV_20201228114152_9306.JPEG,Squats,,0.9819,0.9647,0.0,True
C:\Users\acous\Desktop\sih2026\Railway Track Surface Faults Dataset\Squats\7.MOV_20201228114152_9307.JPEG,7.MOV_20201228114152_9307.JPEG,Squats,,0.993,0.9862,0.0,True
C:\Users\acous\Desktop\sih2026\Railway Track Surface Faults Dataset\Squats\7.MOV_20201228114152_9308.JPEG,7.MOV_20201228114152_9308.JPEG,Squats,,0.9845,0.9697,0.0,True
C:\Users\acous\Desktop\sih2026\Railway Track Surface Faults Dataset\Squats\7.MOV_20201228114152_9309.JPEG,7.MOV_20201228114152_9309.JPEG,Squats,,0.9793,0.9599,0.0,True
C:\Users\acous\Desktop\sih2026\Railway Track Surface Faults Dataset\Squats\7.MOV_20201228114152_9431.JPEG,7.MOV_20201228114152_9431.JPEG,Squats,,0.9726,0.947,0.0,True
C:\Users\acous\Desktop\sih2026\Railway Track Surface Faults Dataset\Squats\7.MOV_20201228114152_9432.JPEG,7.MOV_20201228114152_9432.JPEG,Squats,,0.9859,0.9721,0.0,True
C:\Users\acous\Desktop\sih2026\Railway Track Surface Faults Dataset\Squats\7.MOV_20201228114152_9433.JPEG,7.MOV_20201228114152_9433.JPEG,Squats,,0.9204,0.8433,0.0,True
C:\Users\acous\Desktop\sih2026\Railway Track Surface Faults Dataset\Squats\7.MOV_20201228114152_9434.JPEG,7.MOV_20201228114152_9434.JPEG,Squats,,0.9745,0.9499,0.0,True
C:\Users\acous\Desktop\sih2026\Railway Track Surface Faults Dataset\Squats\7.MOV_20201228114152_9874.JPEG,7.MOV_20201228114152_9874.JPEG,Squats,,0.8665,0.7461,0.0,True
C:\Users\acous\Desktop\sih2026\Railway Track Surface Faults Dataset\Squats\7.MOV_20201228114152_9875.JPEG,7.MOV_20201228114152_9875.JPEG,Squats,,0.8599,0.7813,0.0,True
C:\Users\acous\Desktop\sih2026\Railway Track Surface Faults Dataset\Squats\7.MOV_20201228114152_9876.JPEG,7.MOV_20201228114152_9876.JPEG,Squats,,0.886,0.789,0.0,True
C:\Users\acous\Desktop\sih2026\Railway Track Surface Faults Dataset\Squats\7.MOV_20201228114152_9877.JPEG,7.MOV_20201228114152_9877.JPEG,Squats,,0.8817,0.7699,0.0,True
C:\Users\acous\Desktop\sih2026\Railway Track Surface Faults Dataset\Squats\7.MOV_20201228114152_9878.JPEG,7.MOV_20201228114152_9878.JPEG,Squats,,0.9327,0.8695,0.0,True
C:\Users\acous\Desktop\sih2026\Railway Track Surface Faults Dataset\Squats\7.MOV_20201228114152_9957.JPEG,7.MOV_20201228114152_9957.JPEG,Squats,,0.9588,0.92,0.0,True
C:\Users\acous\Desktop\sih2026\Railway Track Surface Faults Dataset\Squats\7.MOV_20201228114152_9958.JPEG,7.MOV_20201228114152_9958.JPEG,Squats,,0.9743,0.951,0.0,True
C:\Users\acous\Desktop\sih2026\Railway Track Surface Faults Dataset\Squats\7.MOV_20201228114152_9959.JPEG,7.MOV_20201228114152_9959.JPEG,Squats,,0.8874,0.781,0.0,True
C:\Users\acous\Desktop\sih2026\Railway Track Surface Faults Dataset\Squats\7.MOV_20201228114152_9960.JPEG,7.MOV_20201228114152_9960.JPEG,Squats,,0.9863,0.9754,0.0,True
