train_id,region,season,train_type,train_age_years,average_speed_kmph,distance_travelled_km,track_temperature_c,rail_wear_mm,track_vibration_level,ballast_condition,track_curvature_degree,ambient_temperature_c,humidity_percent,rainfall_mm,wind_speed_kmph,wheel_wear_percent,axle_temperature_c,brake_pressure_psi,brake_pad_wear_percent,bearing_temperature_c,battery_voltage,traction_motor_temp_c,signal_system_status,power_consumption_kw,load_factor_percent,daily_trips,delay_minutes,last_maintenance_days,inspection_score,sensor_health_index,failure_type,maintenance_required,failure_severity,risk_score
1,Central Railway,Winter,Freight,18,93.91142551417138,1088075,30.385538740820703,11.267383889068283,5.017916087571662,Good,2.5335996439644655,38.369257545623185,74.21478050259813,28.050315514382987,,29.05380492733225,74.70739018067022,89.6130311225314,51.3905067758987,93.68808647044688,22.007632011894955,88.97266911571066,Normal,833.8086656301344,59.22158277643027,16,10.67822053517392,75.0,81.61402800867776,48.22993787020514,None,0,None,66.62125869787563
2,South Central Railway,Monsoon,Freight,3,83.9855595304154,872233,39.700772814873055,10.452440120520722,,Good,7.235148004146844,25.06808748622679,41.12785982429021,20.28759474241015,0.7574013421276984,25.236469193618614,87.3060507065117,99.76383254303997,57.5689264583839,60.01656981025778,22.858263795119754,75.54235974171577,Normal,573.1068492334214,62.512149932298406,20,12.61210692895922,182.0,94.53887261066386,56.72678980907631,None,0,None,59.477827500891316
3,Southern Railway,Monsoon,Express,25,70.44643236745081,1215080,54.34622917269383,10.794243139683612,5.0436260291117145,Good,11.938482496047344,47.82946526116849,49.127680160551925,11.105063788222383,12.31949979058721,75.6887759382563,62.568404329716806,96.70564208260083,18.813135805547358,67.31612886780769,26.829425242128334,75.39435989504288,Normal,475.18674253384745,59.38579640713127,20,8.537663477393984,161.0,82.55645824142884,73.18380162592737,None,0,None,59.66619580799588
4,Northern Railway,Summer,Express,30,25.392441290122903,1113903,16.01938624401478,7.983676867104486,2.1564394099248374,Good,5.884847639666156,33.39377815267088,85.16869243307738,,14.883442618607335,25.9477097177544,78.24894048971433,96.61559466396379,30.27935666610901,64.4283570120641,19.134675702459262,61.81767060968594,Normal,663.3416126657339,93.59786052532276,8,6.5825530429874135,164.0,79.14338762354213,74.42680176072274,None,0,None,54.68449367308681
5,Northern Railway,Monsoon,Express,12,95.50401347954931,21787,22.70973557821599,5.150874237079223,6.056354746757442,Good,6.866401959783244,37.50344543509489,71.42308869981547,,21.840181096198748,21.225880177623736,79.07371121350981,84.07036436983859,49.375257591660485,59.681869324700294,23.76855884558726,66.63421557975491,Normal,992.2764934273187,29.84514686936987,2,20.180112522986832,86.0,60.37062089816055,99.28266248343809,None,0,None,54.711521481833124
6,Eastern Railway,Monsoon,Passenger,22,76.36857743152464,983213,41.6323717265623,7.757125176399517,2.662646599770392,Poor,4.194541612764152,37.61933461323383,58.16544313630165,,18.742575510427336,52.032034279647064,73.75890521776816,98.45744624039398,39.110994036455594,84.47505939499706,21.886557278861083,61.87229455033463,Normal,849.6317412069503,85.863155047047,23,12.243925806332614,67.0,94.2477512628738,94.34193460312594,None,0,None,47.6650641943155
7,Central Railway,Monsoon,Passenger,10,111.50518039258657,1217230,21.583799282833148,11.46273300670755,4.353206020362161,Good,2.9484701143403176,35.37120931589422,66.72729050079445,,10.48487633365906,46.308556883476726,64.15547128960117,91.2176520521119,37.141977755653706,58.188301251128586,21.005463369513954,80.96185164627657,Normal,850.1268744615531,67.3555292768312,23,9.388613294404191,75.0,80.74188199032558,83.60997841132765,None,0,None,54.994429055290944
8,South Central Railway,Summer,Passenger,25,73.66536953338456,622279,47.40201385257919,0.0,4.348091832760046,Good,6.867901472049176,39.431236980727235,67.97927726891835,30.350494189042916,17.131918548183894,44.25092151673414,64.07020031176555,111.94993685192378,35.487756934641354,65.90514518701494,28.746626436395132,47.4698446028701,Normal,659.970628844306,44.98188780210304,23,8.51052183431552,263.0,77.50420756335048,90.83678687736406,None,0,None,53.04145371345625
9,Western Railway,Winter,Passenger,22,83.35986450442093,268412,46.9417995053504,7.187673870759202,4.362124018771802,Good,5.698505814736381,10.922290607116363,63.09732465280494,4.2075070508990855,12.533018601994495,,,108.5283402581052,20.632894987654094,82.80726357098895,21.939799228799345,81.45412069035658,Normal,986.1939347435832,62.49246467668878,17,21.618132218984513,325.0,78.64558757799458,67.79447959112571,None,0,None,61.20028241034138
10,Central Railway,Summer,Passenger,15,59.43970510897988,999141,51.85175752524188,10.786489945363233,3.010484417116272,Fair,3.0570296639546486,36.5803150314364,60.18402987766944,16.55094003696949,14.157050540588546,35.20572602925269,77.00637491349545,118.57931979783136,24.58612411140538,75.02961991990466,23.990333368548693,69.42715475714552,Normal,1321.217523106249,17.57853766158498,15,6.765796756954602,67.0,68.49468515230615,95.62704327007584,None,0,None,51.526172573265015
11,Southern Railway,Winter,Freight,25,27.62362993435356,1395495,40.872562803000285,6.4800457113366,2.475418390129909,Good,3.7319935539170452,29.02439935108493,63.339705559079704,7.522768191732302,4.624966415767002,42.65406255955768,54.874970102648675,87.4650869817446,21.004356404165105,101.05144358092682,24.732577309098964,75.83785275481019,Normal,852.4945949798126,66.60656335691309,2,,341.0,75.51551836740185,73.45492849092028,None,0,None,57.40910644414567
12,Eastern Railway,Winter,Express,29,66.15095726947717,384483,26.172560953554395,14.109009975188183,5.516622163297443,Good,6.954614205214438,33.26051680854312,88.96252951213066,17.470852740805213,8.473635145935866,65.87220835265049,44.314194470976275,78.83919044254031,74.07971638990598,79.80445031380012,26.594237002876397,65.90879812541033,Normal,451.8684608796302,79.52588434861099,3,62.62808939368538,281.0,77.5056293651882,74.83218084235725,None,0,None,67.67455513874256
13,South Central Railway,Summer,Passenger,11,58.645002167284964,284127,38.12069936229211,6.483461402814722,3.100096219807937,Fair,13.971794412298152,43.093310437050036,67.70871350069562,24.65637501198945,15.906693438402115,28.573756604409073,73.95405721823846,83.52822730719522,26.35460557733974,71.04547641236378,24.35476583273563,65.47329218861987,Normal,655.6273079680702,75.49626518522523,22,74.76209256414627,345.0,68.60803944761055,84.31807349742479,None,0,None,54.71511479649996
14,South Central Railway,Monsoon,Passenger,26,68.08496052655504,830504,52.86528588780239,9.782234721046278,3.8731067845661458,Poor,1.507893704693458,22.100508407232233,51.23976052772686,9.508158991703802,23.195760516808832,63.831710124357436,65.26174186610214,89.10725204873376,41.402577532550566,86.7782836452485,25.25347232038247,36.713802662311366,Normal,517.6554717526205,67.90369821134455,7,22.99719674668978,8.0,40.0,90.10240928400835,Wheel Defect,1,Medium,70.24929989913329
15,South Central Railway,Monsoon,Passenger,4,83.44183130730121,382751,20.997101592798945,4.86703796525753,2.3074200985612996,Good,5.90886100281835,32.247106209276005,60.75381786774225,36.61569121107004,8.11882433422854,72.83017599126218,78.79962881641717,114.42953512991286,34.255747765843545,63.6150814961008,21.33470638909152,93.79498342637966,Normal,1218.2872243133197,65.10766214556486,22,7.560957433097692,11.0,71.65731478510254,100.0,None,0,None,55.98282838877997
16,South Central Railway,Winter,Express,11,70.02828196681486,226027,7.7952576218386795,8.11893782722934,3.3633832531577688,Good,10.096771837492946,24.389922564395988,48.63203806376522,10.306772396976957,23.022073861884138,34.430594386387085,61.58630193366441,88.24642146592721,42.950062359327305,85.18525102892004,22.886663795485507,78.0503555989338,Normal,652.0913173443562,100.0,17,8.132047574982135,140.0,82.27644050255667,64.9652321603169,None,0,None,60.07251307985141
17,Southern Railway,Winter,Passenger,11,69.80429818362795,690652,39.80888611929197,4.964889397167761,0.0,Good,0.9916947957618966,34.277915162066456,66.282430554461,13.047976128673708,21.317404410198517,33.376358262493156,64.76006905330738,72.52487982671676,40.130238707736254,74.65344611275222,24.31804795287351,,Normal,1084.837745293085,75.89734257446165,3,27.10247563680588,307.0,86.3083507962992,63.42169227093264,None,0,None,58.62047447200328
18,Central Railway,Monsoon,Metro,8,81.32354553602309,443807,54.15040769856971,6.154887869539591,,Good,2.671275280192305,29.36381052528441,26.180461230922127,14.771654584793355,10.730881743836052,61.41192088358753,85.00777641118258,125.2302855936012,22.811564233764855,,22.371289663667483,71.01597085630857,Normal,928.4603016806606,86.60224903284922,2,18.62526917393291,348.0,41.90096460696056,87.45742457956085,None,0,None,67.35808655232037
19,Eastern Railway,Winter,Passenger,29,51.61330655698587,185878,38.47232938545412,4.3984152723091725,1.1289824534035935,Fair,4.446643404642047,30.79510420660267,,18.395499580906332,19.206164106392766,46.367079681897955,41.42273584799816,56.83726965152636,21.583256606872546,74.06136171056684,26.012790368532116,65.00561276999673,Normal,509.3850599520933,64.97365322073618,11,5.444784567666982,51.0,82.67390396795149,85.13025976616827,Bearing Failure,1,Low,51.46109313637367
20,Northern Railway,Summer,Express,2,36.06253274696153,175650,44.94271574177211,5.0623089233483896,2.7715910721141603,Poor,10.432412526648447,15.599672519557389,74.67070870258857,16.404010702213284,0.0,65.31986845224999,62.53509929829918,78.82086640294177,17.613524179461443,79.59174081784516,23.554105287820285,85.96237743548184,Normal,417.67933045165125,60.70408817768527,17,16.205285320572994,1.0,80.74100996433219,69.49621977442034,Wheel Defect,1,High,59.85697848619333
21,Southern Railway,Summer,Express,22,59.382359375262546,350864,33.13495843463811,5.371361788244501,4.611701438388671,Fair,13.949502296819487,32.350070176313714,71.72079799404597,11.077675295655618,11.839075309483242,52.553842920286556,61.650860859945425,116.73076878014707,47.53709396618425,80.61096087662224,26.454826035234454,49.92087493734744,Normal,746.7313429828158,15.345257886669813,20,4.80579714514535,85.0,91.99386644289291,86.90502487377503,Signal Failure,1,Medium,52.39902857213684
22,Northern Railway,Monsoon,Passenger,27,71.7299388094585,97115,39.38196029904782,6.300412988773138,2.2124954564713035,Good,3.5937080250399633,27.61773750763579,47.362500534297745,9.949352773284875,,34.92042567172101,72.39077159608819,91.05867563466242,46.81845041789836,85.5513520709594,,72.21880565396376,Normal,711.1360083408701,56.00554511616906,15,8.570730283626594,339.0,61.96899580191722,82.2232739847071,None,0,None,61.79353698812441
23,Western Railway,Winter,Passenger,26,67.38430470395845,1461019,42.91884029638852,8.536931699296833,5.396151428787464,Poor,4.268364186850468,36.08008236044872,67.92667801719814,20.179356756021267,22.331181912268093,45.43756425706687,58.54671798206049,121.2160707552534,45.31652314195337,54.068375375452725,27.48696365779714,65.93199014802433,Normal,423.1682871725551,82.61046438389823,11,15.143840642023635,21.0,73.60245449544574,65.34221960030246,None,0,None,64.98247717634116
24,Eastern Railway,Summer,Express,7,63.16916713157628,607257,29.170271614089586,9.725274953705679,4.628808470848669,Fair,8.303944124293764,24.260849312282495,48.169714057591946,4.9236305071715,8.851950438400667,62.4180300176381,74.16029539493707,98.52410607734394,20.4564718220136,70.72047108875087,22.369847343483077,71.39124636884029,Normal,404.5131443085095,60.80283769244322,15,24.25886100254418,248.0,74.47672457836616,93.31976738096192,None,0,None,53.702403090182926
25,South Central Railway,Winter,Passenger,5,120.27485169035774,299536,44.67376782020632,5.5445053554614,3.156040016177327,Good,11.444191669456266,34.29621485922737,75.96567457878866,43.02916155529388,17.105872489617465,59.23104738630199,56.83316371616247,112.41102440556975,23.03664603625078,68.44207688245508,24.69984115986419,77.70712358817602,Normal,166.12578513011056,66.73680778765491,3,4.925230481086295,110.0,74.13061191547517,95.28107717381751,None,0,None,53.04606283213048
26,Southern Railway,Summer,Express,9,65.15021768200734,148535,52.90185785675045,8.213955730677641,4.902364703807127,Good,16.62777609831221,30.314989406865433,54.03634728922516,18.741849177293005,3.733916033330429,87.02705144599585,51.80706792303042,96.48454081959827,59.30460949580666,78.50446568252082,26.920611867040254,,Normal,1113.1886712456856,61.287790247962356,23,12.729389631957975,132.0,78.72844446532976,75.36011155691423,None,0,None,68.01875453348498
27,Northern Railway,Summer,Express,8,75.11266990800128,602162,52.464072447270986,7.482246022824336,3.278022093974021,Fair,3.765606698642555,34.2007472725101,57.34468726584362,38.04974607767433,9.62620009614352,21.806789730024217,61.944431351285616,85.97040478969653,40.841205289547474,82.87119846727641,25.506688042258638,91.70932915244657,Normal,334.0456765114322,46.43572785459003,15,23.223283477960848,119.0,70.0764950224034,99.48401319872868,None,0,None,50.05102137553951
28,South Central Railway,Winter,Passenger,10,100.69721590762147,359747,50.544112118586746,10.306822121865192,3.529785392335633,Good,16.05852854858923,31.369176950562725,73.15208186851258,8.372275140663579,1.0745313853765293,37.94461339766248,76.77815313018249,85.29203526372496,51.36075978784094,59.929775852591845,23.907835309287993,48.77634594583678,Normal,955.7048386587034,51.231136500289075,13,7.497875022695923,138.0,71.40747118231877,99.03760365872287,Brake Failure,1,Low,53.74002978346094
29,Southern Railway,Monsoon,Passenger,19,48.82258053017094,1178097,36.611824160225225,6.176212093715616,1.3035946436285832,Good,7.5676813621343815,41.37400102951797,50.070775403291634,47.54409426674052,4.8797504996575025,82.66619125814009,70.98825997011203,112.26908096339265,55.98314735960487,91.55324457695141,28.044787481904038,89.87150319619289,Normal,946.6944467751051,83.28389893590376,7,3.1092936190736538,322.0,87.82847727184547,64.57475406056253,None,0,None,67.45626982631894
30,Northern Railway,Monsoon,Express,27,72.33288967500556,237164,37.43289472080774,13.041852406159542,5.83605119596902,Good,3.910123772697962,37.88761242672753,49.40458051856765,18.27659803651585,20.072360907659178,48.78018640979234,58.000085974889316,86.434999770962,0.0,97.57874213068357,22.258019535443765,63.3842925285492,Normal,893.1998699567928,85.71642093385708,20,9.467622703409054,95.0,83.53786631564553,60.376200576248266,Brake Failure,1,Medium,56.94710454930603
31,Northern Railway,Winter,Passenger,2,88.04823700428068,79842,31.14835854378843,8.48404841741579,5.789728963169512,Good,2.651813397927036,29.809924781631636,11.779468876622659,,18.675118724423147,35.42486185648006,61.3047230563511,92.20763347692385,66.89311647085343,79.28127460565275,20.897166192936343,75.77626848261531,Normal,113.18548541708117,63.91169901974436,24,11.91661797892668,269.0,75.79419216935116,90.66763219993604,None,0,None,57.086058219849505
32,Western Railway,Monsoon,Freight,24,103.87604359673661,390104,48.18358090150424,7.9348564042140906,4.2666343213159665,Good,1.192521543811947,33.11162755966163,23.49324110720481,5.542654421530582,20.260027912705702,59.57621146036747,67.8235033348948,83.54214762674742,85.40365768254038,95.09740486822903,21.8080054372343,84.60872687070241,Normal,948.8586620393887,55.125008562680286,14,20.474701685122916,347.0,77.3001280585938,77.05353214500869,None,0,None,67.72319930017531
33,Central Railway,Summer,Passenger,14,75.08470634381563,197087,48.8860444320841,7.590844450202517,3.652924166602637,Good,8.363214905118836,27.88288735727879,75.57310323349083,17.56763464116697,,70.68889132409524,64.8192423704802,129.43120522405715,25.322976807049493,50.0024394373919,26.368552587517968,56.50259174778439,Normal,866.8213841572217,48.989576096915556,6,6.118845003447438,261.0,82.15500517486072,65.15710562983905,None,0,None,62.8425414380268
34,Southern Railway,Monsoon,Freight,23,53.48351795872191,476339,29.7559678289699,8.937541088766602,3.9218553720308167,Good,0.7042115699691184,25.422830890717133,95.17025244749686,7.06416573177468,14.473842510699694,73.31789418750138,69.95760120935444,104.77681975209987,28.430114850231973,64.83424187289654,23.88768136255862,65.48200204481635,Normal,716.6986297670128,92.63564823514415,24,14.737051570478997,244.0,93.33688828362646,82.5401662140161,None,0,None,53.70523228148512
35,Eastern Railway,Winter,Passenger,26,72.01626422102427,1234937,27.875734105000042,8.908410850903246,3.3113869988907236,Poor,0.8837254316136084,35.540268961788286,28.57145435214079,29.551061782279263,18.45423066945674,25.712378418193815,60.6063341937244,121.94391761274714,60.54253057979192,75.02410342439613,27.738281613431894,78.86276423420681,Normal,282.8375556871182,69.70500792455424,19,13.641559589420007,63.0,76.93782615175792,91.43712332878312,None,0,None,54.0070040315085
36,Central Railway,Summer,Passenger,6,78.10466543700163,1178528,19.040185610236048,4.433789029372703,3.032379136644506,Fair,10.525141592736407,26.32813902375679,21.048843758279872,12.463208402792612,15.091702384136715,46.917534241040364,83.54010281402306,70.26235500621783,16.598291015156043,,23.939464807905047,81.39936540307703,Normal,897.1272536216811,59.29770359321579,6,3.445292514685576,73.0,67.20775803978051,69.68123188169142,None,0,None,61.61622731591427
37,Eastern Railway,Summer,Express,14,65.37348614730588,753349,43.59664358406763,9.685053463724024,2.1628415713865725,Good,9.512133884701273,45.54061426429754,,27.55883938485052,12.125253633421792,26.951662808890504,66.50329794737407,105.0974096716167,36.91522438897844,58.06621419198191,25.61450987832178,74.88627987999783,Normal,512.5659792529668,35.21053410134393,4,34.753346164430404,352.0,66.91263830948957,95.02920191779961,None,0,None,52.90038900012913
38,South Central Railway,Winter,Express,9,91.65451197581015,404488,44.14697156935654,10.301182121598838,,Good,7.87990622640891,19.09159503216723,51.86512339595537,9.671241983297998,18.294091368352095,26.611418879395583,76.17249612917878,83.03546681620918,27.635511709067742,43.48198053240351,25.834747610743293,70.35808848749448,Normal,894.9884192677118,40.90494470458545,23,6.245792354674764,290.0,99.43070154329655,100.0,None,0,None,38.336294048115704
39,Western Railway,Monsoon,Freight,19,84.72490552297509,557896,26.352653577119995,8.182270747896274,2.8402597107617975,Fair,11.975080787413702,36.47811786543568,56.725447487928385,40.834799558987655,24.562589040258413,59.58488041912468,70.61392336374564,73.85207635125921,46.18138969782418,72.62018792135176,22.179877324874123,63.554728852063405,Normal,857.915809127596,42.61894077803076,6,4.897048996972097,137.0,72.26354273024975,74.34830071493785,None,0,None,64.55079531172669
40,Southern Railway,Summer,Passenger,18,89.49694781773803,752931,52.65345724076869,4.896202306986387,4.768966407464826,Fair,3.861495796396329,26.904071944260146,44.01834692400055,18.918941064717618,12.352116553350857,17.619650745732432,63.26458390536601,85.74763770285675,51.73722406343532,74.5049517868373,,61.45054705253145,Warning,1520.0000401598245,67.87304277784142,16,9.027664378016636,89.0,96.75968463741422,70.39926328223935,None,0,None,51.89789944949642
41,Central Railway,Monsoon,Freight,27,106.23314888036718,1076710,8.471608428203758,9.594546899521426,3.045883469007663,Good,5.352817460714769,29.547658979986814,25.857484890188942,31.617544766264256,10.53798379065438,80.72655524621031,61.34131453364557,101.08528833908997,47.47218131182242,65.4941446464339,23.67881552601307,71.28583826646967,Normal,1109.6674352587697,64.38654657869621,7,9.872609535588673,98.0,100.0,79.6599346358893,None,0,None,56.348833361143654
42,South Central Railway,Winter,Passenger,8,82.00530984839689,1041980,37.410529744280694,5.152632721701869,5.354350531685131,Good,12.195425797511685,26.544811520307768,60.87976465405408,25.30793250631819,17.209300526024222,35.51888470624707,63.743238854353194,78.95932743090262,45.61201706298978,69.31520778234392,21.13223658597412,51.81125823699982,Normal,983.2606202001461,85.55511786645854,13,30.50742707406508,66.0,72.25877323648237,58.63156978377201,None,0,None,66.3580152082965
43,South Central Railway,Summer,Passenger,25,54.333473138577624,605317,53.493713974381045,11.492383679100623,4.348491260860147,Fair,4.251963943103725,36.853964577503845,65.3654261944793,20.023559153579708,22.54750865523592,74.11746020710135,44.61025139144282,101.58414840785883,28.864420404898887,51.57832624592076,23.999640684045414,79.01498182685658,Normal,1088.0751569508461,44.04083482685355,12,19.959722273570343,314.0,64.52125623445741,92.7434097248966,None,0,None,60.40464900602614
44,Northern Railway,Summer,Passenger,27,57.98221405015265,133211,13.456127325578791,8.739980756534546,2.6618239480816177,Fair,5.331734799604269,30.452925873842595,83.2949136890744,5.262678142308123,21.757773555734644,58.39139356023034,77.12462516967943,88.3714347481178,33.08596186042789,80.04600481039715,22.415392985112565,77.03368572113455,Normal,823.6954502042008,25.384955617903678,10,32.55977677084434,329.0,78.46588948949855,69.42677202434263,None,0,None,61.95917178325433
45,Central Railway,Monsoon,Express,25,64.92782568568752,928895,24.15070643484494,6.3708966676112375,0.693627274242457,Good,1.0966278311551625,25.363164362260378,85.23841444505403,16.91863968945829,22.814235086895586,27.251650174396495,72.07618231281621,86.13820861692074,16.75827850971254,48.210881017045274,,65.72007992761127,Normal,743.732340929364,65.82155871187994,2,,215.0,71.12068586326103,77.99136880732496,None,0,None,54.41227016791126
46,Eastern Railway,Monsoon,Passenger,1,51.0431414495119,10263,37.05721078851502,13.36929539492702,5.619117751901392,Good,1.9082108097346249,28.687428796196333,57.44224592707703,17.833268507809773,18.252186810594907,15.899931530930424,43.15261253810182,86.91800464834682,47.613664214521435,97.37475147259687,27.05113140849661,91.05114266664467,Normal,356.64248262956283,61.67121733820271,23,13.24166266455443,252.0,41.49078689676884,52.830020367882156,None,0,None,76.51475681918993
47,Northern Railway,Summer,Passenger,22,61.99465985308278,1411968,25.522050013436555,5.316217932643013,4.941174303062008,Good,8.548464231200843,40.32974691492728,19.631183873391116,48.92171406122131,14.777110522590126,49.76030793979625,,61.10046450806183,17.628645597605903,51.219722834267664,20.582114138818124,61.27298743387707,Normal,1033.5792566754976,80.66804244203713,4,17.115294560453336,158.0,79.76279079905812,66.96290896126887,None,0,None,58.75434811449588
48,Eastern Railway,Monsoon,Freight,3,95.85238050406127,134797,21.70330197147296,7.211589218209077,6.713662120372305,Fair,10.292481056673601,27.547137078652767,47.357314104108056,9.702737078493012,25.458813344767584,56.965310448554064,71.34882429186615,80.61861012496918,17.755533618182625,,22.328022050960904,58.77421285728023,Normal,671.09759102917,65.05302457353379,18,4.720452967863892,193.0,76.09746842050025,70.77896578040084,None,0,None,59.80137463969513
49,South Central Railway,Monsoon,Freight,13,73.14638547964168,327112,24.58720346641377,6.98915938925356,4.182798397083993,Good,11.766401886113481,23.55379312450027,34.16968241641415,21.92090380984887,16.264300338092358,31.29520166518592,54.24862479281614,82.40449482972828,42.84970699310127,65.58462923789315,24.988924562787172,67.74997229421355,Normal,1209.10541569753,74.06619934236157,5,25.704794974042176,218.0,88.75550333994704,76.33655901660588,None,0,None,53.339514473949556
50,South Central Railway,Monsoon,Express,10,50.37360371180698,1409382,55.0094537248978,12.474798017906256,4.190478890289462,Poor,6.381762764765067,27.100617647470518,54.64007809440181,8.011487387046529,19.296164371803442,27.889998049361715,50.906365422887845,48.912029260809895,91.71580345338793,72.53704106100706,23.555948095541797,60.83055936397367,Normal,725.3584404466176,87.80133847794892,5,15.228146547030805,303.0,61.42752451342271,65.96392444953781,Track Defect,1,Low,73.35386308837627
51,South Central Railway,Monsoon,Freight,6,87.99723397008862,1269412,37.60287215318064,4.171209294384233,3.9769122811538278,Fair,16.159008648458077,30.138362950634917,34.709048355733536,36.72578135246093,12.023268142239719,75.62718653954967,65.90428513363561,68.27497544994165,73.82867611020595,62.97867691420456,25.096113960769074,91.38359204955763,Normal,528.885041029368,58.22711872228369,8,16.487535599367956,225.0,57.16320294238676,77.8068771728456,Brake Failure,1,Low,75.17885135713202
52,Western Railway,Summer,Passenger,27,52.9201951418192,702854,30.239436334453654,10.342689075928856,1.4924962573187872,Fair,3.52450351804388,18.78684691407934,44.64674317237133,22.9835257169397,10.530598450600653,10.838146925200995,87.11437023086287,93.7273389834136,0.0,70.76267837889125,25.16094205799177,89.70585593224966,Normal,676.1023526469111,58.23574504716754,23,14.503314877682996,303.0,79.4762966597581,99.10341034663423,Brake Failure,1,Low,39.122824586542826
53,Northern Railway,Summer,Express,23,72.1055452598787,230130,52.65500461274755,9.55727347024867,3.699616814156549,Good,2.8779365877180103,15.778713693906175,65.05702368180125,3.9677260680823396,2.3653554900352045,5.893728131348119,63.80956375381502,108.89317922436067,65.37982967868842,76.24012105316264,23.948745875130705,101.85643274418364,Normal,788.0190961290533,70.71214437283068,9,34.51438203865226,313.0,98.64937851037331,98.74954350247833,None,0,None,41.60141096700741
54,Northern Railway,Winter,Express,25,92.36136384706718,45518,48.546439361367206,6.321600490428118,2.4714156186117795,Fair,18.959089198924506,31.00153845945401,83.20848360079309,20.214801639991325,28.13124916666893,27.68145539788404,60.408059335479415,87.35866366110973,58.750871523412165,,21.764576960798376,70.5487440074037,Normal,574.0625223681825,77.73253731338302,24,20.731893291591902,,81.80433111102575,81.8214912131908,Track Defect,1,Medium,55.69581122471864
55,Northern Railway,Monsoon,Express,30,92.13500812814789,657235,49.57631194236563,6.613485398174211,2.1899790456858486,Poor,3.9729027732840825,33.09792014963868,43.01217920230549,22.252976593653536,9.485747985475712,25.240019854962824,67.89382042015355,124.2432495443633,41.1956917847622,48.33025752865581,24.37126459379169,,Normal,1390.6106540299497,,12,16.530541839869617,323.0,87.30171496015116,79.03350260303752,None,0,None,51.74803059884273
56,Central Railway,Summer,Passenger,25,37.51283269374699,202029,33.729287183580546,9.805389804795968,1.8716738023304624,Good,6.953947660148707,20.826153990527416,31.15734388500993,15.714712460475278,23.25773252793833,67.33647805343577,48.853252766476245,127.72588765776558,47.09816089169148,82.90021782553754,22.949558957911965,,Normal,677.8903787684856,63.68434862120768,10,3.2136320739284234,284.0,73.293404854477,95.9437044351321,Wheel Defect,1,Low,57.9322075904059
57,Southern Railway,Monsoon,Freight,9,72.14770028619455,25447,25.867508274807783,6.720950680835939,1.6270266666299076,Good,3.249254687655856,22.914535458966913,87.41138215536802,7.911196753356258,0.0,30.359980401257843,36.47203277633711,82.74189513985492,10.896967551622172,68.23787053743915,25.69230904946439,79.60688083270917,Normal,1462.8815621280037,100.0,8,8.636187815618012,101.0,72.16785168698304,100.0,None,0,None,45.929794102487946
58,Central Railway,Summer,Freight,2,101.17828961264676,638372,47.77970093898239,11.493886439982898,0.21200454870784258,Good,13.227306044634457,35.5489183687821,50.48254853612995,30.606212046904638,7.32724774145945,73.55254060822493,54.470186256849374,67.02123366157207,48.5983149170297,69.56869418601403,25.086292091990874,60.62660592317061,Normal,738.8883761383753,16.55477826249676,4,15.848960091428642,241.0,83.93845049231778,76.42732877879281,None,0,None,62.1946055838995
59,South Central Railway,Winter,Passenger,10,92.42651388747326,1055109,51.81871997541101,6.283099155333939,4.476271183746791,Good,19.31716843210164,23.99670837643219,36.78913166351357,20.287501083959757,9.298780879430634,66.50138301691054,65.1638403668532,84.14238382225402,12.4407067133479,61.30963796458529,25.741591076819926,52.48384130020188,Normal,592.7959979454095,93.24003260876003,3,3.519476634231624,291.0,74.81802542698901,70.0189933970012,Brake Failure,1,High,61.148356871142205
60,South Central Railway,Winter,Passenger,27,52.44990351874565,1017668,20.54147985331568,8.451197091906302,3.8424771766868018,Good,4.026364345844242,32.89241564275189,86.47525010486751,1.278129884952795,21.23970687551711,70.24140801588665,,117.12070821381297,8.977556736646822,49.42001586043918,23.30028857409576,54.3343364999964,Normal,1131.9910575202507,82.73505415649461,23,27.470762558368865,65.0,65.00858384645873,100.0,Brake Failure,1,Critical,54.12984036661947
61,Eastern Railway,Summer,Passenger,10,101.4748295352195,609479,46.113568675334854,3.964945802187671,3.3024482042127437,Good,5.492218560654582,12.001027276835785,49.429887948107094,9.3641685565446,17.476068808643582,0.0,66.34894482779072,95.58947427911362,22.583593767928818,44.9283566633015,21.758587893029127,96.89550517786017,Normal,809.2767615652386,69.41180347844252,1,15.554743225851569,179.0,92.98414043608419,63.834948632515356,None,0,None,48.5008578911795
62,South Central Railway,Summer,Freight,8,81.46426356119014,1367537,53.62058890091032,2.770625659171814,4.183054107254827,Good,4.251209000765291,28.74341916109564,100.0,23.763037939726992,21.193690451082677,30.4919170089308,43.620571074153276,101.93397838481886,31.94800584176488,71.57506399217883,21.267637740219527,68.03311712593202,Warning,790.8101701147058,82.09726033824784,11,18.44833957050987,56.0,78.96046005220586,69.05580214000562,None,0,None,57.56029666033034
63,Northern Railway,Summer,Passenger,13,95.0686046784726,267590,16.675819973085094,10.365740847245828,1.8669855068666825,Good,7.095663170213045,33.77160078472111,38.79072888428361,23.974887381074957,24.708732764755695,32.17170908694577,59.841829116720206,82.9852600811623,0.0,81.39837871127159,20.395080091372364,80.71099697904995,Warning,1054.001226638028,30.49789865717586,8,16.94095068378227,149.0,80.2694173378331,78.75434378814003,None,0,None,49.16743996895126
64,Eastern Railway,Summer,Express,1,76.98131824950534,41679,40.39154145914462,9.695627959551217,0.6858958672069262,Good,10.309371948100866,27.41377285359803,10.0,6.211640140058875,20.706822036265834,77.36172630754463,55.528492819813415,75.29686380742785,43.624500322700264,65.89192845515312,25.462074061437892,69.0748213384002,Normal,659.9337728106166,40.40694047554062,16,28.233254233151644,44.0,61.46830985926266,84.50332335661898,Wheel Defect,1,Medium,67.05786236897816
65,Northern Railway,Monsoon,Passenger,29,83.74338483466512,483654,26.163308586042042,8.699362340639315,3.8881698608454673,Good,11.164340865072148,26.90880049038009,72.28166710149654,7.380028679602701,22.573536653523547,32.127838308398,64.26252509739747,96.5723056696205,17.507513348157904,,21.154474616455772,53.0633663587436,Normal,711.5960232824822,87.92573960176955,8,7.171789700733224,201.0,72.10796412344087,77.40775259425806,None,0,None,55.11480189728877
66,Western Railway,Summer,Freight,22,62.366673004733656,608456,38.49561877775242,7.892921099159975,2.658634334049996,Good,12.018574722502876,19.930396158235396,63.25292536598269,32.67983303075741,14.602652017833023,79.04937260060075,85.61597512181172,66.22773291015291,56.60844486337308,79.22166923212983,23.114092434410427,88.58484071335188,Normal,433.61717415216845,76.62063113624461,17,8.390249546312495,220.0,92.17862283370448,84.65749847711311,None,0,None,58.45603016080993
67,Eastern Railway,Monsoon,Passenger,19,104.23021860440556,735992,43.99116574442229,7.868774303167707,3.1005109247218035,Fair,6.889449459982461,27.660373335918706,78.94722614730108,11.659869507909526,17.291255884242652,,70.58624174518978,104.80271033231567,17.909102881682045,70.79828114774456,23.185669920162727,50.297095581480264,Normal,426.05379864360856,15.502670802419885,3,11.376138311729465,51.0,76.05352949722824,86.55038343344721,None,0,None,56.421154206105484
68,Northern Railway,Monsoon,Express,20,89.65825838099519,1108119,38.2911674234419,13.592775961012856,1.2413082949261707,Good,14.036679695140755,25.84149516444817,41.47158050068774,13.767600024140128,13.310044288014657,31.365565867192913,69.50952967986032,105.63315719889918,49.287477073191795,70.8403111526297,23.500187893999513,58.59713648025995,Normal,641.8371948369454,87.23538558323908,14,36.315203544903724,255.0,54.7361011945586,100.0,None,0,None,57.940321022962195
69,Central Railway,Summer,Passenger,8,72.50272348738275,597306,31.107886781168723,10.474033765179193,,Good,8.18592289153812,31.968116604491254,68.50612405914444,9.329232717893749,27.558828135841758,42.61583342720831,74.70257946008982,90.46427212001447,52.74085234326556,45.14037351211813,26.78761962831739,81.40721753102991,Normal,1186.590493564351,50.152298496628276,11,21.916495479960233,87.0,86.45230686417587,75.44773893784624,None,0,None,57.63848683486334
70,Northern Railway,Summer,Freight,30,43.57222214276473,681912,35.688105913023804,6.465877170667579,2.7782005399676013,Good,12.291299437247975,19.933466225615515,74.45219012344302,29.767073019616888,24.997878092828287,61.19579934051048,55.42621350592587,106.13115200431756,25.661634499992438,76.40343013115833,25.85065608477335,45.182712605817734,Normal,604.8069643912323,41.139492378204544,14,20.276207828253636,226.0,84.15928364508211,50.71444734573759,Wheel Defect,1,Low,65.82280922928854
71,South Central Railway,Summer,Passenger,16,55.346746910693724,701232,49.96579405244653,10.769508073864067,3.3211328454572446,Fair,8.297630933063678,30.395618456288762,44.45305781917662,24.702456306633835,18.14085730062003,67.87178567097843,43.67999632101883,111.5181617513262,37.28399715662876,,25.077564568623806,79.77930856495585,Normal,804.9903760334704,70.39497872702671,19,7.529238123514261,280.0,82.39744271344817,75.16620807513414,None,0,None,60.62608964813727
72,Western Railway,Monsoon,Express,4,99.0573672082194,304452,16.318134477274988,5.440738959968586,1.880234281517271,Good,20.365212629836883,39.31518185414923,29.2062570437448,,8.707349448544417,40.04193845760068,48.89491923840487,96.91960253462618,96.45110580279288,68.58988273848745,23.916657584812196,56.15752018963779,Warning,837.9850235647139,86.91698497788738,20,10.180153574767122,93.0,82.69787785300858,91.38265585394231,None,0,None,59.545769841626225
73,Northern Railway,Monsoon,Express,27,51.81384188257714,773523,38.98376857751198,8.677096057568182,6.1715247008513945,Good,6.248556566419891,36.060108230188746,47.8910510108889,9.772337726846734,13.360621861212385,66.18815512359606,64.42234789540359,111.3708874826131,100.0,46.92749889958212,21.198733852860766,85.3872934489905,Normal,746.2371012712166,85.91719874724231,4,15.186192322145912,263.0,74.5598859161457,56.69198681453811,None,0,None,78.99006781280008
74,Central Railway,Summer,Freight,15,73.06358529759936,327249,47.742523794247134,8.450012043126446,6.591839309795057,Fair,11.307141799450198,28.19681537047812,64.44100629084775,22.591696889815083,16.011808799361365,35.18042165222929,75.03798198197681,84.08526870822142,5.355447048341482,,24.36530380648375,85.65639174176988,Normal,874.5745774045373,100.0,19,24.297805855152728,97.0,72.64107407199646,86.08384901067828,None,0,None,50.52665722614945
75,South Central Railway,Summer,Freight,7,51.432831507468904,793634,37.65499041800652,6.226448277596025,5.31271590192984,Fair,2.7328634535471337,22.34263044615638,28.613061628015135,16.639206642537903,26.72485365534596,55.222632927884035,62.193215379502526,92.04170956040949,24.540405123059138,65.43276047615232,24.90184396032528,84.48847745584901,Normal,638.5564431934133,76.70153779576322,2,7.160117232335971,72.0,66.60299314919577,66.64988235494769,None,0,None,65.32594928119127
76,Northern Railway,Winter,Passenger,27,72.98297205493877,1261520,13.943808306872462,9.715262883558806,0.7744441922467988,Good,9.794250877844,32.219161328369964,95.51996588481845,48.73527979091002,5.777156073462574,12.208611733798392,58.79193158758791,105.55626025548173,39.10281891209586,,23.956526450034577,69.88307657940827,Fault,986.9275785932634,38.778568862000604,16,14.650116143540073,88.0,93.34123900815878,100.0,None,0,None,40.02728094402857
77,Western Railway,Monsoon,Passenger,18,76.37384477630759,121653,38.5439320134992,4.744053514528546,5.327488288136516,Poor,8.894431201678671,30.61275748313485,59.93708093335997,18.385971880869732,23.45442096503133,54.94875549496868,57.90115765225055,90.2416589600426,58.960499241603166,87.94163355085993,22.405619455467615,73.69320852145025,Normal,887.9835560599051,54.55696289361725,10,14.002605444117359,275.0,63.02954761783295,76.12289621721312,Brake Failure,1,Low,68.38303286821966
78,Western Railway,Monsoon,Express,2,44.1684374497232,327139,26.8850289449773,12.661336171109621,5.481865772992769,Fair,16.57331959568086,26.960315372634707,64.54819870631418,15.535707165787633,30.08377941610972,43.668456288603,66.73554005084411,82.50937274728349,24.257736975528555,85.02815456003864,22.545030581563065,68.47992552276808,Normal,475.07122716806475,80.88201344624731,12,18.736646459087723,244.0,80.9274755965983,68.08451261112887,None,0,None,58.03473311691523
79,Southern Railway,Summer,Freight,18,95.80314041705614,460594,24.74928074361855,7.241679513595386,6.708444500609559,Good,15.552978216210187,40.714574098610825,85.65164542632945,42.180061377286194,1.740734431030054,49.465026247086634,71.33976580714406,99.2665672000445,67.48102742228782,70.35948700660049,23.527206858905053,104.10335400575724,Normal,1171.6566275525777,64.97989842141607,22,34.055473550323526,211.0,74.27528270605131,82.59519576525742,None,0,None,62.63724058544812
80,South Central Railway,Summer,Express,1,53.9563313842055,674122,51.76606022373399,9.988779179303064,5.7884811153585085,Good,6.041400553217098,16.262296978455097,56.212273244112716,13.797832480507298,12.83334399590085,38.031945561368715,47.09669075406794,83.58161531937058,46.16515748622621,57.58832383021082,21.213983698654364,66.52884997215531,Normal,634.3764799406104,80.7244437670487,9,7.22861672142586,84.0,74.42889578408223,79.5918257629448,None,0,None,58.72231291567979
81,Eastern Railway,Winter,Passenger,14,45.01583648002622,424355,39.047159981031236,6.823498803043989,4.846870301748643,Good,3.104601507172923,37.6653314909768,65.37679053719378,32.5138134785971,6.747985658302424,23.048334615245736,38.16514336612478,82.48905374319797,48.77089642919161,45.18763065309202,24.83878898481609,64.12076036694447,Normal,778.3886002613524,54.44521007405922,21,6.490501491638961,280.0,72.50113208155862,90.7259098142563,Signal Failure,1,Low,53.64341999313039
82,Northern Railway,Monsoon,Freight,9,76.17345293501089,499723,29.48135649100173,7.711444216199337,0.3814237404549701,Good,6.1131194828175355,24.262572887629283,63.14022299035752,12.311718394063572,11.811360992343497,55.251798467789634,76.7453456887492,92.22961756227777,40.87732497028283,65.52009002043943,19.973107966750895,92.95666253668792,Normal,1015.3299777766954,56.210265308667644,12,28.299043337811963,253.0,75.03386454110023,61.07486354734522,None,0,None,66.78131368475496
83,Central Railway,Summer,Metro,2,58.29323578362552,678932,38.516282946721226,5.198122579032457,5.083496758816271,Good,9.905461835939233,36.56224255181968,62.303929447674676,48.788688794345994,13.615021828755422,26.826254631232118,63.49050229475777,92.89641146183506,60.9794430722131,87.64566932332461,22.96809690656519,55.36261295941972,Normal,677.6450208471525,87.5451674248764,24,10.26109779056615,228.0,81.00938037771242,85.41700811090541,None,0,None,54.92161868450054
84,South Central Railway,Summer,Passenger,28,71.07247364297898,238585,38.61556000892646,6.237417651003788,6.064145125977069,Fair,3.9433936370997986,34.732664888242724,64.13323582508727,34.36249756147163,18.69131415810221,27.65242603422118,95.49573771488774,82.16832562250863,,,22.99686806438899,82.15495556635463,Normal,985.4859451063107,100.0,3,27.03027272891711,189.0,63.57239611527357,86.04125766141563,None,0,None,56.47175024639149
85,Southern Railway,Monsoon,Express,18,97.12283395102521,1380090,42.576255934576544,4.65095299598932,4.018174025359841,Good,3.721107642668345,35.7809610603193,77.91691472644652,17.61617081277842,4.329500307391873,43.81768082256045,56.112495518290466,79.53712460812325,27.364532685652364,44.63361471859868,22.705246681966607,80.2152279510265,Normal,648.3508082249664,84.08146503873388,16,22.62455027978023,238.0,60.72693030011425,91.10279068427901,None,0,None,57.53692968169429
86,South Central Railway,Summer,Express,15,59.61458700850122,1236486,26.059194491138236,12.96914873120431,5.639291021544688,Good,17.420102662471294,43.737661728606774,55.23684424887337,2.868123784727386,33.85137056599757,43.83986210376934,59.63364061650634,103.18313698748555,16.352302742409613,55.24284711698703,25.510839851198423,80.33502558576765,Normal,823.1488666154474,71.99732280578752,20,22.09882579553064,124.0,84.04175423470022,100.0,None,0,None,44.61421074478177
87,Central Railway,Winter,Passenger,17,49.20488112771892,262279,37.70961755466334,4.246081501189017,5.0459783107387475,Good,4.567713383049262,24.589891876225717,90.73526331254907,37.278508942882226,17.05566401665574,78.88929562106051,69.84837443829254,107.33485576215479,53.203163849719225,79.60074955736134,25.879626473820363,70.42573738413283,Normal,619.0181934848815,49.778379966848725,11,3.0943373721556573,181.0,98.65550057644693,68.84618682123117,None,0,None,61.18827833142963
88,Western Railway,Monsoon,Passenger,12,87.24150701415203,774738,28.669775343064742,5.088268776672934,,Good,3.120165203173007,41.40975434359937,,39.35493136135508,20.055154814523462,0.0,72.48229483803408,99.38546591248925,45.91525333025035,91.55334318529577,21.32446785947913,93.37358219574028,Normal,452.2601827618061,73.13876074914542,6,34.002579811357954,333.0,96.48216572132904,66.5974600322481,None,0,None,49.80941898578556
89,South Central Railway,Winter,Freight,10,41.61811831805118,985311,48.46865389904042,8.282561168574581,4.405930816965446,Good,3.1376982580760266,28.028945846358077,50.868420532440524,18.25822447355153,,,55.107177588626115,120.80222248793666,34.08298853288606,74.99357379051379,23.787137489982385,72.80980811951677,Normal,1237.227362440398,62.69298074350996,15,26.551247948877833,336.0,90.76495495052114,100.0,Signal Failure,1,Low,43.39231969303249
90,South Central Railway,Summer,Express,28,99.46606962396308,379653,44.17882371027256,5.3407053960018604,3.2586768436951443,Good,9.291895009344666,23.888366798609162,82.06084147870864,10.105741841942155,16.943205790884054,19.869055745913606,90.35318463340232,111.28061852037972,79.64801139960744,77.29182394408465,24.46465184552819,,Normal,657.6294481940125,95.24451150371127,17,12.272089501084473,104.0,76.83557240461191,100.0,None,0,None,53.03510973021399
91,Northern Railway,Monsoon,Freight,22,77.8663307067777,200184,29.48581007426453,8.642220502081884,,Good,11.366907487826804,27.27659910994762,50.68044685173072,53.24652048678327,15.74287270678814,49.16135010967478,57.85652620661621,98.51578944951753,45.37632713661904,76.01077472166111,20.685036875327015,70.16227296843596,Normal,679.2604631109479,88.64701032862564,18,12.740632773782002,2.0,100.0,86.64729742986582,None,0,None,48.854097486491035
92,South Central Railway,Summer,Metro,19,67.73765896296248,519465,55.505286551157454,3.80869252481079,3.9286987963647952,Good,3.7076461957415514,36.46766816504093,47.892278754612114,12.500551792436717,14.546516590016662,43.42406893030252,54.37478984600472,76.07064343728075,49.618160335178814,54.14890338880988,22.336370837326236,69.13392163074725,Normal,817.5693742549125,49.66393207652228,2,18.81636389940079,16.0,89.56973744423736,74.00364633110205,None,0,None,56.70565006845341
93,Eastern Railway,Winter,Passenger,21,43.09532336670169,57301,40.31783629075947,7.877586712484306,2.714473250199622,Fair,8.551792017595288,33.677374705402,31.685395817725496,18.233711636897347,9.713963826742624,42.86634468650746,64.11519559332498,92.85646453036087,52.48583244047369,70.49717613601084,22.05912242966945,87.61112188381976,Normal,818.1398868082063,57.42326841344016,11,12.974500917295451,206.0,76.04016021158985,78.47283508807185,None,0,None,60.223278214165575
94,Northern Railway,Monsoon,Express,29,35.15828609953076,699706,31.120148617715735,7.446671205794929,4.395351437243034,Good,1.6784966673669497,29.129452397393994,82.02773244768677,14.720974193033635,,66.95547498560325,64.84574184177815,96.98630474050601,35.77267014577899,90.77213327093754,24.48061098334398,86.00033244195221,Normal,598.1823846393311,66.94630767288623,17,34.01695302394198,245.0,75.55915288214251,41.73920611122059,None,0,None,74.35479612203024
95,Eastern Railway,Monsoon,Freight,4,51.39504672725397,88444,30.699075689507914,8.320276687966743,2.479606525438269,Fair,6.459686144314614,30.03729496814913,25.214991666377884,10.232927957417154,10.103757610731233,33.74641468269587,86.94070948057174,100.10539780961122,50.931904502246624,47.96334479061808,20.191703402409217,90.65226457662929,Normal,769.849891662141,94.17452513190571,18,16.580484941771758,94.0,81.34785268983349,79.73516646162452,Bearing Failure,1,Low,56.32269117473108
96,Western Railway,Summer,Freight,17,72.4345620731884,309324,39.33845990186346,9.297669928549743,3.296219514318059,Good,8.064672528849389,23.000596143289535,80.90293764449092,4.553704737650729,20.681079181340447,65.57325539994665,64.08727595047233,101.70633363440724,21.55441194736557,77.09546640615633,24.870752659116473,71.55639868077897,Normal,1054.8046905679068,64.76903935724978,10,16.154692655630754,120.0,67.6840344159566,64.90388528430978,None,0,None,66.66337820700359
97,Western Railway,Monsoon,Express,14,70.4636964757455,60959,32.714467397630564,4.4247521179932665,6.0497421231268556,Good,9.172149660306154,7.851413855763234,83.54935725883286,1.5570791291878958,9.731118888699498,42.425571085952306,62.02912874522495,113.8327345963778,58.62427856873259,55.81823672459096,22.034618729923444,93.23034046978049,Normal,1235.3688977973552,59.380110163579474,13,27.717785783930907,27.0,68.03504569589546,68.76365327903706,Brake Failure,1,Low,67.27793280697635
98,South Central Railway,Monsoon,Passenger,7,51.1280125832032,361211,42.83197758180206,12.626596013778368,3.9233195205119564,Fair,3.6865369610607654,35.24486848685308,66.26088747342398,38.70468953762766,15.432453467462068,67.29801965574026,58.167843523726276,90.18614386803536,44.278040260491935,87.74893904484978,21.56467231231863,86.90371563412863,Warning,1186.99989216073,31.401629766647176,19,13.793355382475932,42.0,80.62575575756156,77.38359710283056,None,0,None,61.43313548629759
99,Southern Railway,Summer,Freight,29,64.1177169477162,851764,49.07100596986888,8.14496873342052,4.974422131447622,Good,6.020343069702725,18.036936665556727,57.10784811800925,22.05636361294413,18.16643275751553,60.73475893317163,88.02400741139904,91.47223598571216,24.872851545232926,74.67759679484833,25.868763897455803,89.50479518374786,Normal,1240.305603302264,47.310175911020835,9,13.501458217678202,,71.70249110546409,71.0962702588415,None,0,None,62.86157509425372
100,Central Railway,Winter,Freight,1,38.774765456288804,395443,23.612211630878463,6.74891085735002,2.5619791475405664,Good,3.5210287960338467,28.754892061583412,39.935971393231284,31.146425317591763,15.39367531687348,46.96049140902225,82.1349032143569,75.8649010439394,61.13335767101027,70.48370345541008,24.165066941592652,67.49923555556325,Normal,662.7425751407143,46.32931873885881,1,22.395064042906323,134.0,78.4834362464069,62.44246850970109,None,0,None,66.89001069736709
101,South Central Railway,Monsoon,Freight,4,97.51439957324058,1182700,36.3584116608183,8.06786472018292,4.437572996678466,Good,1.3187099204196944,20.75649621451887,95.45666154455981,6.621917393246358,16.90827172537296,47.06958855979507,46.815696310261096,91.73334733594773,29.74092057282629,73.73192359741569,18.426354253822137,79.53253168298848,Normal,790.3188583353693,95.50128280948289,5,30.974192618542187,25.0,83.01775750114939,90.81030225620391,None,0,None,50.681755454819545
102,Western Railway,Monsoon,Express,3,92.67047100253134,182257,41.89178474843144,17.017808451799468,5.61861036835379,Good,1.3894099928205912,21.250320511095836,68.26719845213844,36.36380438976858,21.570951123015274,35.22199128518855,80.37960447382291,74.72510538851225,59.35681964818275,76.41091872477895,23.911911147364197,95.775015141482,Normal,1174.7471118454023,45.89731722127577,17,15.295200171213644,133.0,76.76013757563548,90.3777081425809,None,0,None,55.68857563862997
103,South Central Railway,Summer,Express,22,77.51208131742737,461889,52.638829097509195,11.619834739135275,5.514966426042648,Fair,15.151867010079675,21.764521416506124,69.48933773716112,12.386350958795898,20.529901171310556,27.16449441115595,74.96033461803805,120.69811911116368,48.85827504751999,97.61810479483826,23.92022547307674,61.39804185564708,Normal,567.0291627180491,52.8610218473861,24,15.447974791276415,29.0,98.00687569252594,66.845061625224,None,0,None,53.70523735758891
104,Central Railway,Monsoon,Express,25,69.3448305746236,936466,50.05567739953534,4.417530903490796,3.776536199052764,Good,13.863240001040221,39.67141161370767,10.0,15.565658172201415,18.538681699293328,73.31275904568872,59.44556345913999,100.74264669308496,45.717441247034,65.55443401813417,21.882160216428204,51.23183507576033,Normal,972.9338280959789,52.63878909170202,17,2.0615695927048034,81.0,77.37186381576448,73.07420316655632,Signal Failure,1,Low,65.19840660009613
105,South Central Railway,Summer,Express,25,52.40382936408666,266240,54.552729997477115,6.649735792552756,4.685723866976602,Good,6.635393623909083,27.689892158431935,47.10848995379148,26.834902592733517,12.012322604184543,25.689573266267647,75.30403105179712,64.41745238921717,57.66892951030506,52.4525246554533,24.09496525188984,71.17363846235278,Warning,755.3293613807353,65.23705045252959,4,39.08544812297812,350.0,72.63990975217028,76.41284496367103,Bearing Failure,1,Low,60.33531126594144
106,South Central Railway,Monsoon,Passenger,19,77.15299152883269,517137,30.893174132150772,11.566409466132027,3.954954892794275,Good,19.142136425401663,24.876357473549312,36.74876279182209,5.9058436795384015,0.0,52.71275922545792,57.635315879366765,88.51802467784736,43.73241212388617,73.48147514414143,28.83357356429783,75.30054211453626,Normal,816.9249435371222,58.904211534444634,15,12.891986870111001,,97.22143237328882,75.18830665954845,None,0,None,54.12336704090857
107,South Central Railway,Winter,Express,7,42.31978770519089,43550,33.887358156181556,6.751387593041702,6.246180326412612,Good,11.423546849788305,34.82426820140147,,9.37710439514629,10.121605937764276,70.86794915257292,56.19430770572553,118.4678252756169,40.884859279237034,62.84038631950661,,100.45025173212558,Normal,425.2805538880678,43.436041519065796,19,19.33218239644142,203.0,88.05246062007112,78.34938104904853,None,0,None,58.52227668057962
108,Southern Railway,Summer,Express,16,100.1284346138709,278674,9.15506110786518,11.22191863768203,2.4397132909719774,Fair,13.24853230285312,34.634610558746054,71.37188917554587,14.66509364170323,21.211750383185567,1.0243244882971112,67.1956002237089,112.71172215544627,32.11210355267118,68.3888040642914,25.38977713308212,115.09708098743104,Normal,742.4260129755394,75.50188199557644,11,16.531097206051733,297.0,61.39260404743287,48.81423736665106,None,0,None,66.39806971121587
109,Northern Railway,Winter,Passenger,24,80.37965130823179,168610,53.357902690240984,6.2168787467428395,3.2918422078230303,Fair,8.311323714066198,32.71924031650172,35.05672500372212,16.77283030887792,13.934654154817425,50.06147513650048,,100.06228924334802,0.0,,20.606171563905715,93.58020429933521,Normal,691.9107247429472,46.025326305959126,15,12.261042166840534,322.0,84.69062451869144,54.41911887556149,None,0,None,58.820811082486564
110,South Central Railway,Winter,Passenger,12,87.6631136929444,907373,40.96389811022313,6.149302931149236,4.023511426643678,Good,16.326832049360743,26.26691819528819,100.0,22.227452317056287,17.99941339318412,56.79768783622758,30.60699288440359,91.99925172342436,37.51179022143899,63.46566019824832,24.760882519928455,77.92928133115696,Normal,682.0806222055021,77.11332519876593,14,2.9725869064387465,359.0,54.78326464614651,92.46410950104487,None,0,None,62.609840757133
111,Western Railway,Summer,Freight,20,27.750028600662006,846640,47.559524042656825,8.989412886367225,5.309331191503581,Poor,5.187811836083295,38.10337995325358,100.0,22.06968120504795,20.30599515017036,0.0,60.13710174119444,93.32066950827499,3.8596932649721367,70.18185390769472,27.82869969941578,78.83678985991247,Normal,1124.9506168961216,27.37271209163344,19,8.724043369291566,161.0,70.75288977385078,77.18407217985951,None,0,None,48.80101730594722
112,South Central Railway,Summer,Express,10,82.43265167642147,1411461,29.912407687163835,12.951499421979342,3.615329953940134,Good,6.5381646709197145,28.04035311921821,50.56502191768753,9.792242074762871,11.829027865539693,55.26521008668581,57.509759337141844,78.82193862049687,39.15341514971224,69.38774121164086,21.255129672105426,63.307244645005795,Normal,1039.9066880614134,30.946893400210236,6,14.764611835699041,142.0,77.47650433880695,68.37687830059758,None,0,None,63.114109861668126
113,Southern Railway,Winter,Passenger,9,66.62023973909353,556991,17.522337184247267,10.412893949986852,2.5762998909333,Fair,7.932650192682493,34.44066333651428,74.43680838642892,,17.28221629198917,20.08379298469469,70.7464638534791,79.79743333138434,41.04840012430387,26.81495182155666,29.928358876593713,74.93982215497493,Normal,1026.8604167201004,100.0,13,15.26623637110722,269.0,58.916187977520515,83.80445272309896,None,0,None,59.21760472113297
114,Northern Railway,Winter,Express,21,96.9346392951594,404448,64.7012177734202,5.61098099848982,5.10159438176219,Poor,5.214886810304087,23.1835727612575,53.66011425567761,15.113836753811603,18.96720644659555,32.618961586591595,64.39184434066252,116.30110925653123,0.0,78.23118964073086,24.690002649870184,95.42405090249818,Normal,450.9164468246562,32.83136910225197,2,5.116548796605075,129.0,98.95703834037637,64.41004391796295,None,0,None,47.714365447569975
115,Southern Railway,Summer,Passenger,11,102.63162070762928,230409,51.831307261291165,10.553407482099374,5.34666683850649,Good,1.7097496428884151,42.92705160082368,31.84746528828931,13.050632359503378,28.80905425921819,11.216397964064043,68.892502923844,86.26556963145663,18.093779741482297,74.1335297948863,27.795623957370054,65.83208501708957,Normal,792.5080548603213,66.22345124620361,19,13.04712583416613,113.0,75.40110254617568,91.05842488441068,None,0,None,46.135692055126725
116,Southern Railway,Winter,Express,20,87.13878402858361,969906,42.85644816737289,8.844407398662405,3.3692318914379067,Fair,3.6909474496794967,23.55892304842372,48.37612429003002,15.006958985498496,29.317560899482878,43.043857785415526,66.72829260256394,128.78960652153182,5.763707552690484,54.02884057357264,24.82138224797677,81.26291746268171,Normal,756.9986167052365,69.7455546868193,20,11.699860464362693,22.0,80.90784484593945,71.08243242785045,None,0,None,54.124537754889445
117,Central Railway,Summer,Express,23,95.95811028879086,116793,26.545700258246505,7.210795615838861,5.525949745029368,Good,5.091364791544873,12.706570872141658,76.82322989701748,3.958981422587039,11.648155533313819,25.28980734552788,74.33943108649547,85.85558911182791,21.813929712238657,,23.649872160107112,,Normal,948.0136059580888,70.02124016506001,16,9.375237491505478,78.0,75.77816926407519,89.99068839449612,None,0,None,49.04646037816502
118,Central Railway,Summer,Metro,7,59.07124241783228,1267462,39.7760891708813,6.559296252432413,3.6670168928165845,Fair,1.0975596965431458,37.614126060729845,47.53034031994674,21.083191590576654,13.48762974804941,74.49089674062225,73.18010077220441,106.53419752874916,63.1927551907116,71.62603203552065,25.306082260090186,96.27071494257456,Normal,1036.5826169484244,48.64635477543239,15,7.365101777098954,82.0,81.1024347318221,75.83626153012271,None,0,None,65.7240040980194
119,Western Railway,Winter,Passenger,15,79.89101599349337,604178,34.71498971387463,4.6365987554827,3.205031968272598,Good,4.6457951268331055,27.63606061535709,59.77896851886418,17.98693917399198,11.941156519967972,76.18967517448807,76.99559810369973,98.15956426157743,51.60132862525313,83.20780612708452,27.59036457374979,,Normal,637.2770302462835,100.0,17,17.53519589990659,333.0,65.63672218552108,84.52464837068862,None,0,None,66.61217087528779
120,Central Railway,Summer,Passenger,11,89.82228820244191,409071,43.7716727029899,7.53295424687154,4.8733834471418875,Good,2.854332781974999,35.46121987692315,49.04534549347471,5.0400031497906275,19.157558857463172,75.52220653754749,79.9247654523769,75.29550640912149,78.29839464072259,51.928498610345244,26.34242658175176,46.95843484511356,Warning,1382.6317557872885,78.8024371619371,23,16.82049944949949,178.0,65.59841461429833,93.87034893792558,Wheel Defect,1,Low,67.25902293346215
121,Northern Railway,Winter,Express,5,75.49612024743368,337116,24.919682235256424,6.269852111891543,4.13749852629533,Fair,4.868915213273678,22.90424779534385,87.61245988275758,15.76558314201964,19.12318128262906,75.24588369571104,88.57794771271386,98.34807494661804,35.16835399750951,67.47170182943833,23.355013351367543,97.68664045538259,Normal,634.7014640782079,94.08649798642816,14,4.130989969900697,165.0,84.37154604736014,60.89760452492892,None,0,None,65.71793295368192
122,South Central Railway,Summer,Passenger,1,74.73488806418334,854475,27.814531971096592,3.84765631160212,6.2370872543781335,Poor,3.6649924740356177,23.888427080276095,,45.6159974260643,18.880997281991228,40.885034213566485,59.375261494356785,89.08088711776794,7.642859976359354,89.10906928267237,,65.00899653735635,Normal,1147.2675443792753,31.75266099889135,19,9.15664776364334,250.0,75.15753954977268,79.0371500590415,Signal Failure,1,Low,53.311042765403926
123,Southern Railway,Summer,Freight,21,55.89994122876894,101638,28.80104755869523,10.610041740174019,3.2121853356627694,Good,4.932714555710058,23.807661126270936,71.21664476006842,10.027757032741789,12.065889390297535,50.20714617344106,56.08701067172396,121.24205354173557,51.6852609648346,62.76373250402784,26.375896194080024,99.1613952360473,Normal,598.4420271919251,68.66037648018202,22,5.914940075061074,133.0,60.78324726886174,62.94873208068233,None,0,None,71.97766829840091
124,Northern Railway,Winter,Freight,7,69.32074746740312,630770,37.90199726603525,4.505651476694582,3.562776964456413,Good,2.0489445831289883,27.82542022923043,62.28468222487444,34.70947070874266,6.549116089005995,85.05497842318802,76.1697788197032,61.008555000902675,4.133309888303849,57.83952542977376,21.003849501953212,54.33194970940973,Normal,834.7225246373569,78.84928738226334,11,12.40273158662891,218.0,66.76716820364766,51.49549031712432,None,0,None,71.98631276445359
125,Eastern Railway,Summer,Passenger,3,41.95053921911979,1405239,40.44471289813461,3.3469024790339894,6.1060383218538865,Good,3.694312949343756,26.323214568135217,64.06226092248993,,0.0,38.11798305016376,65.71394792351568,94.02278993528105,26.89312518507866,69.8112341977607,24.206390364666444,62.93720656737586,Normal,1016.3613286681305,59.368501645518336,13,19.70538727080036,252.0,80.12862278514612,75.89329713969958,None,0,None,55.14399426159037
126,Southern Railway,Winter,Express,28,92.72043345750689,796907,32.98569052426985,7.2837025492229746,2.1397560291128643,Fair,3.6514746120072883,28.850023982940122,11.872228669000428,55.61700431057902,4.8784958226513275,30.34969985481611,85.8450308620607,97.35917261999674,69.1946437501467,54.49870697547057,,77.09007688271079,Normal,1302.752463967649,78.17317112069813,14,18.131422337698684,253.0,80.3470751259397,84.04255368464317,None,0,None,57.39528145704042
127,Central Railway,Winter,Freight,28,100.58892121563389,1113449,25.724331085178175,7.1370759563589505,4.394337466197193,Good,17.69391932936197,39.00990520805655,56.028650929737765,58.71245142376232,8.702604350979856,76.92176964593207,75.91545775231656,88.24749027877745,69.70497086225856,79.01287828271532,21.72884832391253,68.46887673632772,Normal,875.7380866602699,98.74916898832281,14,5.325344865040215,103.0,69.05390811852148,73.48513126481308,None,0,None,72.1053472920615
128,South Central Railway,Winter,Metro,25,73.64775950792192,1319304,45.39117649601684,3.6549576241871478,4.212920407267244,Good,6.466682844691048,20.826230371186547,69.35695782770097,,20.69362343517927,46.7517377718756,58.15198261437712,107.53122981582925,74.62536164797146,66.40400958818728,19.946905365275118,61.50356752651906,Normal,1061.2218842972823,26.134411268365994,21,6.936314579673004,219.0,76.65289926662746,77.59839069908757,None,0,None,64.21861342497681
129,Southern Railway,Winter,Express,4,64.33871224117756,762906,32.75379380707468,0.0,6.1233530031765575,Good,10.197802833754857,39.03146137556858,80.4722661093987,20.936661181410273,5.998937577174166,35.49374486184967,63.23095572107199,113.96197726076178,35.74569830017667,75.83576704981981,24.205274104863378,75.3455548849286,Normal,877.8579127741907,65.8938299947383,13,10.697604523850629,168.0,84.17971087729552,77.79936805975937,None,0,None,53.993238846334734
130,Southern Railway,Winter,Freight,26,64.64446926504021,1169219,27.33608690449183,10.278312534052855,2.6490698491767644,Good,3.8702293871763938,28.089334679713883,68.11696594416613,9.262520108634517,8.94648235063485,58.73421910152943,60.39002448207853,106.89518306673638,37.91343633251344,60.57237509260982,24.17081087107986,80.59955773335038,Normal,871.7351456880339,70.29553742262186,20,4.638367406517598,267.0,67.78308276862731,74.32185436013383,None,0,None,64.76042032004003
131,Southern Railway,Summer,Passenger,29,60.17926502819584,619310,36.40671894894872,11.021460348457726,4.695136148689975,Good,6.616642449583411,26.890644166068213,34.21974651161734,7.528317711264378,4.944989997169737,56.34897870781398,67.02246352500758,95.6421471722536,29.16802005493416,67.26585972483302,28.23820450579034,51.27898756187325,Normal,1046.0591693536155,92.12974347534481,7,23.244827246078568,61.0,100.0,68.00385379525049,Brake Failure,1,Medium,54.02620098607456
132,Southern Railway,Monsoon,Passenger,2,73.77806999988978,1158331,19.40369381105341,3.954528303303026,5.574345132280756,Fair,7.183624660107362,29.099429284062047,64.49430984121676,30.465608505185987,13.285480853661818,52.11386665538835,65.0448502725231,102.76578351347212,78.98668315936,66.1674360271826,24.476758207625686,72.76010940831199,Normal,743.576128334529,100.0,22,5.228893856530562,11.0,85.00998152676434,70.48749223223172,None,0,None,65.24096665656363
133,Central Railway,Monsoon,Passenger,1,82.95227896090735,961444,46.48906464388133,7.292563174191727,2.206583428812999,Fair,21.9478397599463,27.663778124144127,89.02251022212005,51.46470570964475,32.62430741919596,,65.61934248034399,101.65432358960135,35.06539461524732,81.21887963707714,24.27159131471707,77.81634505854261,Normal,785.3970127306628,53.0324351209535,21,16.44565279085282,301.0,79.58911623433434,66.30058892350661,None,0,None,60.6687658444481
134,Southern Railway,Monsoon,Express,19,58.369908595508406,254304,52.19061469543051,5.4085417635792306,2.8812629024413123,Good,10.752439366327303,34.56044576543899,44.24288426256748,24.399812078050903,12.47036797761062,73.22550085883819,55.95721622331997,104.37785247168338,17.764579212764566,74.24362953334841,25.320248985624204,84.13172992800762,Normal,759.816117077279,82.07970571366742,12,27.930258327270693,162.0,95.37013647820329,78.29647765963612,None,0,None,52.86519706249662
135,South Central Railway,Winter,Express,20,86.48603983546316,1194386,27.38287147076816,9.780822012503167,3.9041809716526927,Good,10.247875296832627,34.54422866237431,10.0,3.955096274660322,13.976123553097787,68.04172121564284,58.75839607530896,110.37107353298636,69.02242074880888,81.34139494664835,23.46731453188167,87.93723856070247,Normal,708.7890372346226,72.51386183088438,16,36.99091587772254,138.0,61.83752586175526,60.356639875976484,None,0,None,77.79166328646166
136,Western Railway,Summer,Freight,19,55.191129772072216,1046642,41.11148295986004,8.034318073134799,,Good,9.69864322116149,26.928984745162637,61.432725357132156,13.392379063740346,11.664627149190437,43.66420791892154,64.52034644301499,81.98874045164064,34.02300658164014,73.95241042509531,26.503776687610696,75.21848604787753,Normal,876.9845057896489,73.92893334908626,13,6.8829419873865945,357.0,76.75895345897565,92.94397756300297,None,0,None,52.257056317391736
137,Southern Railway,Winter,Express,5,95.22400879716827,611139,23.616395940131124,6.463972314467067,6.930970719686313,Good,6.970199027730896,26.612711458867498,78.14062688028824,12.921919407660987,19.394686821095554,54.748814402381726,78.45470689996708,101.34073087686808,39.01248412953257,55.55100560929732,23.45513778455606,85.68653463230555,Normal,998.5115466343887,79.49965631598695,9,27.26473196899703,179.0,63.706451947643814,92.15543635607179,None,0,None,59.51253387348669
138,Central Railway,Monsoon,Passenger,20,82.82145648618449,1030145,28.726333937096676,6.678012446209239,2.9875131434086297,Fair,3.6186214081212906,32.84095385073604,75.72664588252329,19.780610788819587,42.17455462050316,56.65335373060445,67.93325117685937,72.62701504455285,17.22708505039095,58.4808974733771,25.87207045187346,68.9190271055485,Normal,460.51826877363106,77.3158846259061,24,7.448553570620168,65.0,77.24920881540561,63.748464787491244,None,0,None,61.732880056135414
139,Northern Railway,Monsoon,Freight,9,84.74037285154138,369792,62.19582859996339,11.445472402361974,5.720158921583225,Good,17.910732030527797,49.09907075896416,,7.733406087331689,26.65103833700541,39.947680486384826,75.71306663847398,105.2474413679979,23.184370212752945,70.66683904982474,23.00687453657779,64.158918775983,Normal,264.1013707921942,54.49018711956012,13,1.7203873899751518,184.0,87.36316093479354,92.4666482137667,None,0,None,46.52937440287458
140,Northern Railway,Monsoon,Passenger,8,81.5353766813166,1418564,37.095784122043,1.9404341720627318,1.9239729801858734,Fair,5.429785370100485,43.007788733601025,24.515934485085523,15.452317619054519,13.481402692724892,,63.67360080090305,81.60875038344994,45.98240818317337,35.072451494143756,21.916037647354617,49.850222728726436,Normal,928.5585273013373,66.66046397121778,20,27.24482963776728,21.0,79.28394879754026,64.82447658417274,Bearing Failure,1,Low,63.027110357980824
141,Eastern Railway,Summer,Express,28,69.65340763705409,1230876,57.01954043345336,9.032282455476704,5.008947471056054,Good,1.7017960208464644,43.59341212873059,33.06289621481227,11.66292115894912,15.218219513073937,39.34910338467484,68.48277199660424,108.41441480418578,40.80630765305198,60.604104330401825,23.101241107144975,71.48771852230078,Normal,947.3632705146596,20.975813551751123,12,7.810731454085991,109.0,90.88810251350766,91.15965203160796,None,0,None,48.30659756486856
142,Western Railway,Monsoon,Freight,30,59.407150141211716,1380850,28.91954437228477,6.95298384535047,5.560345503471972,Good,3.5871584685957645,38.642686259348125,60.06318584628712,14.600730364058032,19.767530874568067,41.61494615225873,61.852385276699536,98.30336196074407,61.04239812592679,68.66728606610106,28.15720598606503,82.51456054032026,Normal,870.4323879531536,52.98671240850762,23,26.316456255998666,350.0,71.12514847902509,63.9400535224597,None,0,None,68.12578094120816
143,Western Railway,Monsoon,Express,30,82.39579254468998,1172338,23.629760019827398,12.210049158058283,2.720722994607778,Poor,2.6577267551743384,18.910386477128647,39.59686146790604,5.680076322180323,19.816625974542603,40.383764088351455,37.52754075005064,78.37623587813567,22.874929803682978,76.10603486549059,22.602657149794855,75.36860990877089,Normal,1085.2278763043403,73.98609273134603,9,9.066966825410137,34.0,80.86121524924782,82.25404801235972,Track Defect,1,High,52.39846194224253
144,Northern Railway,Winter,Passenger,14,88.8179265816299,456969,32.94601796129875,1.4550097056677789,4.356429451417784,Good,30.0,31.175600112793532,64.94425202919813,12.1264040470757,22.699148415633424,41.45111082278625,66.82377047502217,87.01961054652205,65.17350334492758,62.28020043063794,23.453765492390705,57.19022121726039,Normal,614.6234842115704,45.7307515022924,2,13.357339683230743,260.0,72.97885982015488,99.65131961781087,Wheel Defect,1,Low,55.57312932186907
145,Eastern Railway,Winter,Passenger,23,102.33783161113772,1358396,25.90036760600612,10.486977029544022,3.6678911816180326,Good,5.143324431777398,29.704712817533146,32.20502713262598,23.65483738774204,22.826436369213347,9.401786047148889,56.290513623525946,91.79719822607841,30.745837585514234,71.74526037317094,19.92053530282702,63.694838944719436,Normal,664.7948928275794,55.1289527958307,10,11.021529946515946,86.0,69.14380086339224,80.48011153221795,Signal Failure,1,Medium,53.6537742064359
146,Eastern Railway,Winter,Passenger,3,78.1665799488181,192176,22.686000876421677,4.490082627209771,,Fair,8.322642408824459,25.996110609821358,57.77606566329932,49.33432210976073,6.0530471457449035,35.402730523608774,59.9656734482024,83.91285148399336,38.05743063582394,102.71482340760713,25.95350615229725,74.84245707903668,Normal,338.2437763271621,71.86071674597503,15,12.785274761067338,65.0,85.8451166193037,66.08619253654794,Brake Failure,1,Low,57.84306596936683
147,Central Railway,Winter,Freight,19,84.74091443424179,300328,19.53321677609796,11.702641322720021,6.555419559105955,Good,8.321585148845953,29.64804343488772,56.38821867507863,18.133932142350716,0.08752952095340305,0.0,74.55837834096539,89.16791779989175,42.29435668024694,54.27734192127913,24.149616638495292,48.54386000534198,Normal,586.1923015540784,87.079015335696,8,26.12748478050211,59.0,83.84194046116247,82.7893662840176,Brake Failure,1,Low,48.02319614122402
148,Western Railway,Winter,Passenger,20,85.60928240717422,1225995,37.58988485885211,8.112123265187876,4.439567459321106,Good,1.9396655611126827,23.841880800956968,47.46696749285182,32.00600392774507,14.72497123451492,54.30105338918334,41.12140281381811,97.29011695173153,79.24882761040783,62.4554482438374,22.517342351473353,104.22273950244642,Warning,499.1023213075988,49.24490156112391,4,,10.0,91.20521022247709,83.09864836859167,None,0,None,59.026131643064616
149,South Central Railway,Summer,Freight,22,82.93162313255965,733928,26.39535103103507,8.515962284900198,2.108525858952712,Fair,11.336187846173168,37.34731832953801,37.17395286126299,71.20646466075945,13.698672507231231,39.14472818400243,38.554791793569834,103.17967762382001,18.14555238472509,59.61351203469794,24.42090029193292,70.43859306398335,Normal,672.9853144944601,60.339265665609766,13,4.8196240704648945,235.0,92.42180799369326,65.05348690160696,None,0,None,53.47718887195405
150,Central Railway,Monsoon,Express,1,61.58726393192957,252474,26.52354180390694,16.23733611406837,3.9406138936504873,Fair,9.62484265614227,25.440215901599046,38.4859621301384,14.014505422890991,13.708359318215432,52.6110324984674,49.552701375336845,103.94452945766452,21.6535229957923,87.88042656779983,25.200605574821644,56.453851386892595,Normal,937.2255773799845,52.0802961233683,2,14.746739365151717,364.0,86.38720315072496,89.76925003901579,Bearing Failure,1,Low,49.4849247077297
151,Eastern Railway,Summer,Passenger,29,69.73350939811687,614765,25.838242561217584,7.8942000306840665,2.406317585151027,Good,12.716731482702375,30.598481423882202,38.822090204981464,21.035369395861853,13.601200856787143,34.27824423281528,77.17389193125095,83.31348132633097,41.63673208313699,57.85473998755543,21.93127242850132,80.41663965398975,Normal,1222.544614243137,91.9401450737102,18,21.887798897448263,138.0,75.63479549246274,63.850900689016676,Brake Failure,1,Medium,62.56725278387504
152,Western Railway,Monsoon,Express,20,104.26684982603501,700699,50.78130322507994,6.880782353837894,5.270966720351878,Good,4.696167222035915,40.841284990218746,48.33447441926299,25.028835537741216,,33.292290462933956,73.0521427804997,108.73456076507401,6.37131313111626,58.340729482101146,27.302967002288884,102.24182099479565,Normal,681.0850787173249,92.63508505663609,11,3.9431090195750547,263.0,81.11402176240922,93.36270489694688,None,0,None,44.88268620833289
153,Eastern Railway,Winter,Passenger,6,53.63271544099586,18948,21.813788643178764,8.475304342949299,,Fair,15.703111837245958,30.544281772483227,71.29410803047676,14.439064522346182,0.0,64.59171984211649,53.121617447732234,104.13236063461166,47.58793306925793,66.65550732407971,21.364172689379586,29.486522438576863,Normal,1069.831013089863,54.17359711555535,17,5.228423542359348,204.0,67.28971233517328,68.70172205388589,None,0,None,69.22994590053545
154,Western Railway,Winter,Express,2,67.17278830109878,1085252,34.676064761094686,7.879508217688535,5.34249182391884,Fair,5.350700338391237,50.0,44.43525036249268,33.55981670832776,16.075369314194432,28.871523065707535,71.65730054770756,87.18827154922397,66.05337254007937,75.66809668565983,20.742067653207222,74.83124468799167,Normal,786.2154722876494,88.27043061340223,19,31.964106784081512,100.0,76.40493259943769,97.39326870597756,None,0,None,53.4093638839727
155,Northern Railway,Monsoon,Passenger,21,104.14325141613381,347478,26.030357625922004,5.027595297527621,2.6976353012166907,Fair,5.0986542114941376,35.160041429480316,42.20851449773385,5.842059736011778,19.58247983893579,66.16016724843782,67.45987370190761,101.57112244067413,46.78138164517889,79.38798935436068,23.103909945199398,85.92614454700367,Normal,846.2925494550122,90.9275491698822,13,15.115978507842387,206.0,88.37808859932488,66.69759396641129,None,0,None,62.66474343603484
156,Southern Railway,Monsoon,Express,3,78.2049175450027,744123,34.03694388242998,5.64636037721543,2.1902598743381194,Good,2.9914412756466913,27.099324499866817,73.83688471228153,14.490093549099504,19.420567309840834,66.16689026317054,55.51122302098474,95.3682218172532,53.75510239776438,88.46683189807227,23.921047797753022,76.46107635855135,Normal,573.9430156035722,54.17705551866039,8,7.382901496652618,271.0,89.54977645005663,49.96927913104832,None,0,None,69.15662944575351
157,Central Railway,Summer,Express,22,71.23236881498462,1402565,29.65156168670042,4.969743163760668,4.24523192621764,Fair,2.3540991934166433,40.78527288917262,50.98961062038466,14.871749054039686,13.81325206858776,40.277042691335744,62.562592229767404,123.81415129744904,50.83940843902078,76.79470249423353,23.12448857198818,72.52857514319327,Normal,605.2816501507821,69.47309145631993,4,21.74410932011918,106.0,78.70765911375335,92.17138239048359,None,0,None,53.85980314307055
158,Southern Railway,Winter,Express,12,85.02375513769852,914535,-2.0693330926388285,9.046819583946558,,Good,7.836334189116894,34.23391382218053,41.2051153685726,18.844461646700047,19.331729253153966,0.0,48.271271903110915,78.5420860260353,15.474623461282327,72.74103631529658,24.21313536991585,82.05832351913993,Normal,905.7015840527324,74.08714586834387,2,17.675028264686297,156.0,67.63474919982028,96.81407594619114,None,0,None,44.76410471808836
159,Southern Railway,Summer,Passenger,14,75.43533808648517,1192831,33.22241442545163,8.466063564166593,5.284857780701676,Good,7.186174356379451,26.89859809588599,25.698853380924284,39.912504537949886,12.34565408943289,30.493705575247827,54.16523057630394,97.29256590089228,48.14092206723361,57.692170460792745,24.843313802303776,75.11587870452811,Normal,619.6531042009159,68.4671411017659,1,6.901244536654727,252.0,88.79402075510276,84.2694027279882,None,0,None,51.22299592729038
160,South Central Railway,Summer,Metro,11,100.34918265803945,6381,54.79186962887108,9.39451330680185,,Poor,20.55889762297735,39.38928169321689,41.24599724437051,26.625867968159653,13.232802662764158,29.855727955650277,48.40967149293523,80.46793529699286,35.975069596696535,69.22790311645895,23.117442059258135,73.19650051437546,Normal,980.3069204793261,11.307577190330164,3,6.18292429954749,65.0,99.44483290409885,94.90307316795587,None,0,None,41.85285250763288
161,Eastern Railway,Summer,Passenger,22,73.73660110608344,873600,44.261279528816154,9.893526874718972,4.759439526520057,Fair,9.30227242129662,24.44852147711109,10.0,14.977124625633598,11.80238640823952,34.960390275434605,74.99133102941471,91.57941599653279,38.127648399947375,94.05747825407212,,70.18882567709352,Normal,1149.4901393113623,95.95483520580692,4,6.1631827352106185,338.0,100.0,86.73776701796591,None,0,None,45.60498734501923
162,Southern Railway,Winter,Express,5,82.84670323279417,132059,55.4814156948821,6.985221836679977,1.3871880211483498,Fair,12.326149383776427,23.427942589431325,52.968598047758576,7.459672528149909,23.39036993155515,37.30910277108645,62.583149664858325,111.12014110559998,54.850260991188115,78.47682166170758,21.676220865678257,61.244288813418976,Normal,647.3739122876791,42.087337569778605,11,19.981599931109745,212.0,91.057181613609,71.37569772198253,None,0,None,56.97239679688415
163,Northern Railway,Monsoon,Passenger,17,70.18936351693588,1145142,34.15876498065535,3.8093396994660838,5.778687434432095,Good,13.107077962935774,33.71728187347978,,8.25357701523008,11.684755305817172,76.8641866216094,68.47023602200304,85.28515950188343,58.60467629474776,54.354024762907656,21.412929130039803,54.727421517043126,Normal,1133.363777581355,80.03406442986943,12,11.25525997291845,144.0,70.74332085271578,72.69680381361877,None,0,None,70.11628580423648
164,Northern Railway,Monsoon,Express,17,67.49197454762027,853621,48.93486792569646,11.724790420669763,3.3522512970793734,Fair,4.608022844656726,37.34127271884892,85.75106981275184,26.70495698970565,5.234928265778155,19.24259299271479,76.83186726256419,103.29966198156657,45.68769675852655,60.87677216496491,28.555093822038458,76.7104491101067,Normal,703.5313585557666,77.01002735227553,9,18.357023582651674,227.0,83.37563716803103,99.73697187010559,None,0,None,45.65013029933839
165,Northern Railway,Summer,Passenger,18,71.12271961716142,524468,28.396413340996745,7.844227307842814,8.525359824447467,Good,13.791123383162116,7.57265067395447,59.7839710266291,21.785688827284662,19.212304759744892,56.12619241983608,,104.22384285154939,28.883973598378493,65.44210876343551,26.826665792541814,59.677391786879085,Normal,599.7616401436043,78.97578380842737,19,18.71159377784541,157.0,78.2781618363969,90.96650111839432,None,0,None,53.51589286855526
166,South Central Railway,Summer,Express,16,79.4762984300504,355975,29.993806539928926,10.15379594338444,6.474929562626993,Fair,16.34079581410983,42.020005288944205,58.15655783472704,28.287175916043303,0.0,75.77850448681687,61.27009793382702,75.54781662376658,55.45384950401516,75.46746525348311,23.202827821158866,68.35185358252197,Normal,715.7723296947037,71.58556985143748,24,53.65348954921089,332.0,80.84059200655454,47.48174770480746,None,0,None,74.7720341996481
167,Western Railway,Summer,Express,25,86.18602070663772,447384,20.975883120874688,7.231240026821706,4.365038610550013,Poor,1.8268812885499124,33.91681069218586,10.0,36.92192373323981,7.319994266943185,33.94262438397482,84.8223304809563,107.51133687682523,39.81818923971913,73.83376670576855,19.381520011844472,71.03563269008666,Normal,1236.7280110164365,85.43905598985293,24,14.623401041736521,283.0,81.5204808777335,64.43529357741983,Brake Failure,1,Medium,59.97960098425044
168,Western Railway,Summer,Freight,20,75.05491443924393,845129,26.62266137394261,7.746538714889146,3.1588473308354352,Good,16.750012280196955,36.59282937051373,53.04745480404407,11.912612065120607,23.520022120109026,58.88453206701694,58.44295998436841,105.50430297137915,33.71699531570792,65.12409630863503,26.202459944124172,67.59139466266868,Normal,1123.1958736976333,96.25216685049537,5,14.704372563358595,71.0,71.62086291054828,54.545345270478684,Wheel Defect,1,Medium,69.7320562440493
169,Northern Railway,Monsoon,Express,17,78.21109335810193,762523,33.49618887294369,11.388126901042813,3.072774574643134,Fair,1.0459636578302856,26.34536863140471,54.78311690249122,13.26145396985238,,47.506906278781585,62.0810110913815,94.3639421067522,38.68366754968642,58.75956183060731,27.56406060644515,53.72173411693011,Normal,727.683965729628,43.09583826046149,13,7.272635445954561,115.0,91.46912360998631,100.0,None,0,None,45.914392810775
170,Central Railway,Summer,Passenger,18,78.94188590358499,14573,24.426075211841983,5.122316065433687,4.59922358734593,Good,3.002938972869331,30.446964141466868,47.418144141358766,12.440586107506178,8.108995593855994,38.55578465147588,70.08410428929531,87.67113529624632,38.14764258363994,67.08947258796337,20.01241484051635,82.64308442560791,Normal,1046.3204215929195,39.84086472858723,9,9.012285699911596,227.0,87.05128318760349,83.42722636793127,None,0,None,51.838035740830215
171,Central Railway,Monsoon,Freight,18,84.60027115882804,844541,34.055440116632035,9.05077435481784,3.6968710588193683,Poor,12.513711695215083,29.111165332058963,77.28037712089429,7.256636996236342,11.251960273361702,50.01161492213922,73.12590083259566,100.45985595704663,,43.47172324452734,21.41880696956617,62.95824201889402,Normal,1105.9347861018982,36.158437168302534,9,16.895439852156425,207.0,87.46680456979624,52.90798645715355,None,0,None,64.2075788966797
172,Central Railway,Monsoon,Passenger,21,95.26712521504443,471649,36.534796081637694,8.463344180784446,2.297681805499006,Poor,5.593563344693408,23.965990371609106,60.97337386215216,24.449465917424448,19.37277307335553,33.53281760137713,48.47650435528993,84.74371957031218,34.56440412945458,86.85597914811704,23.704377314442173,99.21213355094127,Normal,1000.4909377108106,59.91989945439344,18,4.365230497999112,234.0,63.12923206704353,68.04265464481243,None,0,None,64.30442291047518
173,South Central Railway,Monsoon,Express,1,35.60939830294079,712574,31.299780260866697,6.229361611071575,6.305394700315633,Good,0.7878506453276531,28.13965945259159,40.95626000371466,4.113851922472123,16.249510015852756,26.835791214029236,87.97414443633319,96.23429097869995,31.103879145278,67.774865188861,23.466707173118827,90.259048013901,Normal,605.7631013034313,90.59012241489253,1,8.955113201829567,115.0,80.6853532074125,70.14598768488707,None,0,None,55.899981241591234
174,South Central Railway,Winter,Passenger,29,49.38462777162428,575385,10.437335730341395,4.557494177746889,6.145636013262796,Good,2.1359586332164224,27.1643634024739,,5.32224817740601,,75.18746329530198,76.42412408959038,132.25493795749944,16.75473932899347,,27.78177541900834,65.49030992185716,Normal,941.8089098001261,28.508476760194874,15,22.716804212789068,156.0,63.73536661512477,49.621114742824375,Track Defect,1,Low,74.11656191836211
175,South Central Railway,Summer,Express,1,63.26290700267026,1355045,53.61327057129141,7.7563066362927175,,Good,17.77381590966411,31.382301447092225,89.86330396197161,10.230093219998109,31.991918349747092,75.32154948500677,77.9301265826387,103.50365815096417,57.111268852706544,55.74909557794017,20.484040850112006,73.23412496376415,Normal,1157.050324859527,61.365280958290484,15,11.893985056301116,212.0,78.17263282142885,66.29821112327923,None,0,None,69.30012737000916
176,Northern Railway,Monsoon,Express,3,84.06150337327635,1110661,33.358774189187926,3.004861798280899,2.9088555863759544,Good,12.019794888420641,34.511416596777124,40.245863850469995,22.99001756990235,19.87632787704569,58.60671802525012,57.34726873993035,109.53456318396621,21.36312614413518,73.90781018884643,22.121440325421958,94.44809733228118,Normal,1106.4604244111047,55.88427648924335,19,3.019685510816395,40.0,70.1794801513334,78.42856470105832,None,0,None,59.9826609270707
177,South Central Railway,Summer,Passenger,19,88.14517366767059,1383461,46.05585267083435,9.46961564109133,6.421618064666393,Fair,3.1984665235712924,24.658878730123106,73.9326550502266,10.653903502678311,10.969670688039933,45.1314510791506,57.10733042202555,85.97018074951475,23.272037428443753,35.26421380666016,25.009296998908876,122.12982742528676,Normal,701.1827122485531,91.06970879771232,14,8.74215762415635,135.0,70.766548890172,74.50571152593625,None,0,None,59.415232130501266
178,Central Railway,Winter,Passenger,22,94.19406915898604,1308648,42.510629171921735,3.7191254565946377,4.1623115944321265,Good,5.550422729461697,31.53432898542723,42.27508308772833,19.560948328893232,12.448455549202563,37.30805429555482,59.27089125483628,114.71505167948189,32.90766506271603,44.737821940203546,23.773122753273316,,Normal,426.3076665306327,72.31796345438381,16,9.731575144701024,313.0,70.1338684303496,85.31209506297073,None,0,None,56.126270681078516
179,Eastern Railway,Winter,Freight,23,55.60248086348724,632048,44.21596419071353,4.606895820048233,4.0371044909505365,Good,0.31384106261891304,26.633684984109173,59.70373076427106,15.232345752106639,15.513532883734687,41.76841033838255,66.94180247121662,68.65247778668075,22.260980898486135,69.57316972063872,21.129819196900897,87.44533397209199,Normal,1014.1843992306872,48.29091072994234,6,5.6811400584944165,20.0,76.79400519237932,73.4078329696584,None,0,None,57.03376532881711
180,Southern Railway,Summer,Express,16,86.21683851216709,1168712,44.47356947531131,6.835448296931431,,Good,2.9228758431389132,32.83468016140349,47.89555327346598,25.776344552704305,24.280097571096213,46.446508917756724,78.19592169124209,89.7723026803011,10.066665595597684,80.98854057643979,21.64851606171822,82.1162103413983,Normal,856.1219088409902,93.96404228179622,20,9.902434320079196,218.0,98.32911447154729,97.95543269895042,None,0,None,39.777384667328974
181,Eastern Railway,Summer,Passenger,13,84.17168020893588,812125,47.59022518843435,6.50261938043238,3.1043334278814925,Good,6.642073723166409,37.18963198395083,66.18588367378906,,17.82818530498983,51.722562438061246,56.63329978110054,92.48494079701993,25.50841468199854,73.35321098468378,27.382483574026182,60.569286183532874,Normal,1503.055410096698,37.90526980320328,24,6.514386193703621,363.0,67.90344011433852,100.0,Signal Failure,1,Low,52.81844252799049
182,Central Railway,Summer,Express,11,85.71904319247382,1213086,36.62091562337132,7.109463882082286,3.8691096331461625,Good,6.041016395807727,34.69406586021575,74.41624365765483,14.653723270955684,25.666552110361224,30.116032110809222,44.038547070480064,72.77110523579188,85.23443093430245,77.4787699416193,23.41465919237112,77.34945148594767,Normal,1103.1847187391318,79.62587531140967,12,,239.0,88.04819829038438,94.83990784902664,None,0,None,53.29173230797289
183,Northern Railway,Summer,Express,19,94.8635277591221,205996,43.95775783778939,7.925224820261851,2.349275525892358,Good,2.6407824836097715,35.462255630875966,72.96060022175925,34.34712246890129,22.02581930026376,89.38766256563152,45.9197437161503,79.15777720377216,31.67131622512258,51.914848055866415,23.91615878996715,72.19478646345831,Normal,731.0508130903954,76.44405623669506,14,32.69502009019692,3.0,86.05826969970082,86.72184760754986,None,0,None,57.68580576107538
184,South Central Railway,Summer,Express,4,84.63278898390935,112452,23.536156658208196,6.854404890824121,4.916718425953577,Good,5.464262754172035,35.132278749946046,76.8425651266744,,12.419786209449962,35.42557274042012,71.32116744886386,94.8757086765779,35.33967313845131,70.33957602905575,24.451089757946583,99.31825747789635,Normal,801.613556787538,84.8784741798269,2,11.903829781245546,351.0,92.48021500721356,96.21520737292555,Brake Failure,1,Medium,44.571389048782024
185,Northern Railway,Summer,Express,20,77.54886615517367,576557,40.020121965658184,10.398072348381005,2.937001867291318,Good,6.447213503934304,34.42076911403005,69.30316085063387,35.35269259570049,29.58470885961637,48.27575070536414,47.98156842494518,95.80267535490735,35.67202860418363,52.68282324809692,27.563415986511362,80.58950315237288,Normal,432.0230605883269,54.422572758774905,4,13.153823929098554,52.0,78.17922285415267,85.25400246356669,None,0,None,55.39053803523039
186,Northern Railway,Summer,Passenger,22,49.51263307692012,1478296,64.51554416953522,8.218165534377949,5.603778398725257,Good,2.731999649805274,26.73556138393193,74.06764888383825,29.722401941110807,13.197144755552067,51.91142280105952,,128.3243322595307,40.854626484947445,68.48955049176203,18.068325601472186,54.15304009868312,Normal,854.0359924653446,50.538216590577015,3,2.839693606425305,346.0,71.74769142987769,69.88259825323699,None,0,None,64.3443060038109
187,Central Railway,Summer,Freight,6,77.64124502058847,493983,35.135604082428614,8.719625184605718,2.453079651717294,Fair,4.417143685735972,36.19540945176261,78.38465753100415,25.140600696898186,,53.471346718977045,66.19264533750815,89.78543969440352,38.34616879619751,70.57362057531643,29.374153270823296,80.28294405181781,Normal,552.0841231286064,82.57310517972697,3,7.948595448051322,163.0,80.60467858481034,100.0,None,0,None,50.56098982259256
188,Northern Railway,Summer,Express,4,47.20105320267241,269877,10.468902317470267,9.589233840862287,3.4114183175867314,Good,11.052487636396057,29.29278986028703,85.60880323104931,,,70.6674309315346,74.35210242137552,97.65634841148925,41.10293186636338,51.528950045033774,24.042599174962096,50.674246233288244,Normal,1284.1538544583148,52.54893199219954,22,62.690184645351735,352.0,81.83907169938692,79.572248016296,None,0,None,60.271592519195664
189,Western Railway,Summer,Freight,25,119.45123205669461,444194,33.34735483465495,9.820655281455291,4.307537074452571,Fair,3.0175870875552713,30.646815751225464,38.379631059057736,27.154671055471532,32.50111125882937,33.328531182415325,49.57732353210709,93.17653212729185,41.53743756351121,74.24633149965392,25.16728808418257,,Warning,503.41566203538025,86.40979664619027,11,34.37471763882093,29.0,85.31321831661661,63.494879202520735,None,0,None,59.147061180190896
190,Western Railway,Monsoon,Metro,18,74.71797041938193,566985,18.89779958869034,8.747684695575787,5.000341492409559,Good,12.838926190816194,37.145595629870044,54.60452773414863,42.9371171650292,20.027759589874996,57.518901476456705,77.4361196140251,112.5048574019718,65.38568905755258,,23.70765108901587,,Normal,1210.4982133348965,42.87254850381366,7,18.212191931804487,219.0,76.13868087042118,89.82239833293836,Track Defect,1,Critical,60.34931085892555
191,South Central Railway,Winter,Passenger,22,50.24093794241439,466827,28.61445032382327,9.596735833781286,5.064302379728272,Fair,6.318587401278617,26.83164994698597,75.70955101763488,6.834800668667937,,53.41754622184783,62.65954448571815,112.4803039902881,,79.6669957492393,25.502366002291858,80.6782489459247,Normal,674.2947467877383,73.26839053279393,3,3.8511465230940876,,87.78880326079852,87.22869455976668,Wheel Defect,1,Medium,46.75650769607935
192,Southern Railway,Summer,Passenger,10,66.94906771491033,593075,38.17025729962921,9.31524138541623,4.234669551481233,Good,2.8638913544138225,28.99936015096642,100.0,19.60460814281588,1.3722934115064387,100.0,55.09049721273591,82.34161426452394,20.114345742956587,71.25337887331912,26.021242838647282,63.95745664491493,Normal,838.9697768085551,65.69390288632766,20,22.200338570556774,39.0,65.17916702656485,65.69155524198595,None,0,None,72.21239906745072
193,Southern Railway,Summer,Passenger,11,61.891024003893506,679601,42.397666659752645,11.729504524297084,7.123650618281692,Fair,4.283833801721481,27.70603003307334,85.68194416498439,,15.782249174035465,61.06076812633155,51.173842247651145,74.180270020113,49.94723599279685,34.78574273371228,21.506237525454083,,Warning,778.6257778929329,64.94020161515245,23,19.334750798475408,257.0,75.04853216503552,100.0,None,0,None,55.38421436010684
194,Northern Railway,Winter,Express,9,108.11210398741866,660385,38.694721630322434,7.670226415883241,3.512559141547807,Good,3.5268744300819983,25.078107432677385,66.64180214480072,36.77367878594961,18.419608216065043,66.03933091126893,49.16532463918495,103.29709279414149,31.90183999873829,90.19786024956656,27.362282479872317,74.02107986918956,Normal,1017.5262800359079,45.450520620419745,14,19.31324985403241,313.0,66.42033414157852,79.77319092264733,Track Defect,1,Medium,63.52344186402204
195,Eastern Railway,Summer,Express,4,51.311745758597425,277227,70.0,14.577820449209813,5.1977623554266685,Fair,13.365317826848345,20.365072037522864,61.34610738069642,42.31056151099456,10.893293380114809,56.48075475336253,82.86655945148057,62.54872805721215,44.76641672872503,72.36388211072496,25.096734182719096,62.62749503902552,Normal,566.9820035846634,94.05898227066703,23,4.540824814211947,77.0,71.33616242254803,46.59723668667793,None,0,None,73.91038603408404
196,Central Railway,Summer,Passenger,4,79.72754777457612,1116908,44.28263413367503,8.208590175188682,4.7215489684870136,Good,6.137778991212519,27.12612677451628,100.0,18.139961012623743,8.811311163288146,46.13470777380716,64.07463980619235,72.47463178383784,26.170482476490708,,24.972832201883527,84.37800639712498,Normal,826.1410277502877,29.89227220088869,10,10.346958189287243,48.0,76.50106914241462,92.7550017814473,None,0,None,51.606153714193006
197,Northern Railway,Monsoon,Passenger,22,22.17230144189414,740216,30.776529875079813,6.692831727872535,2.924649999373126,Fair,9.129876384827348,40.62689599807102,47.05489229063791,32.87390054348211,21.277400203815304,42.32269947333841,64.86515123640494,102.51933140702148,47.17304151828512,79.57763164134565,28.560468644299384,41.88571461278407,Normal,1036.3309670209142,60.6437678747048,21,1.0171430623491153,171.0,89.38783410232001,92.60423077682618,None,0,None,49.72713844104237
198,Central Railway,Summer,Freight,27,48.151576363865416,1185277,31.272961409641503,4.58844415673782,1.7502606261568294,Poor,3.6342263265090087,50.0,100.0,47.663629165826585,11.235695395409978,56.96310398090084,42.433171865818025,96.3524139984569,58.661878625411894,46.75456490022953,23.435140489413598,90.19063437576658,Normal,540.1202282888235,73.80556822680293,4,7.280530195365462,156.0,79.139013411454,100.0,None,0,None,54.64509269693802
199,Northern Railway,Monsoon,Freight,29,79.85115667876977,623554,38.75051001531419,5.662317447850561,4.207763095269638,Good,13.783319098141837,31.637455076969182,72.26552007666656,10.230322607579886,24.114700361939615,36.58436513308882,52.07423557900668,115.92604368113687,72.30586530693593,50.58660164096298,23.274128231647452,82.18216092959355,Normal,810.4241466891788,62.27128913357388,8,5.559711106066859,225.0,80.58335790083117,72.38470760621618,None,0,None,62.79471163853714
200,Eastern Railway,Winter,Passenger,15,89.38124059075412,401993,43.4645229768871,9.646130034137611,3.7932437010585858,Good,14.59980791240187,40.62568856030732,10.0,15.445563355211206,7.765511086737209,31.552554506494644,57.435146913009156,93.41445469385147,63.486672826089546,95.58853567905794,24.56903184732377,74.32891761480582,Normal,950.3962240514309,66.35874137613044,14,8.133045450263488,268.0,83.8796097194864,75.94146748834342,None,0,None,58.31850707714719
201,Northern Railway,Monsoon,Express,3,101.6459879991854,485845,17.060686955204012,15.723648633513712,3.1575977095697785,Poor,1.1957772881469975,36.85808468569253,38.361280056815005,9.773735614143048,22.668351676626656,49.83369688418639,63.35373688239116,99.70812301001348,23.854371904284463,79.65674757964675,23.21584213553729,67.55739549043815,Normal,702.1540399660657,90.9157343223937,17,18.591615069155573,134.0,66.85191008937828,69.2805569947447,Track Defect,1,Low,63.40684683882759
202,Eastern Railway,Winter,Passenger,19,51.99720392361071,1407957,33.636934672294736,11.571710538095115,4.384196191716175,Good,7.833562810288536,15.478264198852902,60.59416366501627,16.628376349033513,13.457281676107236,51.6323471197161,84.3391425679894,107.089752324426,48.63135827415967,80.4972511305666,21.64345840873859,54.20778259164132,Warning,1255.8608534051386,51.68455440821681,2,,130.0,92.55309125945527,44.002993017288,Brake Failure,1,Low,67.24492631222122
203,Northern Railway,Summer,Passenger,23,90.67775737172737,355034,37.88619686316074,12.38121518065984,3.235582010688998,Good,5.25391740339735,34.21969614849346,52.247386859470296,3.710747231454534,12.180394694945406,71.50449312331226,61.779125866281404,106.64001868758017,30.70408503627116,91.20280251141467,25.14394388905905,66.63811162430179,Normal,939.1781560391785,56.48455244452618,19,9.737045275965697,244.0,73.61260296447615,72.90058250773724,None,0,None,64.05167180866283
204,South Central Railway,Summer,Freight,10,85.98889546613076,1322702,33.30964934809539,12.982540031337038,6.093630447467039,Fair,3.4812081112280064,35.50869789290355,80.37984677337256,16.97985235784663,3.408519297617131,43.54710470167644,80.66230470732131,109.76208478924254,30.432131012701475,96.73826110498146,25.896553824996385,93.03337114209505,Normal,858.7842543608666,77.29107794969944,14,8.54150165208989,123.0,54.14177412439215,73.46562282368455,None,0,None,66.43429642532985
205,Northern Railway,Summer,Passenger,27,94.44740878728717,895612,46.25400346702553,6.447795125076261,6.6620625414013706,Good,14.235382024538037,40.77650081017141,,8.75561291763266,,24.42677627215771,56.4199035862003,65.23714656960382,24.321891249462332,61.1771913697409,18.628263658186558,62.65871787614392,Normal,1114.0430150921547,88.76630522589628,14,11.64287917984512,306.0,95.2157137843042,100.0,None,0,None,38.986800303736544
206,Western Railway,Monsoon,Freight,12,69.35820780965662,961185,33.62513542288276,7.856419393895892,6.855919757688675,Good,6.577857817047984,23.8990890010156,69.4209475707901,26.6131009810246,10.716776958125266,50.78463163873599,67.08319718989503,82.92305652266762,45.87499290455389,,,72.73286112083062,Normal,346.0935529229635,51.81399898010043,15,16.64275036423988,281.0,87.15065659068709,100.0,None,0,None,48.996213874753
207,South Central Railway,Winter,Freight,30,95.7930764274845,1420619,59.59915822967089,13.126620121974701,6.031862862730113,Fair,24.131264007136725,26.872233867985447,24.60513828064896,11.957019687559693,11.18670261876851,39.74128449774068,67.89759772333034,93.43916689795702,39.66190154823305,66.4365951455635,19.744318244585685,64.07901977013367,Normal,888.0940543142336,54.32962184389465,12,3.9875886028869867,6.0,91.59055669148648,100.0,Brake Failure,1,Medium,44.85378306487578
208,Eastern Railway,Monsoon,Passenger,4,92.43678250092773,631020,58.513922973615664,8.57212733700455,3.664696567041644,Good,6.97358062686004,29.262450232468712,72.0044073649158,,10.3807695604324,34.32968723665805,46.2300648623641,102.8241819671601,36.47793805230527,94.65812319920988,23.698824970669214,68.61970651322095,Normal,498.21855895292515,83.78200131620804,23,25.135794475091686,298.0,94.94571914786971,79.2766850884977,None,0,None,49.6433023106159
209,Western Railway,Summer,Passenger,13,67.72145013025639,776402,28.947640332688472,4.270843817289447,1.0209478954568292,Fair,10.610214971850736,25.165856511477347,41.49392842450908,14.196814512494322,18.988485497769677,25.558939254586857,91.3974520845392,101.0428284935177,57.24832427635762,77.67220084055042,21.33159611610862,97.3356740373699,Normal,822.3187806513831,33.08662299589867,5,14.714477709023534,284.0,76.86029790974202,77.95669686807324,None,0,None,58.23514135740633
210,South Central Railway,Winter,Passenger,21,48.25432390936215,1330628,41.79723783413948,8.464455386504765,6.810170864721697,Good,4.771072156001784,49.5786304404622,57.33280860604404,2.658085255549916,14.222241309685284,84.37582026529344,66.96552385942657,52.03501102858182,37.4587273286153,92.42708905344156,17.693202513997683,97.46970191700531,Normal,628.1967293936151,79.84595548094191,7,10.059728708536568,74.0,81.99282635803797,85.03128104854325,None,0,None,59.816744546782886
211,Western Railway,Summer,Passenger,19,89.66893358338348,205973,55.870838511519835,5.444249719230148,5.851032987680581,Fair,9.88097806006295,16.36354708369786,25.888314211749787,6.195955386366496,12.616584297162074,58.68233251900819,47.69181081450461,104.03560085703023,32.62072491474489,71.38616508507867,23.17361742759325,81.33347575600482,Warning,426.1590204516627,41.14262045245917,22,1.8532286084326353,175.0,57.232447634836674,86.28003372893373,None,0,None,63.46609013774333
212,South Central Railway,Winter,Express,28,107.69896474108273,1300814,52.284057128770186,13.418190893514378,,Good,2.5350974084114504,27.80217444727307,92.05345155573089,13.930415044226148,28.796776476280854,51.925409626326456,72.24900834783055,101.52684219026222,67.99594138945855,,25.638505487398927,75.44930333325173,Normal,1231.9657174032127,51.65214712061581,8,12.01622363451121,281.0,53.13353391527993,81.97836343553017,None,0,None,70.69903857958423
213,South Central Railway,Summer,Passenger,13,65.31211579937198,1205740,23.762868091366812,7.321408152245821,4.761190014336131,Fair,7.424257933995228,37.022335575698506,79.55814168744268,1.8703052978551877,10.382738822292772,33.960125738025056,73.66824890771062,119.1531143608666,62.93029924607529,62.15732519053821,24.459813872385457,,Normal,875.1972767998178,59.44943542769812,16,36.246869843019155,59.0,78.1503199158869,91.2339801482501,Signal Failure,1,Medium,55.2490587251671
214,Northern Railway,Monsoon,Passenger,20,40.33391965039386,1038527,28.204564761904447,4.635601293471384,4.337116000546192,Good,9.333924283558584,37.489691796126934,27.487716577485372,7.791468293865361,,,62.59741223085863,100.96732448065752,8.635601006191987,67.7108248988385,26.26937061796921,90.51645064046458,Warning,750.584412898066,64.78280168357514,21,22.385777719074053,108.0,98.91074875560643,66.23570452989807,None,0,None,54.818248297459675
215,South Central Railway,Monsoon,Freight,17,79.33842812618614,1218002,52.40857589596395,14.416153245649326,5.906173910695255,Fair,6.681528651482188,30.597465859021252,76.84576055107351,24.036758745381256,11.580203602201598,79.54011348657657,50.078558506506695,87.8021311859832,59.280619026727194,56.354754750233596,23.590305122592504,93.02385945021247,Normal,754.7059073566545,40.17816083304472,1,17.763519338560126,183.0,89.90208080043286,87.61865528032978,None,0,None,58.69085224872865
216,Western Railway,Monsoon,Freight,27,70.09525685110874,282626,39.53191492742384,7.465547646128139,2.0291562758180914,Good,13.341013179322285,26.62500876077368,37.82895438726193,13.773580342268591,18.295700549879264,55.38401609555763,65.31710315249191,90.79910776470464,81.96084454512857,89.82389703239251,24.14555408703047,60.43470429110873,Normal,1176.7694051522399,43.2224002961137,12,2.029133295861074,16.0,84.54139135773865,92.2344631152661,None,0,None,58.73018003055127
217,Central Railway,Winter,Express,7,100.87088420127222,1198859,50.034083473485055,4.127713678427276,5.306408695251014,Good,8.000468841499602,33.58277413316218,29.2693953024678,,10.155989412807642,62.24586822039477,80.79562539507636,104.99752202639797,69.342079840163,93.38509078358702,23.742665740865213,50.63853364436687,Normal,903.2438197730684,41.704049001037106,23,32.22173032717266,155.0,91.04715993029298,83.34855777970091,Track Defect,1,Medium,58.69969101058581
218,Central Railway,Monsoon,Passenger,1,77.27235318926856,861684,37.82143187328278,9.430571347971627,2.9993547186003333,Poor,5.365071077596811,41.568045162637375,44.0912650372854,23.079199165162994,,30.205749202156856,59.78617829387269,117.72522220222771,98.18406542050356,,25.6256552913617,74.68017786072448,Warning,945.6336643816358,65.84576455402458,14,13.265677337801376,135.0,92.73035879233242,83.73629445208459,Brake Failure,1,High,57.49514355785311
219,Northern Railway,Monsoon,Passenger,7,109.6011460644195,904459,46.37878391839871,5.597680338181313,3.3982888009315224,Good,2.3225942890084417,36.68224777158433,43.21946782779173,28.161181102749065,21.841626767174994,63.81826667580851,70.96509643882113,120.4205537978278,46.19381415032153,56.14422388415571,22.941451268244588,102.94278820933748,Normal,759.9219080869766,60.80534165162957,1,21.090662176844187,59.0,70.58133924188277,60.73353922426568,Brake Failure,1,Medium,70.54160466076755
220,Eastern Railway,Winter,Passenger,19,85.16576173175292,694696,35.31369046620945,10.511186739662222,4.711463978596672,Good,5.074333764872095,19.55222105425846,93.24963924295378,17.50014177014961,14.299264096956907,69.87393694391777,80.09498175729313,93.32948437408413,39.814028728739025,,22.968335443087653,87.1112047116759,Fault,1121.5641220580903,34.91355155431241,1,,136.0,92.26301431673893,86.59373190414951,None,0,None,53.85333367358756
221,Central Railway,Summer,Freight,16,82.13047802147354,44063,41.98363796148113,3.7125530792036923,5.511638114016167,Good,1.362792843879351,25.318287741357594,53.15396261594649,,10.928432197330494,36.43629218663588,58.26292241953756,87.39672753214472,7.423872905764263,76.92190053253866,26.9039696846634,96.84782983198092,Normal,663.3952401772217,46.337982262552885,18,9.911048889392097,259.0,78.2035629023043,95.86949291574567,None,0,None,45.65345522754254
222,Northern Railway,Monsoon,Passenger,3,81.94600506230583,1342493,37.489081911044245,10.848244304025169,6.933739993748205,Fair,2.7141001740401656,36.226885729015,72.79062850730392,14.943328754972516,7.495904445276135,52.82775174845923,59.67680653535565,73.4001564450113,49.20673333833507,44.87591102882845,29.694578690453174,65.24073304367101,Warning,423.96117474514193,34.514522838617104,17,57.72303358206816,314.0,78.37268785467572,57.34892769854763,None,0,None,67.80260731939099
223,South Central Railway,Winter,Freight,22,74.26297782097797,1434296,57.98612964597197,6.842835003523841,3.8294836394985086,Good,2.4946435022122566,25.282950856594375,39.55140737512361,9.749045130445808,16.19791027321587,47.715705478324885,77.18395985035278,70.00582812518623,52.39672312812213,65.19140649787117,27.191504090815805,53.27081335873919,Normal,714.7328781122739,78.45070665701476,3,9.815393019502364,54.0,92.79760983957557,87.91646392589988,None,0,None,51.766938473050644
224,Western Railway,Summer,Express,3,58.40903024432454,632791,35.99998893805863,5.905798538838994,7.14196649291962,Good,3.4275800921651256,38.14135314321692,43.64374757021204,9.391113090402927,18.31495805400265,0.0,56.59039543138197,110.37025809604413,12.954795750290696,40.97754387877728,24.74463555522112,89.04486810614401,Normal,588.0105525992667,70.98721902248171,7,8.929291568960808,342.0,48.63550687416394,100.0,None,0,None,49.92079195658623
225,South Central Railway,Summer,Passenger,28,54.102505336770264,230799,26.995595756804814,8.747249140589037,6.336625565589765,Fair,4.459056671293071,39.38132575802388,61.47710371690425,12.352434671863188,3.159362771384263,86.76417580468885,62.38346881552822,112.17440346518399,37.48959093054702,56.868160334488124,24.6511889698744,95.14135794089258,Normal,692.6972300438272,88.70490614487406,22,19.317859295585432,192.0,68.60823480037627,96.54483620319192,Wheel Defect,1,Low,60.83449015903651
226,Western Railway,Summer,Metro,29,75.6194391530696,981010,17.58609748092134,3.625189860854835,2.147691165252451,Poor,9.618285136782443,30.77585691451068,87.42162696711515,33.409087192535985,23.544244797006655,51.788504311845756,54.23820442025871,86.46866513492625,62.16224477711351,77.85320412635421,25.180552043096583,101.63069093185288,Normal,1104.0945147836665,66.56461266828038,6,18.039979391901422,224.0,61.11429834694446,93.58875191315015,None,0,None,62.94654477231078
227,South Central Railway,Summer,Express,28,63.05608466652659,777840,42.575117882216716,9.204509160918537,5.415264776126266,Fair,9.29607695809364,28.676812778248703,57.56503378287686,3.636229534425712,27.31087798225923,44.93484728219035,61.57174799898299,74.30561029265849,47.25609415958064,72.34889642743342,26.901315375796475,78.22747820310177,Normal,926.9117230924734,66.86519049117086,10,20.58716287983156,229.0,100.0,100.0,None,0,None,43.82864121626565
228,Southern Railway,Monsoon,Freight,28,83.54657844500551,69978,22.7418773926128,5.375585761907871,4.346430278762254,Poor,4.031774057068182,48.70097733115628,31.108902973963673,23.215871610472476,,0.0,64.4877007820853,88.78386066783067,67.96665213920227,59.186645560110655,21.008102522797376,109.1849171999682,Normal,445.46597085080424,61.26752207067829,4,3.0643182267574938,81.0,76.52522671811673,51.61586368230771,None,0,None,65.3456161807318
229,Southern Railway,Monsoon,Freight,4,83.73543696272088,1447913,47.91695870911113,0.7587488268688869,3.5334204525085116,Good,10.678674695597675,46.229561839673075,67.45538862313037,3.057795887602341,5.720904323586753,22.96025023962523,73.87383689679959,109.76666863470508,72.86163122552188,95.73326595843935,27.835753336839932,61.61794447080618,Normal,848.6841508989116,94.11874688622669,19,22.421819498338408,155.0,63.87403008906496,59.77985504978918,None,0,None,71.09442242117312
230,Western Railway,Summer,Express,25,96.66284230356919,57803,44.9041994517077,11.860274761431803,2.6493060147010006,Fair,6.919798322338918,32.348493096689815,,9.026542589985088,16.947033680412787,46.46431321754863,76.84765164215699,121.1253218315137,72.45839910460197,84.16747981335034,23.753189502690276,72.49133330087795,Normal,732.1457578391113,83.83469038944324,13,12.306754123832263,178.0,51.036631092472135,100.0,None,0,None,64.97558596595735
231,Northern Railway,Monsoon,Freight,19,102.2517191221157,244020,29.88541029950146,5.406886716434409,1.7904188623560806,Good,7.8085091002063844,13.006816712962,49.23114704868564,18.211691480391977,16.97257995403358,29.49189860435388,48.22637595842854,110.55750217082988,42.745135030088086,68.71749811783035,18.507221195062485,103.54534562322655,Normal,1102.3916237539922,,6,25.55308761843314,305.0,76.06697831412832,80.0354276884472,None,0,None,56.19971294426487
232,Eastern Railway,Summer,Passenger,16,37.97118968630849,145588,20.178411715305792,8.107496276081566,3.383963892180648,Good,3.9366051918765206,16.076207969571584,68.47640740013063,12.930208610254532,,50.834190307941185,56.85904070231081,134.61060686739842,65.508836094235,,23.607281864695494,62.36060032800123,Normal,685.9225087640617,83.7819218194742,13,12.7834963772452,20.0,69.72773548012466,93.25162445073276,Track Defect,1,Low,60.408677984526335
233,Central Railway,Winter,Freight,20,55.911701061569275,248303,60.037335285971956,7.474587469323515,3.2337688169025354,Fair,2.704357110194961,34.03828010389697,64.12317922363783,4.080071617325448,17.743085903178788,45.1091967077842,73.09683580237703,119.17562103269852,71.08732291932216,68.02175605116244,23.332071876627143,89.74376945496783,Normal,652.209453225029,75.49792433996794,19,13.951246955798469,71.0,82.1093599223881,85.93531072815009,None,0,None,58.6138432163776
234,South Central Railway,Winter,Freight,17,71.45238123965878,757135,41.98548429630838,9.806172096572007,3.3434857796062185,Good,12.149209145332497,32.12570000014266,55.73617732672354,17.18915334182425,20.424060413981454,64.6319518893167,66.86600513657633,96.73997597194801,31.400510309377175,65.26262968960602,24.922036972497697,49.1523582017835,Normal,1004.1118194221714,56.691704642430864,12,,11.0,95.8045816010143,91.23237500956488,Brake Failure,1,Low,48.94193451610138
235,Northern Railway,Summer,Passenger,23,66.90665153400269,504312,34.05626376904833,0.0,4.663897249579057,Fair,7.216455441730826,30.487909310532235,24.399568896835056,13.07941256209885,0.0,40.32449048462352,56.676818589247645,113.21293928070739,70.96270398367452,70.92574311788266,29.73916531117977,71.02851887834645,Normal,1189.0592161857921,100.0,3,50.207394371112215,175.0,81.58476994366855,87.29791300995026,None,0,None,57.58414013647812
236,South Central Railway,Summer,Metro,21,69.00234245238019,145670,16.27266282075989,9.943148260214203,3.868281858648958,Good,7.412407473662172,28.230573561910585,98.59351189595509,17.298332450360242,,70.96089168961001,66.55713776798223,70.6149406091691,8.435272102284888,65.29243128537331,23.925608880758325,75.2658072325286,Normal,1213.0111591586606,69.9624356460651,3,43.7590305597767,82.0,100.0,90.46949718277256,None,0,None,45.24510055481384
237,Southern Railway,Winter,Express,9,86.77656021550304,254833,41.15250600952427,10.78254146904577,3.9251159787770935,Good,3.1550966076756377,19.794081267309906,91.48963912141971,28.123644639771854,,69.84373927947003,62.89607946299696,79.70702320066523,54.635670211978265,71.79854450137962,25.711016371623803,76.72369966918075,Normal,613.0045373242016,93.35247713525449,6,33.56417636190008,167.0,60.924115713072084,70.37658058679678,None,0,None,72.71666771876313
238,Northern Railway,Monsoon,Passenger,25,115.99507772603177,1462001,30.770894585718406,9.995668891996395,5.355677481171046,Good,4.298334824794749,22.516126531935015,72.65504179572736,15.668624586168235,5.335910865491572,46.80125444953592,69.19470606542514,67.38423862617938,73.47568051616125,44.97052065296571,21.352898555066577,91.84779568491949,Normal,529.261292710361,81.42627630245109,12,12.055898263434672,149.0,79.15880375603817,81.79653625498908,None,0,None,61.70717124099505
239,Western Railway,Summer,Express,10,113.19074337110915,126086,30.744333848994174,6.375507678736973,2.717856578365897,Fair,3.6820671516221033,27.027289204812696,49.71383598783994,9.235801603990767,25.48985866095439,94.37210834562248,84.28130321025449,117.11594855312907,28.58963386881925,59.63347720190492,23.40748949921977,59.318937830880294,Warning,499.2316073068733,58.32037681307913,19,17.962944186831642,185.0,85.93644911436816,63.19322465590113,None,0,None,66.24887551257201
240,Southern Railway,Monsoon,Metro,21,83.08482863949722,1284214,28.92813173000499,6.220298899758463,1.9486243502597236,Good,2.6779388976138065,29.65927233030088,63.81023886571377,18.48169598458178,,23.985343174169998,66.63679021848017,97.92968630810645,32.841300158563335,84.34582941741775,,75.85135848537824,Normal,863.2691740697752,54.313823733986,12,2.990350439139135,176.0,62.282447110515236,86.88440702759654,None,0,None,56.31559755157088
241,Central Railway,Summer,Freight,11,39.13223133147218,665331,22.547179075940168,9.013509864168046,1.624428454806793,Good,9.941049265718766,21.08762583867817,74.72463572893975,6.692380779154491,1.2347847730081618,39.644415659966995,53.3134625475243,99.4367677894067,13.340049306685632,67.19452753252561,19.244935482398468,78.47091838046855,Fault,617.4598812086087,80.6826926536209,2,8.938813607416842,71.0,82.93740152744357,85.06336489099341,Signal Failure,1,Low,49.147401498544966
242,Southern Railway,Winter,Freight,2,59.71441460985554,51320,28.951040574393183,9.957936381925768,2.932128241488904,Good,9.597150604617209,19.288721316430355,46.215701521565464,17.76751596644782,9.778594942057747,36.727868648254855,76.02998811582503,70.2840829970926,0.0,116.66922718588965,27.862901747915263,,Normal,1112.1852988882786,100.0,12,12.000531379596167,223.0,76.44927468551288,73.96330418513998,Bearing Failure,1,Low,52.86477769250973
243,Central Railway,Winter,Freight,23,110.80314461139669,676957,5.427021726035676,6.72136383142729,1.8429659260549318,Good,27.920485609894264,24.27687933907404,61.49775290100882,53.06808630118986,20.34811380260515,52.33627857964775,68.56582547659421,88.34602664643761,8.952196900111609,42.190239018806224,22.059183609882275,74.03593381877396,Normal,867.659788367347,66.5264416805865,14,20.689484728108884,217.0,80.69153336707093,56.37239149920469,None,0,None,61.220897618767445
244,Southern Railway,Summer,Express,6,27.336904582672695,751732,55.62882764419217,9.791143196182352,4.5094591312592875,Fair,12.120275426201246,26.469273941444598,51.87252776643729,10.800750637301137,,46.39152853361931,66.71972445587042,93.21130678229015,44.19576679037419,73.40471206073487,24.51917558443897,120.85163107634628,Normal,861.4889392009235,78.85642129381299,9,7.069166245245337,263.0,81.47483137194891,72.2633068749118,None,0,None,59.779745912197775
245,Southern Railway,Monsoon,Express,7,79.23729620923027,1385241,49.25003262912938,5.33960461408271,5.062185501185882,Good,15.606422273807231,29.67326041854416,60.793774055909125,11.160885939054094,4.098752770326042,76.16947477964592,71.10783851986777,111.04832054089704,23.46279676255942,65.25515631304405,28.837741311427063,86.33248851665553,Warning,789.4596772491833,99.01201316578877,13,29.49425511602368,3.0,100.0,57.32101515006371,None,0,None,59.88248542880851
246,Central Railway,Winter,Express,21,64.4141909979003,370892,46.021674555063996,7.723500177653919,2.7503753117172045,Fair,11.576969499249271,31.433376979957075,84.35637819109257,31.71088297981732,0.0,72.49776343457123,51.87046751005251,78.5023851951693,0.0,,26.292239187338566,,Normal,1072.7180740080228,56.397918868628906,16,46.35217668838494,290.0,68.01649718236744,81.75869068980919,None,0,None,58.45334875992388
247,South Central Railway,Summer,Passenger,10,79.35916621898035,1170663,48.63894336179305,10.459066359697296,3.807396668272333,Good,11.108059014875952,32.99719093765545,40.26900178207886,,17.817108076259593,20.9560000916564,67.193770208716,100.27144846827748,51.07600949300589,,25.190678351418953,85.80842611612407,Warning,908.4583975067625,74.79661606716263,21,7.391105897615029,253.0,82.96097312365958,100.0,None,0,None,46.76846084441849
248,Northern Railway,Winter,Passenger,16,109.09936300582868,15409,33.44370577114985,13.171780560784518,3.8261485357257565,Fair,4.069159883216099,21.95269834087523,74.55986031765889,31.47990105912118,17.1062486991134,32.38706261391694,37.11501511285992,100.26948209569962,37.639582185126834,84.45408682325977,24.6430477958308,97.55477291514084,Normal,518.4766235753228,100.0,17,13.3444494562392,218.0,74.1221721549345,85.15875993641791,None,0,None,54.75567048788323
249,South Central Railway,Monsoon,Passenger,12,103.75694477386853,1488029,15.14632337856419,11.332099566151195,4.951562771307754,Fair,6.61979860185295,37.15955860039046,36.47166109196416,12.895501049200128,15.014423859535027,57.29228524850687,69.10231956957165,92.38640354692613,60.070667552692655,62.103830414837205,25.31000364335496,59.48577954378068,Normal,813.2855499094436,56.908601711909284,20,21.665483762930272,170.0,80.34095074045644,93.03542851344581,None,0,None,56.92271018131415
250,Central Railway,Summer,Passenger,4,114.58487356030687,858216,47.48255429168066,10.89403978143988,3.4312052056684914,Good,5.881377682789482,29.76944550446767,85.56070889756236,30.25552016929355,5.640968877254439,47.320116149467005,75.50442981855664,111.46134850096018,30.492054320871116,77.82148916750549,23.526579434238023,82.43714137036541,Warning,856.083932068587,52.27143614762314,6,10.662361273827424,37.0,84.48499433854944,77.47269572238879,None,0,None,54.98663404922234
251,Western Railway,Winter,Freight,4,63.444976502700236,1065388,20.500676635888922,10.200686679532382,4.476395136867554,Fair,2.3816294976888392,19.783711042678235,67.91323984532727,55.20152157429244,1.99864777309201,59.77680802953154,53.323920650372884,83.81184635164755,19.091568892504128,56.75275128425203,23.620539851499217,91.2944740846354,Normal,607.0900821630757,46.05708594879316,23,4.003699805417972,24.0,99.74954817413293,78.16267167922649,None,0,None,49.560979589629554
252,Northern Railway,Monsoon,Passenger,16,33.199949683290406,887544,49.654891677108054,9.483531167092455,5.044241590921904,Good,6.689896203860736,21.204094414008317,63.36311308296919,,14.50345835701063,40.984439505425,86.87301836118797,91.94019858611193,54.27061998540847,80.16346112650845,19.828390956316824,98.72702952608351,Normal,614.0001591503483,75.46122198417957,16,10.02615481199283,61.0,92.08534110038127,100.0,None,0,None,47.058389538491575
253,Western Railway,Summer,Passenger,26,70.14370775377145,931609,38.380948820659974,12.526061021061679,5.066297110750802,Fair,13.990193310725152,19.172871315747308,77.39147452883489,16.503297791823933,9.115020817894571,49.3671522399912,52.31229281739482,96.99045916759178,38.04889487214142,73.615418202934,26.883548075898798,62.33580842030577,Warning,1066.270113119321,49.767910127704965,18,44.39588898885649,272.0,82.03030710624442,88.51129490149182,None,0,None,53.42284636411221
254,Western Railway,Monsoon,Freight,22,81.4103787279666,1257783,25.33598020786429,4.52031841873396,7.426306772739732,Poor,13.431644563473533,18.43979943413701,74.52270237013421,17.474709640142766,20.340513575784552,52.13896076353076,57.23231024825447,97.18524032574524,32.61948707932551,75.144343451516,,87.45380806221554,Normal,1098.3107342367016,66.24863690770135,19,4.483933068820213,128.0,89.75658571911814,92.26128512549505,None,0,None,49.00751238081383
255,Southern Railway,Monsoon,Passenger,19,91.49645114445043,1472076,50.620336238532886,9.869438325768176,4.851836566576257,Good,6.232109177728113,12.908678794327216,65.48607416568395,10.940405570095177,14.283198202009167,66.46137786998165,70.78485279690202,92.17897468469812,34.74964818757832,38.21941737443218,18.556291180862846,100.7373163397078,Normal,950.3759571732223,44.98966989716298,24,23.006888993677226,127.0,66.14328441559496,80.98456117114246,None,0,None,63.6869079532759
256,Central Railway,Winter,Passenger,16,92.5680586488372,687849,54.48096174519106,2.7402671376560015,3.3427343308583075,Fair,16.544514748786412,25.981695466715152,61.02838314091968,10.986821949350604,,26.119896252280945,60.50612441590922,91.4097951985214,32.2732401127961,52.53516452993085,19.599483454664373,69.73969194298765,Warning,608.1058304126518,74.10289234169772,10,8.087421896732993,247.0,63.41512232094395,78.38086539231264,None,0,None,59.13037475512176
257,South Central Railway,Summer,Express,19,80.06840473965957,1437722,42.978204792217895,10.63777757829844,2.9804914831244815,Fair,11.244012066278662,21.927641144749952,64.09051612904558,11.10583138830547,33.44693951124002,69.12702906367684,52.94128329806186,95.46835382537436,34.88801188129555,77.06228986465608,29.626501049092656,80.86199830634442,Normal,969.9977179794001,76.13570974738661,15,48.10801661208384,268.0,54.669594054553514,63.70159938510494,None,0,None,74.17233843786539
258,Central Railway,Monsoon,Express,5,84.8637455853886,1094732,67.85888218079042,4.95905362153355,6.280817839680872,Good,10.644434669349863,25.367301683333388,76.26780695475853,,,0.0,52.29844343790603,77.34950041277476,54.13239089098014,72.17509182940874,25.195315227063784,81.92881218888162,Normal,903.452219069222,65.27303901351468,1,7.5731602401289155,72.0,90.23724025904095,70.23112621405947,Brake Failure,1,Low,51.95593036806188
259,Western Railway,Winter,Express,29,67.54402777347504,799214,31.990085303814787,7.797238230617374,3.223522348997866,Good,4.796726674417574,29.940461454751343,80.93047247985751,23.449660010386687,5.375483295506365,53.4578648162111,85.20995637300312,82.85154963823932,56.31635561575128,,21.35649689782911,34.16710132601732,Normal,1152.1674758828717,67.13473753528051,5,19.528061470006786,350.0,79.64055889223846,61.28496065345681,Track Defect,1,Low,67.14220122380101
260,Southern Railway,Winter,Passenger,15,94.23245657726423,513102,56.67528784255339,10.588404784886322,4.023999376876429,Fair,4.083544249475594,37.47584585689227,44.33344154916992,19.116588127927216,4.551004771454055,46.1880502944245,40.97718341093724,69.70433414625975,27.317360580830773,101.67423124793436,26.049910472470334,60.64673760907532,Normal,1411.1736244780814,76.00847040702519,9,9.639091085302898,142.0,83.12810661955046,100.0,None,0,None,46.930974314445635
261,South Central Railway,Summer,Passenger,21,69.60443998238311,1064117,48.50187998331558,10.860285457810775,4.451463356584116,Good,1.9204155307416104,29.171608465507298,66.77223415826955,44.613556346476045,10.59103639315817,47.81465374833227,,86.43883084715176,37.647685349012505,79.87211657631289,22.666005208945194,94.41994846877,Normal,1021.9189817943131,29.581139910264312,6,4.92289466188999,9.0,81.31649504598712,98.30903145404392,None,0,None,49.95041658959086
262,Western Railway,Winter,Express,10,101.47285587404795,1012650,47.598889612132865,8.624489185984155,2.7436657025714726,Fair,11.481002402106693,7.082568681779552,32.64312671143183,3.938176853408752,10.459166856802467,11.155537473411883,55.6524441208803,104.04921910514418,54.12780249454348,72.55850411802476,25.61295218972895,57.15017898936972,Normal,981.5620699505222,70.17779418708113,21,17.924159528944617,196.0,87.920578104518,75.77115045817804,None,0,None,52.50039599824969
263,Western Railway,Summer,Passenger,2,73.25982547569232,597915,37.52987623534365,9.42225733402037,3.8940681365686842,Fair,5.333085443853619,33.57093330570533,66.9189416083476,33.06145054565176,16.66082380662964,17.58863144664317,62.860197244136245,118.59126049744086,61.129464970146216,64.38717438950508,22.99844818239789,69.26841169303893,Normal,984.2105699298193,61.79026173792793,3,16.1510838283184,99.0,63.04667483027468,71.85961607804013,Brake Failure,1,High,64.59051264460822
264,Eastern Railway,Winter,Passenger,22,68.73256474560779,697286,18.66899506330327,3.556999498964493,6.139044102734951,Good,7.505470958794556,32.1132528671847,,,18.199343414712796,65.53015720784539,70.09809128268788,106.97944333422907,12.582977383402323,69.55269564652218,23.43397802132133,,Normal,1292.6264081132008,81.56646433819196,12,7.962454379916996,29.0,84.15040313403883,76.5995921538099,None,0,None,55.454471837940105
265,Eastern Railway,Summer,Metro,12,89.67178187622379,1300393,36.787475067859354,3.7979919511307108,,Fair,10.351040813103575,39.131097704282105,60.10533954010284,4.681515351284914,0.0,39.21703862571438,59.67606517040697,121.73902531836148,60.177796333355225,49.121849943836715,28.724453765089574,84.72563990731767,Normal,515.4134411901,76.76450288160247,16,19.50237571945143,317.0,85.70939245921603,86.19903105416941,None,0,None,54.74127701417554
266,Southern Railway,Winter,Passenger,9,71.43652274940916,262137,38.2569699320793,4.466579243331254,4.527824886650817,Fair,4.852306889859913,46.53441079901856,80.40163189643758,55.544334683530245,21.521322126049256,39.19489787580849,59.084279211778934,108.40441220238625,9.750645672338528,67.93132633738716,24.440648965760005,93.71965249320694,Normal,861.7456620962126,36.23339536958731,21,14.263805109662172,276.0,74.44654586935648,91.85292724767407,None,0,None,49.13701594126136
267,Northern Railway,Winter,Metro,16,84.57915853833242,1471123,55.27912618652532,11.751397381178876,2.6546510943924946,Good,13.856122733712674,15.290999361119098,49.65008829881416,43.350231156486245,4.634838669620413,31.43564532078317,52.6228071171726,62.571602750830884,22.38867305233628,82.78833852426455,24.451335945686715,60.16901642575858,Normal,964.4872213266153,95.23467187331623,5,16.94078970409796,349.0,96.33222429008718,75.54826334880892,None,0,None,47.915477082354286
268,Northern Railway,Winter,Passenger,5,58.93884751541301,17611,35.99002792848288,10.576319939929562,4.315360542490066,Good,6.0559165434854885,20.808257988120214,13.50299571514568,12.725734638596848,10.972515471037966,76.42097215041645,40.61006569387051,105.44396085203138,43.60547421042585,51.905086718875225,27.130002124607532,66.6516961971485,Normal,849.7949760566764,68.96964267261704,18,5.945324126676006,144.0,71.02535718304047,89.79166917913577,None,0,None,61.71800772736466
269,Southern Railway,Summer,Passenger,13,54.63522404942472,1218307,32.987170061023356,10.19118103088951,4.222600574615215,Fair,3.8626529661973628,19.730045882131158,30.027306101330815,50.71496161954231,22.600924634265,75.85632320067486,74.12507441868838,100.96195056027966,68.02670635939377,74.09541994029358,21.193066758383306,,Normal,591.917158583554,45.48959928730203,6,3.523208958296905,23.0,78.89347012959551,89.10686176338824,None,0,None,62.78233827146598
270,Southern Railway,Winter,Passenger,19,94.87453679946503,1288403,29.635753765870884,8.242847094894799,2.800606450720092,Poor,1.289392398882492,36.260365583647165,42.00520774583008,8.345974536728287,22.46613916129713,40.525820821676064,52.08037055911472,88.97864473278322,23.7522408008118,63.41788710686454,25.428832840000144,80.81278497512982,Normal,958.0440657502892,68.76308378773169,2,16.26837489415868,253.0,98.67257042097361,52.73921039429467,None,0,None,56.64758595802928
271,Western Railway,Summer,Freight,30,62.539854902527544,781564,29.00472902405145,6.2870662826986035,3.7464569193349324,Good,7.646578223076847,25.29230170129326,45.13787206753592,22.90264237314289,14.34591521732688,51.39672879398542,77.86471425243028,68.70145757001357,32.79383124763435,36.57845615311428,26.87255434769087,78.26990610360494,Normal,1160.5669393994558,100.0,11,15.719680360724189,74.0,82.13351635958924,95.58071043447293,None,0,None,50.42860462832122
272,Central Railway,Monsoon,Freight,20,75.94089532622124,723714,41.730991268938205,8.345026497383794,5.2056992633594135,Good,4.0412263020011965,40.799978914779075,92.55839038408405,21.90300514745124,24.451615956234164,53.19915017395277,62.537917056274594,95.05614866851866,87.11201102607433,63.820690429357825,26.421289790970892,91.94108621863826,Normal,684.818635122329,34.80777849551282,2,1.4026083106834417,189.0,90.62303437586962,86.54827142721776,None,0,None,59.03671714892348
273,Central Railway,Winter,Passenger,1,87.09537001026601,76247,33.05621980604778,9.522951381826054,,Fair,4.6272848175465935,30.82955609729334,,22.977342984178946,,38.76805184530491,64.5216635781701,111.2468156338355,74.2404521959798,95.22248856318622,22.36889788633053,58.496811999966646,Normal,1022.8353044589112,83.08551454778869,12,14.118908034089234,154.0,67.33147588870872,59.14955737246872,None,0,None,72.6829139647806
274,Eastern Railway,Winter,Freight,5,95.1389905939347,362595,41.6089923089743,14.324792302403852,4.688119730631585,Good,1.3163127919749622,34.33886932464197,60.830617262515396,34.30450136548936,15.814900483770883,36.41096903903124,56.28213117849072,93.05489771766598,49.75215045922876,70.60402210374538,23.53401885078588,60.810549516737844,Normal,836.928362807393,72.8081685551311,20,25.156153767326167,157.0,79.82146416682151,85.88284500683179,None,0,None,54.92795971396034
275,Northern Railway,Monsoon,Passenger,22,71.45400255069802,251690,24.01103808552879,14.376289715818839,4.165020999181806,Good,16.71372693187506,35.64031390864156,66.31816092482046,6.37281667178782,17.500082696507242,42.88413112204064,84.56842865242852,82.37719419997022,100.0,74.47686279819014,23.955354943380335,79.98181494621498,Normal,1210.0124181545539,51.56810580527316,10,15.452832561712311,107.0,77.73040046668412,94.51125233573377,None,0,None,61.14804118745984
276,Northern Railway,Summer,Passenger,11,41.01055546611038,326320,35.63661868213422,11.850615241086862,4.1072504099788185,Good,2.1136350706977254,21.887323121903563,77.34355378991204,8.180072911157914,19.758629919350955,11.276173788039145,57.90012906550606,95.66340790639791,55.099417659355474,89.22701708666185,23.06874381887893,64.84052181428022,Normal,702.5610117302864,74.2645872138423,6,35.20678832829359,310.0,66.71957906225668,80.23978956598526,None,0,None,58.52055969722451
277,Northern Railway,Monsoon,Express,7,80.29862210298877,1044467,35.86929559709154,3.9771451541269585,,Fair,8.436615467552267,23.546672603729537,39.372217354121,21.05588800253434,8.12575112514563,78.89064363348179,64.99866061843922,87.82711127503066,46.445078170169104,,22.641611271690447,67.3371340710604,Normal,1070.635113407143,44.58351401577822,5,20.018491792857148,176.0,63.99331685171849,84.18061771836497,None,0,None,66.93948117101843
278,South Central Railway,Summer,Freight,1,85.3506448058381,1397048,25.82534174490715,8.702323460062592,3.9846569593761454,Good,15.359879135590058,46.659257670090625,56.88055051531434,33.8598948777614,21.559855290427322,35.34088075910221,64.11878580566227,105.1580306345528,20.52510452538066,78.12756717963099,27.709077664385408,72.78579754243691,Warning,1191.1458892768649,81.06255334555944,19,23.445629708080254,13.0,77.72080190490628,98.42001391546077,None,0,None,46.73061225554396
279,Central Railway,Summer,Freight,21,72.59545281324378,118397,43.952884064398546,8.44893403719694,5.127114283076398,Fair,5.00517895829983,16.347319103353733,72.67698368599187,,24.333697921382264,65.4304689719342,62.01885810476681,136.22821860122238,2.90339848922482,57.50565549758068,25.160122957003104,41.238943495309044,Normal,934.6340659886666,96.91084472232431,9,5.826253854960529,351.0,90.66447569469058,69.71119372430778,None,0,None,54.118595822524426
280,Central Railway,Winter,Express,13,65.28855877852925,675762,41.856902717052655,9.34418595922241,3.845419025921158,Fair,3.643741184158161,26.52358543535939,68.14799881614374,28.572549904250202,28.130017027391105,64.8506666162967,43.66876500444898,55.23970442840617,49.52090737348456,91.6427852512546,20.06033311099026,73.68745219957096,Normal,884.1645112428276,74.51052170350818,20,6.573373864470335,220.0,82.16546981196852,81.17754077049587,Brake Failure,1,Medium,59.98568239460466
281,Western Railway,Monsoon,Metro,7,89.82962824788703,507717,53.987284731101596,7.357715934408265,1.6034461459338814,Good,2.6298898776642727,33.85876835336445,70.63246087890256,21.851113849974308,24.399661382079042,59.85311835816956,84.75829472993254,79.3789513138305,52.472168062085245,90.18676264620274,23.79818472017096,78.77032114505081,Normal,1274.8548211902025,42.17977542832523,8,33.467486061576736,278.0,76.36255612024125,80.05691878525454,None,0,None,62.1019767461147
282,Northern Railway,Summer,Express,15,89.75844298553505,852135,13.469332040582273,8.382364277305372,5.334680543466497,Fair,12.336390697251936,38.08689442747734,54.07864042379398,7.361644087580928,3.35156821734558,21.361801402665677,48.61442282384372,86.45936219263521,54.02934938993235,60.91070236230344,,82.80971784952214,Normal,922.2170922533294,29.44809686573562,10,6.708126777060683,7.0,73.8719890969222,98.27152416875856,None,0,None,51.058442975901436
283,South Central Railway,Monsoon,Passenger,10,75.0667366219057,231455,36.28577812846444,5.679487358298246,4.296482468141918,Good,8.541174626407251,29.89792006424047,41.3315471470687,22.91974975323001,7.67239145436127,47.147410765172005,67.52417768253292,93.20788436334955,45.85769812739454,65.17632094213991,27.286513722362155,73.06223988844266,Normal,951.2969584168102,67.51600108855091,13,32.67681725094573,168.0,86.45509642529225,72.1768613356735,None,0,None,58.429581117546974
284,Northern Railway,Summer,Freight,12,92.13613799675639,706135,28.669356116604042,11.81655153097158,3.670375321746406,Good,1.234868638870981,34.53977837615862,,48.827586685615884,13.738781845139206,46.56018215523204,67.90492520725796,92.11837097062178,21.06787827362639,84.13982540903488,20.826834622766818,62.036504633009194,Normal,868.5969607810231,64.38536296817519,16,14.12760889354356,230.0,71.69836453695538,72.96961050468131,Bearing Failure,1,Low,59.51041779975593
285,Northern Railway,Summer,Freight,12,95.09340652044115,1276081,58.41634211379283,8.512916602439448,0.45125244450099355,Fair,9.395959015194796,40.12563676732161,23.945907070545672,17.9881436913224,11.263036450505114,34.00310252514414,40.24983258525287,90.35359992839894,18.852795223600648,71.9294126181197,23.430396329083607,69.80701624368965,Warning,579.657980937051,52.48520588308336,12,5.194482581982065,49.0,66.83558778091061,76.29890196245182,None,0,None,57.83131325213487
286,Eastern Railway,Winter,Freight,6,56.5855000785585,1104611,29.18693205086229,8.86073742598233,5.800339548966451,Good,2.613344106547503,48.48122950733071,64.46956046755845,4.449540119686287,12.307730197675372,95.84381021862171,84.90223913413374,88.67475157618377,63.08624139474492,56.75481026362844,21.189534211488233,101.93281301435223,Normal,639.0868922036381,11.043652006021595,15,3.4852361295733187,325.0,100.0,100.0,Wheel Defect,1,High,53.839507742005
287,Central Railway,Summer,Metro,30,69.52589922795124,1124212,27.33981750764655,7.818908454809125,4.013546567315056,Good,11.161050714955321,33.52804319142249,36.14469057469326,14.294268692816235,9.198513906664344,46.30238616098782,58.24024196411325,98.13911988605828,63.75224589070612,65.26072948132257,23.529279807717266,,Normal,796.6229339201625,65.2870225098647,11,48.959996136528986,321.0,65.6922168453102,98.74633236897301,None,0,None,58.954702582754976
288,Southern Railway,Summer,Freight,30,52.88592293968611,1141503,30.25446935065962,6.477444925822606,5.783070171055716,Good,8.191190287210166,39.70729505603967,95.8826435344291,13.40454157082002,1.6188610459516077,57.92632114632621,62.878821790305366,98.5516896792586,0.0,69.40400628096968,27.69701036167417,58.76164895261775,Normal,439.5030219169503,60.511731425652115,17,33.46915061823258,6.0,94.84670045815224,66.98432337302457,None,0,None,52.04808983103705
289,Southern Railway,Summer,Passenger,16,40.83526807677378,620062,38.78975877729519,8.874891459150392,3.9338511224888184,Good,17.413407609936765,27.60800069442996,68.59172297084463,5.281902476063564,20.90576031629251,10.759425397676438,52.38273454146073,96.68941480172073,,46.49224100474248,21.834475313640684,64.83255459613672,Normal,945.6303432869918,88.17518625221409,12,38.061947769856275,236.0,99.99880210213499,49.196639319536004,None,0,None,53.09030730627667
290,Northern Railway,Winter,Passenger,20,65.59283483521247,174936,48.725660767308135,8.93391541757624,3.8748930594013276,Poor,14.317499237718891,20.714202225525842,93.42784654810488,4.944334686166002,17.130634180512256,47.672419102455386,55.08519887014258,107.1145840545375,34.5311926518539,71.98019257336955,25.909056197997547,74.95108595833982,Normal,1387.3412968437692,58.58248564360146,10,8.350642631373827,317.0,75.65948894739475,79.25691076355129,None,0,None,58.10980186431528
291,South Central Railway,Summer,Express,30,79.58153460050613,251131,46.34932740496516,14.986351376388209,3.9989943967432637,Good,2.7471756673473395,41.104619211698676,66.54681354433947,30.24053644260535,23.56733104410703,57.674643395159585,44.9594829685472,118.28733364311597,35.955402583585496,49.70675043909833,27.6104888516649,62.005249655501196,Normal,1142.1766504717386,79.88275343995568,5,27.88141121569483,228.0,69.30972171709735,79.93361997833752,None,0,None,61.809337303409556
292,Western Railway,Summer,Freight,16,73.33297775729406,569984,23.519144267117188,2.79070564880944,4.346570508909957,Good,10.71263482624357,29.06205132921192,29.6325898523039,37.907892341243866,18.03493885840095,35.22424009006222,67.50698323686082,93.76653058550836,46.111995312433464,103.74714639574181,21.043942755790862,73.21640974866179,Normal,867.3990439139914,41.941718267770156,7,21.650971426556275,92.0,69.806000350504,62.338857046812834,Track Defect,1,Low,65.94973522131347
293,Eastern Railway,Winter,Express,21,71.09121648558678,588580,43.91275815703161,8.011700481364773,0.0,Good,16.123569610930737,25.61910355790245,87.9179790772771,12.971005165394939,27.992726453591786,16.36116383006113,87.74002402274175,75.27643424874401,57.80519541066959,48.42824629938161,22.68579938992287,63.50922866664643,Normal,1076.6404693136653,45.10379666838688,4,34.07246024028315,255.0,76.4990275825839,90.79114368636712,None,0,None,52.57339394197675
294,Western Railway,Monsoon,Passenger,26,94.27516261939783,176326,39.36149689229428,10.325417425923542,2.75317423593114,Poor,4.441953682704428,15.036576006323077,65.16716894345191,1.3223387641332962,15.614254178047693,35.647303935545835,67.54928970044473,106.99041513792662,55.755872907050744,85.74534469403372,28.77702548302203,77.4778742483295,Normal,614.2224437953876,53.493732219190235,3,21.13647203858166,330.0,78.14541408784461,98.20290875735293,None,0,None,51.98856353057035
295,Southern Railway,Summer,Express,15,40.0657086666706,1361807,24.5227502721739,4.334252192974741,5.676033121637368,Good,9.435404482252059,27.181618051131505,66.16309602807783,28.087216243290843,24.196459988450123,42.80742679937927,63.015054962537086,111.29158983277595,26.98542664046179,65.95855399487303,19.68597791384955,60.9533962807437,Normal,590.7531043442845,44.889767915330324,3,3.849805733867464,264.0,89.51408481833542,90.97568192834086,None,0,None,47.29750965463946
296,Southern Railway,Winter,Passenger,8,87.05935932339924,434581,43.93225462877557,10.622218816913424,2.082063345351491,Good,0.3889961524635133,24.971956541263165,35.5110077693496,16.24544323422495,8.693709800491732,44.2974678837826,55.45911770813204,107.4513928572159,22.05256254215805,73.90874382958485,22.99044194207001,88.03938152110528,Normal,338.2466471801818,60.2291805081506,17,2.9658352203210203,78.0,52.5827826773766,57.70863550682394,None,0,None,71.3505081994209
297,Eastern Railway,Monsoon,Freight,13,58.65690633284635,1312714,37.55633056720148,10.458646206315386,4.713809809714862,Fair,8.523696371753644,18.178898113672552,36.36909519290046,15.175625673753355,,42.03949913107062,62.134078283147616,92.32587838742032,70.21508376197625,64.31590247498617,23.97860927168345,66.44379549559412,Normal,516.2330582128316,60.24792021779584,20,21.821207371442927,340.0,73.74400350625639,85.63190268947746,None,0,None,61.05662026545018
298,Northern Railway,Winter,Freight,5,93.62053005931017,920457,22.01194957483102,9.810470788022498,,Fair,11.15479823711537,25.902490920668345,53.87367849692849,17.47907339402588,23.69808328742473,48.392258474662306,60.714587131524915,95.1332933070154,40.539129315709005,83.30505249580773,25.033590481179083,50.16157976175889,Normal,770.1262709511417,54.81866476220823,8,3.6881531204288995,175.0,62.16984159402715,93.47787900876449,Brake Failure,1,Medium,58.86300595757862
299,Western Railway,Summer,Express,15,50.57821178138447,316391,51.29764769358125,2.563662560659038,1.5025941681097752,Good,2.063044023650345,30.39396220092254,77.44182495762348,13.682954920232088,13.676694460246058,56.07879095368234,54.19574479121644,62.020714118897246,43.98217582092188,64.04136142767163,,67.16926560721289,Normal,910.995081370307,71.34261798415342,6,13.73641643112667,217.0,72.84445473182143,100.0,None,0,None,54.51358586005313
300,Central Railway,Summer,Passenger,14,73.96390333680063,372109,33.71680638300613,14.848176866838866,5.577431307801307,Fair,16.78572170996628,29.87792379967769,85.1342112106181,39.917991827730766,12.6244874488904,78.80321661375457,50.0740837905836,99.90204665531516,49.70907345770881,56.72364925640059,23.07444461652676,76.77841016934234,Normal,743.1776904201328,62.30047750743884,11,4.4668600600146595,75.0,78.46318200548785,75.5706634437875,None,0,None,65.36499760347314
301,Northern Railway,Summer,Metro,6,61.96210634075846,363102,45.68589189813244,12.11997466625984,3.3300572648875755,Good,3.3177315205804407,39.96194454053027,66.70387357474762,13.015156393056007,0.0,48.88633063273768,57.97092721652084,99.9265807479748,53.211487085145194,67.77842225349933,24.065260247279323,65.63569328009713,Normal,1263.1437752850575,78.33975069955439,4,23.80878027656031,,70.37414982036093,78.42512992804538,None,0,None,63.23492474574022
302,South Central Railway,Monsoon,Freight,24,80.68203872251719,468209,21.42442699562453,7.856973626951156,5.028002798976393,Good,8.659533570829337,29.98260160129171,65.71508813534528,19.991336895894978,28.939689628557666,19.746618530342815,76.5903477311333,97.27409732535736,22.686659202216322,65.76307165047498,23.78085499469664,75.23300287076565,Normal,825.3627870616206,38.35889482097615,18,7.396256751089607,273.0,87.70087641543707,60.55577665248853,Track Defect,1,Low,54.475163086109916
303,Central Railway,Summer,Passenger,13,65.1654535973982,234798,55.91780187308601,9.355563785597148,1.7778251327744847,Fair,9.715005753930818,37.53626018714687,82.70418677492856,8.677609327751174,24.228829479048137,52.822792490473475,59.150484680746764,101.09331267908054,25.93038421224481,50.727825737140236,25.59280704346241,84.08936269623396,Normal,723.1580681990238,73.95744055415015,23,10.764210094562923,239.0,76.53352317957427,82.50536651889406,Wheel Defect,1,Medium,56.14936511094383
304,Eastern Railway,Monsoon,Freight,21,68.80640110819702,116529,36.44868287990361,5.810498456518946,3.5313970318448487,Fair,8.80250376401837,29.78363756197762,44.804546742494786,9.688827413765978,0.0,44.380410670240195,83.69323495902512,89.22178007697028,6.85653124483828,48.6898942064779,25.690186550839105,63.413443721510355,Warning,963.6172617468101,93.54575939537028,17,5.291131595418052,109.0,64.66960307505778,79.1339641935737,None,0,None,57.35429274324075
305,Southern Railway,Summer,Metro,17,85.31459026949076,946826,38.61388741038792,1.9277882086165077,5.789664630181452,Fair,2.8616001313863917,40.7459808617002,100.0,56.36965622922142,,50.84543666575309,67.3033930649676,93.18637103871119,40.74242319901376,52.78487224623554,22.712257508749616,78.53422227257602,Normal,859.898458723339,38.85490032285048,8,26.438610811344557,240.0,87.7846510251336,85.818754171521,None,0,None,52.97698716088592
306,Central Railway,Monsoon,Freight,8,41.4716136711978,432255,31.85808384156681,5.883659215178896,4.224862405566888,Fair,2.373875056802386,29.116788289443083,34.475637161770514,12.457057516551416,25.258384435980787,47.84238053663662,63.30587128903808,99.66064770081198,0.36362718009797135,70.71005891214675,,,Normal,829.9859841196239,65.89946881539412,4,14.661015798601355,288.0,86.3427729230874,100.0,None,0,None,42.0109306344296
307,Western Railway,Summer,Passenger,23,77.3055136873163,1375173,41.15665188632159,4.515040612762362,3.203393114945273,Good,11.707287253829708,37.04277489690296,34.5765603236466,3.8468839934229577,,1.8604120764267762,79.11983044037451,99.20396152928818,92.77158036912064,64.8693780864957,21.066678984686362,85.11833769588412,Normal,856.9018906994312,58.488288727263765,17,2.8889534218042234,223.0,91.57837190097987,66.85620517377362,Wheel Defect,1,Critical,58.7426968906684
308,Southern Railway,Summer,Express,11,67.72655482978148,755039,26.83804515770269,7.351757431084375,4.752735015215226,Poor,8.415732024431355,40.235234731573776,40.91083250974861,,10.412067714133773,63.35122830542929,55.962550694442854,95.40321147705167,15.937035896307766,,,,Normal,824.5595580649708,75.87547723967597,11,7.931739417185994,292.0,64.25512010418521,96.17358525740393,None,0,None,55.74319275370437
309,Western Railway,Monsoon,Passenger,7,68.23207965210314,1442025,38.344092703614045,7.278493187445507,2.8512914962467515,Good,1.419530655142369,29.432061713788,65.12733339593302,16.874152032905144,3.3125014915601323,,,122.61943114404153,21.994075453905126,,22.836529966580734,92.82851224373225,Warning,1136.4921894373053,45.31009971340346,16,9.563327237580204,154.0,86.33246576158518,72.44306867041712,None,0,None,55.80398990135865
310,Central Railway,Winter,Passenger,20,76.70114345780381,469051,26.893563017587194,10.704665198898159,2.256321382853272,Good,9.242130005072221,35.14095066251491,82.23528065135633,11.415752264811339,7.8308464390956605,13.939820574423926,51.071040714842205,73.71445315836093,40.26965225101757,,23.607063968289992,81.46701806083018,Normal,1060.7344133560773,56.48703831588581,1,18.75086064880815,324.0,87.40665707271731,46.66436693404023,None,0,None,61.20656252145109
311,Southern Railway,Winter,Metro,3,70.85426267894272,1226681,46.29575673598216,4.05354328041696,3.69103456263835,Good,5.982856405160611,26.733700460059666,52.98623384613751,13.30362747364071,18.317151679327594,32.90456260352139,52.54435632384851,87.44582133587505,57.18142085556064,48.54366327566113,,85.75306035119593,Normal,897.0387794509464,61.45836988470749,20,4.502573397871808,317.0,79.17576717842248,61.18222524579221,Brake Failure,1,Low,64.38760017038716
312,South Central Railway,Summer,Metro,27,84.36445243842999,1413738,46.27148695471117,6.929134178599504,3.428750755119306,Good,6.088440397732498,16.724538516963044,23.05768910355026,4.719872492382512,17.965976665716802,45.699772036145696,77.77491764076562,101.8733474038478,29.90688905484309,57.468350862693384,21.783988688689604,78.84828079643748,Normal,803.4068573508455,60.43014278417208,1,22.53645523609099,42.0,87.1243806086904,98.73827316759592,Wheel Defect,1,Low,46.289070341948104
313,Central Railway,Monsoon,Express,25,87.3469088462104,1041159,44.4868048637233,5.346551588111509,7.586581962162304,Poor,9.368370607466723,47.28335867198024,55.857297441381185,28.66884619436775,10.05273569102922,74.88566032629409,69.27664793836152,80.51953277978664,55.23835982013445,50.34744181568161,25.11060614266985,84.77335187261754,Normal,892.8256577584292,33.872190035401765,16,12.626519637210407,239.0,68.64447041288805,85.122427095593,None,0,None,65.70018889399591
314,Western Railway,Summer,Express,22,69.48950044143243,953930,29.029035328830396,6.196309300887383,5.640859072835774,Good,9.920779811045035,28.192939482515417,37.65057785657184,20.42514734783355,13.535273514539238,,,98.90425806236554,47.14665938974856,93.98761579306912,20.425406363668536,,Normal,1320.3475344103827,69.62287764262216,5,21.080225147993232,46.0,78.16042800977135,89.83391354530188,None,0,None,53.21442215379032
315,Western Railway,Monsoon,Express,15,73.12324587432909,946027,36.07836819175974,11.778637452116211,4.042759253199916,Fair,11.884859598667957,34.15499174372129,41.50712753205924,4.237822428694912,0.0,52.026398271699705,62.51825605051106,104.42334978438703,53.37374219225382,69.30167460085369,23.86835522846236,68.33272477300665,Normal,834.0342780666913,52.152942993119446,10,21.79781518176591,251.0,63.37968349950427,86.15320544125365,None,0,None,63.47350994032775
316,Southern Railway,Summer,Express,13,63.02903305525791,487968,34.14877525935427,10.310713979616718,4.560004944437974,Good,11.756126792181458,37.74468750240555,65.22855933094048,11.415710606140347,0.0,41.594749722749484,54.69464991685764,97.66887697545283,21.29286096500815,87.16518620600299,26.752545659324767,66.6252311150599,Normal,1107.552642992673,60.66703669257029,18,37.71301844657998,,71.68123767362866,79.29660320900022,None,0,None,56.59089729424355
317,South Central Railway,Winter,Freight,26,70.53003150724251,484214,58.84394158381011,8.580808275657771,4.2600860410012835,Good,12.109176181794375,34.96563350285421,54.664587052604006,13.86435764788834,4.282958141224695,70.22938276514638,73.99519551979397,111.82385222614336,62.339526068493946,,21.772433870110028,76.9474005068195,Normal,939.311733485899,83.14486808296284,24,12.18082258797982,95.0,87.37258302869708,72.31473513379872,None,0,None,63.99477496817252
318,South Central Railway,Winter,Metro,8,32.443447880609675,969578,48.58940599123437,5.290796646565031,2.2610551761535005,Fair,6.703294779629632,25.70078932883851,63.23310485237912,35.42389740121111,42.4029664103423,39.816804234679495,58.13284785447653,82.09198006376204,42.79115371196281,84.1278845357522,21.995354944712464,66.18959392617751,Normal,1119.1619652811532,64.29844903523568,3,16.94200135062741,205.0,76.87402960990461,71.49260950164157,None,0,None,60.46287000295518
319,Eastern Railway,Summer,Freight,4,78.19694907384847,842557,27.664448938345934,12.13277142682016,1.1792493297404008,Good,3.139849497223701,20.57030060949701,45.41873257905591,8.044500801375385,7.199037541917351,31.729459826785014,59.760374269665114,94.60859110601176,62.75927500552622,56.8715758726034,24.013594830823884,97.56490295541141,Warning,212.34530144007715,38.74139944256536,13,9.492969835896492,302.0,68.49391532186516,98.25028317269292,None,0,None,55.812840751751374
320,South Central Railway,Summer,Express,15,87.01924928233113,1015243,35.31538433741966,10.101117465225851,6.85135956920961,Good,7.129695685045309,39.42910148306285,53.49004267688699,35.013002383439385,27.7936371754135,24.538266931423166,67.20790212069117,102.10774977923393,48.66318082698649,81.32929177295989,19.94744140365291,56.94170437270032,Normal,1084.0549446648063,27.19972904691447,12,17.913422032161332,27.0,77.4973709256517,69.23280305840301,None,0,None,59.62465626934231
321,Western Railway,Monsoon,Express,13,90.88634000329019,637772,36.8285598158215,7.164181886845964,7.319172991723468,Good,11.139158096972638,13.395769008281984,75.6141478678896,34.52135112129464,20.336705248941172,36.74980386182091,99.6848070369764,105.91581985424546,0.0,75.2323730421979,,89.08384504458144,Normal,578.2832303300402,62.931489703474135,12,54.67581835461309,18.0,79.00712325938974,78.54230527544608,None,0,None,50.370170592080605
322,Central Railway,Monsoon,Freight,2,69.89574906004978,1016792,30.4459370082969,9.604854813241678,3.3250239473501706,Good,3.81136288938923,35.581972015427695,18.674999745677468,47.70892533087037,15.831208517614735,24.217333368713703,30.07691629327234,86.92010788088322,45.39863266522066,80.72893368526631,22.81503517750593,51.84211491578547,Normal,1436.8361811105926,75.74308128816925,15,16.738955154171695,238.0,80.77659882845344,65.74794328610054,None,0,None,59.15880516499626
323,Southern Railway,Winter,Passenger,13,82.98968756468548,1028926,40.05049828499392,9.108485746773763,3.4915196417631926,Poor,3.8284328404602084,23.28091753392578,18.80272527482635,12.543246897358992,22.6347070878791,28.23713669431781,,79.0953888373868,12.284662803031186,79.17924029604765,21.1006036104886,,Normal,1145.5756630111891,43.031243235600854,11,24.836133936250487,104.0,95.32324310655278,51.907653184771945,None,0,None,54.5474562226387
324,Eastern Railway,Summer,Freight,5,118.09594268990244,814471,38.4948086553195,6.183389415240816,4.164928593148864,Fair,4.454495933643804,22.61045602818892,71.31535788110384,80.76222503446499,0.0,40.8802818175928,,98.74392098793952,20.690666408835543,68.48373388702579,24.158732152073053,56.349037320420116,Normal,1023.8192910668611,44.2425963052919,20,11.937516673492434,263.0,62.892753944546655,46.78635727103665,None,0,None,70.8479533085101
325,Eastern Railway,Summer,Passenger,15,77.66184919489291,1391019,41.17719895157563,7.4275522997842085,3.038703424800164,Good,12.024420817152349,36.03963377528474,43.01442880930165,4.195867561087603,16.89252410943034,21.34768969734429,,81.07771213053725,45.27500511136896,72.55908138717386,24.662007751639862,55.23081259547139,Normal,1092.934138107354,66.05538379899527,22,11.965815862405984,176.0,83.16894940365714,70.85950912702361,Signal Failure,1,High,56.083443735568736
326,Western Railway,Monsoon,Express,12,65.1245247161321,785411,55.40600193150446,8.28155860574118,6.434054649914221,Fair,2.0983047969637494,25.837679640215445,35.16707599249797,38.95347088460827,9.099465652126579,80.42145602777241,70.43235235276357,98.04608500379348,2.6703663797873958,73.5014531716352,26.96832036853654,81.77748104579142,Normal,332.9650873285271,52.686938701860505,16,17.03467206312182,6.0,80.48862876279648,77.76465697614017,None,0,None,57.07512335250614
327,Western Railway,Monsoon,Express,28,82.53625405065893,580751,33.92901025633816,9.220919260172092,,Fair,3.149746512184598,46.732190217492146,53.28690284772581,8.60341770193484,18.751522065163066,34.56712376820745,50.45646426911159,55.51998145428505,30.63655215232184,83.48812054253898,23.924753380972607,61.78249160327958,Normal,1059.5644468511514,65.87346930720645,14,17.044767792340075,271.0,79.55470156145029,74.70083637987595,Bearing Failure,1,Low,55.791113108615214
328,Central Railway,Monsoon,Passenger,21,91.79944138746365,1385935,39.674649740564234,8.297233060702462,3.730081899101317,Good,7.16636435505791,40.020092398066474,59.097014978308884,,23.670177657169813,48.72565857960334,66.18103409030378,79.05933402042768,40.88190024431043,75.93640499917467,25.242164304546776,102.43348103945198,Normal,950.094673616132,40.958185748904015,17,7.827938600546902,65.0,100.0,53.15292593615666,None,0,None,59.837609745932234
329,Central Railway,Summer,Freight,28,99.20265359900148,1386339,37.53483406173582,7.586341896945354,8.39531794870808,Fair,15.856412845383597,19.929309315902323,31.288602180602,1.6892950100548432,20.74011200632296,64.59761414923878,66.67804152786259,79.3289067490477,77.65547045784936,76.75236996124431,22.297666695212044,82.11558095583874,Normal,636.6752147431142,98.90497203866062,9,37.224356736909364,345.0,59.93522906891786,97.97380411959094,None,0,None,66.06980107508515
330,Southern Railway,Summer,Passenger,28,75.40621790599617,1415733,24.066946361875708,8.987543891404774,3.719539305236987,Fair,19.101283654180992,20.77814968461923,100.0,,15.4689942788623,51.85569062021186,64.65717615781901,105.78951584250916,0.0,65.29168661600607,24.236779206921586,97.35523028264416,Normal,916.7891600822123,60.37814108602934,14,10.252877863739036,164.0,74.4000509777019,45.36613753024506,Track Defect,1,Medium,65.86018761525034
331,Southern Railway,Summer,Passenger,17,87.6440519281609,369060,59.74485704862191,8.56768981641701,4.0750951882611135,Poor,8.739640409615967,32.52682832736946,46.43008019244627,14.268008000149221,10.373475594274598,55.13630907147021,74.42693815753559,100.66946917986614,62.905900354557076,71.04044998008705,24.306633696873504,51.160221756753856,Normal,657.0356310953636,81.66741449212213,6,10.166943699754952,143.0,64.432327157491,72.81997190685013,None,0,None,69.6680267413847
332,Northern Railway,Winter,Express,7,108.74341734512434,270598,25.577579541544765,6.594405822601051,4.718399336585292,Poor,3.7316108619631794,28.612366712156266,70.34831749615594,11.428582107050014,20.822162265416015,26.735949802309737,48.95730272726867,89.22321411159525,87.54171341914838,47.12028898349044,24.833339756809647,73.19149043152682,Fault,539.5710799387559,64.7646099630511,16,14.466915049988138,166.0,70.56395502175859,80.03167887807304,None,0,None,64.43317761827764
333,Western Railway,Monsoon,Express,19,82.71653100025391,631684,34.05401393203028,8.359984169915169,3.7472526818841727,Fair,5.572299668579653,11.758359588651675,59.84613669332248,20.93058532795456,13.610300649641358,55.26648210024443,74.9385171829974,61.17460065594257,45.068531555871026,64.21439257893847,24.29155617411598,73.06603425563786,Fault,788.3845902967181,61.40107160454371,12,24.92287571011975,119.0,89.64640484666288,100.0,None,0,None,48.67401035208532
334,South Central Railway,Summer,Express,13,88.72979716858082,87866,44.90682654957065,9.629956356899573,0.0,Poor,8.090348994000296,37.23498609622551,,28.12510658247481,12.936564683177373,34.996753179755245,46.03819209580253,107.85343713679592,32.74188320916399,50.92979121375849,25.456772104878095,68.63665223487507,Normal,876.3361118079439,61.53967111176054,24,23.613993592102744,320.0,87.7878511969931,77.70095382256756,None,0,None,52.23971370149167
335,Northern Railway,Summer,Passenger,6,123.55030554770067,1084878,51.2099261494228,9.184625337842313,4.1590982404257915,Fair,3.7747027097073316,28.412579697444706,79.32736018788445,19.915365836931247,15.939188671451307,16.63816383370081,80.36655245270184,107.36718484699047,3.1452051260684613,57.42104915083083,27.343394674685374,83.55374997749973,Normal,462.2898215956278,44.49943818368846,21,1.3812832858632964,23.0,74.9010453818013,96.48307325181875,None,0,None,42.983063822198375
336,South Central Railway,Winter,Express,20,82.86590885070406,1490017,31.1004212535815,3.234488531154028,2.9726600775382384,Good,2.346061697068939,42.949757194911186,58.877556391863074,25.935625504779097,12.464064347230263,19.535141175182552,56.06837000726114,96.96776344893551,53.02558096471778,58.76087197207552,26.665029206441844,38.49950262687425,Normal,772.5543895165658,57.79350919336267,6,4.047768353871439,276.0,53.521848425464015,94.68132511159607,Signal Failure,1,High,59.01299758301403
337,Eastern Railway,Monsoon,Passenger,4,76.32753618658816,1438237,44.61554334393121,5.725417564143051,3.3829944259280467,Good,15.824635541834063,29.192042804276227,65.28428147125805,32.92038008739577,7.676175103456398,53.22086733788354,65.95710997829453,99.36209172429791,36.502775803081896,84.04936562711474,23.768677679266652,60.47492178969468,Normal,733.2032025182943,,6,29.904945181909568,286.0,75.34586039955289,61.735897436271436,None,0,None,65.47993122860632
338,Western Railway,Winter,Passenger,12,61.8790290166369,1181622,23.4705973674174,9.924641815880793,4.9748751408454375,Fair,12.409007587206808,20.992263648089043,47.26832568614803,8.895556617914018,14.579842730627753,72.38951211092065,70.66316255733692,74.96472735491677,48.00417612359996,82.65042646459602,24.98764654214315,55.0765957202283,Normal,557.2245273196479,92.03607250570418,10,22.209080342409205,163.0,78.08899863221416,76.02858960253475,None,0,None,64.11789735301598
339,Western Railway,Winter,Freight,28,79.61257636522404,8195,30.523681655125166,8.845741191163757,2.15515246915026,Fair,1.6819430619737201,28.98774914482365,64.71909799986263,11.295445002055697,15.0152013564903,34.449070522273615,54.43270447413062,85.81154303492511,36.56151366131511,42.515876273940655,28.482592146552406,93.0614908192291,Normal,732.9074037224325,55.52513253101448,11,2.0024312228975885,269.0,91.97440113287885,74.6273674872958,None,0,None,52.34096861047719
340,Eastern Railway,Summer,Passenger,27,82.15600537722943,847653,34.724113894134575,9.67662152004808,1.7445755598118473,Good,4.305106367865968,28.78207177938662,42.10248294744124,51.96488247623928,29.312329624522548,60.01305808545402,61.9725398093078,91.60762960777599,65.28896394977178,65.20263707510725,17.83407104260663,60.5151056244339,Normal,942.5770664341887,74.43057869540664,2,16.91891391215768,153.0,86.97846896981244,90.0865471259727,None,0,None,56.822547671759075
341,Southern Railway,Winter,Express,16,117.41631369379249,548243,11.9315903668052,10.799660988927172,2.579954017159411,Good,2.951022539695261,38.63601979894315,46.04588878783373,23.063627290172324,4.535076249621898,73.2584219008991,59.179508258873355,116.91931570499194,0.0,81.43755043858341,21.93955406791598,61.71747710314903,Normal,741.5908543629569,47.09146848797338,1,5.97433715106528,290.0,62.74594368671613,91.96485260074483,None,0,None,56.83998458452353
342,Western Railway,Summer,Passenger,12,107.99685427053612,767460,38.11377679875158,6.077113161854552,1.7514201800460176,Good,10.067324907851141,39.165083967332365,52.32531997760613,15.885230401882666,17.85603046844906,55.593877118720556,67.55532867184176,110.04381932439544,40.254180749855266,88.94540694700628,25.275668602387324,90.99547810043526,Normal,1009.1311314133272,88.74874996639224,4,6.710379648895086,280.0,94.99875572741024,65.99028503507594,None,0,None,58.0310444134162
343,Southern Railway,Monsoon,Passenger,22,132.23690681754903,479770,59.03728742815658,9.273589784803558,1.2477977036593306,Good,2.0502725447293297,29.220735729831684,35.16585985966071,7.8308396770858035,16.470691082776533,38.307985791698734,76.90216561319664,89.8397848749153,33.19167388708766,69.8469231426958,24.144376931157474,,Normal,695.5514219788863,63.50415730341673,6,12.168389234263122,71.0,77.88340995172413,83.11003167639177,None,0,None,54.377244381977405
344,Southern Railway,Monsoon,Freight,25,55.14316277205173,674726,46.92706067419368,6.575580734921898,4.039934045013258,Good,8.635884099208582,26.889020407166484,76.58754667224336,16.3303851863672,17.010600721609535,85.93243880277488,80.66861263902861,112.79120782294571,94.11147934528296,55.18451097463411,25.530443060561108,35.89963262706892,Normal,855.4823550837807,50.993217827014675,3,13.47219064343363,344.0,73.0466656902622,100.0,None,0,None,66.44025473061691
345,Eastern Railway,Monsoon,Express,6,45.712407307177294,423445,34.96322678441336,10.005312324453968,4.116379264240124,Good,2.4560804693418814,37.75877235731536,44.671995427010486,54.31958902353189,30.073307849237857,47.210619434514314,49.957445973918325,82.04022792252024,41.12382633157587,91.5000048146332,21.146007078389584,71.33523723574514,Normal,372.8861623078123,74.8166232212545,2,10.514279659343904,322.0,74.2408365720325,70.0628794940931,None,0,None,62.74386624176957
346,Western Railway,Monsoon,Freight,30,75.10271064448281,159525,34.078370202275764,7.971092055079608,4.750101707292162,Fair,8.651985845095743,35.45238389429012,55.6323905537045,3.736827835174756,,89.47292796643076,36.60876649250352,100.93523419816795,37.12645265066403,87.57148243895803,25.30323255669335,74.78539419758701,Normal,689.8506022132982,74.3328637727945,11,15.341999137093877,,77.69854782970995,79.12727461869098,None,0,None,64.10086923562389
347,Eastern Railway,Summer,Freight,23,58.97769719566229,830527,41.06467794001112,6.442656029833033,2.022722937842511,Good,4.243653911787665,33.44850416054451,48.74908387534154,47.0345781090697,16.554234119645294,71.86875203906708,48.95885437782448,87.44111422615828,61.70749489215751,66.91532482024317,21.346216173026356,93.15136511447554,Normal,883.9032923823681,44.46144401079289,21,6.878188663803055,213.0,74.14328513981124,93.85255993583087,Bearing Failure,1,High,61.23789126320895
348,Eastern Railway,Monsoon,Passenger,3,74.07553303788877,1188762,49.07475584451259,9.946130001311218,3.0780908309602095,Good,10.542329148895938,24.11235652774994,87.9740701119902,8.208521695197422,5.837736588409289,67.11548096465049,62.522521104338864,94.9862028821318,37.974113618582585,87.04229273436195,24.163243337224053,66.45996566398193,Normal,961.7783894869248,51.66385504102108,18,16.17518600351362,159.0,80.25626614419666,69.8507615276112,Track Defect,1,Medium,63.22597950235221
349,Western Railway,Summer,Freight,23,76.45895487550364,190721,31.305340981553254,9.594211278620149,1.3607316026429772,Fair,6.899286946508555,37.269812060526995,32.742747681002655,6.1660750895997705,11.058866469840863,38.41118574063829,67.68532407342366,98.02272301811598,26.02707159645643,97.00561878551538,19.384724251609292,48.61042210471084,Normal,385.56899827075614,38.16259773736779,20,15.061994624589067,,82.47602978740824,88.85217877499018,Brake Failure,1,Low,49.70086560372476
350,Central Railway,Summer,Passenger,5,97.7973850682094,351958,24.239349381221743,6.261706478253043,2.8352767401828256,Good,4.155537824355829,18.128113956170854,43.81317873295739,16.169758902578156,19.342021874668564,31.16148558357395,50.811598882264505,55.321195206670446,61.2933473496276,,26.108649724119687,80.53553568014675,Normal,813.51073612514,71.47695353391552,11,21.941058058107433,231.0,51.71421675941536,64.63190211641503,None,0,None,73.1470833334396
351,Southern Railway,Monsoon,Express,19,98.7131879009726,1120889,38.70261452273826,5.214440196965949,7.54878726954642,Good,1.94550904288049,43.104633971202595,39.01215074890335,4.236997540031576,11.940623972491174,53.780615855850186,,109.22776417400283,73.09285439836216,58.004271419972,22.145350242982207,75.1651793102157,Normal,788.0413913206995,70.68936920913579,24,13.208752277785674,230.0,85.0149263876416,56.13636976312989,None,0,None,69.62806688536182
352,Central Railway,Monsoon,Passenger,4,51.440560667757126,469031,27.967616133571326,7.101303102186609,3.9600514359145684,Fair,11.342047451370272,38.54035943821295,58.374469616458576,12.078362406451507,22.51346475096357,35.335089672356844,70.97911134738216,64.8701737421039,71.94430526669835,46.43887749351238,24.134163729594913,83.56622197791248,Normal,561.4120758938755,65.71415234275315,9,8.03374506107911,168.0,70.96880750735218,87.09974190660041,None,0,None,60.767916945974875
353,Western Railway,Summer,Express,14,82.25204874885542,1450041,44.86618413135197,9.440259936358165,1.790656383875103,Fair,5.805182522141158,23.859635494512162,94.3990066912794,47.422227746109456,15.914932652427046,20.99063076852368,68.86675110451174,91.09943624813107,,,25.492177205217516,92.52501179980258,Normal,912.0347543227615,76.42711272542144,16,15.670897980911231,270.0,85.1434139501354,72.7648540566463,None,0,None,55.76593971082755
354,Northern Railway,Summer,Passenger,10,68.00304942145219,747990,37.18530024732834,11.267329542527374,4.361962995831549,Good,5.363504840087728,29.736489029469993,30.120645032779688,43.31278897410169,14.872329235454654,36.71595140645742,,115.41912862782567,26.096709469351005,61.542666778876956,26.047953132932378,72.35437026628868,Warning,921.7544570582318,69.82602301873368,10,20.615637555679996,349.0,47.95460240578191,86.58008464151182,None,0,None,62.33475866481847
355,Eastern Railway,Winter,Express,13,72.8803196104606,360222,19.24829059714943,8.270124270130188,2.569544091669516,Fair,1.5369847092525608,9.010924624996566,47.9261886033197,,20.939782961162138,39.57392872454348,73.92013587142507,114.84915907730264,1.2015133713025392,44.85405127008214,,77.28074667628889,Normal,1238.9584906684925,79.25002941858793,6,17.666667043917144,41.0,86.20851878333227,81.88687495704741,None,0,None,47.28292850524403
356,Eastern Railway,Monsoon,Passenger,14,77.36851924676988,1423424,38.62364581323729,6.482653905873348,3.8226295405888244,Poor,6.043437556035568,41.69638327282839,,22.84677948824968,26.671280676517647,62.144732424060294,73.46290611978003,85.05413821845084,7.330596566949225,61.548613169405186,27.26900638054131,84.4889353637188,Normal,637.5101349717416,98.58903669000239,19,27.563313187103393,356.0,87.71917645629006,92.24302606594341,None,0,None,47.434528465869725
357,Central Railway,Monsoon,Express,12,82.72551996149907,848450,47.67903064765133,8.679099069046313,2.4225387760504944,Poor,9.777226305096383,16.717052802361543,30.919657464994174,,15.355181501674808,48.19887169333294,74.52087675220234,105.46353099991791,10.92993128758766,60.28907477287071,22.146898995739747,69.37101812135613,Normal,693.5449590137903,32.70728696826741,4,4.572504089890231,361.0,95.83075483233165,100.0,None,0,None,40.32855625582202
358,Eastern Railway,Summer,Passenger,13,80.95530278350608,1262251,34.63574113064879,8.832774493775808,5.750313683814855,Poor,4.351917706416811,31.929507488098466,70.2636452602607,14.228123533767775,27.053369619293303,,74.83241768861069,71.01080840691657,,45.83051524364629,23.41845083218832,65.1610792783674,Normal,1096.7601628349694,49.55696794656117,6,4.174701345100974,156.0,90.73665053084167,53.64724860164037,None,0,None,65.9077678080201
359,Central Railway,Monsoon,Express,15,84.00887899253885,1129044,45.04986766248442,10.780204415317648,5.233387162641938,Good,16.710938689748076,31.212796632008704,67.857654108666,29.212965898882292,11.543253229608139,47.80673766261549,52.29372994012758,110.80976171685265,50.6351390219087,67.7941518056829,22.488869326002128,53.14976992110003,Normal,543.5188108504049,90.54340382844575,11,5.904199488165288,196.0,64.47583037238977,75.26819759484316,None,0,None,65.8558717141471
360,South Central Railway,Winter,Freight,23,68.91892939845576,1275543,35.19763895738275,3.8155852667937253,5.422854196965661,Good,10.261452660022037,32.938133422388695,,,13.83584708818309,,63.96572508586959,86.47617956613014,50.63621203769985,57.523228663077795,27.179285189519238,83.61181867261789,Warning,803.5313706173787,74.87193100159759,24,11.010423626952344,245.0,82.88065902912872,79.22617180127327,None,0,None,61.65162713461482
361,Eastern Railway,Summer,Passenger,22,56.88869735773955,64497,48.57945257158012,2.749959190594941,4.800760460206485,Good,5.637721907928644,37.67247777117239,67.14334616099381,36.71542994520542,22.456840145296624,53.056156813889004,78.61604642280689,102.13125510652804,36.91134865751889,80.12446399113595,26.346523564440176,67.65774146451618,Normal,813.443651804391,94.01657329617477,3,11.982898674866563,19.0,83.97997581068192,88.47914058082989,None,0,None,53.13443508368205
362,Eastern Railway,Monsoon,Express,28,49.58642449523421,622911,42.599807908537194,7.086204545812519,5.086133651760938,Good,16.45855717863817,28.681003786868768,35.53677136759218,41.64695957858332,9.090250068283101,33.466067356449116,70.92666385739024,75.17848493480065,6.904682288611461,71.29007999695489,21.025467723079426,69.16469229745529,Normal,1141.6243655301573,75.95134323464384,19,7.142425282889386,22.0,90.89888402373603,78.1316977165299,None,0,None,46.89490883766602
363,Western Railway,Summer,Freight,16,96.83473483153887,375401,47.679056095977266,11.283461385991206,2.8523520894922805,Good,3.9229728645952884,29.960331426713626,60.46591080660717,11.738265667696544,32.31053875182267,44.73615657651357,30.944924206904084,103.60797630160263,21.8531830030855,57.5723177933963,27.07774425910092,99.64656861556719,Normal,917.0580679268423,72.25979005648476,8,5.985273656438318,275.0,84.01071104523626,49.048252669467516,None,0,None,63.417763636793545
364,Eastern Railway,Summer,Express,25,90.34242037942774,1188520,31.215952099707568,6.807445119472713,,Poor,12.990860464307772,28.037958257629054,53.14335689215702,8.053137932301125,13.394990385406208,41.15859355000118,66.42746377652992,82.8104859182371,39.787808409428806,70.28153108536473,23.25795835403279,50.1888098176631,Normal,421.9472996952631,63.38772740318837,22,7.91473363835679,315.0,74.32622022453634,100.0,None,0,None,51.12778321532677
365,Central Railway,Monsoon,Passenger,5,89.20724005830525,827779,47.233751117754565,8.531582856239673,6.184820803761896,Good,2.8485433177883097,21.57824545733648,36.32536441260254,15.47539825979811,3.2125545098505164,56.504648165933006,63.02771471357333,110.16004484685848,76.59422276379512,91.13948731643697,21.31174039103906,85.08728718094638,Normal,310.9635200763848,53.76879195878929,5,7.130234323579067,193.0,75.96465994680098,80.5956930609425,None,0,None,65.16870708674901
366,Southern Railway,Monsoon,Freight,23,87.58974208505217,645293,62.96039317816198,7.718560430868408,4.5652658804552235,Fair,5.476678877052372,20.024702374506898,89.34268313733791,69.41287492578039,19.643509871445648,47.063734849848494,71.18500920689671,109.97928929737856,67.14002893846661,61.83363361227601,25.420838545468,85.28526309627087,Normal,457.5041331221293,61.3905583482866,22,30.900182078474963,63.0,78.1061997162345,65.47735597366766,Bearing Failure,1,Low,66.87632007678151
367,Northern Railway,Monsoon,Passenger,17,71.03814251786687,99387,41.262599287379906,3.532937808682181,2.617309790555544,Poor,1.9493007583441833,33.70716650768144,49.41397025624666,19.444050286683016,13.579247832322858,52.84291998167528,60.4444908442007,91.35078473458348,44.413693713109865,98.39163603358732,22.401360208044338,100.07586798345329,Warning,646.9648712627379,86.87188167687312,11,8.8042625383438,158.0,69.13479193117266,81.57320360393311,None,0,None,61.84069361693076
368,Western Railway,Monsoon,Passenger,19,65.67668329234465,1208687,36.331142708124496,12.680438427646884,3.6885136237497016,Fair,3.5234762980748786,36.22829377868851,77.13904816583516,9.659462732168832,17.926105530400264,58.536040723182786,62.691153233257744,82.98877680404414,30.952541525502287,110.30824768444579,21.595996647778996,74.87753076352946,Normal,624.2399338554347,49.048541475605546,11,34.397898455287,103.0,91.80324914870208,89.32401925926237,Signal Failure,1,Medium,50.02874339451522
369,Central Railway,Monsoon,Express,16,73.61129717174983,369563,27.718392172501982,6.994662716480681,3.442937400551833,Good,3.8741765377914392,31.773206660551875,76.06758546063065,5.094834680765141,22.604670976252518,90.43884214877825,50.08911318171616,101.48338550972832,51.49433011829822,66.02987615775045,26.35096023608519,89.54643102313123,Normal,740.8439565254395,38.21426210544194,13,4.154399894188565,172.0,51.77225450919896,81.77591405370937,Brake Failure,1,Low,74.54811684304356
370,South Central Railway,Monsoon,Freight,22,92.51890514426249,1355051,27.70970053498201,4.832615858288237,2.530587939096484,Poor,4.650513515557208,15.103440465121025,55.83081500785579,7.189177469264147,17.08750333976493,48.23436050439675,,80.3768367816341,61.29636873055345,55.89653962715893,26.27059870740368,107.59355849602095,Normal,712.0552426498202,33.013279607984344,10,18.82935697012269,37.0,66.15553106780372,49.54492142155453,None,0,None,75.93445101396715
371,Northern Railway,Summer,Freight,12,79.0491324396956,235376,38.804050221132364,7.244579890468135,5.206436280392852,Fair,14.863485683128868,28.394801178175467,49.960199278127725,11.674762944158976,17.85478012463399,53.23056298031838,82.71837882535537,100.42807440276702,20.150197369359464,58.07660526449015,26.912075766582678,92.17792401245312,Normal,960.8843170678354,48.08071072410704,17,7.161912150097742,334.0,84.56767161072317,70.33044500211973,Track Defect,1,High,56.79277323795666
372,Southern Railway,Summer,Express,23,82.64949365452176,440363,35.0477229280059,8.345298628161363,3.185989361735613,Good,12.459617670542363,40.483365710740046,72.31688087279541,23.999581437228684,13.759260018617665,38.00365430179314,47.96447369154259,85.77601299014631,22.007461410664177,77.39782893604776,24.069190650604334,74.1147815516906,Warning,1389.9819822257314,57.321528340114384,2,9.664039908411675,219.0,59.43082750119456,70.55016440462012,None,0,None,63.50832018983346
373,Northern Railway,Summer,Express,11,75.91502575395484,1202391,47.90044803426501,8.02621201640527,3.4491796010416897,Fair,3.9138827610545475,28.073231610800615,100.0,8.984820118729074,11.684961512853729,42.17039632144844,69.80106689772673,82.02561460252862,50.29296969371292,75.95280335211707,23.2854606549225,53.127903979871064,Warning,749.1804691029832,56.78019567948316,1,14.048894728058386,228.0,70.20603412169854,65.40051359384717,None,0,None,66.4072132018332
374,Northern Railway,Winter,Freight,2,68.02410665427213,893816,40.65046758325481,10.487755291558557,3.96672763238366,Good,3.4088183994274535,25.868364440447756,,2.0876990891259943,17.83720481929833,,65.16150246852928,94.18663407197207,54.31868550018976,,25.01783939268139,73.14847845796471,Normal,1035.173493508099,,18,12.66375978351607,17.0,68.42927119444622,84.44835018667999,Brake Failure,1,Medium,61.03228562618851
375,Eastern Railway,Summer,Freight,22,58.567345917371036,913225,48.01974083972637,18.152291525617837,6.291521534481165,Good,9.990924913680477,32.97575195014087,41.41495348256163,,13.466346430492514,37.72503353596288,70.82672134333019,106.62228257791949,30.56242090513439,65.63742282867413,27.127026908733978,54.9275807128587,Normal,551.8481359888098,62.57017502443709,23,24.73686101999467,261.0,84.0983316182698,75.00260172893368,None,0,None,54.55779149464338
376,Central Railway,Summer,Freight,30,26.39582104496845,263824,45.39120622762644,10.19511217750675,4.41890899263846,Good,3.1145276894016214,27.937636421632448,79.38769259695633,22.025441023835267,26.595338449926402,0.0,65.3233799793703,104.97086690917106,43.20714277699466,60.23251007936923,21.10963792415385,84.8120869279974,Normal,815.3069166129884,52.82436265026658,8,6.250506907261108,126.0,75.17148404571628,65.84488058069479,None,0,None,57.12534379730532
377,South Central Railway,Monsoon,Passenger,5,93.9377210573056,1218737,30.44186491498347,9.557880578914189,6.066056588663039,Good,0.27697591077921435,41.997714030469005,74.6008776043549,38.43696294083731,15.842256873149935,5.46929448322819,76.44461142578555,97.69681056272915,78.24794253312277,72.93145503145838,23.71211925827435,72.95548861213662,Normal,861.88014085112,69.97724768409364,9,10.265643609163455,40.0,68.30805139063638,82.97446158816554,None,0,None,59.60870600987197
378,South Central Railway,Winter,Express,20,67.79632926010396,1022600,59.92608170390241,8.857331380789727,3.8317712436289324,Fair,7.216267600343102,33.84626034400469,93.61020579003826,16.337423851162466,18.94499337469513,36.57903093624445,66.10299547107114,56.493470098433185,33.01823988622094,68.80079564599333,23.093589370150113,64.74443848272314,Normal,547.0982869955953,72.8247914433682,14,,21.0,63.9086525660391,78.88079731666477,None,0,None,60.46328316442346
379,Northern Railway,Winter,Passenger,25,62.17105672873493,938487,44.56453859487274,10.587754632252352,3.5758006297847404,Fair,1.1962194274684932,37.2389566330445,64.55415747917642,29.992080236226542,20.306406789838846,18.781435109172957,57.290202487088166,59.307831887955224,12.686699956550871,71.09929466347123,23.06142256553712,103.26466044228225,Normal,809.243233100953,56.240161789725484,15,9.727709809194726,231.0,57.98223686856606,100.0,Signal Failure,1,Medium,49.42643735586046
380,Western Railway,Winter,Passenger,13,63.46802352280888,552146,28.924026457386507,10.626961042275711,2.8985908470953943,Fair,9.836863744275842,34.534113157909196,81.40223323864583,22.622990980611057,16.531078220460124,0.0,80.76667930768214,73.63487813001667,40.02049212382918,74.03361212201148,21.840466294420942,77.79406748848722,Normal,683.1785450564034,62.422791009851714,6,6.838986849642175,43.0,88.0695305768175,62.59647221739368,Brake Failure,1,Low,53.26997284060046
381,Central Railway,Summer,Passenger,20,77.41838009568377,365647,25.83612801754989,8.280100321083255,4.789487198144816,Fair,15.578365130323808,30.987910958700233,67.22236572453781,20.360080562385733,,16.66596095849146,56.74196320639162,94.06337801704193,0.0,50.739485030677855,27.00897511021636,82.8470417997826,Normal,951.9468295983437,89.9038146575704,13,15.855759849429774,166.0,90.48601786225052,59.20171839930342,Track Defect,1,Low,50.10918645222985
382,Eastern Railway,Summer,Metro,3,50.091147418517224,1006231,35.902328731540756,8.086055578104897,4.174592068380976,Fair,8.14331337304243,25.70363474218114,74.73798017136335,31.30642952591147,10.700826983703202,21.450031191827232,85.32798790344576,69.62224331357862,61.92103854788414,,25.829312598828405,78.78440332383828,Normal,666.7614630301222,51.83478300731715,11,21.447064016131343,158.0,73.07465417040528,96.74204912664887,None,0,None,53.06981430698775
383,Eastern Railway,Winter,Passenger,19,40.517920064824686,1462039,34.45670072082897,8.283198178863328,2.8607076382665264,Fair,1.8651824825703738,28.510044407731087,76.20394857470451,6.811643538956522,1.84293538312407,14.998077994451059,43.32186296566742,113.86631247794186,47.03404615164827,,25.50445079090504,63.397408125380124,Normal,766.5910351984155,33.72860357509515,16,,251.0,60.81172167373621,53.160887187194426,None,0,None,69.41440552058918
384,Western Railway,Winter,Passenger,29,73.30953047890246,1226299,36.03479622432646,11.462344286261507,6.043911252275958,Good,19.789603645121794,28.52894668072909,54.78375508013469,6.576623795125506,26.697238962485038,28.575269999604767,68.42400395301394,109.51550798794379,56.720619772034254,,22.768890340649403,,Normal,671.7918803289867,71.87591978345327,8,17.323341509764123,108.0,82.77054091868969,91.03831630267287,Signal Failure,1,Low,51.96128343826897
385,Central Railway,Winter,Freight,21,72.83837571439156,390539,37.47277418203507,5.950047794038073,4.917785179322987,Poor,7.4429838268047455,36.10659955362411,,11.543351315082216,12.99413462671799,72.52965602776769,89.31725728159333,94.63287134078443,38.9266861707885,77.5980939204274,21.335826589352102,92.17236705286368,Normal,705.7086392284973,38.93968339911439,24,30.99608529251773,274.0,78.4989352832584,60.74276652398973,Signal Failure,1,Low,67.9838556972466
386,Central Railway,Winter,Passenger,3,94.42042555243653,738031,43.604730508053954,6.741051675840873,5.537343264931663,Fair,7.235001539371311,36.540776794626716,87.23001365643967,11.63079787715106,13.225957002939934,49.27630819541187,,82.81345010403838,57.46112203407303,77.62410790661022,22.139164969805176,86.6384425275459,Warning,553.1730847557144,68.27921315539561,17,7.698625498349605,156.0,79.27130853655254,63.16985289779513,None,0,None,66.15620803240105
387,Central Railway,Summer,Freight,29,69.68406375767134,87550,38.43275473584574,0.0,2.463011244050028,Good,9.611357302438,37.22524266383111,67.7060163284834,33.50038716538822,,18.85061628728466,66.04441403373822,139.88586128537727,37.65989762544692,,21.436521063171046,86.02447033427303,Normal,1008.64819504105,55.88784439453701,22,10.710330938115296,158.0,60.34710464644268,100.0,None,0,None,52.3550904606548
388,South Central Railway,Summer,Passenger,23,118.17485933850665,670557,20.355276043436177,15.276590374563103,2.3450085646214536,Good,8.130891450005992,31.98954572202861,,17.20157802500716,19.14241416160263,40.76880058510185,46.79775520989325,104.61729292982973,37.47069915240331,70.49418349765598,18.265186852373958,82.94808322876474,Normal,999.1015895416774,61.71662920681864,6,12.944791825589752,69.0,78.49639119658077,80.05464875285197,Track Defect,1,Medium,56.243060978324316
389,Eastern Railway,Monsoon,Passenger,17,55.43887612324393,1300438,43.997752465061836,8.505651682973792,2.8586059200433267,Fair,3.6551206467749506,23.46046112275366,47.103120724023576,12.600739926837733,13.390571484359214,38.432229380997505,79.59863740714798,98.88185280118829,54.75764804355889,82.0452743180454,21.514419901157655,77.2806608859312,Normal,782.6486960571316,93.47523397458285,3,,296.0,81.75361310273202,75.89199660382555,None,0,None,58.802518216388314
390,Central Railway,Monsoon,Passenger,12,63.58745677480604,492405,36.57597233875383,12.120779735294706,2.9934283477768053,Fair,9.917254973615718,48.594465820658556,54.66081712391214,7.924697052947382,10.875635051412656,24.323656588974742,85.87130389808183,100.25118388195595,54.16506352354494,93.29303867843619,24.989402681566585,86.33841369660304,Normal,1090.5380601622992,50.29935204713819,1,2.9556142090179063,131.0,80.27362409819995,65.84774929163076,None,0,None,60.630827330437214
391,South Central Railway,Summer,Passenger,29,98.98111159203961,513719,28.29259517774999,4.253736398636326,4.540544480682443,Poor,3.0564068521259427,42.84777516992894,100.0,4.9696822092908395,14.06411386205047,57.41551711875705,64.13217857461268,84.79448929672905,,,26.223289783367225,52.89778656458678,Normal,833.032258547905,71.26238887757461,7,15.978542533574997,109.0,89.48389884980261,65.22017015359232,Track Defect,1,Low,60.9835174065935
392,Western Railway,Monsoon,Passenger,21,72.20010680314805,1017667,58.5459783112073,9.147461428563641,4.993668663942163,Good,14.312926838425776,36.58626441115305,54.51464728039069,12.611398009367587,15.07261415919029,48.12478691563367,61.00681538338047,94.72757607139401,51.52500398849388,69.45643961662124,22.216263218257865,72.55214354416982,Normal,506.31025443455246,69.73484884365892,3,9.062254082794471,120.0,61.850455187765704,58.614924644814145,Brake Failure,1,Low,72.78458569421619
393,Northern Railway,Winter,Express,15,100.76171056611051,867021,31.668212352882463,10.730393217098552,5.499665804770237,Good,14.105916437373223,23.73550943657424,92.31816049229113,17.571572035042205,,51.14938897054093,47.83325029481198,99.45250505600096,38.093147443837246,78.13879992787471,21.780322682601422,89.41960968541137,Normal,658.3099506887328,87.3869745462338,6,18.60590862221702,72.0,82.11550014864883,73.8340041398699,None,0,None,58.80405396117517
394,Southern Railway,Summer,Passenger,20,100.59903945089721,809443,38.28392169850979,5.10588790225453,1.6689692745812579,Good,10.056708302966262,29.151134781712265,37.27953743879473,14.942200816420712,7.153233352783902,58.00715575458278,73.69794388777449,95.42916945332932,31.048373858941055,99.57302072062227,17.745737868418704,101.45348587118397,Normal,904.8938343603567,37.07475560394445,7,15.900360373292267,171.0,66.88808742592255,57.641262249348905,None,0,None,69.77305705568357
395,South Central Railway,Summer,Express,14,79.45352625946421,1375608,30.714750645033845,6.453484196037698,6.937953830741591,Fair,4.551902523309426,28.318260558809435,70.03047460504578,11.389854352809925,7.533991900002539,56.954448162242635,68.91561747322388,90.54075923926115,18.786141253820077,,23.364983844519024,77.78258387437593,Normal,1008.8043206807822,68.77967838681282,3,7.450226113371804,312.0,69.5246682368273,65.7108326987794,None,0,None,64.02866308494706
396,Eastern Railway,Summer,Freight,9,62.36145924880401,1196813,47.53541589783071,11.406672136519667,3.4375554884678428,Good,2.3032343337720813,13.853978334846449,40.632204904536025,17.939867003623977,11.45047276118735,44.50415608241563,72.81380698372585,63.37289103990287,26.40670058031325,53.578324660068944,21.195366871007657,59.89035387207483,Normal,507.6841841834815,100.0,12,12.846309630738372,43.0,88.9018232934061,81.96826900792887,None,0,None,50.83209619394209
397,Central Railway,Summer,Passenger,10,90.9650330280128,56225,43.03377042008981,9.161148546239055,3.7779058590241337,Fair,3.973138588051679,26.46134802761889,84.63402852753866,23.390287819841422,9.04807891568527,25.546903536655,88.93174453731237,101.65250608476393,100.0,64.85244178723165,25.60117568649453,84.68531112448635,Normal,1376.5875537147397,49.23546873612213,14,27.863316219974735,319.0,68.36615720298306,93.73362328917334,None,0,None,62.09711235824352
398,Western Railway,Winter,Freight,29,48.49201068255663,505053,38.32962318108787,5.854064049181472,3.8635468205358454,Fair,6.406023248475476,24.947639279247007,70.7002708470194,33.49268913456712,16.342880743655517,58.28430419612662,67.24210787840835,97.37051627929844,45.503436011149155,60.761001646578684,19.01655813314254,,Normal,495.9557512067804,31.00171494607215,15,10.336246121520341,127.0,82.90633146025485,88.17920317052258,None,0,None,55.68822391031928
399,Western Railway,Winter,Metro,22,70.31584363083374,173385,31.13536929237643,10.079379177069775,,Fair,5.877971160346863,14.778388702332276,80.08912675555348,27.839326427663185,,52.91565167556087,71.56227048500784,77.96798742936537,26.45095925394955,82.90773450092998,29.423882897158535,58.07802977010678,Warning,762.6270968783206,53.52680403067022,16,6.038819065399206,39.0,90.3472071410184,80.40103422995548,None,0,None,52.1431071595857
400,Western Railway,Summer,Freight,4,78.25640134324254,1261184,21.35993408192036,8.562693837104845,5.6619181501272635,Poor,4.766974012714674,25.179707624350378,39.012347316415855,,9.95786967372105,25.989044744742433,42.67665208614065,116.98601564079857,,94.95705240848557,22.39532162455099,79.91922200738355,Normal,1016.6204959157134,62.35505252759964,14,24.19668467071323,182.0,88.99701594947729,71.87734830945016,None,0,None,54.69515088341653
401,Eastern Railway,Winter,Freight,10,87.15145330439255,1270558,48.02033628871625,10.412946500279778,,Good,9.842011711246037,27.946242514367416,58.18142639947129,32.18881811185729,,35.92925406414545,61.73495119900486,118.76601935658955,39.93396894724792,72.71318022547686,25.163252698359383,63.97247510649894,Normal,490.3004584858678,24.256808188588096,24,9.901591487628563,39.0,93.93403221929553,95.16801700613094,Track Defect,1,High,45.19376622280975
402,South Central Railway,Monsoon,Passenger,2,70.61248935821678,739983,70.0,9.947919915876094,2.230796327597096,Poor,4.92601304820464,11.926582246167637,81.54621020731841,10.986441024926688,0.0,79.33363404768428,54.398188709097916,107.60679592559526,19.026441292906352,63.25837456274216,20.02980271817121,68.88385891393399,Normal,955.4747690443849,88.38869775173788,8,10.34193560003029,339.0,67.02130514487783,67.44337252326483,None,0,None,67.69137411723867
403,Western Railway,Monsoon,Express,21,76.54380492644243,823239,43.240212523965496,8.464966822413476,4.770300063503115,Good,8.099080823280799,27.21685407302964,52.69720249661634,8.07074102362185,8.807408614803434,42.1889204025235,66.98958660025673,85.85040833975995,64.71060598150363,66.27705520029069,22.580262168547083,97.42196699320024,Normal,714.2868515081524,100.0,1,21.397306976346663,198.0,70.45771491070914,87.64404138158318,None,0,None,60.699314255301765
404,Eastern Railway,Monsoon,Passenger,26,81.1342059847595,596951,66.74206860981744,8.222537402787257,4.564560456965797,Good,7.163219580063256,28.026715009317897,40.068708622841385,31.334436996604694,2.9989665304384694,50.66133858585749,62.924268928956,111.14945122247315,37.46188313670282,62.9916455981339,22.68109366815987,69.05200010094282,Normal,930.3678303394311,73.05014552309484,16,17.023945054272236,322.0,79.42441117373694,57.98005409839327,None,0,None,65.12692041313848
405,Northern Railway,Winter,Passenger,29,69.61515456434795,26794,39.669073319771044,10.303653583948677,3.0832684541892155,Good,2.166339100738532,27.235868730559353,66.91042263276017,2.826267267307842,30.811305034571514,34.415037465319585,,103.20423238843374,46.62012175047174,77.7077763992077,20.20922948243859,77.48066303030957,Normal,1065.4135275833053,94.78801707053404,13,12.345127366311175,277.0,74.66091750175315,79.16644734641991,Track Defect,1,Low,58.31569618550813
406,Southern Railway,Summer,Passenger,16,65.9442567159317,569195,58.49324325059464,7.65993802531859,5.138320992344928,Fair,7.951095623776056,34.20274886392467,62.80521330903464,12.23172394860722,,17.764301531343946,77.95747051003961,97.77537569054022,50.25191018699405,102.22320959530126,27.18589962536646,84.48890067737103,Normal,1225.4656996356568,84.27878819670326,3,13.672725502328724,31.0,80.1605590598739,86.70529597537212,None,0,None,51.79938249541459
407,Northern Railway,Monsoon,Passenger,21,78.12699624090318,809296,40.629880901893756,9.80931419860003,3.2167291757458085,Good,6.174120024009137,33.309563076616136,62.05773864448856,4.34873600673574,6.38301162434761,39.74782427732248,56.54851451048514,84.52490057661652,39.67985485363022,51.26393226369054,23.73753147059503,49.414777436954594,Normal,882.9435588520292,92.17904097770815,9,11.676794807501985,58.0,79.9373212842701,74.58978910028083,None,0,None,57.829663235050084
408,Central Railway,Monsoon,Passenger,14,100.86016843435635,196383,29.978080703980453,7.264203973686303,2.3295173914854614,Good,5.845598385901811,46.5456229728877,100.0,8.594010392337868,6.441341105070277,47.96603508840722,,104.00050539687462,36.65718256541993,52.928614626792864,25.300174592353393,70.96575012996483,Normal,608.477113171213,57.72233285540305,6,17.57745612578734,81.0,91.15726940970094,79.14575232408833,Track Defect,1,Medium,53.08742504124783
409,Eastern Railway,Winter,Freight,21,91.90056279623732,1182725,46.489809015813705,3.0759720437374707,2.306071873249582,Good,19.67746817568472,24.175744291342756,48.0826786125898,8.250208057220906,7.807185191007187,56.70313800919109,53.07756154009844,74.69509587783809,82.73583942001468,72.34266416344073,29.901276511127307,78.05037986621602,Warning,1069.637532902373,36.254631724931556,2,12.880227403936143,1.0,70.41968162801214,100.0,Wheel Defect,1,Medium,61.26895804457662
410,Central Railway,Winter,Express,10,41.076569032301265,725238,34.268932242186814,7.401840136463681,3.792910527018317,Good,9.251606739769576,33.200760536986536,59.54682620461417,8.518765463347084,7.982039104379623,87.97699498028398,68.04527200913432,101.44041067426738,11.87323545640222,89.27226238933565,29.00353599633443,87.63321769864366,Normal,904.1320578375215,66.74110181086867,7,2.8192138637515454,253.0,63.8870952068484,76.41719394488695,None,0,None,65.87103336239558
411,Western Railway,Winter,Passenger,13,63.164454554365044,805199,37.686043793432106,11.023667093186305,2.8841859769594107,Poor,11.19193158544675,42.007553345023446,54.86370210023761,32.44662344098621,14.827755429485729,56.70268583111759,68.83085306809429,94.73175058651593,19.624613651286953,73.00350912453335,21.62140631333695,79.84276841757132,Normal,1117.232960360116,75.05325854762728,2,20.85371282228838,299.0,71.72003269546698,97.59411866777519,None,0,None,52.18914194522592
412,Western Railway,Summer,Passenger,2,56.85012701261146,515130,23.812396024106953,9.222293884484959,3.59065053499879,Good,1.8416762188962474,25.789677250338023,57.30467911354059,44.26985074172624,27.76947885457632,62.57339454688092,67.83666705395642,119.1681823141719,55.058875910378546,77.26802664050881,21.931227341331827,68.08409706156115,Normal,503.7962520028464,68.74467129033881,24,10.146126917265065,75.0,100.0,66.24676073277338,None,0,None,59.45847431211824
413,Western Railway,Monsoon,Passenger,13,72.24356547240723,999222,40.28923686528019,9.735004310132814,3.0410797236825746,Fair,2.311585675479141,32.12234645989691,79.04647080777781,21.304695321969923,13.927739545371876,42.17600886279611,63.19652666115838,103.06574972777982,28.648608271460677,69.04273458093674,24.082867228451803,69.18497384475991,Normal,420.216562853937,65.91117272534534,21,7.642794833575234,111.0,100.0,82.27433175648858,None,0,None,46.82767645536752
414,Central Railway,Summer,Express,2,85.31821906468296,115872,37.45058730739934,10.004108514470428,3.3183282750777585,Good,12.005086922490998,33.005197747896155,66.3872431647662,5.651905613792977,14.055345925168108,,69.59671961072733,99.17821219187739,42.24659588951587,68.47417482999153,26.37009022083484,,Normal,697.5003339705752,43.843770166356336,1,10.639162382730204,240.0,66.68857397104125,68.97026851967802,None,0,None,67.17473139328868
415,Central Railway,Monsoon,Freight,26,121.35436779187876,1209261,36.57445417940175,7.442567949463852,,Good,10.49554624399095,28.070055252761573,69.17910808031233,13.299989624947857,,40.43915701452309,70.9071277264156,84.10802708114173,10.016666249202984,61.55811750634793,25.198340041644276,83.39413161596885,Normal,928.1102799946872,47.34697045547531,3,23.735571774765248,80.0,89.01030103489013,96.4735721881951,None,0,None,42.64901786147908
416,South Central Railway,Winter,Passenger,3,101.57195862862898,433025,32.249636617973735,5.332454244470247,1.7266105882763423,Fair,5.387846230873465,27.02652646794881,51.18830491786245,12.538003018675283,18.129166409881265,67.3000792721021,,110.22277333095762,57.64036111557972,74.79633624762612,24.192937333249674,66.39862243444372,Normal,964.6847238555054,72.02741754064543,4,26.804879013614602,71.0,79.53968884032773,87.1514568242632,None,0,None,60.399165075545454
417,Eastern Railway,Monsoon,Express,14,87.36812954489778,265018,29.760944299774643,9.19335702755339,,Fair,0.3635129604334937,27.311669650154784,66.73329230670588,8.706913841516478,20.538409031220485,69.82941186435772,61.308584210601055,117.46051703362107,40.39568540371524,,26.39520710879709,84.12389329883057,Normal,740.6837516272204,32.14048951502384,10,16.156674266024083,274.0,68.9561524544749,67.96672282467298,None,0,None,68.61075824250918
418,Central Railway,Summer,Express,2,47.05895741231379,22328,20.485123254771228,4.664765928566631,4.728860038106781,Good,9.016269703112549,24.840285361615507,52.455591235201396,27.256742874348433,7.371420365402162,44.19392894164514,76.77874643215809,117.04783701788963,83.51365977255298,59.6921248931675,20.671207672605654,75.31972318122179,Normal,709.6364429214223,74.80080555157411,3,24.93882435754478,332.0,61.13644924044718,85.82153805062995,None,0,None,67.72084275525272
419,Western Railway,Monsoon,Passenger,4,60.66668202088266,1031547,38.283573793637146,1.5954349831436172,3.8050116641983442,Fair,1.5626352085933668,31.111655102513755,37.54633952564731,14.141128665287454,25.3589573509067,51.025904703298416,76.62080744422424,52.93884279578393,69.7232165255906,95.21801791764278,25.85718634012802,54.802969956995575,Warning,582.522102840726,84.9063161511469,6,6.016557088540999,278.0,79.59892546534547,73.21231266162961,None,0,None,64.62843483989207
420,Southern Railway,Summer,Express,7,80.952767564897,1053739,40.59222132894033,9.79960253040131,2.5137836487903154,Good,13.885690720771956,19.091870450997035,60.44421929235179,35.862060607166164,0.0,34.96778680838965,53.79428743368148,83.10823769349825,79.32385890535042,67.56796315960514,29.6120475379804,68.94585332532412,Normal,778.168820074894,50.49748108522525,21,,174.0,85.54911430791698,78.00026473544305,None,0,None,59.901464191885005
421,Eastern Railway,Summer,Passenger,15,70.5606330441867,769363,60.11331213483069,2.474696925583367,,Good,19.625810315059475,17.14128102425689,73.08086200672508,24.367488280615206,27.45222374133885,34.133564935797125,56.62215048346917,93.99882069152606,33.851955346245745,79.69092654242246,27.414211593360953,81.82976774523775,Normal,785.673452885856,44.65163645425568,21,27.147860569547305,254.0,83.84586635224699,100.0,None,0,None,45.85177481901999
422,South Central Railway,Winter,Passenger,3,78.19411481009273,1190398,31.903026373210125,7.484814637314293,3.111598739057661,Good,8.806715551860508,40.9117630587094,53.027678672579356,,20.20089503491874,29.779576425663652,67.50214683400075,112.56231934185018,49.774812494034606,79.98287145231065,23.713588208252858,82.56046140518242,Normal,570.5407481874817,75.59562420605747,12,5.874620071950745,339.0,62.06631595151024,96.40536163203538,None,0,None,56.468071183713775
423,South Central Railway,Winter,Express,3,93.40735758277557,1112285,30.453605184221516,4.824944176944932,2.77879317394887,Good,4.896371005216117,34.54760437997143,81.1344111642709,2.5239693993536143,6.418621416664401,68.26007533101497,59.999350312175714,80.52012820776932,40.29091485516115,64.3329865676382,21.219406291905045,84.62436624415132,Normal,966.5112705897393,71.9551516811903,18,9.19026526556285,105.0,48.56572893619612,46.692072671611314,None,0,None,82.94241796519381
424,Southern Railway,Summer,Passenger,8,64.10986406600506,1277339,27.626970034293016,10.256191871052708,4.6355417177174365,Fair,4.997001411015941,31.172729973240088,60.20167279519264,15.051516799233662,15.24037058901876,50.52916010177061,57.807848689972474,100.32232461546009,,75.3384808869053,22.54462610838084,83.85067837637959,Normal,567.0941013723645,45.895193308714504,21,15.608010173360416,340.0,100.0,90.6712790391607,None,0,None,46.87353480055511
425,Northern Railway,Monsoon,Freight,6,74.23880789311882,1286907,42.187237550207676,7.687234275287027,6.182803290041708,Good,1.7970361866490678,11.054307271666257,54.96015062792941,2.7571698514071437,,3.0484550008463884,65.13173096536234,97.65723189008698,37.066641064916176,63.278149364912935,20.868159632283913,102.36377335762616,Normal,425.21655849626626,48.78998244925631,1,12.81506715950007,5.0,64.88444152776404,89.12350164848321,None,0,None,52.11448429817784
426,Western Railway,Monsoon,Passenger,6,64.07038015140336,108583,61.060169462170336,11.802577772143863,5.028644122054429,Good,9.2093388164668,20.518177841788898,60.46174609840752,15.487261269744144,,6.121541383025111,62.10842377301121,108.02182531093092,22.16443945517955,73.84326665612788,26.60065621022455,93.21514220390557,Normal,388.6707534602223,81.88951684944215,22,15.23989401433774,234.0,78.41686972257412,86.31867561670815,None,0,None,46.585456256981914
427,Eastern Railway,Summer,Express,26,78.14249032543503,927716,38.34511217458779,8.97220191420782,1.6054050214974387,Fair,18.028392725161115,23.256221866041294,64.80177074504812,8.703351751507343,21.56493639985046,54.87669178920224,81.37947724673347,113.70113117160598,41.133090437931585,66.35709866317518,23.166339230053637,76.84304534174925,Normal,1187.614620172487,74.13236901894032,16,18.959272785467668,328.0,88.27650138249565,100.0,None,0,None,48.50469185019659
428,South Central Railway,Monsoon,Passenger,17,85.86759804681529,876432,42.900264981430354,12.160105386015136,2.927879757008285,Fair,7.845629749504859,35.5555205766664,31.492797265852637,,25.98574674520821,51.28193594572315,69.50091583322025,81.59115258169889,55.31318304579749,90.70269623369056,26.833795344384626,90.96044996822668,Normal,729.3148958076569,64.67017155135807,13,2.744642792341498,3.0,96.67482189036693,76.617877678414,None,0,None,55.33682299965476
429,Central Railway,Summer,Express,4,51.8763940096315,1057556,49.61871861740536,12.127420298203454,5.976432512470713,Good,11.490924113841778,34.35971945162191,49.29806531276315,7.543061863492487,13.795111202552699,33.471229834828804,63.96444045269941,101.47060735943886,28.70055797256275,91.22753362914902,23.21966800710719,84.28814369843475,Warning,218.74558712172814,76.94742746440023,13,24.822368147127015,78.0,80.18209242338793,93.77272429049776,None,0,None,48.44158232124875
430,South Central Railway,Winter,Express,7,33.74440446156379,591355,40.15809509229486,5.776458561122576,4.974139267997151,Good,26.107460815419184,36.29247480629561,31.095343503874627,29.64544830274258,10.920847988382206,38.77947305326768,67.30046163860816,106.11416706035702,27.68596254199823,76.43068316682579,,95.87935801873905,Normal,486.92240805192375,100.0,3,49.4303233724139,175.0,87.06827978851756,88.68931065617583,None,0,None,48.45465868364721
431,Central Railway,Winter,Freight,21,100.79506536104589,678913,41.334506340151,5.820328891700838,1.7610378405025395,Good,15.313880265007333,38.974303967190885,50.85535357055829,29.00849627360488,13.203079929876687,73.58689021416103,83.24291690285843,109.6706368223892,19.912846194509314,89.12119053709301,19.75628377596412,89.41504086858387,Normal,777.4045132823885,58.51115223464644,7,3.9595894930981586,231.0,81.97839827156527,64.08143267236872,None,0,None,62.904019630923656
432,South Central Railway,Summer,Passenger,15,86.66577174220987,801552,25.35593040823386,9.990496377537966,4.399048224950079,Fair,5.022803159745186,23.89084540812636,13.31019275808056,9.678061261524084,14.745658766483725,16.366338670480864,58.84535690375715,108.74209823963525,48.46355577479906,60.04626120719081,23.451216715629673,63.9765855086663,Normal,705.9526931072082,55.79285955732335,8,19.53885841671569,40.0,75.34898389564107,47.14072754990399,None,0,None,66.85308516085121
433,South Central Railway,Summer,Express,26,71.29984802240291,306841,28.719329159788707,6.478402291593449,3.3918974816213536,Fair,9.034821467356828,38.6743358568506,78.25598185160608,12.042721842037835,11.275349558780835,20.513111326410428,90.38395288248094,92.80568001711306,71.7940695729643,87.47594306573829,26.50372923293473,70.89471334867078,Normal,574.992228239684,41.07465420414063,24,19.36879211357639,188.0,68.15370161823847,58.37739457818043,None,0,None,69.56019346615959
434,Central Railway,Summer,Passenger,3,65.8334871621622,1426163,37.116263551956074,9.39272662301266,3.638735500332496,Good,9.257473784983047,33.871879676696196,82.56594472548215,21.09928539645212,10.39511510824622,,56.59749893697966,83.99377198730949,43.834499724691156,62.05642000822563,22.68496090133459,74.88384587849565,Normal,528.9393479990722,92.49106040190757,2,14.21958934747236,17.0,90.6027225942062,70.88372459288053,None,0,None,57.13808403397405
435,Northern Railway,Winter,Passenger,2,106.8725588585341,747650,32.2086842931259,9.498369232088093,3.2924522414692294,Good,6.255515811748203,25.22855211778036,37.51006135591359,14.629692472665788,15.539726987339831,85.40265497688773,79.522320716227,105.51199010623722,66.80293793474486,65.74863382423648,21.550605972945235,62.50096629201075,Normal,639.4070872676804,60.87212338412372,3,18.992725162146584,128.0,71.97873749558681,100.0,None,0,None,62.638280813289505
436,Central Railway,Winter,Passenger,9,101.5852649880074,507196,31.591539357707397,9.416294797018297,6.437106746838212,Fair,4.992675165266988,20.90728044184952,30.939746416516467,22.651771833673997,16.270732634648663,35.92029884040837,70.79064908529075,82.63998012133051,16.608772601049207,79.2126002167847,19.645978940366117,,Normal,780.9420633417749,44.449279124609234,20,3.9712224860649235,180.0,94.16346679082332,76.1393638829334,Brake Failure,1,Low,48.273369980403785
437,Southern Railway,Winter,Express,6,66.53877617949419,99416,25.718287397031556,9.485902752704812,6.3024991144450295,Poor,10.624715447309818,34.6140230614517,42.630566738445076,2.3001163284022716,24.081287953863367,57.3841628156747,74.555226948349,120.56744658599813,0.0,62.57992074624138,22.36611517762515,79.4088675962661,Fault,1298.7857145942191,69.90890840370993,12,17.891047415161335,351.0,100.0,68.65329069583143,None,0,None,49.5789726788102
438,Eastern Railway,Monsoon,Passenger,20,54.49290809721403,633713,36.187575436271835,4.885592379561665,4.388900526824747,Good,8.013879115786379,31.77485350346301,,33.74000291863367,15.143757956883515,28.11533912700102,66.6604056853055,86.60484901954621,64.26758179810301,58.32782077747068,24.61946088349627,84.23628760821374,Normal,665.9139008303661,76.04890479323899,3,33.224846968069585,244.0,98.1506796317573,71.60314764270905,None,0,None,54.443598592702386
439,Central Railway,Winter,Metro,12,92.37431041730645,1488871,51.87562541077567,8.804782415858956,3.6515357724179096,Good,3.7582520724221733,22.49120674406355,69.46502123114533,6.557975549305928,12.529535742164642,42.8180853581216,70.2872103738509,105.77027979818509,31.123995430039983,57.51868494962935,25.49808178292952,79.72256333032759,Normal,633.9609970809524,57.416064655513026,3,12.625258906260624,322.0,77.64903996488688,61.95127970549007,None,0,None,62.23120023359231
440,Northern Railway,Monsoon,Freight,5,43.24181674913126,1155124,45.03854271221091,8.404854575940782,4.730041025066779,Good,11.268622990460589,30.191834324577005,,18.3720534506904,5.041364138196661,34.426867617313235,,63.386667252088735,41.07047921661147,92.49729671881124,24.330332876526327,89.47688614798254,Warning,672.4670073219872,52.06118148594006,23,3.1129868167152037,299.0,70.60681796690086,69.97800558515691,None,0,None,62.11991378186849
441,Eastern Railway,Summer,Passenger,1,57.77908819719525,751282,18.456502222834896,7.365166301616255,2.3244882966314964,Good,9.961504100271682,11.550970935453016,24.356960891749317,13.790970727626128,19.103618684319503,40.61754699109719,82.68335729376699,87.10206404905654,65.23283055170664,67.54071924334056,22.5226387311906,72.33042357172565,Normal,781.9022729359568,80.08196590770721,16,13.322836149619011,95.0,87.84754121702495,68.2245680149429,None,0,None,61.25231840023183
442,Western Railway,Monsoon,Passenger,15,62.74677077914741,170193,53.643870859053585,6.6791866912308535,6.316156878629885,Good,6.606291110920694,22.34552208532867,77.09592906081971,11.624709183062013,10.098038093741202,70.65020253905874,58.976650106185076,111.1307302104556,46.95322688827438,79.89347844066128,21.801786571442136,81.07691625362865,Normal,1133.2351494777854,92.67540457125351,2,8.382852132343912,226.0,76.18558120481869,98.00793493434614,Signal Failure,1,High,56.67278376539228
443,Central Railway,Monsoon,Passenger,14,69.5571632839716,1406914,37.35828913830392,13.367040520383702,6.871720379524233,Good,7.1296842528899,34.5388289784738,22.228348226705556,28.29158996398824,13.889855145664281,54.42022686301023,41.16660894948819,86.44445204164447,39.514363274167486,80.25249372412779,20.21832745254062,47.641430254452324,Normal,938.0281306531281,90.87074323516724,13,37.93001548288156,33.0,63.56274829948899,100.0,None,0,None,56.84322661575551
444,Northern Railway,Summer,Passenger,20,80.11120338080558,279409,36.397819701559044,6.25042021529503,4.013409164661888,Good,2.1645789787357503,39.01473356075702,67.62115203315835,,8.433850629433751,47.52605341754959,65.00331949819777,127.14889492054658,21.6825039165964,88.0899653802505,27.235592554057597,68.68903581959262,Normal,367.3149677243522,67.23252943245129,11,8.273173568453021,315.0,98.10451729056749,65.80132862599811,None,0,None,53.01423752932394
445,Southern Railway,Summer,Freight,22,45.25177526171536,1179063,56.841507606511726,7.806240107060322,4.575701508267549,Good,9.153204997932885,25.146430025510277,67.702976029122,26.290138107246115,14.215861036354427,21.015417285356634,53.79269399699385,83.26626315533682,26.58006819204428,24.505671020742277,24.47174077057384,58.38328239854721,Normal,822.4610820959399,100.0,5,1.8983656941205294,301.0,92.68001434258574,96.55178978497361,None,0,None,40.90819137696437
446,Southern Railway,Summer,Passenger,13,55.734985403710596,64330,35.649086567866625,7.659161045983613,4.3038222189896524,Fair,6.076443349783153,30.314751688301186,,17.756824123015853,12.063631679728848,46.56585849238617,,95.42903490195414,49.89946278548414,82.47680368563545,20.205721283526007,93.09213674112362,Warning,702.2913131767159,38.66170136902529,11,22.476569814862142,100.0,90.93095956292295,89.39802450429418,None,0,None,51.35465376815456
447,Western Railway,Monsoon,Passenger,10,64.09660443083607,372415,46.27567793765668,11.4547614012752,1.9582434263696689,Poor,7.553596417321339,16.503190883133474,43.986841821267134,15.852579147455945,16.559188020894446,16.00036654110167,82.02858192503929,94.56323749471971,44.49845266091854,53.69217904791573,19.660317686376864,66.61849638486285,Normal,718.363870740818,95.96252774697028,17,21.638635625650547,77.0,63.11012124070497,100.0,None,0,None,51.9862804460563
448,Eastern Railway,Summer,Passenger,30,111.10177140891057,913408,32.01441923384066,8.222755512056212,2.4304349548163664,Good,3.5489798069549594,19.08123790980501,38.34939754730629,56.57093049210226,13.861070866991108,20.145567791803348,76.84566045964279,109.919297165807,2.5863368603065453,70.84014752213183,24.779725011331173,83.30414303387411,Normal,690.8896980368628,100.0,9,5.7716196600626395,105.0,84.65039543754037,99.3585026877619,None,0,None,39.00667135396069
449,Southern Railway,Summer,Passenger,18,80.23773558113605,320734,30.014476934210457,10.723080513921241,4.974072200630105,Poor,4.657690429932141,46.07615384023809,76.97512610403166,8.293675300481366,7.187167133984285,68.56951637980842,56.753946064843646,100.75002266012281,56.75758916167234,76.42878086295231,22.196101188388816,61.38154456106204,Normal,830.5892827424242,42.26745567504673,10,17.776374503294402,55.0,76.39491748881557,79.05092987298806,None,0,None,64.39301925459084
450,Western Railway,Monsoon,Freight,5,70.6117203471244,377213,42.45894999899135,11.440581662593724,3.9366430313635914,Good,4.645459259187289,31.362502052795186,39.16342171003842,9.558036939378622,5.637363869644982,4.235196006301443,65.10723107489196,84.30006842513129,30.171536346792596,74.41973354542287,22.56319783782763,77.85532063277692,Normal,707.1455685094764,62.8027438793839,8,11.247332855714193,196.0,88.12663648474344,61.03672350701081,None,0,None,52.953833855850114
451,Eastern Railway,Monsoon,Express,11,83.42957551773175,67944,39.56948957621595,5.774701635070638,,Fair,6.768670964869036,39.19554740904073,83.10499107137412,21.35318552634257,19.503244990273064,,70.42624833965262,102.86240851316674,73.35552301408904,65.23937580062605,23.235114337724024,64.83342909908521,Normal,769.9421195299163,50.945559140068404,18,17.746639295713713,337.0,85.85962606925737,100.0,Brake Failure,1,Low,56.39161098991706
452,Eastern Railway,Summer,Express,11,41.81239119581353,381290,48.38554612907594,7.714190476812327,4.68657622745242,Good,2.129648988234495,23.339026321095506,43.97599777287736,24.191360211336278,30.02945961577706,45.78632155796101,68.39237579661754,83.85555527988892,53.2320395586,68.81875767998893,21.818239715559013,115.5214341277034,Normal,754.188004851162,63.357709371395,23,12.90051332391774,31.0,88.25872301915872,74.78888791560016,None,0,None,57.78609034031854
453,Northern Railway,Winter,Metro,1,73.1101135989897,617449,23.655948107535828,8.772493603827352,4.089385797089358,Good,8.184951730671967,31.855873793645177,65.70463834234823,26.561237987527498,12.103458874351627,65.95961215788019,89.62112296501043,89.04827645148255,47.283756172717624,71.26519632423975,26.99265686961932,61.02131387974889,Normal,262.43973730798757,57.44990523065541,10,22.218462236959116,328.0,71.96232579693908,81.63592275907504,None,0,None,63.22711825498473
454,Central Railway,Monsoon,Passenger,12,88.9476904570096,7650,25.393006668935893,9.63531251003478,4.048128756886162,Good,8.850248438716013,12.248643947053477,26.256654659634165,104.5451522249218,7.887808803837044,28.012470811939746,66.2484035877248,94.6814279901908,,79.0963661734609,25.04175759259314,62.30977854733341,Normal,1110.984113444991,69.2313703228643,21,6.627567847012836,127.0,50.24685330924047,87.03267018703981,None,0,None,60.67826700081047
455,Southern Railway,Summer,Express,8,52.614452753751735,261758,31.650935361575023,6.527207133033217,2.7153734628293718,Good,6.345412767083335,25.62203704779974,70.00909804715825,26.643423506677777,14.254338114360486,13.374516399255661,70.0526781963485,99.69227642794696,49.50080192660593,75.45797750567004,22.493806039491666,77.56291805344841,Warning,938.7054660733768,89.5801044610871,11,23.85746717311708,226.0,67.29298587211117,73.98716980936769,Track Defect,1,Low,59.98324326036164
456,Southern Railway,Summer,Passenger,14,95.65707052337874,123646,33.80788571112135,7.57543833075622,3.3571168529919264,Good,13.481634228431119,26.239667620060825,20.61594857336737,9.076709130440976,18.966697538912268,22.25440561692711,54.96128730815605,132.09361066219574,45.09924212458239,58.091895667859404,29.51824658774119,87.26311905827008,Normal,990.9016947521507,30.683039801969947,8,11.109029189892802,29.0,68.7400913375631,100.0,None,0,None,51.044015193079346
457,Central Railway,Summer,Freight,18,56.50609544869463,64058,29.15349294079062,0.0,2.335179369303288,Good,1.6151554002093942,24.26871638775687,56.90446397882662,20.81573411253334,9.1417430528648,66.05131710739334,47.07591095870728,75.10729543743555,53.858900709214495,96.01916265888538,21.103969632852937,75.89008833408293,Normal,707.6564598504851,55.007743587568456,5,3.7266752443430247,4.0,78.45045179907326,57.045517736464646,None,0,None,70.56294333505292
458,Southern Railway,Summer,Passenger,4,80.10445171010937,979758,41.71440738488336,6.458295736579835,,Poor,3.1966693962991184,37.983846351713964,52.11310284943146,15.875415627621141,8.712054525392645,,58.23893445539038,87.7126971744605,50.06967805852555,73.8067246597728,26.672538653822578,82.82990003345604,Normal,617.0391119952618,64.82770574693502,2,19.28657785445951,15.0,86.37064542145461,85.42437359842376,None,0,None,50.158879447526125
459,Eastern Railway,Winter,Passenger,21,82.953588900088,979170,16.03690730551313,8.563180357393374,4.548347649591081,Fair,9.544444905705182,32.69003834427885,38.44626095078523,11.143819599405063,24.4757624850573,10.453135238621243,77.03550666180928,101.00484598970291,64.00029906130419,82.6555404851146,28.127162568199235,86.17294105916122,Normal,694.5229592677325,72.20169699285057,20,5.989596550263604,135.0,87.9568557844685,82.93378145761281,None,0,None,51.35629211026037
460,Central Railway,Winter,Freight,20,70.33340519084682,262881,20.78774407694462,12.881566064768421,5.404080174468662,Good,15.772822003306128,35.830935561343175,49.02796637215971,17.797943210565144,12.28361513002928,61.81840534386757,59.94530028696805,89.49833279059881,56.938401204910704,64.93942595430184,19.488049616224547,87.25330906369032,Normal,760.9403636570846,45.11363248138326,1,15.366954057787469,327.0,80.64299099088338,99.55499617751317,None,0,None,54.74422547337795
461,South Central Railway,Monsoon,Express,3,68.8510096642083,950512,39.64923812294707,4.908222805307977,6.083282635791694,Good,15.238959876130494,34.26516145577109,61.97093446814889,,7.926889130699285,78.27995760214218,64.86534030277427,97.03703334773164,62.94402985052265,79.95415345522271,23.857841131751726,98.8917309474305,Normal,636.4853467555554,60.066202748870296,21,5.595773246720992,327.0,82.80147351405901,66.67453902827839,None,0,None,68.86699372808164
462,Central Railway,Summer,Freight,26,79.29987171369638,435855,29.978126661549354,14.050668764226165,2.9270218805524157,Fair,7.367489861055633,32.06746281500433,71.17576230232967,28.20748924592504,2.0371032724154823,3.7037007707668153,50.97620280348845,85.13687560341555,1.108425067359569,47.63075830848195,22.588143017648537,85.72139123982424,Normal,1005.9913693009742,95.29410298900827,13,7.6330439351613135,222.0,81.79260024043874,89.10430951688406,None,0,None,40.90790046065599
463,South Central Railway,Summer,Express,4,95.72338105378171,810216,16.586763307052866,7.108844513142128,3.9525361446136498,Fair,19.07894306653645,11.37372936421276,70.9043654542802,20.931057512356908,11.312520166321171,60.870479063913834,71.9414831109945,90.65869017221007,11.456390392799442,,27.07172318909641,78.53947150842895,Normal,930.7434320521588,67.57906272396207,3,19.596062756362322,292.0,68.72945716098612,100.0,None,0,None,51.79372041216185
464,Northern Railway,Winter,Passenger,30,95.87897985574634,263577,28.013305190264767,7.554048724667315,5.164240645991467,Fair,6.462399230661114,36.43063016764588,53.717805921461796,7.008880375053394,10.124115352807102,11.435164713350773,61.0000340155998,101.17256956378196,47.70251850995106,66.2782575785669,26.17160717609148,74.56723002437508,Normal,706.1075479409501,57.33776335536436,16,24.323024572790906,80.0,65.33164751573818,73.63439218403775,None,0,None,60.232538588573696
465,Central Railway,Winter,Express,7,78.89053149507669,494146,38.49707630505197,7.206272626083917,,Good,8.458870554474922,22.700143909273244,,14.632644710570734,14.723437806096024,55.46897928682005,73.50305259875803,95.39539602989022,11.05617170714121,,27.243665935217024,65.97870037605317,Normal,503.7612418335708,83.67820996708701,12,11.66445068080507,74.0,86.0614449525667,63.328472546307324,Signal Failure,1,Medium,57.69230152448828
466,Eastern Railway,Monsoon,Passenger,18,63.2851273963388,1258481,33.89594389245154,11.891161751031452,2.656385156700937,Good,0.8893258667001563,42.531222918274004,57.96315993385999,11.075395980739525,20.270540197666655,45.05523317570735,52.861311046758146,88.84433661351538,52.86566108769421,84.17225315176762,31.55480918431769,112.31549170351818,Normal,100.0,81.00505985442783,16,8.524963751097424,355.0,83.63893680196006,69.17685719752788,None,0,None,61.20260623968945
467,Central Railway,Winter,Metro,17,77.05831254471026,252355,46.808283868933884,5.256706382534798,6.697789242989139,Poor,8.08529979957306,23.067848189841985,62.418672056865255,22.243466634717393,20.655928557178036,46.74751090742111,53.98098917929748,86.46986927067407,47.61845931259462,61.06852712160643,,73.91433301093794,Normal,748.4568008476193,57.1717288062417,22,4.780794264703846,356.0,100.0,62.601445467012994,None,0,None,57.24438961954782
468,Southern Railway,Summer,Freight,5,62.31700838259779,329595,37.31365121247443,9.83441017693944,6.58345582069278,Good,11.456603031507047,26.71903168121657,76.48604955151923,32.314099979535136,10.772897936683083,91.00858630185996,57.68742728119774,99.58012254006367,28.154358645613147,61.315476777166154,23.327341205481346,62.88953794984698,Normal,655.2217853838218,55.28935968427449,22,12.875453759933603,9.0,72.9272015543036,100.0,Wheel Defect,1,Medium,57.3499211981147
469,Western Railway,Monsoon,Freight,29,42.43124539581495,731091,56.275726083262555,2.5727469040245,1.203991305854832,Good,1.7133256248440436,38.132172627987735,,4.49326722970654,6.750468659121083,42.94458398419056,,72.99539992521038,31.915253344571656,42.45746227759056,24.30818210710939,64.95329940991289,Normal,676.1899830644103,69.89458372738414,12,9.78220087689237,274.0,73.09121600100515,90.1257875772745,None,0,None,54.103024346916456
470,Eastern Railway,Summer,Freight,3,56.168862580945046,770871,33.46290398225976,10.346858183472369,5.027640426522629,Good,6.0954909913337065,22.46876254429014,,59.035444146557296,20.12372690702466,53.11839785816283,63.915784488136104,70.71710554648794,38.26532119452832,57.203300643497855,22.806052716870624,80.89172127569873,Normal,1075.9599361836558,99.08647482541164,22,15.795156666876078,149.0,75.88007761070503,39.00183822233813,Bearing Failure,1,Medium,73.49888731633857
471,South Central Railway,Monsoon,Express,22,98.20211243551678,1347349,33.57054475750979,4.076317857936354,3.3390691874405163,Fair,1.7025818849999308,33.77035534511508,45.55768585292199,32.79425238191507,21.905020788421844,26.38313216569042,69.16450544126069,90.23740202016059,68.59423984176902,51.54862587684285,22.315441189084616,82.41532405470842,Normal,689.4859807839624,45.14039966121063,20,31.7924910904898,99.0,78.24097587852798,84.30071992122413,None,0,None,57.35701227120569
472,South Central Railway,Monsoon,Passenger,13,72.32786493380581,1433710,43.06674968484604,7.73221143747118,2.5665633601144977,Fair,4.62006438836079,38.198747704996805,45.67940170712862,9.728707805802319,10.47016959283468,58.76556084509028,73.23649791270074,83.20294380615637,12.872443609890663,,21.431340157695352,47.617652142457956,Warning,755.1572091036335,69.70847116518945,18,16.778990520312252,12.0,71.12999002869752,93.95061990586828,None,0,None,52.96748719114912
473,Northern Railway,Monsoon,Passenger,19,76.60484283907387,564967,34.28847984988577,7.54221826517319,2.9032922076379593,Good,14.398787706087742,36.39221644893908,95.48330733696429,,15.795928028202011,44.088849202318805,77.80686930497008,110.86806149551336,50.625804107657785,65.98374057628638,24.74731981675733,44.7131621650459,Normal,1147.661524858665,45.78920694874681,2,7.753318230555299,99.0,83.92479811587847,100.0,None,0,None,49.83351865593903
474,Northern Railway,Winter,Passenger,3,116.22904846268426,1417778,39.80667544389859,7.202760443574303,3.8514412494609016,Good,4.785411424220544,35.24522958584443,84.2200804007965,24.87805099052693,21.688980120573703,73.8726485854864,48.490541786245345,116.63836176894559,22.365363238861402,68.40831476371682,24.88206707541434,53.59002357718761,Normal,584.1245552273754,25.272807744965817,2,20.11247944290808,283.0,67.91685759226448,71.33278039503891,None,0,None,65.69832847809597
475,Southern Railway,Summer,Freight,16,99.0851837203594,1483593,25.647643640236375,8.821232925893177,3.6903206750623223,Poor,1.0879422790491888,30.68974943159688,,24.135202482681727,21.220995489813866,60.98846187373344,61.09870792996662,92.60414663677133,75.08634571055724,86.19560208961012,18.188219138272487,83.51182175099761,Normal,718.5429104634748,57.247585437753834,20,3.5475603961694846,73.0,73.57786708949929,96.81268954106326,None,0,None,60.77452631694672
476,South Central Railway,Summer,Passenger,12,90.39953565668475,974025,46.118706117401516,9.95083546081776,5.8850969253997825,Good,2.202566761705264,31.83909117331857,44.59224763060394,26.846287841018604,8.478476503905327,73.3189045141444,66.98147261063102,83.5472276124941,27.196733389186043,69.44753741339491,20.986223706460102,105.37946689227287,Normal,482.60040721974866,63.76115223623395,19,13.474024406928294,302.0,66.26726697209139,70.08368607899389,None,0,None,67.35451211761972
477,Eastern Railway,Monsoon,Passenger,11,66.413844248083,1396953,48.75747613448745,8.676957234173416,5.62580566577784,Poor,15.6209045679766,20.631684609901754,,37.5665389013263,,46.362764177754045,90.75634682062729,95.68883175316496,52.04822704864464,77.11113980139136,25.73799637404757,73.30739962306211,Normal,445.17446480818364,52.47889051051182,18,11.909775400180072,285.0,70.42932939559499,100.0,None,0,None,55.11138339550156
478,Central Railway,Monsoon,Passenger,30,80.36403865907339,1055000,58.77609399216708,9.819606286817976,1.0336331520560207,Fair,1.7697752030349245,28.44976728876389,38.28637682840605,5.229361601292325,20.68596848739177,37.06954228087588,50.61953497562971,79.76311202434962,40.289685765698884,68.08236866586715,24.61746132392312,101.70494543208491,Normal,937.8720602374478,83.65836882306667,22,3.425635592620901,308.0,85.67498616164329,87.53258135678985,None,0,None,50.98123557553462
479,Southern Railway,Winter,Passenger,22,95.75483354366568,878880,39.41457869341888,8.03369270123031,2.020792444667243,Good,10.008498872622027,29.229623216593797,55.39330371886223,52.76334840060731,18.622487291514325,55.74108360086449,73.70289522897583,84.13971441436527,46.53468125238714,30.11788921228316,23.033608218841938,62.76779523738349,Warning,839.2176058781465,54.95030196794359,12,2.476277404124207,154.0,93.46652361457842,97.16650871553267,None,0,None,48.61980341244886
480,Central Railway,Winter,Freight,13,83.48040942943454,82708,30.880560994196458,2.711836156095794,5.412625572581814,Fair,16.5382935597266,33.79391342685466,79.89972175101235,18.19828697272469,20.861472721405136,28.559821987864996,66.31876606402368,92.16641576561891,81.33571527630156,66.33374601390017,23.351191689103022,77.83576928684766,Normal,898.9974360007194,,12,18.13371062916114,176.0,87.4473440275231,80.34657333406952,None,0,None,57.75645951306757
481,Western Railway,Monsoon,Express,4,83.50302191245848,258868,39.717329985136395,8.138943988662609,4.694262915858179,Fair,3.881619046486015,33.94859249654677,66.31933957135723,19.616903830940924,14.717858028060112,66.10570031858603,68.99246835656194,72.7147371640439,39.403815292025655,51.18707143793335,22.466144143496727,57.044846798403455,Normal,531.3212197030721,75.94069978859125,2,26.338309534697114,243.0,60.18572593988807,95.31498397652868,None,0,None,61.40117887084589
482,South Central Railway,Monsoon,Freight,8,74.09748154541666,1498032,47.48090639474168,4.639047174836683,2.3015186531296177,Good,9.71097100978529,42.57172431713809,41.70771978104226,7.593156047939949,22.620321140816422,49.30901192098521,70.88063784273511,111.08885145622597,18.52630414909047,50.0734029785437,25.395857363269535,63.63048333925371,Normal,404.1045059979621,49.625906568152736,2,12.350374163291105,310.0,96.42457292472179,72.63090937840492,None,0,None,51.00587860441702
483,Western Railway,Monsoon,Express,10,115.38799566286274,431712,42.80604629805461,4.13445631949632,5.737326311735278,Good,3.1290270631097825,31.349149612476445,85.32169596177776,18.01047322001404,2.474439677946153,,53.084457161733525,67.9730477273346,,,21.47722983186847,95.36977813364899,Normal,387.6334247644654,70.47966779109545,11,10.303057445783303,273.0,92.00284862910667,63.50182040461698,None,0,None,59.02984279914723
484,South Central Railway,Summer,Passenger,13,46.30205916321443,816040,32.83737221839299,8.527228217139045,2.7090848562385945,Good,5.705143559031204,39.46254831773682,65.69790561042798,16.85182257598857,7.946746674675044,51.64870043828337,60.35328332050294,92.23066709783035,73.24084557647922,64.56816623408454,24.958003171790732,77.88245477528484,Normal,913.0782858905146,78.60909427692454,21,7.28433920759663,14.0,73.31830661529419,55.08095217719581,None,0,None,73.7936913248429
485,Northern Railway,Summer,Passenger,12,79.4626150908869,798658,32.744662213448876,13.105262950985063,4.308592918290185,Good,14.092388622230654,24.16977149181642,36.009400428791025,4.534774415128549,7.55850243508525,39.03868250121412,63.28346598289931,108.69308636245815,56.68241406176699,73.53746512066779,23.556846385363425,89.2775467588011,Normal,1376.7755741768442,75.51290309918298,24,18.592517623514638,353.0,71.19245000582931,85.49789220614433,Signal Failure,1,Medium,59.51654471025639
486,Western Railway,Summer,Express,18,110.87243664904338,905529,42.9657628375322,10.119854902914883,3.953325275556394,Good,4.887172900014586,32.041014253456396,88.0304323707303,53.535502788518784,11.481276877485957,49.487945782944465,67.14222166284505,87.33414016223425,39.591955772310996,71.31346130179361,29.419421798530042,90.335328783133,Normal,759.6097280868987,54.425674973536566,5,18.24780192835342,195.0,56.83732097504724,85.9438807255458,Track Defect,1,Medium,63.388564638080766
487,Northern Railway,Summer,Express,17,75.13404893863301,1138699,43.75324517758587,2.95589274159488,3.654132139937729,Good,4.578809406147697,28.33321478465607,52.20380328862198,,20.17692139832146,40.57581214078983,44.710320429158166,93.15185051808864,11.509985723372637,60.10613359799487,18.81245206713032,95.93762252391815,Normal,944.0191472383095,85.30357618636947,9,6.352738213655299,237.0,79.43753589694214,71.606342182696,None,0,None,54.94751235175103
488,Southern Railway,Winter,Passenger,8,100.15552498877855,1059984,47.76047284536959,4.808204121624537,0.5241310243870738,Fair,9.588612953226697,38.91799569267879,42.43425265774485,58.28458858431392,18.586044544309786,73.59462719075596,56.16143130546121,100.59278344931633,87.94245249438308,70.8122060819654,27.691969179579523,67.7203913983402,Normal,312.08866150482356,67.58241207138495,3,12.617090462009369,241.0,68.71502332923994,77.69030460439855,None,0,None,72.98869717599739
489,South Central Railway,Monsoon,Express,22,57.29969996710365,1299004,15.1852598272893,3.8824930481326936,5.405340025298667,Good,1.5756035655894431,27.54751283495203,,14.49075408740482,25.965322097725995,85.3943195443939,80.38988087421716,64.78808200970448,56.15829470915227,73.87952680039169,25.8219927183943,55.69806212908691,Normal,477.5233915673205,90.17454210152118,21,7.023611554092297,146.0,81.39109522718745,84.75106520746205,Wheel Defect,1,Medium,63.0831359859046
490,Southern Railway,Winter,Express,16,43.28755801869214,531138,34.799154627961244,11.299719064757703,3.226192467997743,Poor,3.1554324080491356,35.593053597706316,20.993812327001535,49.48142520297206,8.209533542855876,55.12363768923542,56.385047770570935,80.94235579215048,48.645447118822204,75.22527285327938,25.829077096815517,96.64292148689128,Normal,966.7519514428425,71.34200738847804,23,20.43936402929182,100.0,83.27999739764165,70.11418187598892,None,0,None,61.87739997543794
491,Eastern Railway,Winter,Express,3,53.5160771485591,292814,51.807218349718525,6.787608366067793,3.9377884601188393,Poor,3.3641096257508694,42.76533138681428,91.34289751618051,45.36484000896509,8.022514759694477,51.24600615514489,51.03050823232739,94.13072291025976,47.9300812777691,79.42725736118827,21.661419662390603,72.90032915522295,Normal,618.1430884278607,93.14249743345746,4,7.07402868721741,38.0,90.8448564396239,67.82560919513645,None,0,None,59.341750142770984
492,Eastern Railway,Winter,Express,30,56.31089165709481,369387,36.99603395309563,4.277040400881054,2.5873449644666353,Fair,6.176209186302105,41.091089266798065,,8.404768576706317,16.594681513093825,97.39160459035729,86.07478002997802,71.50639636524818,0.0290111672207658,64.95614863850723,,84.22637740772427,Normal,707.6155906406159,26.213708600839077,19,9.362318953303223,340.0,57.08184833379631,73.87493395368334,None,0,None,68.77821856301884
493,South Central Railway,Winter,Express,28,78.47246080741712,701906,47.86894565696716,8.32203383157525,2.559499024160808,Good,9.495598959822377,35.39406687319193,29.720827308055654,27.37319639602969,18.455319899401005,46.365787067313164,76.87951286584399,100.41594060079932,54.127055720256976,56.45013213926253,24.587949880754078,38.75604750193312,Normal,1142.9037611306208,91.77936523015909,17,19.288273840960006,133.0,95.06187539704463,90.40643507573004,None,0,None,50.16001775266438
494,Southern Railway,Summer,Passenger,9,119.28214423261412,754425,37.941907183045814,9.025730306782593,2.6975004401901304,Good,3.8209431005740075,23.707820305241114,55.27380876085794,17.005729819854377,7.779492640643823,17.54094987427498,56.88130321331516,95.99075612355118,58.25582377209078,,20.007526742360167,58.17600481047444,Normal,697.0564106892134,69.23742086855214,11,37.85527451822099,207.0,65.34781827856477,75.51887002833573,None,0,None,62.06617513953969
495,Western Railway,Summer,Passenger,22,77.26608504103447,1388604,18.417609456139388,8.262876030386524,4.631102853772472,Fair,4.7765727635335375,21.09112418909397,32.385480441839555,22.627196235943696,16.586574372280914,27.68084660338886,60.44845834846914,117.4642356136113,58.61719734525813,69.02487872671948,24.22742116128383,65.47764951384582,Normal,757.9921895959247,65.92046333757973,2,5.857443618058714,273.0,60.207537803876285,66.58267693702376,None,0,None,68.56813143298203
496,Northern Railway,Winter,Express,13,110.0562053150679,578679,22.864424262835573,5.637506502379196,8.710375220955996,Fair,7.092764590178882,13.371152791144407,64.99282738197118,36.993814115696665,,65.72551470871787,59.67450454740312,71.41953815515612,74.03985605135114,72.19818961882046,24.19661680090594,76.7415983052488,Normal,484.31296160772825,47.11761307871527,9,20.351896555135,238.0,73.31522139121171,100.0,None,0,None,60.30447812708625
497,Central Railway,Summer,Passenger,11,30.239170796566327,658902,31.894597090083074,8.502228845404671,5.672036198201381,Good,3.9706638501733615,32.76144708245865,42.07464540966069,22.026652973868245,11.044904294923594,52.801947682995795,74.35945445323301,108.55888107328676,27.878908165853783,49.699339251588064,25.86545158602802,61.35220705591634,Normal,1192.0697587063614,34.15972888333151,1,33.509974510006614,95.0,85.59295800204637,63.43853065788176,None,0,None,59.94110734635259
498,Northern Railway,Summer,Passenger,13,97.28624177245248,343574,23.88620051086854,5.11824503171473,2.231357828610169,Good,3.8236582785620064,24.443109332525232,49.67690184664012,15.444998930535869,1.789778301287761,28.231509851870854,83.79348394358345,90.36165577149428,32.80701646469002,59.49519516479345,27.87076940686728,74.15766349163911,Normal,884.113609391418,54.13548081611958,21,15.6450099396858,229.0,59.664054079914195,87.98373123701937,Brake Failure,1,High,57.47905408655739
499,Eastern Railway,Winter,Passenger,28,94.46737877049382,1085515,47.80737888398558,12.035958893907907,6.028210258242835,Good,3.5684332346033254,32.131422119449894,72.0386850733743,29.209381378481215,31.95593716202349,2.4552893764551555,62.917474373629155,93.39103990573119,12.47105089410563,84.82668712853524,24.589234444854977,80.48094949350727,Normal,877.480864054103,62.115090999410555,2,2.597351240883312,21.0,56.01845000763595,94.40458940296409,None,0,None,49.590887246874104
500,Northern Railway,Winter,Express,25,52.80147347243338,1489047,41.097123219222034,10.109400835342205,4.391110844412175,Fair,2.0377224529820905,44.135123900053344,75.71778025811184,38.42262895195387,13.867711162085255,57.411024376904706,79.0527540498156,97.61455574609084,48.353241382945725,89.71975066258926,23.358838629910014,,Normal,878.3633864890733,67.68647251342864,8,6.271314359037331,38.0,87.21499667683081,79.88899328837721,None,0,None,57.378243376154764
501,Central Railway,Summer,Passenger,1,89.30880128817925,601342,40.167629042175726,12.680305383177442,2.913624651641836,Good,9.310690088049975,29.17067245888371,64.58826029677839,,20.33169349276876,68.80008585380477,75.7442274651178,99.96131463945352,25.540385354536966,48.57225379658111,26.951716098722223,62.71596167314796,Normal,644.0230888422822,84.3749942263362,5,1.7345493346892857,351.0,81.61953786857943,100.0,Track Defect,1,Critical,50.584232427248466
502,Southern Railway,Winter,Passenger,16,65.49601284360907,763983,32.17232184827725,6.010577680114895,4.10019436041981,Fair,3.4342684249637063,29.094837616624247,63.24110252655778,28.730772429212475,16.790735483066342,29.554549277185224,61.878735434315935,84.16192718123362,0.0,92.68389267588269,21.289803354770715,72.94343165366611,Normal,915.8676890117029,57.69283432216148,18,17.388218008246405,93.0,86.15412320029506,83.96060173842307,None,0,None,44.89302866302645
503,Eastern Railway,Winter,Express,4,65.80679672466177,34132,60.01631801905252,11.94123564124234,,Fair,3.0845310418294454,22.645797002934938,84.25355686331493,24.66498313519805,11.43078674945191,48.538086830436455,39.984008910491625,97.37708772537572,17.180534621358298,63.50256378982661,24.236682249089842,81.44677485640798,Normal,839.8727198684455,52.57696983440622,3,3.9199310998212775,82.0,71.61387972666678,66.10668061886336,Bearing Failure,1,Low,61.655597096833674
504,Eastern Railway,Winter,Express,27,49.96446359893583,1070344,31.672454059590656,9.314937089773158,2.4601313014286443,Fair,6.055938787267205,26.17533632098867,77.80989122781484,12.576963269665281,13.786514543051732,43.77280346581831,70.18185676996838,110.3059419206308,47.12709507870167,57.3874690306795,21.979571055969657,80.79387502651771,Normal,1257.3371758675478,47.95942976159674,23,24.54888653034022,6.0,80.55335968743017,84.20606788745289,None,0,None,55.96918513046893
505,Western Railway,Monsoon,Freight,17,55.60340596096289,651302,22.338668963679424,8.855862721509581,4.4570671232867545,Good,6.778988406018451,20.315953903400402,65.49343329663733,37.49089027640481,,0.0,,108.81189474146508,16.271384607201583,59.87876753371409,21.412691395075857,62.21574468722334,Normal,1034.729075671215,100.0,20,22.600426338638965,351.0,52.49649909823961,67.10432260019654,Brake Failure,1,Low,60.58042009662759
506,Northern Railway,Summer,Passenger,24,52.559180600121934,978317,26.020581895846114,11.001972976322762,1.666536022202325,Fair,6.72508576695154,45.59688774534567,37.41430173845913,0.6639835240571492,15.14758879227939,28.14155156531002,47.05633028517577,93.53580648226733,64.24364128857123,52.95742632492467,24.802395432057516,51.62717432632821,Normal,265.04516087025524,54.973564164733205,10,43.85391462791967,25.0,69.49461759513323,100.0,None,0,None,54.534662769785555
507,Southern Railway,Winter,Freight,10,64.4801198997612,1126209,44.53057374159517,14.164230312183754,4.6523053610554905,Fair,9.976811129111637,31.160975084299437,55.251701498279715,17.856184982235344,16.066227613880834,,52.93561739269727,108.99982758826901,1.8814090837355266,65.0915015378992,22.896839178190294,56.84278240573139,Normal,909.9118084461679,100.0,11,4.208404054380125,282.0,58.13752974922388,86.79081196412491,None,0,None,58.210817475532416
508,Western Railway,Monsoon,Passenger,20,76.21111238909201,199609,25.784078549073325,8.738017965822975,4.781081982384517,Good,16.742686952255138,32.22466956794975,33.94473850862681,12.856836936719539,18.191928358437753,69.83286731521741,82.7487909863512,119.07852889245802,48.462741980959734,72.29678296140122,28.293257522121312,65.7697214487126,Normal,1075.2505346808584,56.665445972418965,19,13.243248196355164,335.0,95.81830887179942,67.1748197161422,None,0,None,60.69674638864701
509,Western Railway,Monsoon,Express,7,89.33083398729825,1111268,43.90423983612779,7.5794569256666575,3.9849258840408748,Good,2.5050760185822347,38.04642035514355,66.8238605387249,34.78762325354589,13.902088132948915,21.54528640315297,90.06449407111408,108.5422731655799,41.24103267178497,,20.00633380668516,71.52361666261797,Normal,868.8731959389293,54.763258774121724,9,4.557627557508008,25.0,73.17178819003207,96.04332359215448,Signal Failure,1,Low,50.1926587374754
510,Western Railway,Winter,Passenger,1,87.23135816875246,120251,42.974491785479664,5.566119020819842,2.5686563893739285,Fair,2.681166804077963,44.60778065972331,53.71131981317797,12.10344807899004,,49.540287517997044,42.946991441926045,114.78920218313505,60.243302793387386,65.4314042732093,28.059349414443247,74.70563028492032,Normal,756.8669532590484,72.50816680645364,1,38.350956691614115,82.0,88.46979410267983,78.19243338432835,None,0,None,58.13575892625481
511,Eastern Railway,Monsoon,Express,3,49.24274209332217,1281410,50.261768782458674,10.268808700219946,3.069358821069246,Good,10.817140530142971,21.820412734681007,45.564270832870676,24.004035688777602,7.878589073679627,54.34381915557409,55.819660415464256,103.00395250253304,34.01289158499355,59.297102048220985,28.61742051378554,100.18590830587104,Warning,737.2480970616746,97.51719044579184,22,17.502804786244035,195.0,75.58796376260155,90.61811237050419,None,0,None,55.08137996449813
512,South Central Railway,Winter,Metro,14,82.35711384315232,613890,46.905208977663996,13.746864044170966,3.319225457530005,Good,5.524783705788065,18.327221951574295,40.42063534756925,25.61312612753809,2.522293296252064,50.30356870534384,56.80714308566358,108.69820304279317,17.369665260275216,72.81501356016156,23.9998340414023,99.25737382399217,Normal,669.1181775500144,64.3330098966689,21,19.850232166858493,188.0,81.65592478543347,52.1075817699099,None,0,None,63.33375780047269
513,Eastern Railway,Winter,Express,3,73.31162781767068,973353,53.19422036936466,11.083792942895276,4.1685601218459585,Fair,5.47879835232293,22.040536435120096,72.5863572502231,23.395350991084737,15.843009834968155,0.0,59.43301454378376,68.9615751930026,74.62878108391075,81.82788334585051,20.546089419080182,64.82851052466745,Warning,779.3125599131592,41.644929783776675,11,8.000173353635436,121.0,56.131253774149,73.08703822721024,None,0,None,65.96791496211088
514,South Central Railway,Summer,Freight,26,96.1512544688274,173744,41.51512068745387,5.193814922208331,3.0977034195457858,Good,1.9892396508624621,35.42421227572743,39.76983095543343,,6.568178787785131,45.79583842459012,67.0835919332108,114.93004475676472,37.08771689787809,98.12301562349461,25.286581633729316,88.46172941429052,Normal,802.0111502697359,86.65196227616869,5,10.727025037535576,310.0,87.29505303912067,85.39854930136129,Brake Failure,1,Low,51.989772479201555
515,Eastern Railway,Monsoon,Passenger,29,81.17813212427124,492802,31.817631662430962,7.096221183173731,6.021653187158317,Good,2.852770200439781,36.59680890585477,33.01328115936729,22.96860009119907,17.992038870217005,39.50879080256651,71.04614294166161,121.42829107151488,,,25.643948414705704,86.3844554107111,Normal,786.3261978156843,51.64497090591475,7,8.426308200575754,159.0,56.06303343338485,92.82662256870537,Signal Failure,1,Low,60.3616882700153
516,Central Railway,Summer,Passenger,30,85.1320313078684,1226480,70.0,8.83143289108547,4.129444731837349,Good,3.179179627353452,32.00673508452979,58.32243465608319,9.235437974279098,22.259007021034943,42.538034217805745,57.65619944724966,106.03472443802721,52.35999408003885,84.1662001530614,20.733688979862823,70.23823366662886,Normal,464.7236512392616,61.968803322808235,15,3.6129020276712343,32.0,68.96387417887615,73.68906513288672,None,0,None,64.30617548555969
517,Eastern Railway,Summer,Express,19,88.58823567726024,957000,23.427049183575207,7.46149358139449,5.936309729215951,Poor,5.3808929794805405,16.680702407239338,84.99648293279176,22.88511916066223,26.78067192099977,23.467008498016412,63.714759868885224,87.96385766792001,32.837184115910524,100.49150704256273,25.78012814904415,92.25124785947837,Normal,743.0529283790864,54.10517850169224,8,26.23373241446632,14.0,74.39572163865375,73.50528708654986,None,0,None,56.680275838267775
518,Central Railway,Summer,Express,28,42.79570676640277,249173,49.16295607381836,6.019895205157632,6.397633808832711,Good,7.36868096151725,25.967657440477318,58.88801557352622,21.498493291668346,13.335871545483583,67.94049424493659,67.1257199483757,104.48227307995835,69.18360443611843,55.63919746965511,26.377196054719438,54.29496648460093,Normal,691.3634224832815,73.88468326706762,22,12.587281031266398,118.0,48.085671970873534,70.82421946661425,None,0,None,78.95015279903753
519,Northern Railway,Monsoon,Passenger,11,79.16990385480176,1255403,51.36435578458668,8.698929396104548,4.926331209880618,Good,3.6428129019384823,31.55979194331769,48.14415983761906,9.911516960931376,0.6007371563147288,48.60426926721223,74.66636440320605,114.35259595679975,62.5744677570689,44.60630060996405,24.745163931109474,82.30195177824199,Normal,582.8284448030684,17.99242109345564,23,13.97534327332882,182.0,100.0,80.76896247844233,None,0,None,53.40767368618735
520,Southern Railway,Summer,Passenger,27,69.56096239177225,724650,6.122867974629575,8.07874364563776,2.924631480699466,Good,10.171566650631068,40.15757424529912,48.41319083689711,11.44413557381429,1.8151282511888276,42.339659827779066,90.80925882565742,82.82805003385769,42.015501129383374,84.74077878579507,26.530724750212414,77.7966877116424,Normal,940.543890086768,100.0,2,10.10218939172777,113.0,83.02294852437758,53.39767466826177,Bearing Failure,1,Low,64.90605602615061
521,Northern Railway,Winter,Freight,12,78.5923550717592,269090,41.62202103141051,7.173658287780148,,Good,1.5912354801931736,29.86399407936732,32.09147657988633,18.347989084525317,19.056397635314084,31.770920585139137,63.304819823212924,106.94589055876986,48.559194220646106,63.04363837104303,18.180227785109892,67.34521859892968,Normal,833.3285477191126,44.383362129705354,15,12.20551720679161,179.0,81.39107428337996,87.02645155454125,None,0,None,53.10338317759536
522,Central Railway,Summer,Express,19,40.516426013633634,966919,16.205456269042287,8.228874165679565,3.18400643708205,Good,7.678278657490213,36.76999804833797,44.589311583054084,6.498311727009821,9.980917397417368,61.43780947088652,,119.73212461276826,45.06141186274468,82.80387085493659,25.76129007969615,64.53103062369753,Normal,354.182318970867,86.27234563217216,4,23.40492601035422,114.0,88.41421069268385,74.08253841538865,None,0,None,59.101021012219306
523,Western Railway,Summer,Passenger,12,108.20297688837837,1280415,29.10686038250408,8.53457778580451,6.337407880596051,Fair,15.56459787045168,30.88398323319055,38.68782801890465,6.430579270607096,,50.188106094269074,54.03942774096866,103.31964961424848,0.0,83.88436256814238,30.44867359419799,73.7834582049705,Normal,1132.6038159646027,54.35007255715146,14,11.872881262590385,250.0,78.05015374658838,88.30541349184426,Track Defect,1,Critical,49.30376738068894
524,South Central Railway,Summer,Passenger,8,72.47677488587888,354605,39.15310006477811,12.797953252589284,5.8176136535416605,Fair,5.776948396764208,36.109557349593494,36.637352982094534,13.650958247677238,15.369711844480488,41.403333004747815,66.2359167780971,81.38442631154507,40.65895169419617,51.07976454674352,24.496734183423605,50.799948787053495,Normal,409.27952651370964,21.069333072104882,4,18.24002235727276,254.0,68.83264391434057,56.98583346632748,None,0,None,68.27287562160778
525,Western Railway,Summer,Metro,16,97.27281577358197,397082,25.410936944104762,11.159276403878003,3.280695122504086,Good,6.560801501966925,37.28752046879984,37.2168870163104,22.76253650204047,0.9490330562757645,71.43034107972372,64.29377600876947,80.93454377885223,23.702129404825577,45.08347078251512,25.237126478413405,96.79989170376149,Warning,261.9156174731286,,3,12.579319301765537,94.0,78.32993935879463,87.02540999186212,None,0,None,56.395498299952536
526,Western Railway,Summer,Express,17,41.04230422503127,874601,32.31065680854255,7.244724145771396,1.2943332949902127,Good,6.012874578952146,34.09092170003465,69.08255349829001,8.973387440649564,27.97179601094262,41.450123699024516,64.7673279242691,108.02299570506582,34.412819892742526,62.531414171362016,21.223660517019617,65.22282675915737,Normal,781.9402434862391,88.69738024481168,8,34.965059002746926,239.0,82.08345608261996,68.22928171451824,Bearing Failure,1,Low,58.7699833097667
527,Eastern Railway,Winter,Freight,21,77.68376490031318,1219812,41.61068566918583,7.509874689143018,1.5296787101653968,Good,3.5604531047135612,41.64060706939454,18.73717555998357,12.400735149185781,17.605484549740144,17.13493237006139,57.648084257326204,99.71994777215339,64.47712230657132,65.27601654307695,26.818936710664154,52.76869115663714,Normal,857.5357748416712,44.49875186322613,21,24.025283766423428,216.0,90.37331706076613,99.23881608592659,None,0,None,45.87756160015246
528,Central Railway,Monsoon,Express,20,95.73406935687262,761270,32.292368921315074,14.389307011290127,,Poor,2.1331183082379255,15.232172177892899,60.51140927396993,7.507840350063681,12.042384722893399,40.11042511999974,73.14049459537398,87.38290359237129,17.155978670737156,86.27971756131804,23.790587398292267,53.970566576347366,Normal,868.2962391999154,42.24045903297941,21,26.15158067407594,63.0,82.65904671530271,85.41391767731002,Track Defect,1,Medium,49.76442303119608
529,Eastern Railway,Winter,Express,9,84.05030416019231,809270,43.397287422476715,4.614099812296674,2.192272976875397,Good,3.051929638281847,32.958611501061284,40.091526477036126,20.186512888466194,13.50260173160043,36.315506932729775,25.672480275854276,97.58708295232798,50.44725631236222,87.74695830849251,22.120490084952852,59.54512888391422,Normal,1065.9582910371469,54.24232431895026,1,8.34953524763896,89.0,78.45131564270729,85.85314274555054,None,0,None,55.507854050873554
530,Eastern Railway,Summer,Passenger,25,95.02923620206366,1052441,50.91376199753079,4.414658518409923,1.3601399247831876,Good,5.308663681906992,36.413604226368335,45.85669994662657,16.731256164565195,21.40396345243671,81.45062897131892,61.65386094439585,70.71918428889379,57.60362296481119,73.85222065223964,24.168587848902153,48.54761269694788,Normal,593.191286891222,34.58615582732644,6,10.142867551742146,202.0,76.2620856553644,88.84531936284507,Brake Failure,1,Medium,63.0705460340462
531,Southern Railway,Summer,Passenger,28,89.12527905031364,852749,43.16863225776131,4.134994871777874,2.881518037554897,Good,4.2111883223353725,30.579892339033414,71.87323447319253,21.30026185002917,37.92253030034688,38.78697303195405,73.99843884280922,83.60139433911682,76.85060363292233,72.50281132007726,25.00398605958582,85.58102607166947,Normal,462.99516489390163,73.47212704786321,10,9.095752981326786,149.0,58.65443129375665,81.05930914109156,None,0,None,68.44582734753459
532,Central Railway,Winter,Express,4,54.45881957696185,565284,38.616061750437424,4.6165151682710475,4.557120376102274,Good,1.0089985024162793,32.211296347779495,30.71954877848903,18.97271716899217,23.17831901202026,20.9046550163012,64.57679148404844,78.44835827587924,58.55790820515428,79.21854508613932,21.814364904000797,96.69599935901108,Normal,718.2541090132825,28.724755359134946,1,14.575919357430601,195.0,76.49644814764613,81.23921678725502,None,0,None,56.711901756002916
533,Central Railway,Monsoon,Freight,1,89.7351362176581,183309,53.04951644849081,8.078187617210505,4.241107806518272,Good,9.095367462050275,34.72118353197835,75.18702162373313,31.437628945271676,22.21027115392961,74.43021776453276,78.49204155703049,101.40436517789139,6.789018171614451,31.865177493631386,23.438838150891826,67.36466239064075,Normal,613.4600484026923,51.91820484338782,2,,208.0,91.722219646259,93.37505986437678,None,0,None,47.39883756169955
534,Western Railway,Summer,Metro,1,78.50403027686303,761114,37.920158203118326,10.7339126777379,,Good,9.087379605891696,34.12205051321518,59.563950353122195,58.64931743531013,14.784769837908023,45.79800298179195,57.988787746573614,85.86080378700179,52.98173062506078,63.28791037109137,25.196639756777714,84.94798885307407,Normal,1029.0203209144786,30.68592206227325,6,16.138275562265264,181.0,86.19214084218729,70.22407100976716,None,0,None,60.07128589284385
535,Southern Railway,Summer,Express,30,63.657431681915554,1262542,33.5664852120568,8.628266574949965,1.448751039612997,Fair,3.816095981723106,30.86948941105546,78.1741785387027,18.259773635453268,5.209792199286136,39.50046948794062,64.76235168805988,103.08247696943589,53.979073354616155,68.19313889318093,23.48331781432298,33.59610754480892,Normal,746.7716681292336,41.23590613791613,6,9.10008747008696,21.0,86.11786496090475,91.0051385247351,None,0,None,52.028880206409575
536,Central Railway,Winter,Freight,5,53.55115611362759,1315200,43.414990429306364,0.0,1.7108347728765598,Good,12.354664941413251,40.91988360731604,57.29161828947776,,,61.85125831262654,75.57165923252784,99.43055191479806,76.07062414217539,63.382147619605604,24.835283749761995,70.30632010291217,Warning,835.9885117543498,49.19143180859041,19,44.50081932574167,339.0,81.89367758440048,98.34953130967301,None,0,None,57.603159255294564
537,Northern Railway,Summer,Passenger,25,64.09082336848938,1478255,15.399260684239255,9.647169936891972,3.891485356374718,Good,6.1577464160994735,40.13544628669955,53.30206396768885,15.597439908035538,20.245873788645778,37.56444217547,,102.91250072125285,30.910632149399177,74.40607946870017,22.462043136358844,67.90888005092393,Normal,865.3693261301898,40.208142264062005,2,7.896189855663582,131.0,61.27649723403759,88.05086880068072,None,0,None,58.00668303657898
538,Central Railway,Monsoon,Passenger,23,77.95692185644455,99723,52.61741421615416,0.7780909171405366,3.347684914601844,Fair,15.711907439421982,31.756202663372537,32.873604132119794,40.16216508626915,7.322520942194946,54.9405800287269,43.4022223566386,118.8436984023029,8.318365477091668,,21.931557346505517,84.97757637607455,Normal,937.7746558318347,76.15861598637088,16,26.910443188664566,260.0,61.270013994790894,72.48717626843803,None,0,None,62.67382523374266
539,Southern Railway,Winter,Passenger,9,51.873860801071544,1117942,25.42450216437864,2.9966276442612587,1.7826096635790938,Good,7.29988147911585,31.107744041188866,48.896273126779555,24.256711640805165,26.704545666550516,58.30854972684753,59.735889861107424,88.35998557222022,30.546226009034527,49.074526893453424,25.69888253273533,77.1158918117431,Normal,862.2756688097707,42.01121011152284,14,26.906474081922447,170.0,89.02336569759981,90.01920000039698,None,0,None,50.66331836608344
540,Central Railway,Monsoon,Passenger,23,56.11684264378205,955833,27.266095577720026,7.749494582900133,4.465969754939454,Good,5.48725014644197,30.101632475326234,53.96929467746279,12.535829714563889,17.079688552318185,27.072813240373677,,127.38936287103304,21.162315349230735,59.429931789124794,27.707009437617117,65.55243192254926,Normal,1301.9411068884156,75.58718081834363,17,9.69155076481707,91.0,78.960983360488,82.0344028768973,None,0,None,50.88688410535582
541,South Central Railway,Winter,Freight,24,81.15663130346607,724342,38.39612779554284,8.351171731515189,,Good,5.355925780550591,27.051975620933273,55.990941680938604,3.046635793179822,25.73754723443161,30.176310723192046,62.00001006493487,104.4216632070783,25.55562398878467,68.47860955418807,21.231472416158486,86.66672395609078,Fault,543.3266787450308,94.29514216821583,18,11.650950286200732,236.0,62.483140631251544,68.91697430516405,Signal Failure,1,High,62.36974997905105
542,Central Railway,Monsoon,Express,25,79.79720452789621,1037309,58.30227124218075,8.756825120219924,7.1602874174994176,Fair,4.764378442634914,29.43043597222637,46.17076891959371,30.22364772645672,18.375220860133222,25.303504269804648,,96.9714824232277,54.46926681925009,81.606083979771,27.558339590090387,79.97461616541251,Normal,938.502719286543,39.266616028509006,1,,123.0,84.24910757099542,92.3169152167389,None,0,None,50.167807687651205
543,Western Railway,Monsoon,Passenger,15,58.96143513404658,491181,34.83725191334213,10.65589457915825,2.638265427360751,Good,21.852649116753568,40.12576254834068,57.26503035666325,3.6464122869797806,7.15673297108355,41.61027121250579,54.92186553229311,92.71832274918509,34.81756317806851,69.60117813704692,22.79801922801297,72.88520833250242,Normal,1020.8391321012024,83.96450078635482,1,13.448200746247196,333.0,70.01587632049927,54.010438050711016,None,0,None,68.05496512866254
544,Western Railway,Monsoon,Passenger,11,102.05066565974687,556649,29.00435496768991,11.789092361646388,4.915620376474551,Good,6.072969989374817,26.988016832763982,71.37169951708782,6.724115343236362,19.651604634376028,42.452774454268294,,86.09157508120369,45.404589665835346,90.67751429461815,25.920255137819122,63.06609277640228,Normal,1376.5491334988526,81.25238199635268,9,7.234460714614083,290.0,65.93879512646542,78.82304089432284,None,0,None,62.51196201073965
545,South Central Railway,Summer,Freight,19,88.70326509567136,571568,35.000049917915646,12.182940266905309,2.0144191118288006,Good,3.1293950015095824,50.0,72.16616485929399,19.312784292531823,24.485930812450373,63.91876535989562,56.22437013598421,100.46180821696494,49.82478019268436,68.04037726778589,24.94469963524686,79.16646216385303,Normal,639.6052066599376,74.57085858501947,3,1.483632085139187,280.0,85.74464111725553,71.97327805621791,None,0,None,61.860260122171304
546,Central Railway,Monsoon,Passenger,28,109.81559542408584,911457,18.361618350713602,6.608845550998162,5.021095819552803,Good,10.722361096015897,38.4636403380197,13.340256276250393,4.346713991262384,10.098837535924938,32.105499629445454,70.91003718195697,100.8168432431272,35.99587498807587,60.80714043763209,24.26639786809473,88.39016273012595,Warning,986.4434717953275,54.40133939087865,1,17.41114022810267,129.0,80.13764238210653,71.35958373114467,None,0,None,57.191177052990284
547,Northern Railway,Winter,Passenger,4,63.43512901583071,388711,37.145740140589936,8.798368642920165,3.103564220407175,Fair,8.456825003170021,36.601833797277095,90.1047700526879,37.15300417857139,19.645029421584923,83.35069568810695,69.86005586126174,97.93531354811138,52.519334386960665,71.49709304312447,26.93814733081903,80.87547686566369,Warning,649.6258870848644,60.38865185189737,9,6.449273552874371,200.0,93.00104132823854,89.7184580229126,None,0,None,56.428679738357246
548,Southern Railway,Summer,Passenger,4,106.14009169997055,570757,33.19978538402671,6.682539956287459,5.252962544069581,Good,15.591807444666172,19.89858511212556,81.49248152649645,28.849416751566327,11.35858506335386,36.645181941199084,80.5972615622691,103.53777340969154,9.722968091230221,64.40402212011217,26.96729768487583,73.98695221835864,Normal,936.6598251697499,74.87526725123644,16,22.549791633466437,359.0,81.89051475796481,43.90341579137699,None,0,None,62.92734681259477
549,Southern Railway,Monsoon,Express,29,42.88044006676341,79231,17.49876509093368,8.519457409618425,5.512996156983357,Fair,3.1355611536837467,32.806112278729515,93.33566190932694,15.324376550189465,6.840337099667789,57.07151212894118,,115.89353143439862,44.11793852068486,69.35406922815626,24.964064476151645,86.28944784888643,Normal,452.4090507409234,69.26969148776783,7,31.517893798696118,32.0,84.72680170790245,60.92952639475533,Signal Failure,1,Critical,64.1987027615137
550,South Central Railway,Monsoon,Passenger,10,127.66798351166085,156551,30.531327057372422,6.577813542028091,3.4596524232234644,Fair,1.5670393658598112,12.649479433514827,30.14492855903939,,12.943271679226939,35.48092818027647,44.037077909023736,97.64708741392279,62.91580679110292,80.17388663502561,27.62679246620946,71.7377433400669,Normal,799.8428314060103,89.71410564151411,7,12.184659632777468,330.0,77.74130711914427,65.82398953868413,None,0,None,64.51165641546697
551,South Central Railway,Monsoon,Express,3,73.73393722969568,867925,23.527552550707004,10.729555598790801,4.515764814970756,Good,11.117337540251132,36.27372846474284,57.71843399997207,15.08686321129444,18.401298170823843,45.212106259674556,59.730263476554896,110.18791582382462,18.33502829115829,84.76154084787517,24.036351723750556,65.27241875247155,Warning,660.958063192378,77.55057379416664,4,17.340702499755757,67.0,71.00458846992697,93.47840961405282,None,0,None,51.96302085323201
552,Northern Railway,Monsoon,Passenger,23,50.75953604723826,293588,40.59052287755084,9.921616604534451,4.321891851369539,Poor,16.073765679438182,25.90163101977167,42.26514788634168,21.08765278238725,3.0736980741267637,34.13622858808553,53.807423404905094,79.84734578233962,38.14741554842736,,22.405169470471304,79.36713044134925,Normal,873.9182869655656,71.31217193598526,8,32.169592623354525,272.0,58.731342652068385,85.03235949670366,None,0,None,60.52525086840672
553,South Central Railway,Monsoon,Passenger,13,39.242521714945404,376444,22.124325796450137,8.022464440424622,3.3277761875533227,Good,1.545198870276108,36.87396363593304,48.817352479830255,13.674954695551875,9.222677933503856,45.68092900896953,59.03734428737313,106.78145837264208,31.04875045484405,68.68736718029878,20.533733754308358,56.83805085582571,Normal,647.640978036463,86.06653579845653,8,8.20282206295951,51.0,71.1503713138454,81.3489849117696,None,0,None,58.1346772406068
554,Western Railway,Summer,Passenger,20,75.62986969672058,1279089,27.883157392331213,13.219583270924957,2.695160024400818,Fair,16.81484106863305,34.74546866817949,19.606698292167422,52.68039970101789,6.437825653653489,0.0,62.22400865620723,105.71002449299871,37.71481247022762,81.95489356090842,22.030615347455146,66.62650818402176,Normal,364.6073301868851,72.47432151461524,15,10.629826463454329,128.0,90.13959390716974,85.2244072224293,None,0,None,44.27982147517447
555,Eastern Railway,Summer,Passenger,19,79.40391422455465,98555,36.832572151068035,6.662886148207023,2.701086361385025,Fair,4.583127380675206,31.77008957464571,43.88206423636966,16.26240713220138,21.516683210842107,11.586425428610944,63.60664209845081,84.45354470110301,6.891858703838672,98.30360914571926,20.52855230100872,90.61596777231445,Normal,462.291396400803,55.04016064618423,2,3.628069890072004,65.0,65.15699225020285,72.25929001979291,None,0,None,54.67604382536892
556,Southern Railway,Summer,Passenger,9,71.88958846180753,473295,66.8845238070308,2.818713250485418,5.824621443279,Poor,6.660205444078073,18.125375287634185,24.499732035724378,37.50715916422659,9.781881491642705,23.753767297418666,71.79242294737584,74.15838877078531,29.901437228984197,82.70798840895476,21.736449656967988,88.17901577088413,Normal,475.5527298884948,47.19102060683225,12,5.628234420545925,161.0,58.434843722894186,90.72253211196852,None,0,None,55.84319913675849
557,South Central Railway,Winter,Express,23,81.62528806575787,5691,43.23735440630941,5.823088364083741,5.421416923171936,Fair,2.3900164261865293,22.009881029077704,73.89841177460013,12.075051797366731,17.410172763737734,53.214259295464814,38.769087297104,118.6894745744766,35.56180539359618,70.2722411090182,,84.49194828000803,Normal,1133.7964328953872,60.93252820070859,9,12.489805693631666,113.0,73.84720744780188,99.9100759510512,None,0,None,52.501360513760574
558,Eastern Railway,Summer,Express,20,89.02449236762712,104777,32.182518623491994,5.593532452992013,3.08947668193096,Good,2.0569592458606056,28.13502740413469,31.36136773251887,12.791755008955947,21.275218541197486,40.60246957345699,41.57919073594444,118.23333015387855,,68.17685352344341,22.95258478094049,87.71208818985646,Normal,619.2217275149515,70.02032535560063,4,21.33737866304689,102.0,61.72232430027262,80.09831935796673,None,0,None,57.27183385346096
559,South Central Railway,Summer,Passenger,21,52.870287145393505,495443,48.81674022404624,6.983929585764686,4.629614006234798,Good,10.60638362003594,30.54059035444186,51.48060758317831,19.61901118048762,25.92475820237661,78.47895462979815,38.39847938332567,122.79445428982125,,69.07633669544892,21.193267990382576,60.450337276303,Normal,789.0338616940465,63.57967982563572,2,9.72579710120076,344.0,56.84913632510473,94.31492928638731,None,0,None,65.73300848951376
560,Eastern Railway,Monsoon,Metro,24,49.880800861492006,950131,17.751199095497928,11.32535842009441,6.144575475623078,Fair,5.021583744286326,23.171779738401117,25.59580102960411,10.99184195479977,18.730581602949943,46.58490631347829,69.03122938110738,105.01564780214898,62.24146083170842,54.0445085726233,25.63626333898106,99.27554461897554,Normal,421.8978840978159,68.8216860116089,22,33.693729348894365,31.0,83.25070714756794,100.0,None,0,None,52.186207570129234
561,Southern Railway,Monsoon,Passenger,12,58.79795779566997,1094044,36.73359811090428,1.7947467835852358,0.8680436398896543,Good,5.4661597223664495,29.046211950380734,50.31153012349987,6.510706850433291,3.119780364747113,56.21846667499654,69.64993067735693,95.88934222859622,39.4141434490692,64.81015832836246,24.68866835834865,87.07834535934205,Normal,897.3424901808081,69.13118910095677,4,3.379250381001911,204.0,99.77279953104978,88.93766760150304,None,0,None,48.296228022216376
562,Central Railway,Winter,Express,14,82.46795714470198,1001856,7.164194159045504,9.304424803580606,,Good,6.77941309192479,37.07237513781913,63.2300967460596,58.88231717965495,11.244400754853284,51.87941577816567,66.68653459887906,102.84406155079226,50.56823368759758,80.16456184162972,23.37980381896579,74.60146709697138,Normal,1161.9089056076643,57.16027283112524,9,14.145612294830102,314.0,60.57189368081843,57.197609608881876,None,0,None,74.14782126846939
563,Northern Railway,Monsoon,Passenger,19,64.60666866959471,72418,45.2297284074789,9.489090195330496,,Fair,3.559403020233704,19.211870879457294,,10.298225759594919,,46.12714296560398,67.7640077942654,105.34024277047894,12.905256913028442,,21.82881952366165,80.68083828644852,Normal,814.7113877304819,56.17390832405953,3,7.111830210678103,118.0,88.4937803054954,86.25503873714514,None,0,None,47.69277331687068
564,Western Railway,Winter,Express,7,101.57218142424995,916354,24.056244552623756,7.360945595914171,3.9868154243297376,Fair,7.01470948602098,24.26090369087996,88.6484015450571,13.675432571460655,6.582736847924643,54.442595320221216,38.3389009063022,84.1038650449211,22.347505033467485,52.687643770454784,25.207883117259705,58.00326916494673,Normal,983.0279822713293,71.33070136308764,17,9.980187156404176,222.0,84.94369434704763,85.37627421069149,None,0,None,51.90652605784462
565,Eastern Railway,Summer,Passenger,5,73.87708007333572,1017988,17.4487934830933,8.78249426488707,2.8238474313965902,Good,4.000891893158704,29.243164221290357,19.99817455924348,23.989357758938418,12.62272312471126,50.853662391165734,68.92437625212796,100.6289713946021,15.728305954476376,82.91382976580687,25.757790847308033,64.31871405968882,Normal,820.4488959850438,42.106435023675786,11,,154.0,92.32740673159591,74.01329084381995,None,0,None,51.76805110045077
566,Western Railway,Winter,Passenger,27,81.45574645049032,739450,30.515183416713565,12.921119907001058,4.9432857174739295,Good,13.620574322808388,35.99464942075428,44.41067624242069,6.194404899119887,,57.936590860611524,65.73011298577015,99.52694913636624,9.833238093088966,59.28918692453948,30.00083869913533,83.09219568694958,Normal,666.8995644783919,48.562668086721196,16,15.746936123300808,146.0,78.73510670052224,93.56424151078748,None,0,None,49.86070246909667
567,Western Railway,Summer,Express,12,30.63172423577388,747790,42.84659885059743,6.825101200978841,4.233035197777779,Good,15.857356339433174,26.79495512700157,84.44183049019105,29.418524585256506,,17.750607006444955,67.39623933369637,83.77147138235969,59.04844161448224,65.42364924858184,25.128414962575786,71.1975787098324,Normal,559.9009414170844,62.570871427586546,15,1.0588531528769425,92.0,100.0,98.16127067488269,None,0,None,42.16341255693015
568,Western Railway,Summer,Passenger,11,58.4930140266717,462330,50.50907479909215,8.555766205982168,3.8268334574306713,Fair,2.7182814098953627,19.152213538573946,49.509583743604196,23.83643171633793,5.641404713235593,33.4684173665237,54.36635558382361,77.24666580958073,31.4775188696807,56.06375106844521,23.46160565755304,55.484085734162406,Normal,844.2747004744751,87.9938796004541,9,18.27869984223465,217.0,70.07612369658216,95.51816623853632,None,0,None,51.783888958139194
569,Southern Railway,Monsoon,Express,23,83.12434893203161,435288,32.990734766074034,2.9424632663806305,3.851560053604418,Good,3.4456189255713796,45.60351479099584,49.08461339786418,30.854349122847104,30.130630875531217,,68.19482227584989,101.74132250143032,35.48987157451434,,24.129940245333643,,Normal,743.6774839358832,34.87091246492831,22,14.783950920211684,9.0,95.54744690294837,75.49347074828071,None,0,None,56.68074783570793
570,Southern Railway,Summer,Passenger,29,68.35089828072026,639544,50.28505373327921,6.268811486794313,4.808893366812385,Good,11.469829043625337,23.223849483492128,28.9004457377037,14.653122101149522,20.959108553195506,42.97131273831673,50.78036644821435,92.78940420051677,38.33922097401039,75.06937461512464,26.633732236933877,83.32609027180254,Fault,504.2492461197354,60.065943918648884,10,15.330627996755783,37.0,72.00894968739516,97.04299961734513,Wheel Defect,1,Medium,53.028397800189964
571,Eastern Railway,Summer,Freight,19,43.686284432920125,190704,39.184702534748276,7.720573862285422,4.347490115807781,Fair,10.190560732082668,36.81537517655,71.10451313904778,15.731603215794651,,14.262920671910216,71.9055451999944,96.4618001591895,57.410326838206714,74.73765428234792,23.718607856616412,85.82380974590231,Normal,846.9919162329257,70.59290659183355,2,34.27299187705719,97.0,89.85886692913093,77.7259202875025,None,0,None,52.09631160069584
572,Northern Railway,Summer,Passenger,27,87.68022744904818,246355,33.531009679650055,12.570358776695356,4.839528807775697,Fair,2.945285454637504,49.20598469290297,71.38375781575775,5.4661276869514435,14.749487214090275,40.245040442319755,70.55639634440115,119.82939645793483,91.59893477141271,71.53811338546737,22.509873941191138,87.97279199568587,Normal,735.9687448210435,55.768344916996334,15,31.496402493177687,210.0,81.50621240818822,74.21942741404779,None,0,None,65.27262234427727
573,Western Railway,Monsoon,Freight,2,61.894545815103115,740864,39.56875751634324,7.800011008411396,5.072394600618855,Good,6.330600049557105,31.820560545612636,97.36844958866004,15.427055612683285,28.27538524607953,38.29790616742625,63.918403635479756,47.00279832524229,,47.091193590084586,20.80611458263318,71.15708747012354,Normal,963.4032428682078,76.3687806463312,19,9.022235930998912,290.0,76.91322616212875,75.34284074454631,None,0,None,61.06314678010246
574,Central Railway,Summer,Express,8,67.20325548530597,1174932,42.046537076831854,6.151663201311858,,Fair,7.246845914116433,26.137509493525016,46.0377677631008,5.067819755400757,12.127456191605598,81.96249375660432,74.43779241792281,93.77497167824853,0.9935538160303494,70.36885988424407,25.857929556211563,66.56520892392393,Normal,857.1120381646164,80.15266143031305,3,6.8694404721787485,221.0,87.02859799157481,93.25606534076036,None,0,None,49.34377496957788
575,Central Railway,Winter,Passenger,20,79.85360307231893,46095,45.76389745749759,10.183515495173296,5.759432668651583,Good,14.569308893159068,21.00878467147558,100.0,9.748513178741106,21.835302242151894,37.78482975834863,68.66828626499992,101.31860067060575,33.38851368563908,89.50183159317524,28.224285329355833,82.27499938936359,Normal,312.4978716625343,97.65109464212684,16,9.647647591117286,95.0,66.19353667079679,75.4872502012256,None,0,None,61.08772611139032
576,Northern Railway,Summer,Passenger,16,76.82928239544749,1203366,36.13080111760354,6.36303145956704,,Fair,6.919098243397481,26.341855478497358,43.83148248072,29.134698779812606,8.242636831251483,27.559655916219125,82.78564418693907,95.39102390848365,5.41474715455788,86.2564224691372,25.91787641635451,93.87963748539,Warning,888.4182032998043,43.120148835264615,18,9.716215248059862,54.0,80.81822828812592,83.09351120483535,None,0,None,47.57705163808011
577,Eastern Railway,Summer,Express,3,49.104615815274144,422795,22.653039008858897,9.409446693620579,5.086738752988931,Fair,3.7442494345856603,37.59447240446565,84.15354894485574,,14.710485269478099,56.50147662432866,69.48492223604485,94.79134336583435,35.95941876769701,57.594848239419264,23.89366278216788,78.64602496763546,Normal,579.193967562338,89.60538457873213,24,8.961542591306696,92.0,87.69476407950464,100.0,None,0,None,48.17596688097723
578,Southern Railway,Monsoon,Express,18,74.42183521576507,998339,33.57598247348077,5.002123158395866,5.777221855545173,Good,4.918777186697584,26.395918158771163,41.62061864892668,4.273336054369368,10.748993396130786,74.12551358442418,54.32501210608402,108.16382526325808,54.50081635485114,48.22013682278879,,86.1866966269022,Normal,106.13043636563953,37.287665244466424,23,8.390659404449881,14.0,90.41297826909435,67.29822653048326,None,0,None,64.09502781103913
579,Eastern Railway,Winter,Passenger,21,75.08800501342137,598921,70.0,6.770181379334275,3.1670906749510066,Fair,9.568655984599184,31.098886079477666,84.94786565538786,12.672285463050093,21.07400503991849,51.70243187507841,71.57022678465205,116.32866787556196,58.185448644314874,49.58859621499818,,92.9717726763809,Warning,554.3803092352675,66.8883236010027,10,15.35801156662173,56.0,79.03752205058909,64.00080171868008,None,0,None,66.41976875866479
580,Central Railway,Monsoon,Passenger,2,51.53442700292615,127787,44.05112039669797,6.832175526528378,4.496139490024326,Good,10.267016477177075,18.255021288609598,61.153769925298704,,8.75665447544235,55.64756005280873,,69.84006936329762,77.23943199830754,62.266145464040726,21.9396423905473,104.55339927288642,Normal,667.5767734470999,67.05173881871308,6,8.28803405510067,170.0,96.59610908638979,100.0,None,0,None,51.124410627431025
581,Central Railway,Summer,Passenger,15,89.89070072145856,1461046,39.529408770780314,8.274383957849984,2.872413733647851,Good,5.699722598924713,38.38921726981986,61.63585632511296,5.52596800947171,3.2945880519290096,41.94543186324162,57.45206999549855,72.80233295458409,69.81162605418764,49.15525087437169,22.9078494696679,66.52374467398243,Normal,719.3211754066028,55.456756319054364,20,26.748513686684497,23.0,96.63344779922213,78.49787620131485,None,0,None,55.46759528742646
582,Eastern Railway,Winter,Express,12,95.35023893102006,1172396,51.223744387319464,6.162090239126343,3.192213001695884,Good,9.568331362089316,27.119726202266584,61.79193090365609,4.3217038509472445,22.906847425174693,71.08218421354482,59.14417282476436,86.74153377342417,43.37772716869635,64.57874812388434,28.114184622254122,93.0099863587415,Normal,1032.8384700534684,60.6303785401842,22,13.497195460893122,243.0,81.56395445506945,94.90706596161002,None,0,None,55.404129561498365
583,Central Railway,Monsoon,Passenger,25,61.8324204771924,1327187,27.985507578975945,9.641994079383185,2.7917772835649224,Fair,6.0109686969291705,32.92973682353288,60.13080925276276,8.415796407884173,7.545980471790621,41.95550120777814,80.18630851224485,84.88608227247367,31.632169426357763,51.990850473105546,22.65633344538132,93.88636319766783,Normal,1252.978992671648,31.615897410902498,12,38.31997668967648,352.0,63.0914872648233,80.33403598119271,None,0,None,60.83921745901478
584,Central Railway,Winter,Freight,19,63.10899418154941,617616,29.252686937347498,14.351318833184113,0.0,Good,9.754796999243885,39.093779929401215,51.30476889391388,20.32414944140292,13.876950976978952,28.356963570152395,69.03577527494589,63.94012485497072,64.65412625583986,,26.53631362710167,75.58949239885723,Normal,751.7467722924258,52.16862564206827,15,9.881560986961627,133.0,63.60188847942585,83.24516116421997,Brake Failure,1,Medium,62.555196098622794
585,Northern Railway,Monsoon,Freight,8,101.2720791706615,1031362,27.936087790819975,2.1330497674885276,6.46316537749448,Fair,3.091256920770993,32.791044378426434,61.08398381608995,14.817789287073744,19.528557500582416,61.266623269440636,94.08926146472791,79.44453174047015,28.313917518464756,90.74265546358494,23.356287054764962,68.75573255656688,Normal,1072.3992966121627,100.0,10,30.531264389859537,343.0,61.46863615783756,69.17517687609045,None,0,None,67.71174655631101
586,Eastern Railway,Summer,Passenger,13,71.0061913234553,70303,58.23175560288078,5.458161196481436,5.256476810705144,Fair,10.169155352993974,15.20423404892946,78.88450463223695,38.5050906967779,14.460173095340823,96.50155886921979,50.505144233537365,104.00595195849681,19.318364968496518,79.10656371171703,22.48414141380411,77.48774328638147,Normal,859.2267758295781,78.44276081204845,11,55.12590399373504,329.0,79.50639509523454,98.93632881824041,Wheel Defect,1,Low,54.91803520594121
587,South Central Railway,Winter,Passenger,14,98.37144708112493,1316606,31.813514670675776,6.013757350950413,1.8030115569575829,Poor,11.86688262427636,46.041769475714226,66.72171007814809,18.067485916519995,10.74678596537142,46.16127383204444,60.30374624077479,98.40683330669928,39.23722956416284,61.09978835174957,23.109183944126,82.11608817902467,Normal,677.6346768284325,67.89591183431972,15,,206.0,75.39473779265538,95.58228921526673,Track Defect,1,Low,52.96781605665835
588,Central Railway,Summer,Express,26,119.73943600754632,842304,26.174217744107835,10.686322133185453,3.1309752328617573,Good,3.087080909630875,5.232199631479727,81.44954412424924,6.027727372390213,18.789452560755368,59.93255963826927,43.75653621087398,96.69758966987406,55.96834833372574,100.18716417657822,22.9580517498949,52.215546300517474,Normal,1247.7800660410717,59.318481396620356,9,26.442020231949165,216.0,83.55900670738495,81.3170408629248,None,0,None,59.67851954619085
589,Eastern Railway,Winter,Passenger,24,70.95480313173111,1294083,47.991269074219474,4.575171621167915,5.698776292610194,Good,12.940525236037168,26.322287229024543,79.61616762180093,3.4030511398868555,11.927195389822973,74.12819679362539,72.82454493091241,84.40266059778723,49.50546528420317,51.86224318730069,22.460109322544223,72.58220345004347,Normal,709.7295364947046,78.74647583908833,14,11.918446215352873,152.0,85.30983112476265,91.24875472004834,Wheel Defect,1,Medium,56.749544265990444
590,Eastern Railway,Monsoon,Express,12,83.36404229636518,590421,15.310417707479303,7.282889441155215,1.2950405703572674,Fair,14.222558975338323,41.790263455989475,97.82163552564823,26.027505282074245,23.89568268228478,41.21046870271573,,109.71494291540972,38.75322174071315,59.02358008883254,22.39007322596722,77.14783009587299,Normal,343.0031467898264,51.68376292234879,6,11.267110699811465,171.0,57.75969447161284,62.1787523678993,None,0,None,70.0160971726851
591,South Central Railway,Summer,Express,14,96.12384165164298,1386623,40.4224903847772,8.780066737740984,3.9429867889634966,Good,4.802446339006105,30.431026044972292,41.35940879737375,20.372165871922043,23.174119170216727,5.417649061699606,45.40371670833821,94.66516137075845,,73.41274228178872,24.584280874755546,98.68501466715125,Normal,788.0841118896639,85.93771597169273,22,5.722640709560941,70.0,72.71844352077771,100.0,None,0,None,47.871582789402794
592,Eastern Railway,Summer,Passenger,9,89.5229366404951,88507,32.62481936943762,3.5820568513976987,3.2192549318784973,Good,8.537883131253123,24.931648843466405,74.08984179154379,17.402376916845014,11.390295752639691,53.98196258159534,77.67515426082858,65.14175134063132,60.27273127264092,65.66744470208779,24.433943593093858,76.67999295736975,Normal,467.4747803835767,55.06425084280638,24,11.093196425148554,250.0,60.99401828020598,83.65784935845072,None,0,None,66.5100504046056
593,Western Railway,Summer,Metro,7,51.934083055416835,1338127,41.75242462212801,5.142052823204342,4.343188581045388,Fair,6.658650918739627,40.98489979428984,85.56051165432875,30.698766598378654,12.368784778365569,3.5280836383503953,69.96305094072372,78.21722196857891,53.0594259744322,67.7652415589486,22.45718133465553,83.16921314273513,Normal,628.0806556213734,68.42170325158322,11,19.164929256037286,176.0,87.0213843728037,100.0,None,0,None,43.03064191143609
594,Eastern Railway,Summer,Passenger,29,61.42612740953925,80623,57.2713096511867,8.614799824899505,3.442505282353312,Fair,6.798765223512011,26.650888570945163,66.08896929153467,45.68506567024174,,45.47878571630169,52.9797244306382,120.66138212887677,55.568287934886484,83.19415090381136,24.35279143121914,85.03982938133299,Warning,734.1807125314486,76.07223765629087,24,11.018219261015336,151.0,84.04380765968203,92.96890746152728,None,0,None,53.20261075525497
595,Western Railway,Monsoon,Express,21,64.31197904962674,242187,38.70482168547949,9.000965483990125,3.301876988216676,Good,2.8661063326456078,34.23068202487217,52.33152322134681,16.142975102810805,12.833713696494332,38.30195289090276,72.06820324306423,68.6095374297911,12.497257454984307,59.627490966249525,24.592705656518213,65.18380549440414,Normal,547.3180640569683,70.39865537297122,15,8.550428120547766,101.0,62.00397963915441,75.26212254037058,None,0,None,59.57674578904931
596,South Central Railway,Winter,Passenger,26,83.64659670921651,174000,40.311741325072205,12.402726779679863,3.161280202969854,Good,3.115375770876612,30.804258082346198,100.0,,15.69289586304725,61.53909213053774,,87.34622584941887,38.02490945944917,75.1274345388052,22.033451984753015,89.49879793628254,Normal,827.9598137184137,7.410571833973556,16,11.113972046907552,75.0,73.7090356447408,85.28183374317332,None,0,None,59.2877959527281
597,Southern Railway,Summer,Passenger,22,84.98586587258886,781906,25.312069006476737,6.296089490105785,2.922569463109635,Good,9.860149545636851,28.077539991708274,73.33047895705376,12.314034437800078,0.0,56.455266208798385,76.1847103247754,99.60951160445165,43.30814895201794,59.70494398797791,24.770909740208918,60.023437539314514,Normal,676.4022049168149,33.66593980654093,17,16.41942611269125,194.0,97.54013389094243,53.434191086854064,None,0,None,62.123498531893674
598,South Central Railway,Summer,Passenger,24,74.67675524526776,1002905,26.624345536060517,8.590084269267413,3.400711097190709,Good,4.413463921320913,32.21778070373156,43.54026451761773,7.445624104519336,,44.82525879100223,76.8989771813907,89.9903061036216,32.54527031727235,77.8501748558752,24.290792032381887,98.3135011885095,Normal,939.5656356323934,53.18460397472079,3,57.606930158896745,359.0,58.639615871271786,71.80281274712372,None,0,None,65.95072934980276
599,Southern Railway,Winter,Passenger,3,83.64751561985172,645294,60.59931332987557,8.263414883745984,5.668267698734224,Good,7.409515384941412,37.8526462355151,64.96466603165345,26.450885824004928,16.692659576540176,75.44079331936572,69.34614883254008,84.2201090566069,19.663746642213233,79.54135102412368,27.092768418678773,99.1794974349455,Normal,786.7559010795771,70.56511105488302,3,7.942839689216112,146.0,59.39662400439397,100.0,Bearing Failure,1,High,58.47686259269895
600,Southern Railway,Summer,Express,5,73.41200289775752,132118,16.495483294068425,2.117446520577098,4.552848947392103,Good,9.717289193921193,24.186396322768257,46.11805799649467,37.92663659933866,14.855736503323948,78.38904253425412,65.02760666075146,88.25930428531186,59.88884489270225,67.8441945873556,26.647306063192048,79.86417261444545,Normal,568.1496804877987,70.338887985834,14,25.854271885922646,,81.39243734242478,72.04538085805177,None,0,None,67.03844674387668
601,Southern Railway,Winter,Freight,12,70.82231511329957,1452116,28.726486648206624,7.3557201148474025,5.6369290954124,Fair,6.12082620069764,31.16383266254457,94.36400133514016,48.28578014669088,20.746719383472787,47.16882324763492,52.08053369873535,90.33380985687135,0.0,,23.083955048294705,,Normal,701.7040616617176,65.76374575860626,6,15.811891854546104,24.0,79.89855597340623,84.79702708354436,None,0,None,49.43186941721253
602,South Central Railway,Summer,Passenger,13,46.237056674809736,801326,63.40516358508345,3.6340028474665065,2.073227478668486,Fair,4.555817562762187,29.733572644182072,90.07214034319803,12.088102076799693,30.248917104886868,80.05005353919954,43.906077254701664,96.90484539084889,39.775797633906855,52.35606297590054,26.63775353791542,58.304790563679376,Normal,281.229999930115,84.93432871544495,21,29.857321619816087,156.0,77.60874296626187,68.76764268626438,None,0,None,66.74214269758178
603,South Central Railway,Winter,Express,11,82.92325855455175,1283813,12.96979644675524,8.2903448521859,5.790257945731655,Good,4.031211695392279,15.642247751045595,59.45221514714023,9.577497819934294,38.79517689555199,58.61084063669276,68.59538879098034,70.30090001494722,57.886597388012206,77.81085189705492,25.027928466223674,77.21471479398784,Normal,1394.283551316783,62.528693890186396,21,17.657719118459095,67.0,96.18002421537997,97.08617855670497,None,0,None,49.831444733476026
604,Central Railway,Winter,Passenger,4,73.30601184513796,290461,22.851637443829187,6.465191725533894,3.7180222095711883,Good,2.8040606061008626,41.950582991983254,32.1819335924741,41.893115566269834,21.57203498443035,35.825442618935824,37.54029894712647,98.69931912763577,28.22122729764149,35.15541173344685,25.047733254432465,65.01032108227753,Normal,483.301531350273,52.456262472413655,24,17.191682834023126,,68.3252940473585,62.7747132828283,Wheel Defect,1,Medium,63.721997921921215
605,South Central Railway,Summer,Passenger,18,79.28146014906179,1135899,32.35095197566724,10.6613463914277,2.5708414232795658,Fair,2.881905545347045,44.51926949678632,79.62939051290161,47.95994682004619,10.43889266280193,71.32660819173559,65.67955750786312,98.25714160931932,34.50608492728424,75.3726942847084,23.817182846824398,71.74500573478154,Normal,549.627512866283,50.542485117908264,4,35.758371811103615,109.0,72.04560286150257,83.82615651109151,None,0,None,61.319788187445056
606,Southern Railway,Summer,Express,5,113.63847727267716,176401,24.263482681300985,11.911501920805962,3.0990428923213416,Good,22.374695804883412,35.37691906987239,35.07238873212519,50.458418157916576,14.027908895901128,51.240752907838115,76.32568948595303,93.14395657370646,0.8550140832441286,50.29609635334216,26.477317459738277,59.21275079813101,Normal,1190.9642940981917,43.943828665376124,24,9.706585094516416,100.0,69.8691957650953,53.033227164402724,None,0,None,64.79851702333804
607,Western Railway,Summer,Express,19,85.77178208951109,1383902,43.945129938682015,9.657210033910529,5.457660388660575,Good,10.717386330687358,27.62239835183292,48.77792128170021,71.43836356975801,18.579487417252412,23.973132359062962,74.88230451446866,109.34810022378241,53.32436715888717,61.366327343490795,25.738759188529407,70.66330415071633,Normal,844.7640690014529,67.93847067120463,8,41.71584081237679,197.0,82.8477455182744,81.28858724972089,None,0,None,54.146908458894174
608,Southern Railway,Summer,Express,26,66.35635843614438,999436,22.294181499005656,10.875684193278325,4.928731388091066,Good,10.696077564953729,26.626963176037698,74.8101351623164,20.7128564269272,10.836533662746202,32.443199012720974,73.67263220172985,120.09823072852502,36.687465147273855,80.52211265783188,27.311247323396536,57.38139897636019,Warning,1160.480349481914,99.27537369993853,12,32.65748516830659,166.0,71.40041936199692,91.16574417794013,None,0,None,53.47144238502126
609,Eastern Railway,Summer,Express,23,56.7104493057209,1155162,35.125117144145754,16.598452913463596,,Good,5.749613079679624,23.105242135400342,10.0,9.263952175248185,7.407956056036621,52.79813282240928,65.02618574656316,93.52633508180682,32.4215444048171,51.41074528787722,,64.71505824645737,Normal,931.2706170831332,65.36153810727585,3,6.354605528319563,200.0,80.16070948338678,55.30907030153979,Brake Failure,1,Low,65.36852865935967
610,Eastern Railway,Monsoon,Passenger,8,88.40578922893648,917949,15.181870092109556,10.651513415429859,2.1929415295767365,Good,3.3390780077546,26.03810318413121,67.76369672034144,,20.24564452951612,60.49684746034775,83.87426137846758,111.38634524779974,61.57035208828339,76.12920505505757,19.168881734577926,82.51161062539613,Normal,1086.158863750709,52.929742338479926,22,18.541062016559817,147.0,81.01071995966262,70.01885730904267,None,0,None,65.44972788824782
611,Eastern Railway,Winter,Freight,27,77.78045056319205,362980,42.038789537862385,11.541673241037952,2.271138616851446,Good,5.729973075205686,20.977958924267313,66.40374299483196,65.07643007962452,0.0,58.919081555269486,45.470749995076574,86.11237640966384,27.437321371074773,64.8553392572775,24.343224358155453,57.760682513649876,Normal,425.3527965709766,60.08787883894623,17,4.520507357881497,291.0,92.84723954933413,100.0,None,0,None,45.456926596684696
612,Northern Railway,Summer,Express,16,99.0188078529687,60335,42.88243851480251,9.457123860613185,3.9694293636411118,Good,9.358424203206786,20.766512947191906,19.250962933244715,,,55.219435089384184,59.625055778807436,94.79118348648139,69.01370799578535,58.19616550342725,25.292459143974476,84.26774049490753,Normal,986.4961607510445,23.925948056119765,15,3.346180881943995,84.0,89.06616160472059,100.0,Wheel Defect,1,Low,52.461814901123226
613,South Central Railway,Winter,Passenger,11,93.72057673789013,1046078,23.34030314827658,9.642568071402366,3.712268514632754,Good,6.190013260454827,31.601342725049943,55.35297252614112,10.754378759194,21.559661322473612,58.71336594015147,84.7057187618255,119.53685803792031,36.41255311486674,109.28274875347753,,99.61334774027702,Normal,1079.2997824599065,88.58814228783123,11,45.1346576139067,33.0,43.80688285068394,76.11361532071825,None,0,None,72.29671349826197
614,Northern Railway,Summer,Passenger,21,94.25195822220954,272143,46.689822914362146,6.200544264283681,3.830795811014958,Poor,18.109901813420596,10.020417458583108,60.10392985766721,,16.445103466081292,28.779697724640315,68.55254968595905,99.42200475444767,13.05553545425023,60.4675642284136,27.91631385926433,59.22777235380144,Fault,1149.955432232818,81.42763629810139,6,12.127527977844526,1.0,100.0,92.55310103205902,Brake Failure,1,Low,38.88169961561293
615,South Central Railway,Summer,Freight,21,60.43150464668646,740875,41.12656229637544,0.0,3.7514656468813397,Good,11.044565701776321,24.948454814925242,75.61977308077219,11.125197578433387,8.203653390761298,37.06583102624404,87.80072518715369,94.19026276372097,53.83327729653775,59.57031588427186,26.802895623015004,86.19141975952577,Normal,558.2602010052115,81.00514302104085,19,,169.0,79.09531074041747,86.22140846563123,None,0,None,55.77401452630022
616,Southern Railway,Summer,Metro,2,96.77981907596269,630154,27.107625695750617,9.799317558873582,4.7126513580606835,Poor,8.096010827061377,22.02422259991096,93.30781501152302,6.675693528451195,17.172802114514386,84.72036781866497,74.07648758007801,105.08401018330291,6.185111611289223,54.99369239821673,26.798563241556618,89.61499834995726,Warning,1225.7735531573226,77.67848508223052,4,7.763829693865585,276.0,88.83617119142595,65.79179946923284,None,0,None,59.51603218326255
617,Western Railway,Summer,Express,9,67.40488361855536,449100,33.35935377394652,10.974806078836847,4.575350324999495,Poor,2.436359047918496,30.16834118801034,55.71762463202325,4.4591148853183435,20.205646935598985,49.236201050752875,47.06231119477532,86.46937091429926,35.77335234268778,76.8968590232147,19.656781216738267,78.09174610870299,Normal,920.0171759212735,69.3236371521045,8,3.433392217329978,259.0,82.62355655327681,71.99778581497868,None,0,None,58.633963180126685
618,Western Railway,Summer,Express,11,93.3617710738867,161760,26.005202987431826,10.60314634927644,,Good,5.632579239113867,26.155812205656527,50.508561618014646,20.179759460278845,18.06468589520315,31.901517181948087,,118.26683599986563,29.834426871779012,91.92223518230611,23.565307673391075,99.65228174025938,Normal,1259.4690750252012,59.49586985526605,19,9.114307591684975,235.0,66.9484791516608,79.98257391054098,None,0,None,57.834523036288445
619,Central Railway,Summer,Freight,15,95.71084781016438,276680,32.45226953121892,10.196430594461521,3.7928050868001835,Good,5.086718445777683,19.690741455696713,38.231671389400574,17.8975853753473,17.822139411295662,66.9380416740093,41.50376196447278,94.20027014273458,33.13282031751809,64.99452959941132,25.472971015001022,92.52121168485519,Normal,619.7262547344826,61.05862624730231,14,5.427703739435865,333.0,79.48641818743734,100.0,None,0,None,52.190382933126045
620,Central Railway,Summer,Freight,22,101.3216240554897,870067,56.59090294087861,9.000055700135835,,Fair,15.565048766091687,32.26844404911756,55.99242497622679,14.06966933597128,14.332917436418027,37.988639590350665,89.16879698319356,116.45076824500806,39.95186539206614,55.372812488800555,25.192292329627563,61.787497474887736,Normal,1178.1098759588717,80.81460973616804,11,8.340535203692408,163.0,88.04469995536726,70.16628322433834,Wheel Defect,1,Low,56.317231634465564
621,Northern Railway,Winter,Express,16,60.043905943356854,1132063,38.17098093318739,5.413544223363138,4.097879611171304,Fair,4.95678390643067,20.197393013686153,57.16049725319873,,17.44326990887447,11.585198041428761,,102.88990948835138,57.002806120338306,90.44841288278133,27.936356843023674,82.47821184696586,Normal,400.487106449058,55.03143575863649,24,20.97192080139518,290.0,63.24692745394984,65.08824719738035,None,0,None,65.3708894962995
622,Northern Railway,Monsoon,Passenger,14,53.22024174171396,290250,45.15503238178153,8.140157344516602,4.708759166935932,Good,4.335878081607358,28.85550309163374,73.07905039265448,9.826418012822987,32.516924279592395,71.10243318366052,72.42769706225289,77.55814332866484,0.0,71.56293956573872,18.48006524190913,61.98757918741371,Normal,481.4260531329684,47.71071089792575,9,19.958210227649136,158.0,95.32206773222174,96.95009187930188,None,0,None,43.370109113515824
623,Central Railway,Winter,Freight,23,54.608753650352824,1133804,26.345739431087033,7.586973674526407,4.09122721025235,Fair,2.682332408180201,38.40378240016966,53.72653265034944,4.084630522236718,11.037038100973412,82.2118355826727,63.28868313509775,106.69348010599877,52.6014076088757,73.02423600525444,27.06013385543276,63.67268394940694,Normal,892.5303782034791,48.58913737704701,21,9.536698178292458,244.0,74.01455470046889,88.17888067341116,None,0,None,63.45428409787425
624,Northern Railway,Summer,Freight,19,64.41602814540161,148363,45.41930461229662,8.647743753576762,2.781855582453696,Good,3.1827993545485116,32.90334157898641,65.9501972183231,60.30572555770068,13.733793892274116,38.54675590184074,41.77166169151,83.00196070686421,61.85615484543166,89.23253582217868,28.81123979693351,64.14201474981218,Normal,606.9800651131185,61.319374179710096,3,8.854444276587886,48.0,89.38289000082764,93.1977530498042,None,0,None,51.157211544369716
625,Southern Railway,Winter,Metro,25,62.9801255471083,40513,51.48183748313274,8.168425084170636,4.13542589859113,Fair,13.974404958509055,24.895639807941855,82.1107371858633,24.474505664739716,15.537579740192397,48.27970721009157,67.47487315831046,73.68160688918425,25.87970783562249,49.68092996746933,24.231189414270524,58.59954772281771,Warning,896.5819020453348,63.773141562023916,19,10.830757499869112,301.0,100.0,92.00364895930583,None,0,None,43.92263512110007
626,Western Railway,Summer,Passenger,2,101.3687099967602,615664,23.64161380743819,6.576400107847707,5.384053026051664,Good,1.9641600536286234,27.864404737952135,57.12119637692545,4.421930023539388,13.102605776691474,46.8562846796461,59.39142859446934,89.77916060307635,44.80332991581132,60.527398189593825,25.273772377919315,91.0404099554421,Normal,361.0982420447262,46.53508002104401,14,13.75448668195156,,89.87872591983006,57.61057578032876,Bearing Failure,1,High,62.127686594263025
627,Northern Railway,Summer,Express,23,96.2840513769132,681091,52.43339769091996,6.107809031461131,1.9554124641053918,Good,1.4067289931889266,38.033059668576506,59.6997105943618,4.342533910413849,21.645897159674696,22.418729866334886,59.71221069758611,80.09433926320028,5.341574081022159,61.27305726721137,25.69389797877811,96.59011097838344,Normal,686.5379148952279,50.61396254686498,17,9.935905704026228,347.0,64.81680915620639,77.23860423241938,None,0,None,54.44465090608454
628,Northern Railway,Summer,Freight,14,64.82219606061862,1008511,47.99824376025308,5.2588832544331385,3.7807859120937897,Fair,6.8573064868227975,21.016775477143696,53.97384246192777,14.500924648930656,23.040319882442503,13.614558334219783,57.877003066982354,89.82979577348377,39.11117833020315,78.6103598720829,25.441764657328466,59.66468873542943,Normal,709.6184232455267,48.8753400649012,7,63.724338566423896,80.0,71.03248173418478,87.67820799318845,None,0,None,52.36011909508281
629,Southern Railway,Monsoon,Passenger,10,72.2279008373945,94846,41.417354071173776,7.500173125499553,3.070062992001918,Good,28.714082052644248,27.06186503245055,64.15137071241409,12.76547546546314,11.75440476507039,55.04657434103965,60.88014668749014,92.06556586730316,8.575632681318776,72.05981485688397,25.33274998560784,105.72345492761954,Normal,881.7885654616077,69.38990941271258,3,25.025416965173793,143.0,79.55328743577361,100.0,None,0,None,46.699680450833
630,Northern Railway,Summer,Passenger,26,106.0193418644161,281852,25.689622386786535,1.7679326527525543,0.0,Good,3.649508396720611,24.5642326545575,70.6790945860666,11.338694682505812,14.516390705997933,17.15812961310788,65.73178434454896,97.33762712442496,67.45628411996891,88.79798901355016,23.228055882549214,60.674656319849106,Warning,1339.555067420758,65.55525351534301,23,18.15109936421738,195.0,87.08835173923113,84.91938546849998,None,0,None,52.48945403725563
631,South Central Railway,Winter,Freight,9,64.370749518721,387722,52.80398545454753,7.708952009536866,5.222631991498955,Good,5.4873937488420355,20.749320802337987,63.161171716899695,11.84528109794639,5.379786659905035,31.312762144734165,87.36259153973488,90.1127925963968,43.80288996516275,46.8375261307482,23.91858746151673,86.39109293267609,Normal,984.0027296176006,85.7005818181121,22,32.45741274051468,251.0,91.62407832563912,65.85809155167092,None,0,None,56.14858835942602
632,Western Railway,Winter,Metro,20,78.99560223276,1080705,58.9735656327726,11.63686327269559,4.724496593868253,Fair,6.625457015630403,20.876679283685704,82.79459429202271,19.830779284636574,20.42761654225784,56.0145497892592,67.15405390860238,88.86815439002675,29.14259546229036,78.62872467880506,25.582102251984587,67.36355154160793,Warning,799.6891075515606,98.69163048030171,3,3.39267387095988,341.0,83.48717592926464,96.646484702773,None,0,None,49.72679056651926
633,Northern Railway,Summer,Freight,12,48.91600104313974,707271,51.480140750302006,9.565031400256146,5.36829527022425,Fair,1.6970301607351965,24.95602469760735,27.474831758474124,17.33613875533974,13.26250058632791,64.29988914464806,60.85491223692741,97.22825674422998,72.56819988614001,76.09587312308932,24.731807065769562,105.94414420817206,Normal,560.1163822520152,82.3203513000876,21,14.712136126646785,183.0,47.293934693725376,72.62447124359187,None,0,None,78.55877127655718
634,Northern Railway,Winter,Freight,27,74.61279171414981,554491,35.1948444577914,6.344582217788075,5.639776548821647,Good,3.5068854112765098,28.642065455262046,100.0,51.567682689501595,18.133468734218457,60.646492201621115,66.36250227614258,87.84481594935569,59.00415981019971,99.13112842831914,24.807804323011393,54.22081266010437,Warning,558.3521912913118,54.59809834107207,24,29.695363791318897,344.0,57.016724275160456,92.97413817792047,None,0,None,65.4507959431948
635,Western Railway,Summer,Freight,10,84.45315096119587,1133428,37.023937248445634,11.42849481773502,5.072432018260042,Good,1.5465764284131989,28.863991149438057,47.09364463544094,,23.18807873451111,56.66836818508184,69.43693912677767,127.71403773128858,14.515514816004945,79.48592606226495,28.339164669490188,66.33490591242784,Warning,700.423717610166,40.45626553526816,17,31.603204849242665,16.0,86.81387104877247,83.44288821930488,Wheel Defect,1,Medium,51.087716706335954
636,South Central Railway,Summer,Express,2,73.14061476051751,212752,44.88297819935447,8.490598087976322,1.4908600041271347,Fair,0.554458519420083,33.59062188970303,50.02234469220307,11.177520796157163,11.760376857922719,34.05398940565547,76.23211390318578,80.02906716415342,44.81276799713695,50.72246252972566,21.497034734233928,73.62057258778714,Normal,1311.052141931144,52.326772941672175,22,8.817806155043847,47.0,58.246430137474995,88.60270181415669,None,0,None,60.43281742734777
637,Western Railway,Summer,Express,16,87.06766214885208,51493,14.048369677526342,3.977525967515894,4.611645493634753,Fair,7.381266019375727,25.348603381642633,37.51587035122668,4.00021480168095,25.696770491580857,46.74839398300983,50.83742090577419,112.81513226191038,71.91165943367832,,20.47086553859967,53.93869774697701,Normal,626.1209986552668,48.415707425959255,9,23.272173279621278,112.0,80.2229109749578,79.95851558726855,None,0,None,61.735508715723995
638,Western Railway,Summer,Passenger,17,63.96257034142901,377359,34.84482171499867,8.72468090787737,3.3961494697343686,Good,19.071795177491797,43.58588762178212,81.2153114765213,11.658422193117495,23.029031505098,20.566104737325524,51.60344925813331,103.09444174426591,25.957584998907016,69.070458306435,19.60436290625499,38.3386600514687,Warning,605.2355353913902,66.63448288534539,5,27.959235784288516,242.0,85.05610183880766,65.88592356345585,None,0,None,54.14884456964265
639,South Central Railway,Summer,Freight,5,77.74149033399475,1054999,27.890777909227936,9.764981257552265,4.209303479930446,Poor,16.281939798730974,39.88263093816152,44.642555212873276,14.123034004647554,9.770154881134296,45.20220448408645,55.95031477764272,108.37359864526528,42.15341438963416,81.94419962083867,28.77148876191731,81.93545704930146,Normal,647.7822714632108,64.3574910977933,23,7.431805832768882,136.0,78.03193745244523,100.0,Signal Failure,1,Low,50.79216472270226
640,Eastern Railway,Summer,Passenger,12,85.69278185190478,534564,50.96145469894907,14.030009021169366,1.6326263865874369,Good,4.967900606197487,34.21581488944558,58.09929915946232,12.277095017385362,,15.548945396797379,60.77913670729884,76.50780349072252,47.05298863719713,63.396279343264624,24.245203803942164,69.88746874188988,Normal,544.5776270124229,21.813222120486145,16,16.963800141587786,6.0,62.43881571281297,100.0,None,0,None,52.53670460561464
641,South Central Railway,Summer,Freight,22,69.73615536047288,1155200,29.790954388570295,4.397245878038937,3.0164265538126553,Good,4.070464208929392,25.782676245292247,84.203707692879,26.48109541770594,21.72059592820153,,,104.90903528001694,73.17102781042209,59.80129762468947,24.630277485274124,77.76840438636019,Warning,598.9517163308512,69.85434418206447,7,30.25492510237754,300.0,80.25057789167006,77.63845239927049,Brake Failure,1,High,62.693473365392606
642,Eastern Railway,Winter,Express,6,88.75758262103261,857668,52.26657175090717,6.921260294533622,5.159432182549467,Fair,4.375108313739684,39.15622327389836,51.892227119624955,17.45350160591389,,8.620766574667002,69.77118800165988,104.35341584779331,48.06340513586902,65.41167419275162,26.515833035238085,80.2653048667836,Normal,959.7084881854108,74.1357394548442,17,20.922969705340677,204.0,86.61410847131506,62.29880158561059,None,0,None,56.383107236656436
643,Eastern Railway,Winter,Passenger,4,67.17086373174268,777325,15.238857092650033,9.460854587556168,3.958672846222301,Fair,5.606214448591575,30.977979581757157,46.983914183887634,16.638399721407577,16.69144622973999,55.56354785952849,56.79058807781964,93.83254300735815,58.874150946061306,73.74141579687654,23.173010047087622,79.36410073032894,Normal,816.442370120051,61.79999194168264,22,11.28048253513885,320.0,78.74895187440671,82.7843064891907,None,0,None,60.62901439357938
644,Northern Railway,Winter,Express,19,106.38988911215554,282835,48.0622513870205,9.322043238635507,6.874589339869276,Fair,0.2407794852295452,23.6752809164222,69.62189315722637,25.194729990112673,13.19811098129501,39.795099126153445,59.39521207135161,102.75310417891937,52.76194222871811,47.634343002947276,25.958266055348407,69.44642819932005,Normal,1104.3328596825731,69.14205876394213,17,23.519752436017615,116.0,100.0,67.42773436515617,None,0,None,55.283849175426084
645,South Central Railway,Summer,Express,1,72.82811113724888,935728,23.48969553099048,11.389732418370304,1.1607208452196098,Poor,1.2416686249306195,19.791320684382743,23.629069072211735,9.924756698478056,0.25479442594594914,61.50346223849685,46.452108970629745,92.27752052039119,,,23.46627814933546,67.63644302410195,Normal,1078.5603468472832,72.8097073777314,15,17.84201729932542,319.0,61.82911774107587,96.93232800693504,None,0,None,55.66819410963812
646,Western Railway,Summer,Express,26,44.695447687553234,746967,61.05755503800151,5.110939273824646,2.370916584083549,Good,7.812973756605858,26.009827729207835,38.674310030883206,20.660274076053284,14.91077893001099,37.79769810454315,65.56418265650285,104.31898907738835,,50.53695555837413,23.957247146534915,81.32862387963057,Normal,873.0819639628892,80.81362622123478,24,7.8109140510472574,12.0,84.41698817426673,86.538970113489,None,0,None,56.35817429820828
647,Northern Railway,Monsoon,Freight,13,91.50138973045637,1298366,29.974937006842673,5.9987667770244535,0.864208538626698,Good,7.956447816971655,32.15646756259034,73.78659705959143,6.813844108892705,15.68909713637476,67.05002741238937,,79.02735209700342,0.0,58.0002413926496,23.186541536930683,57.61315175938908,Normal,836.9593129632688,61.56014669426962,18,30.7790951170864,294.0,88.46396086164025,60.142610417002345,None,0,None,58.0452041643335
648,Southern Railway,Monsoon,Express,6,89.23070749842293,1397062,14.491560632313082,9.642437220244103,1.8959162585827554,Fair,2.2035281650972713,22.00125229141569,27.72346455728703,22.192817498453344,14.799279044309051,56.671167142974966,,84.89308056153831,59.70352391756542,65.58722436618066,25.537786993886286,90.30096732494815,Normal,763.3725273094328,70.72043694442984,17,8.85571339481412,38.0,84.30224236993277,79.35653421631939,None,0,None,60.17563185389281
649,Eastern Railway,Summer,Freight,21,95.39886537443337,1025064,32.25291280854947,9.817501980717799,5.283344973540743,Good,15.781160622000119,26.91191876520216,41.1538749549767,3.3283050372682284,8.79127210221813,60.62773724799379,58.514551413201445,83.3022713420349,,69.58951387186117,24.91358856019428,86.64868753449586,Normal,558.771361359475,71.73674041155729,16,25.004021540442476,63.0,93.72503257014797,95.69663340990823,None,0,None,52.64104804343468
650,Eastern Railway,Winter,Express,18,72.73824923824478,899253,32.89455463164937,8.939330031550163,2.552930008326686,Good,10.015621405469602,15.51297904536577,49.98129056770695,12.533376995955425,19.21967069352992,58.42477061079922,68.13522347521479,89.4465285559046,58.22455872226547,40.236484180443014,26.554171751153664,57.90354746930922,Warning,100.0,76.71184692514659,12,2.9451101653234315,326.0,72.14099392414082,63.898070577165115,None,0,None,69.88372682450263
651,Northern Railway,Winter,Passenger,18,84.92715361767208,874029,29.741414713517532,10.123318479346105,3.754217633461999,Poor,5.274602236488185,29.876133336193885,56.44599522891248,2.6246914097150453,21.05246644501904,66.9622780116232,40.694060389668174,78.39325156623416,23.096865167064447,54.426966596508315,25.385624125135504,86.08909041429983,Normal,609.8750127121186,67.58217571918154,9,18.645722315215778,154.0,56.02263979657741,80.61415225886088,None,0,None,65.68599425739974
652,Southern Railway,Summer,Passenger,28,75.00109862444036,535341,15.992514701451558,6.8432997918000895,5.3580257121349195,Good,9.97617475124347,30.182390431791166,74.28035922156701,26.414271854754418,16.02941921187232,57.686931338725806,71.5159425336057,98.15013989271253,40.1148955751138,69.84240658349368,25.82672030026205,66.90429839550943,Normal,972.1996657344287,74.10585655981674,17,23.191410183456682,253.0,77.4244696568876,73.81149019641893,None,0,None,61.737688088418665
653,Western Railway,Winter,Express,12,63.354796785187844,895963,39.11633505041409,6.2548699585912875,6.9772994462179705,Good,10.733705806053898,9.280916230959466,56.56789445344271,,6.763378425016617,29.785393219397093,,92.6239956867599,15.268968628715793,71.029841456754,26.646238444409853,91.87621014100893,Normal,886.1943592407188,88.64762177687635,22,21.061185894373107,56.0,74.45610059145184,69.62945784694105,None,0,None,56.32820882377943
654,South Central Railway,Summer,Express,7,49.382034919820654,994148,28.404532000157687,16.49283324244151,5.35215644801146,Good,0.6838332505822258,36.93007013278121,,15.315738688043275,11.810782209511137,39.245758062755996,65.80227654974307,106.65933413157175,84.07217124559742,99.7736564756724,24.02961261090188,58.14733338550107,Normal,320.72142455297785,86.96958294492796,11,14.127692873577708,145.0,96.77364523560314,84.986356344003,None,0,None,54.881688843390855
655,Southern Railway,Monsoon,Express,13,90.93693420388361,1295447,52.730738798528414,0.0,3.952297130238126,Good,5.441746987805863,33.35331262936113,100.0,4.215108705097142,5.378522653217354,30.76918060418427,75.76254357596204,87.27238717580087,0.0,75.45015929453652,25.096438142230785,75.2780463913231,Normal,841.1733834500715,59.079378482808366,5,6.776387549894979,,75.42964662215104,100.0,Signal Failure,1,Critical,43.21500077287478
656,Southern Railway,Summer,Freight,26,63.93998839661536,1134954,49.99006909379677,7.360671883071927,4.348075662647069,Good,19.137682558658526,21.362520086570044,86.47647970595159,12.01400759487592,24.17006620976286,68.26070761243938,63.74377077324664,94.60796798895639,25.91205824607112,,26.705901404425926,78.42880899304883,Warning,762.6493070615082,83.71321741471303,18,17.535130579690442,327.0,72.76631854055695,67.21115825485123,None,0,None,65.13379800038372
657,South Central Railway,Monsoon,Express,20,83.28943130556868,1471967,46.5618625696609,4.146244220461446,3.649938199020979,Good,2.041518159147203,33.49574004844706,57.05639670594201,9.05370735180857,18.61080342451251,66.30769060052154,66.64989888626751,69.4724582548619,26.492374048976785,48.093534569951714,,92.14061958293537,Normal,839.4222201167336,88.98981540126809,1,15.352356274269319,249.0,94.49910508938837,94.05856288095907,None,0,None,47.92482590780316
658,Southern Railway,Summer,Passenger,2,70.16740888556899,489451,39.9984100288191,7.2736349271243155,2.904004826581751,Good,10.586601756337778,30.603747944334764,83.52035849188883,9.954522665145078,13.289102311628975,53.41281601494548,62.35973835512061,97.68086755977042,42.80131317235013,52.27761385633396,23.45880051008671,57.967023013728465,Normal,609.6725819240428,64.5702169610946,22,11.079814365104557,184.0,98.48550148873989,100.0,None,0,None,44.96219385703539
659,Central Railway,Monsoon,Passenger,29,96.20485215117372,622481,30.267086476739774,9.285544887609143,1.2351560306269107,Good,11.435901183900484,32.27317327356397,94.85306187452795,2.9372496408363897,33.20564379045385,61.491667089465096,61.04585883023892,101.20316581485622,43.91329828666851,64.52045219247495,27.87325141280791,102.7049997300827,Normal,905.7794598949775,61.42372111944934,24,23.45368559252759,147.0,71.11257454204438,78.85866248550316,None,0,None,63.320811846778405
660,Western Railway,Summer,Passenger,3,62.95441881831987,1224893,39.06770639651112,11.150234732678477,5.918599387676899,Fair,26.936538491712305,32.171686165712764,76.61002834825483,,12.519911210396348,51.840092090349636,59.868074195412134,85.84727377926616,49.59486350707867,76.58621561767025,25.0915966104966,81.42272757766635,Normal,380.03754155183657,50.63828272287382,3,9.991766199259402,58.0,67.11284916965234,49.477510233864,None,0,None,74.40861754838352
661,Western Railway,Monsoon,Passenger,4,87.19415907861261,1476406,57.86216175277707,12.130999663842132,4.2576834316993,Poor,2.878511577512049,31.292661277503015,51.80096557800864,12.335337064120619,1.8504193842649261,61.32865570616666,56.44714455913551,70.84975413505978,21.40437645601073,108.44279865863543,26.21338993673891,63.827628376363926,Normal,684.3878590268685,91.24479940804551,2,6.521251546692948,349.0,67.81565629880306,74.87675384353004,Track Defect,1,Critical,62.46761127451002
662,South Central Railway,Monsoon,Passenger,24,68.10357394532993,1082305,39.34911770899686,0.06566703801753526,3.017572099781063,Fair,1.169292546421088,30.721106054615543,52.08536351681647,11.670258007542573,7.4016869615396965,43.104850189648104,48.433728716049615,99.34573245615145,55.01300102907885,68.1614865402014,24.530751500010727,77.48085184413448,Warning,794.4366395213956,64.27598821442449,11,12.01241441599391,41.0,74.34859862338439,68.13159221000834,None,0,None,64.8496108911216
663,Central Railway,Summer,Passenger,3,98.6670665636008,581229,35.594563353930766,11.369211058767553,2.66468194282123,Good,7.371118471954871,35.745958915591125,86.00280200580863,23.32020154477034,18.537672037071555,77.4396399038182,84.12504783427326,94.85732166934862,4.852062556713186,80.1580016136928,26.992463763010505,68.78596839824519,Normal,966.2679337865778,70.89594698578077,22,9.125596209981039,189.0,82.96478701790527,75.25286664719054,None,0,None,56.96757658629618
664,Western Railway,Monsoon,Express,8,56.94092334255113,80421,45.96438155002298,13.104078939481735,4.236718878752385,Good,8.729657937641822,35.909223328695504,76.7060452748438,8.908102017432157,14.737308565798749,35.365502726852604,69.08472061995664,117.65078069569277,3.914774003347894,,26.82660319079139,60.05908229889318,Normal,735.813604835724,25.425201689993607,14,15.355311763648512,292.0,52.512874284385795,69.9126428593794,None,0,None,63.043110509212255
665,Southern Railway,Winter,Passenger,4,104.29003996408511,869420,26.915183230956025,4.187967855755753,4.423934703410984,Poor,19.860078042700426,31.774517487333675,11.709735548858745,12.915368540461847,18.07086520887494,38.34344281805238,44.094360978896965,99.660577774106,6.743283660640415,68.41473134467917,20.462545115457786,56.19541045138585,Normal,888.5782781097756,100.0,16,5.718216575601819,275.0,100.0,79.26782610781457,None,0,None,44.01926983406882
666,South Central Railway,Winter,Metro,20,60.00586301674199,377070,32.151418073358535,6.862017168219224,2.6300929824778487,Good,9.690891155324335,22.439496792452125,71.46587761244069,7.547584571495728,,36.97214676272017,59.28990818759445,128.57793904439916,40.52393967688869,61.806139146686085,,76.65860248876113,Normal,1045.296500029922,80.42340670859977,7,12.505462546275906,173.0,59.222093576359555,93.85111960205214,None,0,None,58.04878835349724
667,Southern Railway,Winter,Express,16,81.3945700830333,733809,44.85711958683834,5.462123478967286,3.11222629587758,Fair,10.293514678846918,29.86425424804836,80.83855684449999,16.949616014781622,6.228688630406674,52.2418933386078,79.93494388881454,110.2210741953563,45.15985739625479,64.19844694676281,23.86418751352877,71.5637836272501,Normal,767.4557027255895,41.46662879033221,21,14.738418223494907,54.0,70.72729922360786,79.2893331745866,None,0,None,62.10444127086133
668,Eastern Railway,Summer,Passenger,25,72.06624516405573,841357,34.94510092909502,0.0,5.514325938174169,Fair,0.6065655798855056,27.91279084656894,96.37986021918957,6.943354408460253,10.785661883558735,50.218495089768666,47.50120033916454,75.03828591839975,34.798568906549825,77.70937404190921,20.901976687151514,74.66418786761533,Normal,680.0328640825264,57.96521924858953,21,2.079737970262456,,79.99355631323675,96.50244632919942,None,0,None,50.97895867459513
669,Eastern Railway,Monsoon,Express,29,49.208122898474585,517324,32.26217327774374,9.373871872884552,5.990487184139593,Good,7.5880511052251505,24.995522048417183,68.9725340472197,7.385546786675499,20.171198357793923,48.45591560609043,57.5087765759318,86.4312773780627,60.59695759820694,94.06089682486007,24.882557790967716,33.77544949925688,Normal,639.4807065037998,50.14508221223059,8,8.294853473512006,118.0,100.0,65.26293027373488,None,0,None,58.515905384837396
670,Central Railway,Winter,Express,16,20.0,1485945,46.30071144207521,8.637881676883941,4.691433767397625,Poor,7.972640107948796,36.38479819774906,69.06475697565796,17.25279491452348,17.782913195169158,57.762910444749004,53.47274562412363,90.44811486847524,58.533717036277416,74.90982405906682,22.885166211837817,,Normal,788.0216581241577,70.03335440549495,13,29.1461726299,128.0,68.17178446077263,100.0,None,0,None,58.584369560883545
671,Eastern Railway,Winter,Passenger,19,66.10689337655083,1303849,44.568070471102736,11.214450957726072,3.51758783513643,Fair,9.730162980394121,31.243796372535908,59.77303589496275,,14.18248201121971,53.1894752386511,53.21728643856612,100.09479447775237,46.90124772257404,66.842655499816,25.305616480007846,62.61719588115969,Normal,617.9714125411085,62.43457057408567,12,16.796571777312842,36.0,81.69810688675068,80.20787693032119,None,0,None,58.34651410820862
672,Southern Railway,Summer,Express,14,43.84676005375528,1095785,46.4448587611194,9.49763803410683,2.530477109354535,Fair,10.177521281019285,24.418145964271257,55.278985703397545,53.44083206919116,32.723819358250694,42.693151944086374,68.12679053727516,100.70496492570399,34.49273933481958,57.674149664466334,24.542142657273914,47.552805743816705,Normal,509.72119354437024,77.96505963384332,12,11.607580028175239,148.0,60.269458530011946,79.54431641730532,None,0,None,62.64306246027485
673,Southern Railway,Winter,Express,19,44.99183058109781,238977,31.158249170076175,13.987058709688203,3.850419564950446,Good,1.4060121085268202,26.29709877371002,86.22972630643076,42.55438057917363,0.0,54.34671275258574,74.45747150352094,75.5503474905255,46.46590503544415,51.697146620230214,22.025876273148693,67.73244019856367,Normal,486.83829590444725,75.82579726247891,12,12.563738661705344,204.0,82.37471092560186,83.77380596659702,None,0,None,56.969911755934874
674,Central Railway,Monsoon,Passenger,3,115.45708758553212,850770,36.95346145573815,4.024734603274935,3.2946308882494098,Fair,6.685451958534614,32.65221843286321,40.36245518469083,13.979881992377328,16.915512410331687,40.70564898615849,73.21430617424112,98.0034469552568,60.83077121010959,50.469707556826236,20.92392571585053,68.2426986076628,Normal,819.2095470781488,66.02813733246357,18,19.786386081636934,237.0,76.77918631355331,55.97278514520143,None,0,None,68.76727301887604
675,Southern Railway,Winter,Freight,11,74.48549861489636,594238,37.735042037643865,10.972971414261941,3.3513527111188512,Fair,3.499040144507386,24.240063649767418,75.91163565395627,0.90543504080143,,60.50699463688465,,108.84028779346583,,60.02377075171343,25.13417409336591,100.29082179110058,Normal,607.3006481829774,40.111767873084105,7,16.375727318416235,298.0,81.74485158464272,71.5876548130796,None,0,None,59.919939293845964
676,South Central Railway,Monsoon,Metro,20,43.08271753762931,1358959,50.07773555670941,4.3820547382918384,2.0587537116549757,Poor,6.39128947078888,35.22202999477647,50.79387148270846,9.542823671726437,17.832783682889552,50.477862580788376,,82.19208413553203,66.3739123680505,74.29510621215752,26.60165117967715,87.44396833291592,Normal,982.4842297288615,49.388714751957075,6,9.143357002251197,18.0,56.048019109853435,86.35109124716503,None,0,None,67.68807761736937
677,Southern Railway,Summer,Passenger,26,86.99057567124459,982753,33.125411289263795,7.3666319119375006,3.557463401064058,Fair,1.6125484656788234,35.161786036000905,51.03534854482687,14.636639693279259,10.566835812326257,52.59578459132285,64.22974549898878,80.48307131516272,54.62486106240519,81.95867180881704,27.55007718869067,54.82467664650045,Normal,874.2424121917115,62.21940932952977,23,33.70797949277768,185.0,93.0988679379849,66.73494658637159,None,0,None,60.14126176453444
678,Central Railway,Summer,Express,19,89.88021924939027,186527,54.14963189831752,7.933366061826576,2.366983496404621,Good,9.01950871287761,23.777528792188626,46.122784429586446,9.602888479480644,0.21325403634541296,30.218981200039096,51.36290459870322,89.29312610794588,74.31801237305383,102.63565655178672,24.50296322755388,63.92689876117215,Normal,762.9176345137375,67.3780960532495,11,9.581379762432245,195.0,74.8073815346915,68.87425629960407,None,0,None,65.3919757939605
679,Southern Railway,Summer,Passenger,30,69.23158214455626,1456067,51.68890792469249,9.041238672175506,5.0619320490667885,Poor,5.419406912237143,26.262521239473646,51.614347543938784,9.051467553632852,16.785418916993496,64.02166512211076,,86.6011999762818,36.92968810382558,,23.12947662854386,,Normal,690.2164237362645,43.488809991369365,2,8.349743942109553,210.0,88.77363274945355,100.0,None,0,None,49.07193152158171
680,Eastern Railway,Monsoon,Passenger,8,78.54425068933372,435858,28.32699737673812,10.578430660938427,5.502018575372707,Fair,0.642138778743265,23.017882580807683,80.42717567349789,1.1427407258696443,13.497679394180786,,70.90956850123791,97.45113250403946,51.206861472463224,83.57590920811425,27.545972557554865,80.25825713554603,Normal,941.9285623199185,69.64232918089674,20,27.436204430147253,194.0,66.26324128895544,100.0,Wheel Defect,1,High,56.944929387269276
681,South Central Railway,Monsoon,Freight,21,78.93239649986225,780957,34.298949566566534,9.264456161787944,1.936585253041815,Fair,1.2059519610433045,18.547286748736425,45.9887105554259,,22.972084301810067,52.14821109131536,63.3902093776751,81.24489274605186,54.01486354792857,74.15372650350734,,79.60038784064555,Normal,1102.8805053583992,100.0,7,10.62569055104144,26.0,71.68620053933073,100.0,None,0,None,55.83429100712083
682,Central Railway,Monsoon,Passenger,4,104.52740027860028,1320474,37.395201528952875,12.361374288309705,2.6650560005547397,Good,10.996270937189438,40.55193631671697,91.09596679867406,6.401144564318483,,69.921217942457,58.951647388048336,112.7698313308608,,,16.928342260174652,66.76291216821089,Normal,319.59999904333955,48.77661363332314,16,36.86389668931032,364.0,66.58960246655144,87.50217757028325,None,0,None,65.3395798490585
683,Eastern Railway,Monsoon,Express,10,75.99654382125313,601058,38.828760617827875,3.6272887547494346,5.792305953034218,Good,13.880625384603924,23.30905902006968,,6.644893429663783,17.495585873523723,72.28480906707101,60.01153139431393,83.45485910926138,42.227550941784784,66.69605642681242,25.453040895898805,75.89775855526798,Normal,1031.4662452350174,34.82403533343377,18,9.04676651633267,50.0,88.21528538210217,97.98847994658838,None,0,None,52.00553613628668
684,Eastern Railway,Monsoon,Passenger,20,60.98496945517114,933466,43.38231261132834,10.955935087486946,4.103817742951327,Good,5.019383213067027,37.59211739106369,50.75816361569101,8.27687238868177,16.511865734031804,57.552343346550416,58.409790586526135,69.6504491956827,23.13360112737889,75.55703283347447,23.383621437705038,68.69302669626293,Normal,916.1183913608129,62.80936094633881,10,20.813478345882384,76.0,71.69205085191267,74.88685453495557,None,0,None,60.80027478568552
685,Western Railway,Summer,Passenger,20,39.72658092539439,549530,35.653129701338294,5.278025242279986,5.233995204406126,Good,1.3085212371220685,28.131879979055505,51.23314909391672,37.47031100681026,8.836194648431913,28.474852881410108,64.81234199869256,84.35502485589849,28.974908086045023,98.25818112893054,23.233864186906988,85.1901022822039,Normal,720.9536996893102,29.073781893444426,7,18.990347463914333,125.0,86.26127001274952,94.51086628531243,None,0,None,45.34721644079659
686,South Central Railway,Summer,Freight,26,80.31741725020882,735828,44.561303048261436,5.3207165006223125,3.6274737805106834,Good,1.7554912717776194,39.46888762345024,58.499387719766645,5.559636673716036,5.5754417923388715,49.630487860447275,51.69914112714768,91.36592062692078,13.527809708890707,76.19731040151449,24.50137325890559,81.35937719046834,Normal,828.5440122204541,47.65071782589429,6,8.76637323108962,326.0,79.32043465666536,95.08457399478577,None,0,None,48.43199160739281
687,Northern Railway,Monsoon,Express,27,75.80136922591352,694022,56.8403404613863,6.480515844835069,4.238752851945863,Fair,2.891630225325989,16.495748398995637,81.40187907124445,24.983048784239223,15.128835162026414,70.36400356152294,42.79809248611997,75.15469808323337,70.94549293822038,70.6404239890503,19.51008887375467,56.71447129379341,Normal,390.99952300597965,87.4954624053103,21,27.285331449868593,92.0,69.31018596098089,77.66319238196662,None,0,None,69.75574205492987
688,Southern Railway,Summer,Passenger,24,57.03107516682795,271851,40.67406871330658,10.927918890187232,4.706264468281105,Good,3.268486690242367,15.822840784182542,69.65119162679869,36.829977907116216,15.43461364917327,42.45206725101502,64.21026059398827,86.8639382201889,28.80009550848876,70.58744102027012,20.944538866429866,80.54316847806936,Normal,969.7991295484014,43.17575528804191,18,23.258368489887527,329.0,92.8299737788365,72.21155186536765,None,0,None,52.92329043845412
689,Northern Railway,Winter,Passenger,13,103.73637606005016,1040146,48.48240821863097,4.931758477778203,4.746466602355724,Good,2.75884213055734,34.27256216854715,68.01941297243256,19.54632950879177,12.73499240444146,37.76092566723783,,111.87849765965957,16.492487058787912,60.027804210330316,22.914390230875433,78.56123651852464,Normal,611.0829280223915,100.0,4,13.84199759295257,250.0,63.986599829039584,78.76443562039235,None,0,None,58.17514950160269
690,South Central Railway,Winter,Express,4,52.29966480920927,425650,47.670446435339294,5.331048664471224,4.18517726897361,Good,1.5893719006384834,29.611010704243252,14.295012887250067,30.38409307410745,6.351711648688346,68.81332553770618,46.1223548468323,101.99270039072996,40.92356380570559,,24.10545371083295,75.46052397129849,Normal,689.5130882022333,71.28316800785629,23,4.335456435976553,35.0,74.81869276155231,75.06034090479673,Wheel Defect,1,Medium,64.0028716182896
691,Eastern Railway,Monsoon,Freight,3,47.01305221467891,502904,44.76359896106476,9.796443763761594,4.16239806013085,Fair,14.796624349075287,33.39786933180225,68.0442544800451,21.787173403580557,20.505728810456127,30.77624238844119,57.821611212687365,80.16073020715862,67.69193756185226,,24.71540876556595,,Normal,1289.2225660956296,62.185377716003885,22,14.714224519373946,95.0,72.02236037459696,78.85228023742458,None,0,None,61.96410277833649
692,South Central Railway,Summer,Freight,7,74.00561165954146,728515,32.9894008729234,6.330515624921502,1.1624147798123037,Poor,3.5317348468084164,32.56319356481913,36.91439177087914,9.855223315238762,10.002908519845057,38.70026971251599,59.30550612843551,94.41832183198322,89.52478047758325,56.178282178944876,24.51588373200096,68.5489101114864,Normal,628.2639661275791,95.97468831038657,3,18.81777874002915,336.0,66.04896593224478,65.75759498324152,None,0,None,73.10146120809469
693,Eastern Railway,Winter,Passenger,26,96.45614440050532,851169,36.84437532463224,3.4693876592269515,4.200688704444409,Good,5.06695942469928,31.138795264180935,49.4560703360903,44.95793769711472,14.561068744323258,49.35974531229809,56.96564868085098,75.08213052783003,32.5164199930385,92.26371471417215,19.194811823194957,61.217541874632175,Normal,1003.4936322888216,90.75245764038551,23,11.253973888858624,113.0,81.54996167068471,75.23699387308321,None,0,None,57.40599035548172
694,Eastern Railway,Summer,Express,1,110.77936680491786,861402,37.00767849964959,8.185574031959092,2.8462393369634853,Good,3.2597813372115527,38.968026177260455,56.414161975356166,40.76384703136395,17.740249444991584,29.982391490671283,54.435823860915285,85.99119920611946,30.838322557880332,77.1946574797822,23.70298459748207,44.44704798121729,Normal,457.59840589133887,35.913513310145284,17,35.41388925087719,358.0,62.449944977528794,94.03447573363914,None,0,None,54.35355985837396
695,Central Railway,Monsoon,Passenger,12,89.04187744058777,1225736,39.83706417525481,9.656363907340353,3.1899319453487056,Good,3.3531368359303024,4.775665874738408,85.29043331676843,34.70882811534747,23.264107669741954,44.26721779488173,82.24100486151289,97.64290315927123,6.407659389693393,78.08701903267068,22.970255088297954,74.31014953063176,Normal,711.3581100688556,38.78277128507203,20,10.07969130515243,24.0,74.01746952112381,78.74543900840739,None,0,None,54.13421359235035
696,Western Railway,Winter,Passenger,19,76.40350175958265,252730,39.03928117817668,9.186339741614548,2.877496708335359,Good,2.5620544676036103,17.015052770359286,51.92026633159297,7.621298657288738,31.65978390001818,29.230556194050763,60.59672862275496,111.88304341089753,49.80488764594136,92.00212972435054,21.161935230859562,63.61855565007009,Normal,1026.893985293646,83.07672797344429,7,3.932096791075915,120.0,87.31637300905541,98.47505131081515,None,0,None,46.828318064044126
697,South Central Railway,Winter,Express,24,92.4625051594698,1042841,54.32543421058409,8.045441262868541,4.239502701880071,Poor,10.078318033888383,40.9122234799361,74.10008735244536,28.21475310236743,18.318123512745345,19.822534507807994,51.170407421866265,75.40003929525582,46.93912654048188,96.63283348049572,22.475958510234836,,Normal,633.3006498881683,23.51652911877862,10,17.701148795592577,291.0,74.58454906717157,87.65581199268621,Signal Failure,1,Medium,53.23012278629326
698,Southern Railway,Winter,Express,24,84.07156877779852,1218562,31.834883060174793,8.69604298930211,3.5411399621198596,Poor,3.137603680431602,37.14544444735628,49.12876643437788,45.44861129112075,8.165910519866056,47.203981988902775,45.445722545367886,107.06027807252215,21.597385877846673,63.74458229647202,25.279046480126237,70.50905880563795,Normal,752.1547334152028,56.23139206656421,17,2.558019622679781,343.0,88.05438347686999,76.96417982155027,None,0,None,52.56370802556533
699,Central Railway,Summer,Express,12,69.24753669987452,217396,35.66561895401075,9.31265634052862,4.047056100489709,Fair,8.44798390773002,31.50657328786097,82.84513424004419,2.1365815064955633,27.393804032291243,80.02369522377487,66.09743885265046,105.85524805401016,37.94711205865954,82.57154603972302,23.91755688373339,98.77355367357639,Normal,989.6496008070842,68.89941232436564,24,15.527755694925846,12.0,96.22857178451336,97.5838850191933,None,0,None,49.861261211067834
700,Central Railway,Monsoon,Freight,7,107.3896009613712,1405974,35.131703692292966,6.601800700920517,5.226724629058628,Good,2.022399188436596,22.275259625287376,48.07038699276393,32.47325052124794,30.46331452238936,50.0525450010916,76.81431801558816,101.51096761953113,31.63753637593383,107.34173532310359,29.04924993358676,56.51622099817317,Normal,789.3981063207636,58.1282855586188,10,17.302506226470744,56.0,76.9479299069722,67.01852131430306,None,0,None,61.86525427910747
701,Southern Railway,Winter,Freight,14,54.91118315240267,381412,48.37999755473116,7.571955802688165,7.1051152580242025,Good,4.627152505570788,30.8329362781149,73.55537448163797,6.035310706211298,26.633324656554564,55.56252300403135,65.97822455491061,120.57367507984489,11.813326858502876,32.747745182330604,24.15132840048261,,Normal,796.1170986826935,72.71014207509519,19,20.602080122411973,4.0,85.32926537886536,98.16197912584164,None,0,None,45.884441902732696
702,Southern Railway,Summer,Express,29,61.29090643487989,513906,2.8890572822381984,13.426119463385387,4.01274008462682,Good,4.121899113372057,43.540641181399806,82.95289928091964,61.79649355371523,2.7709672264345038,25.31549701295235,74.39465318246783,84.27451026053237,28.034962245206835,78.03723641358322,21.11297860269356,68.79310847897882,Normal,432.0748040957977,91.89301191142421,2,28.110015567355262,228.0,85.35860868844193,85.07864295251242,None,0,None,48.34953081438985
703,Western Railway,Winter,Passenger,30,85.61416166307689,1368904,55.38373713268184,9.781564439431163,,Good,3.16532020897561,42.68222100594481,63.35766942396161,13.791581785160758,7.046451686151326,56.89673784309605,57.74665503269062,113.74969101954865,0.9258145362995975,54.733546420203176,25.571393163452687,113.3232479179334,Normal,917.1708318806543,93.78411875736887,19,21.837136603671183,337.0,90.47671673154275,40.97226776720628,None,0,None,62.666238282347194
704,Western Railway,Summer,Express,23,52.6521515691562,1196779,48.17714311110039,8.135664042091449,2.892272196672583,Fair,9.532799241556917,46.262767420452974,78.55284380994092,8.702817845329584,15.754741921058455,42.60338141317884,70.36650735266434,84.13442163665174,48.89850170612523,66.00887563710168,20.118833915409446,75.09310246477891,Normal,858.3385122759347,69.28760843544994,7,5.295964567413607,18.0,84.43555190001572,51.03744574754324,None,0,None,66.30973329124998
705,Central Railway,Winter,Metro,15,59.87964521257979,931907,42.080093876490174,10.09141513048395,3.375632713384242,Poor,3.4800366887882968,27.61491607744685,66.87401144731476,3.57857191577072,13.84763957456516,18.53059941532947,73.16360687377889,120.25201691483593,26.556096718867614,105.90440698285852,21.3222920361762,61.30885670622286,Normal,1071.1618134356627,67.02513835758938,2,34.982703408511135,163.0,72.83826569745958,91.46413948534712,None,0,None,49.257162606147226
706,Southern Railway,Monsoon,Metro,10,59.5183159570933,1197937,25.661560495124448,6.603819883098117,5.618837503950951,Good,5.078036362172825,10.895164621241886,60.34471417780401,21.027393138254077,28.091538130902073,24.662937533060983,52.88126960550256,91.81216365070605,30.833395066714914,95.93375016403857,,88.75729657506683,Normal,737.0506427079813,82.17299116073171,13,,193.0,75.00453594586533,74.13367619672742,Brake Failure,1,Low,56.12607564005893
707,Central Railway,Summer,Express,10,29.615348001503207,1364589,31.908386166771443,10.465338138604253,3.7327355997151446,Fair,8.725951962970393,23.14302457950894,44.42629216034508,,13.699868311756605,66.18139021036733,81.87102797400745,88.8442522904202,12.862561296974295,77.9124413977037,28.478005430387565,81.12777881794487,Normal,871.4720255508045,71.52080599976642,21,7.514557353025459,282.0,57.76298221807181,68.63889804376339,None,0,None,67.61593463445891
708,Southern Railway,Winter,Passenger,11,51.552160521207654,1446643,39.42174173227278,7.672502446208903,6.9864257649461585,Fair,12.510117770409245,32.91389845283082,34.64736146672308,65.98352320640623,13.649876366068632,18.49334504792914,66.35301335129108,108.87651851312775,25.398880056020364,81.75562468835633,26.368762262645475,61.791945014664876,Normal,1046.0510766858524,100.0,6,15.518785367176838,141.0,64.16732648645166,80.57023034500652,None,0,None,55.92568887458207
709,Northern Railway,Winter,Freight,21,77.06593741438722,1250548,33.37879138291895,13.288623717430358,5.976947844779042,Good,7.763354015196548,34.45761380886714,37.85542103414808,,17.048546346174852,33.848259045650785,63.336862288865106,98.20429900271782,41.921469513253896,59.6430825038572,21.567312684794185,70.7312673024258,Normal,827.1469940334237,81.41941425212359,5,64.59674185562136,181.0,71.77313421842402,92.95529447466228,Track Defect,1,Medium,53.71050924125549
710,Northern Railway,Monsoon,Express,5,58.91779743396873,1323943,44.77528832169081,6.376787107011127,6.795736902365655,Poor,5.739678507079954,31.433524885674217,,21.601715400921986,2.8281731688266465,30.650467245722005,58.148801201365686,99.05018164676507,15.348420827857197,66.29337671889785,20.44922294689781,101.85985130144755,Normal,1481.334527572547,95.79607878609212,19,9.492790413692216,230.0,72.95145029118606,86.81943332604385,None,0,None,50.980023945006415
711,South Central Railway,Winter,Express,18,83.77229113027818,1197202,28.319045258273995,7.791042445399627,4.155678906878696,Good,2.409483011339106,41.529941026975564,52.64028816632134,21.683315281263113,29.931014543365997,42.75742097444517,80.15392770158911,78.94581647373042,25.60293733734857,75.62879474447435,25.43639413855935,53.12684007967076,Normal,655.2792021538462,51.83229661251592,10,1.0270454678811995,130.0,69.56195571428482,100.0,None,0,None,50.90736924676938
712,Southern Railway,Monsoon,Express,19,87.47250240230795,257919,46.01774588655047,9.214388863434339,5.628729107018673,Good,10.764377794911875,21.552519611879575,71.28184370448054,13.090299858106327,0.0,72.73574810159818,59.30675401620023,86.94807865819283,37.52739675502803,74.59309511591056,20.866607778408362,76.83782537564264,Normal,618.9342438124954,53.38286314819678,15,1.4211051428366384,177.0,78.50147581902678,88.58528674432145,None,0,None,58.05910483132206
713,South Central Railway,Monsoon,Passenger,10,74.39480409636552,272616,57.67840377042782,7.877195001165316,4.020370183078903,Poor,7.967939488809339,28.158158097210453,90.28866410514037,28.300300045924832,6.860120448208294,54.94848750900754,72.94975599116556,95.2883534040112,33.034262945787006,61.97123181705662,25.56590488593521,86.43158788384528,Normal,1290.2147014576442,,24,3.279052776072091,16.0,68.4627702299977,80.26877550762758,None,0,None,61.141371560050345
714,South Central Railway,Summer,Passenger,19,52.31804227708667,1065086,37.25313367905717,7.688016677906999,2.5862948062792936,Good,3.5823330569892526,25.3868897967458,68.6167913149861,29.672378035100373,23.391296825260877,,44.411240012566566,73.57356859539838,74.28438430654855,67.77031241246698,27.28134002342336,69.42442640652398,Normal,942.8213943478764,100.0,23,20.394471054943732,234.0,91.4345733531905,100.0,None,0,None,53.87345614592347
715,Eastern Railway,Winter,Passenger,11,67.5132327541895,851770,45.11796535967164,17.19695749373373,3.1388274179506124,Fair,16.010173642687068,32.825644893596724,74.7750554783745,40.64808093107782,20.209512836167033,27.526496380161394,71.58456623531409,64.63639526099328,7.768731409543193,76.03423884116445,25.196226209210362,50.173649669482586,Normal,520.424280850074,68.35468384355957,16,21.86388188479152,266.0,92.4487804751244,85.97448546443641,None,0,None,42.84614108960941
716,South Central Railway,Monsoon,Freight,2,80.33633330613489,1331495,37.76135782840456,9.752394193714252,0.37377087701555434,Good,6.15485558320551,21.689793457901565,79.92652913181283,10.747433598794412,15.541824587923363,93.43637166597907,54.28249301175443,110.62634269383616,19.59592259163798,54.20501605427479,26.762296791217885,92.29510122663922,Normal,829.3660724855051,84.96198106364567,20,16.069172373264447,12.0,64.56047251157301,75.09659294026245,None,0,None,68.07487123050015
717,Southern Railway,Monsoon,Express,21,74.12623535177,1461248,38.64931275823463,8.392825324709525,4.099916386961684,Good,8.410811442302577,43.45284089615973,31.65363697484546,6.555277331061381,0.0,33.077296420608704,73.0343816961819,100.34901070644655,53.79828041145469,101.10865572860983,20.14734495428218,75.23367147800342,Normal,706.9950038499171,100.0,17,24.103619631951517,73.0,61.2158632790929,71.53000761640418,None,0,None,66.57028171138553
718,Northern Railway,Winter,Express,15,38.20424229020044,1491034,56.25521154558942,7.023485123901905,2.3422360660632044,Good,3.1010803657040595,34.400496327331325,43.86583113164218,,15.983705859010199,25.719777091278736,66.18115319383762,102.54541206352565,70.69434405957963,72.16692711248618,21.056729822302803,95.92488948210377,Normal,761.6593121934482,51.08908967321792,1,3.9272320617822793,318.0,88.42060991136945,65.830629909105,Bearing Failure,1,Low,60.47418423546271
719,Western Railway,Summer,Express,7,93.94443845061758,1429586,18.58624157654348,6.838714986210757,4.350545632447479,Good,14.81905540488782,41.830843097788936,74.77107147414621,42.60629508210948,27.806401778253907,12.82023151310618,62.421312720542595,95.44934993532564,23.897623692156323,82.10196183234689,24.40944862952652,,Normal,688.9105033372479,83.03398543717438,14,3.6825724519560477,127.0,68.73690436979037,68.83308100356402,None,0,None,57.358183400115344
720,Southern Railway,Winter,Passenger,28,93.80372890124472,1045200,51.71558319314812,7.061194607312748,3.9983087156715293,Good,17.767747952170996,32.99347070917185,49.09381102011245,10.882724825978542,18.88816289797938,50.390289594927665,35.65696601465583,97.29800029174176,73.35082455599863,64.90250761963316,25.184902678827807,66.82986803704623,Normal,680.29928085842,49.783592175190705,15,7.254491583780624,276.0,89.37378754237568,72.05726893848355,None,0,None,62.06029735433822
721,Central Railway,Winter,Passenger,29,74.42498198762239,633137,23.95091492035334,5.894459310843775,5.523543709899163,Good,3.6438513178388305,27.321217542968885,32.025508105886324,10.766865312879876,,28.253329140887274,65.00394511651807,106.4236095841089,25.84513302272342,75.72900046918681,24.682160875460028,86.63846280704229,Normal,673.0882104543732,,22,36.2810202251245,276.0,63.91216451381982,82.18325508874113,Brake Failure,1,Medium,56.98137246364528
722,Eastern Railway,Summer,Passenger,25,70.2215198872833,1475394,64.85141935846453,6.9935688020879825,,Fair,3.943176156928096,21.996983841824658,46.13062919562082,25.935576433072313,11.459640632946897,63.16209059139135,,85.50954255390593,15.587153940120828,,26.996443011877865,94.28810648071986,Normal,1202.2329728637055,47.60246865856219,6,23.246517468679265,306.0,63.84148905040392,95.9960956458606,Track Defect,1,Medium,55.86923203603424
723,Eastern Railway,Winter,Express,28,62.26232265481145,986250,23.98160632047886,5.623941949713179,2.577509189405461,Good,16.019455318240226,24.912099821203867,88.36065804693126,30.12057518122375,18.664807401289664,32.29442099064829,63.8233406472114,96.67649939442525,45.42332117648037,85.90918400615301,22.191529302905003,68.4222468003983,Normal,1025.4580640309077,64.07464802311189,24,5.915770192794569,149.0,66.10657351677264,79.32714183199528,None,0,None,60.755860953000536
724,Central Railway,Winter,Passenger,27,73.38138413312188,60880,38.6966417532506,8.464648298338062,3.982742931878033,Poor,5.215238298518372,39.29968564436157,62.963501296155385,37.24050467302483,5.986764676089505,43.71614985935305,61.681393433817775,100.64831432696998,63.60284794875338,62.44713139875273,25.47404554794285,75.03029477783295,Normal,1058.8813462328258,57.01222060814679,9,17.195323058726117,259.0,83.20887029952915,79.10978519457392,None,0,None,59.286320248279885
725,South Central Railway,Monsoon,Passenger,25,59.89411599560957,410603,56.02998503212364,9.99478689558277,5.217618645785164,Good,3.806625875445779,18.81044352710878,55.71510297449106,29.301892163449764,21.375394931364596,,,84.43772567185567,26.095882221135618,66.35353391772685,22.793542993098008,74.09082142813413,Normal,604.9884369700084,92.79249304007053,23,21.50013558377648,265.0,88.79581406676571,67.06260666730019,Track Defect,1,Low,56.57294259191243
726,Central Railway,Summer,Passenger,7,42.39919818727995,267712,48.732925593843134,11.180260345458027,2.7484105757509245,Good,2.4134810706211485,20.50678485311304,58.00715445079591,,,30.623306578129963,62.379122160199984,90.20047063966052,52.90731354876856,66.73655854255107,25.678952281982344,75.2413606758015,Normal,849.1905818075875,68.34027709718221,15,6.882520322891201,57.0,59.605200116176064,70.0705654772124,None,0,None,67.14307506134881
727,South Central Railway,Summer,Passenger,11,56.7156601280562,1469659,39.26857343383857,7.585041231755073,5.888439324003526,Good,7.096077989627074,22.90664529718377,84.66233962796318,16.355422105878677,17.13335418257255,25.40348669324308,81.99475988895519,105.81067538331823,72.71943510432772,64.22460741882347,26.18052132405475,74.98241274434672,Fault,955.9566613610102,53.149196875587776,19,18.698847751291996,284.0,91.22385062817582,100.0,Brake Failure,1,Medium,47.790090549774085
728,Central Railway,Summer,Freight,11,66.31284788535314,847157,51.34141732913018,5.95367330479803,3.794354878480999,Good,6.103719862140257,31.995940458503163,,44.82362978973801,16.654876550622372,48.05628664360022,85.61932629827709,92.06511041726313,37.638691050810735,71.17452018410934,25.540670451827612,55.10852463356179,Normal,975.209172185342,61.7586996416091,22,2.8794695347696693,217.0,87.5427721017538,87.92572834244667,Brake Failure,1,Medium,51.44027149869147
729,Northern Railway,Summer,Passenger,30,75.6783737128435,28111,30.71814915257449,8.897900101633617,2.0295749980582256,Good,9.693178663102007,32.331036724743164,58.628887250563885,19.050930419525212,18.659964790155147,31.90493221230799,75.88747290172753,112.40650014845006,47.12055056894657,88.81632136518482,25.146576646988475,64.01771420827579,Normal,912.075090371852,71.29916727059111,20,22.00630651812983,298.0,86.46723060614822,68.40536105520853,None,0,None,57.648415335713324
730,Southern Railway,Monsoon,Passenger,26,103.0013001884197,759062,35.845774062104276,10.128949640378785,3.83240631000117,Good,17.240275086477574,35.33765609263657,81.6215443885803,16.08268859525786,21.861452740177654,38.610455585200135,53.05382773805799,96.54283031259332,32.141214161686115,76.11746205766389,26.36493376106046,78.01728236261395,Normal,1116.254082345235,63.973251045399685,1,4.991706226457135,21.0,66.21916657698375,100.0,None,0,None,52.43604216008862
731,South Central Railway,Monsoon,Express,23,39.202346986757696,243283,35.364413616135025,4.724329565893456,1.8349372395038337,Good,8.656444419147052,29.681283320552655,64.96568441519652,,12.60229500205598,53.41114091701445,57.618688085946346,66.20317832401565,31.26674998584914,55.038938078583584,21.828510319023337,95.83126837874923,Normal,883.7256700095137,46.4697029380554,9,13.972385514165756,169.0,89.49449086982948,92.12115129181909,None,0,None,49.136208878852536
732,Northern Railway,Monsoon,Freight,19,68.78519583693175,693951,45.443540255253765,9.49223590191979,2.73256872625925,Fair,9.544300948761443,31.608557243862684,43.943921574839074,10.57830128659531,12.249906816229535,77.2268559969533,48.516054031077374,100.36240269658714,3.773470382053695,,25.09952459172559,66.77902900692094,Normal,694.2520156678996,56.30213056134819,24,31.298639718764292,359.0,57.200244975809554,76.92174295214915,Bearing Failure,1,Medium,65.20735318206552
733,Eastern Railway,Monsoon,Passenger,1,51.814560239522976,906747,70.0,12.425150294715177,1.4266179109570833,Good,2.612202845614901,30.894025493544223,52.508683791916354,18.43079883240083,25.38415433011277,33.689617262512684,56.87060596458937,92.63315568585877,18.5474368195442,74.97757402769132,20.011383995514283,77.19471188811738,Normal,337.88900302802523,74.35993349385178,23,7.5284379619942206,246.0,83.7042401999011,51.209713703186154,None,0,None,60.61567424622801
734,South Central Railway,Monsoon,Metro,11,103.36356253307669,779374,50.22874366067524,10.244596521580513,6.709217312879677,Fair,16.881966985224103,34.89429661708709,30.906969099902092,14.106413105262138,10.235829361101267,31.35605448699058,42.33563669136481,121.7723418517474,62.47508782132124,72.20738606403428,29.497606605720183,74.1042713431624,Normal,289.71654384757636,54.47656502038015,24,14.396910548705424,206.0,66.29784368357926,74.26706625964043,None,0,None,64.87695286611988
735,Western Railway,Winter,Passenger,25,84.71687038291394,263501,54.11852499900447,8.891694682300889,4.340811313537353,Poor,13.539901241566328,24.745672262195,65.9461448676387,9.008076419669852,11.036221869545656,50.910082450229254,62.0325202966058,107.45684840842453,14.780204485333915,79.06789640456071,26.3048260316935,82.51651025702886,Normal,1078.077517607574,77.98171531998022,17,26.190634346036912,285.0,77.6751795469974,92.50887548493108,None,0,None,50.28912377915952
736,South Central Railway,Winter,Passenger,5,56.12226410411003,1000028,28.931870155293606,11.253988704652706,4.894294067102677,Fair,1.2059648667566918,28.175946367811164,81.57069094701599,30.70662654304183,18.099104349363046,70.19633335028945,79.91592026890144,108.1610479435188,39.5372669235415,104.70639496668039,19.247576014939057,72.09067265957083,Normal,399.7913748319757,34.04322939591736,19,5.320087088032324,252.0,64.71797171835098,69.13347957842417,None,0,None,69.61203208720333
737,South Central Railway,Winter,Express,27,84.35912505704592,1379078,48.37696136384126,5.488041200042181,3.492875316492211,Good,8.211639929423292,46.75093384783683,72.38578704574661,68.78779893507895,25.031953132730095,47.21781526157593,47.3941864332651,101.38197220773094,8.72178072972023,63.772619087101255,24.257955320756288,66.89997880766985,Normal,721.1652958607482,64.30554931465575,17,19.38859855809284,272.0,89.56937167870556,89.35741536962497,None,0,None,45.76656393177875
738,Northern Railway,Summer,Passenger,26,91.74212991809755,679825,5.1982342239835475,7.420820944356067,1.451621342368739,Fair,24.774076490833806,34.295838768585824,46.96924125411085,3.665053817352875,20.682558871731366,7.816768367486759,78.96382075421951,88.9488669392522,22.673136036963268,58.913342910014364,24.961638448880407,88.30614207634207,Normal,791.9781952328042,93.06965116952743,24,24.47331264915884,57.0,57.89056616461713,87.45940865935987,Brake Failure,1,Medium,53.70099447227556
739,South Central Railway,Winter,Express,11,96.51775346524897,248008,23.074810345740175,12.01338366157103,4.6269439340000185,Good,11.444385569790207,32.34400726607231,77.14419858479046,,0.6108816778591564,30.25324080496145,71.35805727276087,97.48553977266621,48.199833416682864,70.9058907739256,26.382426279060844,83.83330627323903,Normal,662.5519448893565,38.279349122781326,9,16.874094411395404,2.0,72.38908776619576,47.2785551360978,Track Defect,1,Medium,69.88428611744389
740,Eastern Railway,Winter,Express,1,86.96857116330663,1333813,44.13520374511235,7.099144115447072,3.6494439806537167,Poor,5.972715739161984,46.20618077832696,91.99836789303562,9.98521269165295,12.614346619992856,,67.86653374995852,110.28820188670059,18.5384280816827,57.100016829597116,24.20378346629833,80.392942531682,Normal,1025.410665830697,100.0,13,19.073428563818716,56.0,78.70064559631207,77.25418168731264,None,0,None,57.00179105959858
741,South Central Railway,Winter,Freight,1,107.95727107332561,1333957,34.02974785131171,12.137904451898732,4.238350183532927,Good,9.682802459040717,34.26955921526775,17.744634541822137,12.779727199946723,10.785385679717724,67.04963336905162,51.81804672382564,100.07907272039202,32.71362427924475,71.62643955021461,26.600585676223076,86.13147993464526,Normal,594.5192056666415,73.39948897506679,8,5.751415905621946,36.0,71.14323654485624,70.50066650942806,Brake Failure,1,Low,65.38912257824495
742,South Central Railway,Monsoon,Express,3,61.045288881189244,6681,26.572653130100385,3.9860895078541008,,Good,9.848849547734991,32.90061719082518,69.20284815150971,35.038986649242695,24.313769561119777,7.730880942524564,63.746157647258,101.46877623762087,36.23310592657763,48.210747641215164,24.86427331027476,79.71905298729094,Normal,708.6446967373935,39.66614151027535,7,10.774761800886646,359.0,90.2397637648284,78.03764742307978,None,0,None,47.69750411459748
743,Southern Railway,Summer,Express,10,128.39886358406136,1094188,35.22541421650084,2.611568848099438,6.236350476349183,Good,24.157507419287626,21.87951918465798,39.934591893099885,9.742904061272515,1.6861478168213733,30.547612872313753,,109.45538771921703,54.79096965381319,47.3636872290852,26.532547094826747,45.957439085749144,Normal,640.5249017789072,68.70665033814353,3,13.394713223047047,29.0,88.0246362821365,72.19104006978391,None,0,None,56.725300655746906
744,Western Railway,Monsoon,Passenger,5,113.24685418839104,1470696,46.054297132182285,12.090990474400748,1.2290080454102723,Good,5.216840098335737,47.23906435134497,63.926266714427605,18.61132610611349,25.646322705214573,15.924979111444877,69.03173858043506,89.54325412182592,0.0,69.31135572280033,23.68489723503821,82.71793270926509,Normal,1095.6776556299494,77.60951744262275,2,4.501920780124934,93.0,95.90722820742042,75.13386091569349,None,0,None,42.524365673626875
745,South Central Railway,Summer,Freight,18,87.49986857011157,826037,24.31392060244352,6.635089581544729,3.1265395532814315,Fair,0.8477598032410982,50.0,62.97111313836824,21.575459842829016,17.685306611457158,46.5853969007994,54.33007728061603,119.46489156228544,5.495245253714863,52.63127729092899,,82.68131411154909,Normal,1146.7726789881217,94.36485489583708,15,15.133586317020916,229.0,93.64518291173906,67.78362199283269,None,0,None,51.31201460657703
746,Northern Railway,Summer,Express,18,50.41012605262078,23019,56.78809192095282,6.0598419924018,5.067776291039984,Poor,6.57330376329968,25.164886958477652,54.48149525243127,10.672108234418573,1.6289168679551622,66.10466580246839,83.37588592807225,90.58718695893384,63.4043013002765,,22.58010801256515,72.89356815067315,Normal,856.9827250674732,47.10352250361523,20,18.837271473838474,355.0,57.26319606195246,61.9563306796678,None,0,None,77.69951070584465
747,Southern Railway,Monsoon,Freight,26,41.81870441418103,1364576,23.47820115923607,8.23006995503214,3.409224350440903,Poor,5.558310964569943,37.77910993264189,43.65859935412911,14.16492047359557,0.0,42.77299276550635,78.4265636864992,118.29538605936129,62.72208316453147,47.030996394284244,23.198671830223095,96.48908373438789,Normal,821.1730701978672,73.10884683777113,16,20.170587512632007,127.0,75.49629114518615,89.99120461339814,Brake Failure,1,Medium,57.903637874001184
748,Western Railway,Winter,Passenger,15,47.773671482330755,453896,23.497884668671,9.489182272887874,3.0599957789440024,Fair,10.259901961103985,25.481596303888267,99.13946261340061,5.877510428846041,14.714223365268426,50.966751987198876,48.551818588813624,81.55128930379854,69.33873380712367,50.72647190171788,21.488993746396325,73.12888313417156,Normal,1120.8658535979025,,22,14.765697306636921,222.0,88.09899453144374,99.55479709505855,Brake Failure,1,Medium,52.36699579987259
749,Western Railway,Monsoon,Passenger,1,109.1039699206251,306716,23.02192150756415,13.106817505010287,6.122507459999333,Good,12.041889862988576,23.607959103269124,68.40084116776904,12.0402745114191,5.986237549853163,,53.41656112775783,91.22596545095683,2.813393824713721,83.77174433093842,23.45454210509287,88.51562125478691,Normal,1083.3393798060724,55.40053947369636,16,19.581507253238005,199.0,61.413830910626885,95.40265412816859,None,0,None,55.770888649280906
750,Central Railway,Monsoon,Passenger,29,69.61601423397532,1099642,45.8055615687431,6.937362429480301,3.4315383778586606,Fair,21.60068380588811,20.259401219039923,34.405168386875076,30.176574693346353,26.887074633644744,24.657679627662002,52.303660197854015,81.8877737324529,36.30106655568641,71.74081266450214,19.901258672765376,80.62704043493574,Warning,341.8766123751382,100.0,1,19.6405787834836,158.0,72.68446878335504,87.85165371172175,None,0,None,52.956169054225384
751,Eastern Railway,Monsoon,Passenger,16,68.88422831616697,1368013,28.35639830045333,9.518420302823124,3.2086365495605627,Fair,1.6831622515167886,26.713580420845275,44.50676304491786,25.250230074215292,17.1347765612811,34.58946771551148,,109.91029953433565,40.21867649294875,68.34397274024215,24.626100091731004,69.59465852738447,Normal,869.9764833687974,76.48754979655827,2,40.129012551367616,269.0,96.768363200766,76.50976282154397,None,0,None,50.57387752346055
752,Central Railway,Summer,Express,21,48.523504772427444,1271678,11.95522208922845,10.231517873644465,4.457443877058445,Poor,11.486831473079876,23.77305368444532,10.0,4.002113927648823,18.74297373048694,2.8836317937671794,64.21498058636504,76.18633822017148,21.177751325333652,74.3898852428558,24.215572506328073,78.11427659563175,Normal,803.8352801450682,71.01375297437747,10,35.78715542169192,13.0,74.57027065736884,48.10429585424289,None,0,None,60.67310918880103
753,Central Railway,Summer,Express,23,75.06934141290654,1263491,42.62392531249837,10.361171799156638,4.917602193157433,Fair,5.284382159210127,34.820180897126335,47.02601598559386,35.7774006125664,33.49938464826648,14.092330974731688,,94.33044491253254,67.7442654839138,,26.134102338686343,86.76520894975273,Normal,896.8828485053988,68.50937828328023,1,5.100111054406474,211.0,81.46505531006005,100.0,None,0,None,48.76272011027581
754,Eastern Railway,Winter,Freight,19,81.30560393864096,1125318,34.842414175683416,7.705139098166221,3.369219514652611,Fair,0.8070833114298885,35.93115498394299,44.23320276175852,20.2736999992252,13.536091230793664,48.4781431153464,62.61650242908135,90.40038178367939,28.843988366753994,50.90086525597681,27.143819693497303,67.42686660474129,Normal,831.4900505821786,69.98838367563302,5,14.508690099287527,135.0,74.41495679469901,76.56983502136082,None,0,None,58.75364258669411
755,Southern Railway,Summer,Express,26,100.33554475953255,324843,45.468829083669696,16.076624391361577,5.271052311429827,Fair,1.7477716499121532,28.990537721516706,50.57043822556066,17.910671144859148,18.280880603977078,45.241073134031886,64.20499470326403,99.9569962848445,33.410007307971014,74.61034337212728,20.12413055741258,,Normal,789.2175002410232,98.81787770931061,3,16.423433204777233,149.0,79.54380661504133,45.293929803951336,None,0,None,68.104454319653
756,Northern Railway,Summer,Passenger,29,61.38350324936398,580392,47.471638148272234,3.6844090714156996,2.354453183435945,Poor,2.7948884710389725,18.986158295130608,68.82690568085056,29.027026706290826,19.793865107889843,40.905092237997046,69.1632937394209,97.54167027526744,12.707808854476852,70.09100495589273,29.801605544865645,88.67894452608364,Normal,1187.9184717956985,59.01982758397559,13,,283.0,100.0,75.72217385617283,None,0,None,46.5391743142106
757,South Central Railway,Monsoon,Passenger,2,42.22505481451099,97279,32.1073944851657,10.903994697957355,4.818374256179322,Good,9.023594087761033,29.79912165520404,85.37522456142636,41.35758876109301,16.578489737105873,26.20292985867685,71.16263464504028,93.87964510356265,17.199420917027954,68.48762398025075,20.956038577223342,95.73896990083169,Normal,722.4634266397758,87.84787732582865,11,2.8777615232981546,307.0,80.88482839654414,87.08991258276407,None,0,None,47.71919327359785
758,Northern Railway,Summer,Express,1,30.865032971785496,342234,40.39641573162168,3.7048619623152863,3.4788210632254177,Good,1.5696848237330272,33.399974791227365,68.39692458347568,21.781915585844935,13.877544190546526,58.708773533340874,,100.56999436933434,23.980255469531574,84.0544739862532,21.085501805839794,81.49461002571518,Normal,853.2322878837273,38.90020722627509,20,47.902927704260556,160.0,96.73379227119894,90.84215192830672,None,0,None,46.7517738806039
759,Central Railway,Summer,Freight,3,83.43964118825231,1323910,40.1276003585548,9.83120860630433,6.66439524963494,Poor,1.24042868297996,45.98447654421103,76.04370599187637,15.756148433905512,6.0076836513571745,27.962385931755115,63.91996728806688,117.38795556867208,41.788771157835875,52.038455491771856,20.976460101857956,79.22888677236232,Normal,840.7822953224675,32.748747418756665,3,7.313589276224559,200.0,82.53489842750335,62.37868477259533,None,0,None,59.74291944340411
760,South Central Railway,Monsoon,Express,27,65.3916155987226,1190397,13.328148772062143,10.972140126712198,4.241110764304296,Good,11.477914089158993,45.290779996426814,30.095031700953285,,19.351716758983706,71.43673308205061,47.336797956732994,92.37321968875732,,68.97047542815315,26.924675186173275,92.74545769429594,Normal,798.5604228617924,55.193489584024434,19,5.847530260165047,333.0,72.61988572210548,69.54760340122374,Brake Failure,1,Low,64.19489214874228
761,Western Railway,Winter,Express,24,53.40443995006345,855477,35.51630866776387,11.350669964544682,1.9523915776225045,Good,8.06006282472319,29.777148095901783,19.09280216782055,6.071058336893984,10.938476301767897,42.645970086938654,40.26758548824945,99.34148788866611,48.837294294817376,74.30382460217602,25.59434836712467,99.92297660171901,Normal,282.5720494583147,58.997669840903676,2,53.928163377148586,293.0,90.60777896118556,81.68372187251643,None,0,None,53.4204643654677
762,Southern Railway,Summer,Freight,7,88.59495322998656,248129,35.91207754489235,3.0611035230151513,5.38159683122473,Fair,6.8886824048436175,26.66934249762364,35.98201507962905,33.830259157334545,0.0,49.464494147545935,79.55669879456191,72.59775902399626,37.2372466061458,76.73344782152694,25.39767347768549,39.90183109984626,Normal,1046.416454763796,34.18071597069764,15,14.923994798955523,93.0,77.73679135334089,84.374323789558,None,0,None,56.26637081303914
763,Eastern Railway,Monsoon,Express,15,89.30587045915556,298171,30.810153507079455,6.4495956230339075,3.5318136687505044,Good,11.146210793459783,21.970514327797645,60.048342487243495,16.208542948633998,20.797596108732115,23.936296921260723,64.50628221993863,82.73138509166034,41.30361667530206,56.1022662796147,27.1618368038759,88.35273723585931,Normal,750.1881324171362,73.13399378164655,2,15.312596545399959,208.0,82.21522440167257,64.99091380654184,None,0,None,58.26383866660937
764,Eastern Railway,Monsoon,Passenger,7,99.13919594262796,1477160,63.53480103191825,10.828534398863233,5.548154813106018,Good,9.206316699408841,23.242007977721208,100.0,13.206842392827197,16.026784976238407,59.29858856349991,57.84524630179562,97.15132418634309,59.14432161130756,75.0420965776964,32.0,,Warning,819.5628111478396,81.85733123537392,24,12.277435052063403,37.0,72.60409372673473,63.66287119771941,Signal Failure,1,Low,70.07299880266216
765,Northern Railway,Winter,Passenger,23,82.15432353844788,231571,30.370882264605083,2.8524694849824233,2.132250402655284,Good,1.4395874226693646,25.081734629987416,52.37825133975151,7.3936790474951986,9.17498830322548,40.8356920218699,56.092224450854076,102.56672038577744,58.16978312121567,62.261100030752765,21.676604686095384,69.6858454306496,Normal,1162.3596350591242,81.45906452903823,1,5.5474409752784455,4.0,68.41117460532575,78.78204856547717,None,0,None,63.33319316168182
766,South Central Railway,Monsoon,Freight,2,78.47945954028931,1041335,34.122748380124534,7.483704225092288,4.412357723612718,Good,4.290349013479526,20.622172544829972,33.027505197330676,24.310845437831837,3.613746280390373,12.565706099025824,60.62439202653088,97.32770782684071,35.12212068962896,50.95295312441852,24.973677673807245,67.11124034531176,Normal,737.9692684562284,79.87861005191148,6,31.14895624452395,352.0,73.93242560528043,91.59453674454265,None,0,None,49.218737195860136
767,Southern Railway,Winter,Express,5,95.84580373865408,726128,40.42122892355933,4.1874678934272795,5.067715066474363,Fair,4.149364559885298,30.17034035200097,66.19971919843735,10.024181553545121,7.295418168235099,61.99838080192403,59.392279528437754,108.8235203126982,77.52036322425488,40.11997152866837,19.39286155811599,75.68587009773198,Warning,497.5728813650625,53.01940275408062,16,17.74620570962374,59.0,79.81433574640465,91.94633730053451,None,0,None,60.811576037498135
768,Northern Railway,Winter,Express,11,80.6919950687065,1329976,25.35996299314796,7.501841423451991,4.100635917923851,Good,6.0530859478809775,37.79593177886691,44.24206429644967,36.905177850007,15.24763793927698,0.0,61.79671389660281,95.50621681473106,33.799229183758456,72.061566203414,20.407604378330326,73.42943442870524,Normal,921.5608797039962,77.82826645732334,15,3.8608403274072773,267.0,76.77213480832837,50.02550728525102,None,0,None,60.69070964481098
769,Central Railway,Summer,Passenger,21,108.76512297604194,666021,43.40373227050662,6.897143517605538,2.4578402918737394,Good,7.1132708287012365,23.63658572285932,51.64458454028255,9.03666151218829,7.427787695784674,15.87568933918299,47.89483886186818,68.5512694167486,57.34275877556787,69.61598297546004,20.606920277576766,81.16199535401314,Normal,1028.8705500838169,58.311776666348024,20,14.158041444394245,15.0,87.68649721721904,79.45796402868424,None,0,None,52.48220578114649
770,Northern Railway,Winter,Passenger,7,73.40527194143004,1371916,49.84473842353402,6.224191218264817,3.8479990961821953,Good,7.929754813123866,24.301839993610333,65.28781722060558,33.28865939122395,6.183322368980221,42.45403036876454,72.97556134083614,109.51922303223955,58.31149800233676,55.99837504195516,24.290821715915953,78.11136091058901,Normal,559.2665966834635,59.67183247916644,16,17.877334354220988,22.0,63.776695388016854,73.3457266414357,Track Defect,1,Medium,67.12198154535682
771,Southern Railway,Summer,Passenger,1,59.153314346549166,903225,38.99221256230114,5.68659519549835,4.507599995579861,Good,5.459568958631558,28.678786102299707,51.92615637928788,11.061908592072216,7.642950146458317,47.14670738646345,60.95694789610506,95.34265866890065,10.725134933985814,47.16542937440644,20.325260988988507,107.72887482549147,Normal,147.77712634436614,46.74629910991038,4,,227.0,70.57185038408461,83.16578742711476,Signal Failure,1,Low,54.87260311414761
772,Eastern Railway,Winter,Freight,4,97.8945971771589,251637,34.40089289509279,5.907946848771469,3.0246113062528193,Good,4.487835207682556,39.584223330614265,61.092806763909635,21.576833430692062,23.76759007647291,81.35023293002709,37.25987353805509,94.53815063680756,55.32266074452432,44.53573269408747,24.285702137439408,53.5996109195997,Normal,923.9895688503606,91.44784674990265,22,11.542699418537978,46.0,73.7650123518958,98.78788876286242,None,0,None,60.10741866101734
773,Central Railway,Monsoon,Express,7,85.21900338563545,1373230,27.52979322523324,11.923484012652454,5.767620120781292,Good,3.0441615279070082,28.819788165869706,63.934736315934074,36.42608207947955,30.046150447771936,42.91041773690213,67.58495014586292,71.34573565648208,26.059005222173614,65.68127734674609,21.25144496434642,110.84023268228998,Normal,940.9760879066066,81.9245678053319,11,12.873795551196649,180.0,54.65884175649072,59.57756457027206,Track Defect,1,Medium,70.3626712294944
774,South Central Railway,Monsoon,Freight,27,60.81209674290734,1363346,42.194426371612096,2.95137148502703,5.295645066900935,Fair,13.652098903961818,33.171674235143215,77.96831405299591,26.29244734247221,9.724529516214645,90.11087430847975,70.90229094825828,97.28774089459063,29.66747510401346,89.72630621988019,25.037233125897032,103.01506451019077,Normal,1116.2672987384208,66.42240630432877,2,28.736028849502514,317.0,80.52699374215523,82.08993332240914,Wheel Defect,1,Low,61.05082793927646
775,Eastern Railway,Monsoon,Express,22,102.72520571765621,932557,45.95946653526786,9.864424011462548,2.3356113483668786,Good,9.347719111113934,43.94406586060633,59.45282514995496,5.325569529259097,6.237691679195169,46.611566172426926,55.6961498431138,101.96256514948837,85.51136727730938,89.9632507759397,27.499794728193546,83.91385559443941,Normal,1027.0772446489304,59.53653898436271,21,19.681848647138555,123.0,86.57011897654081,88.88972148448687,Brake Failure,1,Low,58.40749585610075
776,Eastern Railway,Monsoon,Passenger,13,62.435744974590456,801721,28.71858996855919,8.034245265371306,0.4791685332897968,Poor,7.3881373944175435,20.599955919857855,33.54567259925875,,28.620753235046706,19.265714170205392,56.23404511048498,82.94335222981957,46.15688744410826,73.75203137534079,25.78694846257793,61.632616548676566,Fault,1187.619419992388,73.94633976815925,13,18.31703582203001,32.0,91.8818987175623,64.46755881123426,None,0,None,55.091080107068265
777,Northern Railway,Summer,Freight,5,72.31783609829773,1201258,25.235101220475595,5.290007972079852,3.5042833269860028,Fair,5.797795178321436,18.683281733077017,72.43267256559787,15.518942046714706,,72.93186085832136,72.95700834396703,90.13834369922247,33.045567766126034,50.56922459818024,24.060631926021475,71.86536510081457,Normal,497.49515105876816,43.35079570117103,9,11.570544080067629,93.0,65.64838799244967,97.6357909311175,None,0,None,58.74715167041861
778,Central Railway,Monsoon,Express,17,37.31770144063627,1319505,40.849137469287015,10.900188747371399,5.006224853390004,Good,16.459120380337918,36.31653646557531,76.17421540141585,2.6989291066642638,29.63333858301929,35.804047066606095,65.18740814966648,85.11662792908021,45.25038434247988,75.8525295720438,23.97404971345634,74.80633282594954,Normal,1219.2446458130864,74.39664503011994,24,5.787422412119946,20.0,51.572347258339775,100.0,None,0,None,59.10784317094398
779,Western Railway,Monsoon,Express,24,101.73130096084444,1396207,31.77347300290573,7.1367402567180935,3.7278376951512113,Fair,11.748769876459749,24.830225192505736,51.701945735115906,,23.455499602856193,36.117737291133324,22.507684770365792,114.3108691532558,35.75404387024825,68.91795854271389,25.246656515199653,65.98646795978898,Normal,885.2712435510464,40.10861884014275,2,20.371405052630628,265.0,78.84355019018405,91.11774293075602,None,0,None,51.29431458187821
780,Eastern Railway,Summer,Passenger,21,89.09903638524413,1397895,47.39773134631744,9.085090953042256,2.4060492140911327,Good,6.936268129759239,25.759117898115836,46.74420540704334,8.085912337486379,24.06018177317842,16.824423241835117,53.26761472738117,94.85205030043528,12.574571150510991,73.26956632099275,20.877083519468307,,Normal,817.2452622249835,73.14022565411055,14,1.3399825557181366,60.0,87.37464998573077,74.61648397932291,None,0,None,47.71295227108313
781,Eastern Railway,Summer,Passenger,28,90.79661580253385,1354162,40.657292923011525,11.715893168280758,5.808574439153513,Good,4.476808221242953,22.245162140825443,72.25965272809434,18.833624629760337,25.55320475323635,73.62400557758195,55.13487666601013,94.29981850524271,32.42960179404605,71.71073102197529,27.66037950797684,81.57886191773805,Normal,772.2922185760698,82.89789451491723,23,7.569017233043451,299.0,68.3401502652137,87.08891598153309,Brake Failure,1,Medium,61.50786791938283
782,Southern Railway,Summer,Freight,13,73.32768720605398,269374,34.13168732553167,6.615799489496381,2.6835168854069282,Good,1.2193050555757101,36.74253172035186,35.04847131248171,28.259044076412287,14.626104573352185,49.52488286757423,63.169822875980536,80.54106388209667,,48.18065873275325,22.71915550997607,73.47319147881886,Normal,1105.4528265217418,74.47645482120757,12,12.108920348916518,237.0,76.60494409404271,84.63876403419104,Track Defect,1,High,50.993434585254334
783,Central Railway,Winter,Passenger,2,86.31893194629835,1250978,45.02102563431556,7.092658260890725,2.642675319140938,Good,14.964897558968849,26.14205598389516,47.22066806402982,32.66113791438467,11.018624253112328,32.975455465602906,84.63094237719844,99.03229870330259,7.518193794142384,63.154775494960504,23.893500928962915,71.14696220373351,Fault,523.9195886567209,67.49327178053395,12,21.863733485851473,324.0,85.47711677598807,82.47140655554374,None,0,None,47.29206422292566
784,Central Railway,Summer,Passenger,27,89.31330587466098,861975,42.94766663876892,12.211684083022433,3.8310664167543416,Poor,3.2741770671015025,47.69180977338409,56.218707506219125,2.6113956508047718,25.227092611575255,45.835285842759006,89.39344190202202,99.81073123814807,42.7824103523704,37.067736145522574,23.24127656056957,80.43526808122725,Normal,386.33386673637654,,9,4.62696388537743,112.0,83.44380999356882,59.54628435004779,Track Defect,1,High,63.24612140900361
785,Northern Railway,Monsoon,Freight,20,94.47461082351253,369603,34.59955170216996,6.592838010383536,4.031391113809694,Good,13.242514382254512,28.368686461417674,60.332188093444,26.70284067934769,27.51486511725122,45.9809909001483,72.12833277128316,99.18056153513562,60.758475912131246,80.78982679036247,28.716542756974746,79.3579307153069,Normal,1268.343917432806,68.58890907716679,14,27.968358424117362,53.0,56.93143357007876,90.65369032806146,None,0,None,64.35612665749288
786,Southern Railway,Winter,Express,12,65.8574854455772,329620,55.88713788273553,7.552209090876408,1.6160251898174014,Poor,9.242697954042164,17.566692246979102,38.35054918501949,7.485810720721155,7.626973695451733,,52.55959202267191,120.7496330193112,,63.54040988981623,22.978135953027845,90.45309628876663,Normal,642.1205151861404,79.5572791596577,6,15.94657177321288,128.0,90.22864081579056,67.6873390301126,None,0,None,52.47805501710058
787,Central Railway,Summer,Express,1,73.10920344977042,714911,31.841124506350194,9.110796888547709,4.82844326771039,Good,12.671989890630815,29.867793194059836,47.17758144746449,43.780554958243734,15.41465051477197,22.965715382998532,85.19741996922664,78.28891792001929,39.343192185963126,60.819948002327635,23.944000772305145,,Normal,627.557719844345,18.270208896953676,10,2.2629468635055208,132.0,65.3351547361959,71.32381724547756,Signal Failure,1,Medium,61.51569594175854
788,South Central Railway,Summer,Passenger,27,46.88987251958825,72851,44.58549420860609,10.137570645544415,3.8858855241981476,Good,2.5052616976626316,25.326396176291176,67.57368058061901,54.47342708930164,22.258114278035478,45.78308644088445,60.89848993830149,84.96622801920282,63.01530733151436,78.04942960941875,,90.37367005465943,Normal,886.9990731032576,82.405934186375,7,26.795380212079746,315.0,76.93861217755314,76.88327936860095,None,0,None,62.482097024705894
789,Southern Railway,Winter,Passenger,20,97.4520479205188,195900,41.710035295537914,7.208551060091585,2.4556331831509937,Fair,15.38915767843127,20.168490715822855,25.04608190216144,6.09532821684833,,32.027576241333705,61.78817219004072,58.41945047894834,83.37066104724758,73.06790313704022,19.76447571538092,74.33439236972825,Normal,614.561425938897,52.545479030404536,11,19.13248023801893,353.0,70.3443368264706,77.66684492252303,Brake Failure,1,Low,65.50582198113942
790,Central Railway,Winter,Passenger,11,68.14099863372152,1261397,40.8588494313291,8.493242156712844,5.194011349294409,Good,3.973646778051627,17.767901703795822,58.84009241915889,18.05204570243464,2.4815783065139367,86.85792394088915,67.02677128543603,87.76351423005937,63.54979284319283,67.71646197911102,22.709580216453446,78.94122389830717,Normal,714.8484526807017,80.79212456220893,21,13.218979892844807,109.0,82.81421957201938,85.54054921479032,Wheel Defect,1,Critical,63.63698844222891
791,Central Railway,Summer,Passenger,2,57.21627010869598,261934,34.75507856406993,10.460787759970788,3.283732330942988,Good,9.515694448568484,31.00377658830419,78.64594914046452,12.66999607427843,7.937377302124024,5.363567816703657,45.81664679581536,94.74288844348028,73.27849399632987,57.806190397213044,28.615566047103613,72.22539149514532,Normal,578.8800527440442,94.5027185691254,16,26.537865163048075,52.0,69.00780937955842,62.22501639183422,None,0,None,65.8648202519676
792,Northern Railway,Summer,Passenger,17,64.59561352358271,748426,60.797742272872924,7.508332889449811,3.516403506255564,Fair,4.458976084789294,24.965813010012557,37.98162049150256,,11.259823069806426,17.574004336434392,78.02896976957341,84.59033829316364,59.796582247109946,95.0282081878927,23.634386715706082,78.77035955927663,Normal,816.243539113607,86.13634007896366,24,9.45497263836714,139.0,100.0,69.4270711414265,None,0,None,52.306113088032376
793,South Central Railway,Monsoon,Passenger,3,49.97775842459113,439161,49.68404533054682,7.35380716921303,4.82626668303545,Fair,2.1437020204049424,41.0267761524067,38.23263652036945,11.930015201683338,17.099490736914895,43.6256566891999,60.2597520496783,93.68219830514067,20.121063788779242,83.47507591442614,30.719176196121417,82.552412209847,Warning,687.430465817902,68.85434040748369,14,4.799268980111002,339.0,83.40593378048446,74.49195290408504,None,0,None,54.297747732097555
794,South Central Railway,Winter,Metro,19,63.82743931398684,176802,48.755753856945205,8.33101849477569,2.8970622196667586,Fair,11.002500019526241,26.55234579649693,80.42758078871066,32.07363749971713,,33.219945943601324,92.58091417307865,101.33993637857856,22.11636844635888,74.63655359059345,21.004187331354544,56.54943970011919,Normal,1155.9669017632332,73.84119906328003,3,30.395857308088345,4.0,77.2186482832514,62.720006633791186,Brake Failure,1,Low,59.32191793752912
795,Northern Railway,Monsoon,Freight,5,70.24226168817246,1127321,37.29340579076896,7.123479475253051,3.922469997996639,Good,2.9902122254865264,27.97556981455394,43.93797972499613,14.310000905355441,35.88402474531516,27.513938978247005,87.43394572807294,80.22425018787303,28.458230264703218,96.82393521562547,28.154587989673647,64.56012465122276,Normal,1348.5161309212262,64.21794786909689,2,9.559279406492124,102.0,59.42472702284227,82.95900953612131,None,0,None,58.56151759080529
796,Western Railway,Winter,Passenger,5,97.61074844155307,1088503,33.24187316387419,8.535179134435689,2.0389044744204092,Good,6.5851917258972685,36.84934442984117,99.21710847431359,0.16949619022253418,20.76288201622299,76.1349163745034,69.26518807731402,92.69460830795009,31.461429763279707,63.56022460490394,21.742670756336096,80.21070799081005,Normal,1114.5177748068327,62.802694942030406,13,18.697347075478977,,67.3719788809631,80.57127663666193,None,0,None,64.3593124894987
797,Eastern Railway,Summer,Passenger,25,43.54300348334925,1364581,39.60506683553649,2.187086932938402,2.4539597223645,Good,6.5722040730314255,15.925891801209492,27.286901097873965,17.23127549508948,10.395336929741443,56.301698570309725,53.94951099473889,84.30150489971784,54.113111968103425,,23.75995519891371,38.351507109420126,Normal,1000.8224563404333,31.456930831961373,13,8.701488084587304,226.0,72.26287906061906,86.49756561273932,Signal Failure,1,Medium,60.99606594508654
798,Northern Railway,Monsoon,Freight,20,86.47544475499042,743101,36.004148719118895,14.711584811388224,3.381907538647031,Fair,5.370772479831366,25.814503959314038,72.38801428255519,7.193663736459104,17.87072840391665,34.62589684305142,63.07621408486531,115.9521776170918,16.569561370338675,95.15718458611134,27.18587130209603,97.54092330073594,Normal,1315.811838368893,69.31777482249308,2,31.31774268143191,358.0,82.86288798297076,96.64716048760869,None,0,None,44.85080176730572
799,Western Railway,Summer,Passenger,15,84.33427453112897,806957,38.58813761901899,9.487081003718924,6.095459393672039,Fair,8.489954825187262,17.958862874458042,30.180636918340298,2.316660793289151,5.438606672165305,59.042794543603584,87.5762282163832,77.13031332691223,34.48046351411695,87.48559883114571,25.563696984264773,58.246385863367294,Normal,742.5243481217994,65.96928892960891,7,43.30734755033521,143.0,73.23219423411834,72.27622213876288,None,0,None,63.100542978149655
800,Northern Railway,Monsoon,Express,8,96.78444786305695,801984,49.17442633113476,9.83391207920871,4.188774975709499,Fair,6.664918996787173,21.328531406565283,60.13957802928202,28.329726312726223,21.31098659979071,0.0,75.05921099799677,92.54876607261197,39.77451886125068,87.03258548743902,23.570388379303587,67.2088805634004,Normal,495.32020224547756,81.51746040285022,17,9.330405309959604,279.0,87.33022563691966,72.08435164133584,None,0,None,50.17107578179817
801,Central Railway,Winter,Express,5,68.42572890133067,142978,36.68343134546459,9.15948316467246,3.2987897068986456,Fair,5.365014035658964,18.694293931776528,36.03545983671525,20.98203967325896,,29.123523482970036,48.84935783971085,69.77248304419682,44.423629037842616,39.657840797874215,26.266987824311187,83.40640082087559,Warning,719.811316455359,61.1581484856552,8,3.4320168704019913,361.0,82.23474044118082,73.33053607179912,None,0,None,56.584226098578924
802,Western Railway,Summer,Passenger,5,69.42104598164232,1069073,28.494181438745866,9.16494592245974,6.104691589151188,Poor,3.1281347413932163,27.346532556259852,63.81900264758908,8.843963424205187,29.084887544005966,56.18888865864703,69.14408991444293,97.5031113159607,55.41053566759682,64.75476562655231,25.65708022820202,62.929345833571254,Normal,645.9726404525717,96.2480962365409,24,29.09509920627904,163.0,78.84667855566725,91.64136974026866,Bearing Failure,1,Low,57.06909674535901
803,Southern Railway,Monsoon,Express,8,51.6793397239895,560557,46.25994747403371,6.357623648227289,0.24031220772488204,Good,5.639969260650334,37.899284722406335,94.80241654714446,73.37696604965866,29.531901431947436,55.74101506425981,80.0592629148833,91.69585568089923,59.35554995031106,87.08886555842146,27.078878558532182,99.1099007243758,Normal,758.9690002534093,66.00579908049458,8,8.002545543658224,39.0,89.30792892050154,84.74155441640785,None,0,None,56.34716558426735
804,Eastern Railway,Summer,Passenger,23,78.65334220503908,592805,50.22465838114071,8.963401100354158,3.1838086530785463,Good,8.6198868011511,40.28058713594575,30.569638256907577,13.031064253069466,5.0629134022343845,,52.221626721469235,77.15415686719899,47.8999586856768,81.98909206035674,28.146314080715158,73.2108166472725,Normal,615.7702973012387,100.0,16,13.869346153556972,25.0,74.5046592484212,86.53330487100621,Track Defect,1,Medium,56.175238560287646
805,South Central Railway,Summer,Metro,5,88.0109401129345,184273,9.683852568395114,7.631048189548824,2.4406931603744675,Good,19.08034358266098,26.847133957668312,49.1304123216022,24.871171062079295,16.842339701566758,54.7031394322249,,79.95560735130044,59.10823465567867,102.71033441807295,22.693060976854866,86.17209810537746,Normal,802.0068943873304,58.74149580879354,11,35.36530481717551,170.0,67.77808735573248,69.3846056707932,Wheel Defect,1,Medium,69.06476355390154
806,South Central Railway,Summer,Passenger,16,84.24401815703145,399087,21.705554505742683,7.431215360844359,4.379223440141418,Fair,20.144187718595735,25.772039667218213,72.96893455183931,23.532672108409585,22.331640447364034,0.0,70.24937741373819,118.34733042675651,75.11252705394318,53.505195790631106,,74.55763776425553,Normal,513.453804284335,89.33567852244919,11,7.6576931911034585,118.0,68.8766645151178,74.72449630221463,None,0,None,61.006472772025134
807,Southern Railway,Monsoon,Passenger,16,87.67429610424415,739744,53.29915324920096,4.588356327561122,2.09436441547994,Good,4.887839198276739,19.653266908172164,65.49898023712935,6.705575708575626,3.141201772227326,73.32175367530441,,117.16729742440425,0.0,77.12433903822577,25.31293784772479,68.97032132456778,Normal,845.4918013837389,37.21899331235127,17,14.899786669868028,197.0,80.31005172020288,100.0,None,0,None,47.88974494922466
808,Central Railway,Winter,Express,27,74.70258719385778,1212004,42.4980315118061,5.859072193161088,2.985761995314529,Fair,14.865547673846073,40.61626330462677,72.13736232074051,10.787808821033156,23.01147101193018,57.056385165458906,64.53528687746584,97.8681584345035,6.148581052758587,60.66279167553583,25.299912008124295,83.8339038688834,Normal,777.3743044656601,100.0,9,21.652960770767848,60.0,81.34731436611281,76.18564194613998,Brake Failure,1,Medium,54.34421022344415
809,Northern Railway,Summer,Freight,9,51.81147434012205,1196762,34.678386811276766,4.1436597857695325,6.161426873408667,Good,3.0302241971655484,40.107342939802365,69.71517219330562,17.902084687262285,15.81945892847805,35.80131082805894,62.83821990415962,86.79274047287707,42.83703197827385,48.98783947470102,22.17440928513917,71.78398370047142,Normal,940.4858978422666,74.43224223674045,9,4.530989135154271,115.0,62.87769799542268,84.05408623372254,None,0,None,60.369626940749086
810,Eastern Railway,Summer,Freight,3,44.247147663078096,1400383,32.81803219969789,9.123350682145082,6.739409575223001,Good,18.318312788051102,30.988949086795543,,38.4056688234877,21.37975638850714,58.816275718277,70.3461547287781,88.49050771615897,34.544807830202934,82.89799999581439,22.88460320145364,96.19004453264596,Normal,378.4537833689138,88.95484898019501,13,26.134326600154992,100.0,100.0,100.0,None,0,None,44.00416253227199
811,Central Railway,Summer,Freight,20,53.784346691973404,932364,36.22392441371134,13.477642494046208,4.919341255494886,Good,11.392907457344164,42.50292260790147,86.10344070611157,26.036187132511223,15.207390239934705,79.65976846381825,48.02196471749244,96.47057093294919,24.943382273239266,83.2651337782321,27.735052491527252,62.63690146011128,Normal,604.7702578261774,49.087721977495946,4,19.891439091882575,137.0,65.53610289174972,68.05236839534987,None,0,None,68.93450766007378
812,Eastern Railway,Monsoon,Express,21,82.47686049592075,381633,42.643481842994014,11.209688957822975,4.4229703278256,Fair,7.354190898439949,35.20966002896608,,3.245566176608175,23.97142778197496,32.27493500633522,70.16300210264423,109.78787180302935,10.664997497006485,54.68044675360016,24.783469105023293,85.78466142775409,Normal,1258.0772291233413,41.50230270179621,12,34.19024537662317,291.0,80.75516824556684,71.70258129482671,None,0,None,53.08077753636351
813,South Central Railway,Summer,Freight,10,55.04068909087971,1141732,35.938390405193324,3.104546263114641,4.107014131776139,Good,2.5587189222626354,30.251871984574993,53.0474142022929,18.057816598531293,3.2479622347306947,51.90642340714352,73.30207861770455,83.15896784951646,64.09425810746983,72.67008526246259,25.15541597177381,68.35954536987941,Normal,716.1771467637544,,22,38.51821231810752,332.0,77.97506200080846,83.8176435082257,None,0,None,60.77265529903004
814,Western Railway,Winter,Passenger,26,97.96336066330666,185510,35.163311616889416,9.174775967060068,5.210619428279815,Good,12.150411719543948,36.54544266815647,50.73948950223253,31.433500189267054,20.719408207280857,62.43715071114717,52.30539597446458,61.438793585664186,81.96404904355151,89.75590686431269,27.363462924804356,,Normal,1037.9632076003875,24.276927476248048,5,5.311236157697109,97.0,68.54537371281403,82.96148466091434,Brake Failure,1,Medium,68.63277953239987
815,South Central Railway,Monsoon,Passenger,8,65.42043266474722,600175,59.08205936692206,8.78169545316866,2.686771471223616,Fair,12.750937592831683,38.98154720326808,43.256561286393904,34.77982345472943,13.454584786126965,77.9626923822884,73.76891458872551,80.04628487809961,57.33542774806965,99.15890680898373,,70.05953331492172,Warning,533.7712768798795,61.56177098954282,7,41.59978816753557,204.0,83.27412497648622,88.86134474085426,None,0,None,60.04730361848455
816,Eastern Railway,Monsoon,Express,16,106.18690977324692,9733,52.26940932065809,11.195468807531384,5.1241487565205945,Fair,21.192063148310854,39.196771630587214,46.174329484053516,34.313338847288975,11.023693791774859,17.386020922714593,71.81154559362342,82.04960937000398,7.0089228322109065,74.4419966072728,23.838470772571412,94.94942006956393,Normal,381.66616701909527,100.0,14,8.162095827808777,103.0,100.0,76.70555552162428,None,0,None,41.81229713067033
817,Central Railway,Summer,Passenger,4,28.728712305299,1484696,23.47539961323874,8.419468846588094,5.367197817793109,Good,9.969444430642769,30.88417813700612,70.957574985618,19.46758164169434,12.51528165770014,42.72820088135759,57.566238744504496,110.52971869623805,38.20884303083524,59.38533476065409,30.900016235013588,77.23180745317812,Normal,644.3738366524108,39.86169653052215,5,11.518692657342667,349.0,85.99118366625981,92.27045631916847,None,0,None,49.748982591929035
818,Central Railway,Monsoon,Metro,29,57.3953706749986,31264,24.602602068039197,2.657779098738067,6.762797563114174,Good,7.256940203991841,27.8968026831782,43.324169614152666,11.7872062470467,11.473838852545912,41.236866708044786,70.6771864841632,90.9078669170838,69.25498605662845,97.4789741413018,25.345173232952977,84.65601649599859,Normal,826.407464069451,53.80830823851615,21,7.872423996564,356.0,94.8458545778608,64.36932635165667,Bearing Failure,1,Critical,60.84846458936987
819,Southern Railway,Winter,Freight,18,37.41142694569605,424237,70.0,6.283065415612926,7.243810512027053,Good,2.2670280816471386,22.121093814045423,50.58640019326661,25.459573009302016,1.5851503519621186,40.99589745780344,66.20006659390394,95.71374637942574,32.90692397920775,73.00769198428672,22.33667727738401,64.10367144255586,Normal,1173.235216199525,81.61653284088311,8,21.558298115365094,45.0,90.92235417672674,77.52517436404386,None,0,None,52.128788226281976
820,Eastern Railway,Monsoon,Passenger,20,78.3316102116569,777784,30.03772798592118,12.755231567953986,3.4619513098285895,Fair,3.39112320119869,31.66756952342726,51.87614911125332,32.024238585565975,9.196230090676906,44.40954165890049,73.82696752139509,89.79826478112648,24.893713544851302,78.45221289462043,20.847087198039816,69.99510071398863,Normal,815.0120229561663,57.14020083639352,12,26.925330258634233,67.0,86.08999109287964,60.93638057603281,None,0,None,58.93625819644341
821,Central Railway,Winter,Passenger,8,60.26669048174707,652827,19.818618136255655,6.74469616979435,3.403152934347902,Fair,2.8894816412247444,24.408370581761194,60.96763294154989,2.969756863752673,15.50527444746781,26.884262302188688,65.19417402995212,104.5331209851322,57.844054310638995,99.72719740973497,20.824152915601655,75.78671647021774,Normal,972.2552837969281,55.880666845520054,1,14.456219383314037,147.0,80.9209671328559,94.84669561230132,None,0,None,51.19056553111913
822,Southern Railway,Monsoon,Express,20,43.602441516578324,1114552,48.71215581548259,8.856102268998555,2.468465094466703,Good,3.0891198429269755,30.456840710184398,81.03075436474768,7.390208730338678,10.383292070515102,53.9311806759035,89.48509235315454,90.44177411820627,39.06397899190765,77.41124045390161,20.82623607380483,75.42264625110474,Normal,550.5818623401376,58.6200614253762,2,12.631794074111673,223.0,96.4639938831448,92.07210498929544,None,0,None,47.9616393448176
823,Central Railway,Winter,Freight,22,90.26219486527228,290626,45.45125109008056,5.306643356201468,5.321506344150454,Good,5.835069351914609,33.5834904837742,83.35403424453659,24.599621444417565,13.37526537225601,74.18723848660332,39.664363018348396,85.74942976843946,71.06258041327132,102.29402069064771,24.584094005381772,94.6850691415192,Normal,606.4126448943027,82.61538615444061,10,19.129207053421155,285.0,94.00962134681993,77.86392514939317,None,0,None,61.631731561306616
824,Southern Railway,Summer,Express,15,82.9220221373156,451117,34.80613880712103,8.817218749422905,4.463169815556166,Good,3.803832068153514,22.472687242037818,17.447011071915675,70.11520234962735,15.231273153708168,45.65904133636528,62.926988325419046,94.66537084021682,42.757570357169705,80.86139562417488,,78.48253042281341,Normal,1230.2140265705796,52.317936286818096,7,11.513124214656115,115.0,83.3736340776014,92.72584974907349,None,0,None,51.62767241469403
825,Southern Railway,Winter,Passenger,10,102.01134045542851,738154,54.331757906940666,10.868883720036418,3.94984372164314,Good,6.913394828558101,32.27548927233044,53.585092531078395,3.4906705965053026,,56.57838894116227,64.23046367948793,118.63238592168553,0.0,80.76592944452243,19.815106080540588,77.77798849277457,Normal,1083.8864798743753,62.47562935622797,12,20.88440242951147,189.0,100.0,87.55570965612532,Brake Failure,1,Low,42.84225996153047
826,Central Railway,Summer,Passenger,8,32.66141482239085,693547,41.10514848185088,7.508536750546206,,Good,3.2529497606795834,21.561887966807802,58.53563203511108,6.873841761712132,10.180199649576007,42.80321358349556,58.74573294053054,106.3684338288171,36.16620812355479,71.28902204101321,21.35484318566957,81.74281036954959,Normal,1248.4663922954746,12.301431133975399,18,3.8734164561214457,67.0,75.48139061761813,42.742058561307125,None,0,None,70.46720604343372
827,South Central Railway,Monsoon,Freight,4,66.97540829755235,105081,35.02399048289018,13.182145700402021,4.215374119965841,Fair,1.9830951709267164,25.07682598940472,60.66119452646758,31.019532924628344,8.28268906825194,23.014627898943406,56.49798204120336,96.42427592053996,23.03835149124556,64.66569332252773,27.84109391342681,84.78841532550936,Normal,491.21911955933024,91.21134414267439,1,7.948885989481595,84.0,71.15835946397593,74.16848461049226,None,0,None,56.04355148246449
828,Eastern Railway,Monsoon,Express,5,113.28040155349557,260351,21.891136301161872,5.494636947380471,3.688939280205431,Fair,7.737653619426069,30.382711523867297,64.7887664410905,14.353808838432315,22.433778490074694,54.72681111610872,79.00975102644492,87.94497678544822,38.563679807689276,75.48782148705394,25.368228422995195,,Normal,918.9831407278023,74.43138113748492,20,20.612580000771878,206.0,83.63275163988862,96.25596571992816,Wheel Defect,1,Medium,51.03252256263383
829,Eastern Railway,Monsoon,Express,26,125.03178053800842,233578,33.71166471080455,4.758980166497215,3.974626237292847,Fair,2.934974198701238,35.70087290414105,41.006951328471246,31.233427310031367,10.016173877940474,44.57374292780667,48.49726348011945,59.621663955827074,84.47455748788607,63.211875936314975,21.648934724824052,45.04660988136607,Normal,748.6721804301998,66.37408839087806,21,10.364102248627587,146.0,88.92273199019007,85.3598355425176,Brake Failure,1,Low,58.358346425906234
830,Central Railway,Summer,Freight,21,100.10654021554204,149740,31.960394137258774,9.380440923205029,4.171907521690699,Fair,20.128991328565924,31.054287813513906,59.218817789716596,18.552426071067064,6.480639714574256,57.90612228236178,56.855204145566525,107.17146963512349,32.8781751420777,66.77615437575683,28.867827529801517,74.21705175221074,Normal,477.9116544813752,100.0,24,4.659625661143191,210.0,79.81962658296283,100.0,None,0,None,50.680775309628935
831,Western Railway,Monsoon,Express,12,82.17004694710623,474081,24.166134971126297,9.448873090205108,4.575066442993039,Fair,6.960793498299702,36.674895181114664,59.10643902754591,10.66940973564898,,75.56002491981705,67.38334962335956,114.55795875528813,56.19943118058765,45.01202616085805,26.36358791357894,62.605006007499696,Normal,1032.8754827671648,65.1026430365544,10,39.35217632564793,362.0,85.32231468404107,63.85598723706072,None,0,None,67.55151274267507
832,Western Railway,Summer,Express,10,98.1996939846886,275215,41.917857464996644,7.319862832951531,3.7771301627796308,Poor,5.504975930359168,26.84211353800735,69.36882588331628,,4.209596998684145,62.68850851582981,91.16910944670178,102.08016006002431,17.627613746459918,52.63827181791023,,84.38734349499504,Normal,1022.8879936437646,59.59504021650403,14,14.780804164604797,244.0,71.59127569657085,100.0,Wheel Defect,1,Low,51.99047184554366
833,Northern Railway,Monsoon,Freight,26,80.18313767556043,801204,46.17945695583936,9.266976852065332,4.296457605214797,Good,7.633053485540024,19.241967707890133,70.77845298573321,21.93962113394866,15.718652636975985,21.072028594977002,74.84780569495392,85.38515175691401,5.578809034193199,54.951382753464834,28.604992911161304,90.68641844912261,Normal,1370.7478992767813,58.026801807092774,4,47.83744599619407,125.0,91.1003406871218,78.02703860423999,Brake Failure,1,Low,44.803042892398906
834,Central Railway,Summer,Metro,28,90.61336849226502,59007,42.04832213569636,6.963394830161169,2.5596352139343996,Fair,8.43208515859861,31.743411570533087,86.12092488819698,10.565906519678306,29.55356685100068,43.74191126927004,61.37113733569977,98.71099745971577,37.29707975854726,60.37785706338228,22.924385795149995,103.13916911973084,Normal,837.7456845155349,62.42354201355428,17,14.85904947414495,232.0,100.0,86.97613038950455,Track Defect,1,Low,46.714203017846
835,Eastern Railway,Monsoon,Express,25,66.35876716367396,24409,43.25275620257684,10.74664998675365,2.513890481863666,Good,2.783882514936431,29.94782334244318,36.871572416730096,43.32894944557538,14.999843607983426,29.500209373218183,69.09053289513199,99.9833232912216,0.0,54.31961672457353,24.254524116243324,85.29338822064939,Normal,749.5368127888127,38.25402061460193,20,23.395386076246787,13.0,67.9934345680208,89.13804633961645,None,0,None,49.429013088309695
836,South Central Railway,Summer,Freight,11,65.25903741612098,798346,16.692107861878867,8.200475872478835,4.228674595001155,Good,5.1075746526460994,27.424346542709877,79.38727236789248,6.240974156133744,6.800181992715753,29.025617749372756,63.293201091543935,92.52786866370711,35.20896334432536,87.9299673202941,25.793088535659628,88.34491910380284,Normal,760.0331708306737,51.4256052439369,19,12.520047114480109,79.0,67.13093757344548,71.48072218553553,Bearing Failure,1,Low,61.121106248411365
837,South Central Railway,Summer,Passenger,23,41.072199860060564,1273763,37.20616806979122,6.355177447621829,3.6950759773412276,Good,6.951916698311771,35.894737851676325,57.28916215479123,12.687191952925414,16.3866198995148,53.2570685387023,47.08127347816608,108.92290970024517,36.777210312803376,71.60866526634881,22.136658293467693,72.31170370208066,Normal,860.7427824873497,37.55875912105548,22,15.633536766730955,356.0,54.092234495291784,85.39141123196883,Bearing Failure,1,Low,64.68586582318464
838,Western Railway,Monsoon,Freight,12,68.90555472949829,99185,44.95590465842867,9.448503883285873,4.766603471583367,Good,5.5347361096130046,30.598164450072453,72.00153029907726,33.32465524431275,0.0,30.334390801921543,,90.00389979214657,87.11324825687318,27.812371405495973,24.646231700546235,71.34395002136127,Warning,508.55961531382695,83.11309030979409,14,4.413947761050244,324.0,59.9766832101027,92.45214044807943,Track Defect,1,Medium,64.26705757845546
839,Central Railway,Summer,Passenger,17,70.96631542149903,223226,44.614695112935415,10.507962399502683,7.431687300971747,Good,24.801793265733366,33.38904599478078,71.67049475811636,13.645498796165722,17.646942738624514,16.704129634387265,57.08216536994496,82.92495164365084,,63.331914097610834,21.282592034356732,78.6433722086122,Normal,771.5412810611779,74.55643378746504,16,9.92430263880933,330.0,62.7384939149784,68.55170999617246,Wheel Defect,1,Medium,62.69315534480391
840,Eastern Railway,Monsoon,Passenger,17,79.4468587925966,921207,25.880671660627634,0.995247840514601,2.8416278731722477,Good,3.4483308538421986,18.970939112618172,69.65852819249186,14.253905299778642,6.397669247756477,65.87530316346567,59.273617218528685,86.5717974728959,49.401681464870975,73.82429035122588,23.576975486140036,54.854876696789624,Normal,673.9200385429214,39.812260136356514,1,6.203017464542735,116.0,78.30111478092812,73.7294535130321,Wheel Defect,1,Low,64.08084879136443
841,Western Railway,Winter,Passenger,12,120.57538160670421,971593,43.553585592142,3.9354120062331166,1.2442643183757989,Fair,10.937953118495157,35.244059011859726,87.10296361255985,0.7728444508810486,21.431933523015214,25.283297215911023,60.022682832470835,87.89647073613209,54.3985013095385,87.61691898683297,22.2407346991827,75.50070006517707,Normal,465.3135469802701,89.61020368414772,19,11.933237486931324,183.0,92.83744922205088,74.29717196529529,None,0,None,53.455152363246256
842,Southern Railway,Winter,Passenger,14,71.3824622933106,428406,11.025654703795464,2.9495716690546354,3.5684368596587737,Fair,19.470361574443032,18.951554966470482,51.65951282123904,18.349355759349535,14.162189909984598,41.59274285959732,82.6285931711759,91.01231180672112,14.622975805306503,53.341577323206565,23.70470840643505,73.65837351870147,Fault,719.0070911413143,81.7946992168564,3,8.774149279302753,59.0,65.52178351251784,96.78502307090201,None,0,None,51.62497549553863
843,Eastern Railway,Monsoon,Express,22,37.57320245337731,74119,59.521135937942894,6.597103572736407,3.3559103758409865,Good,3.0762791404633307,29.392407468464764,77.98691614392067,42.95471833260956,7.1584210267805535,44.416738416956235,61.939680604342584,88.91162723486555,90.41232169318121,70.75209447989461,21.37844831098362,86.65503380703568,Normal,386.15917323891426,70.05887812597202,1,27.73721004633807,364.0,76.86455816837606,84.45005139898831,None,0,None,63.764245667943094
844,Central Railway,Monsoon,Passenger,3,62.936512981078394,955382,27.41494258829195,10.006430074359944,4.410181699448529,Good,4.677300298499302,26.572302965915288,65.67467497881124,,6.083277774871533,23.345213222139385,63.84285314631352,101.7200287377448,40.65598008205844,49.23937065737364,24.791117373309213,47.97207894278856,Normal,981.411515759153,75.74538846783913,16,18.39119124025456,214.0,83.07923906430554,85.02508539119637,Brake Failure,1,Low,50.76366543620401
845,Central Railway,Monsoon,Express,30,90.12004179894116,862755,50.45588772320373,10.727083530695744,2.505688749241262,Good,5.814171844312464,29.53072213100313,44.508432422222604,15.273678130253659,18.422678386432715,47.68010391879775,94.32557897339488,86.23220810862048,100.0,87.16625253125798,23.368590139068615,86.79348569136806,Normal,923.0653689835008,65.07719085919065,16,11.496859278923958,212.0,74.17200825893231,87.55753413101371,None,0,None,65.54667575133855
846,Central Railway,Summer,Metro,6,110.65320662451117,220077,37.77963695212603,6.852939404100978,3.47857355555091,Poor,10.404334198098656,26.603853248606196,65.2185022504191,29.44985390069876,24.392053218796704,34.0682576339497,87.03064105582767,105.5054197425818,42.48503422725114,68.98076887993471,23.518339247981327,78.49205247057952,Normal,386.7329405442829,56.399040188638196,8,10.040905730180304,129.0,57.19696422979706,62.71086460459148,None,0,None,69.51525368714414
847,Central Railway,Summer,Freight,26,102.93344632108224,1427901,47.91457410907382,9.743199707521235,6.586826336743588,Fair,21.430727432840204,30.012100220387413,56.64829282245439,30.828463377712254,16.29748701795747,40.12874222225874,72.65041895922946,113.49750289197567,,69.41738218283406,24.845769424876902,56.1355730781729,Normal,741.1842545135241,58.07732031190712,6,10.153720386581966,253.0,82.38127252199841,64.66274821924816,None,0,None,58.69580118357696
848,Central Railway,Summer,Express,22,89.97588964606786,1249108,35.15499303305401,6.812630338839188,6.144169612320802,Good,29.220494384344978,14.94898786338069,59.61119089940388,23.93827414268149,20.149826176296635,38.57126828690823,86.86364444531361,124.48462719741333,31.011033545860762,55.68169604683425,25.823670376342953,99.24497855296569,Warning,759.363802715019,55.8025077267205,22,22.020461432814674,260.0,76.36097031839755,82.47200452873527,None,0,None,54.845804078418865
849,South Central Railway,Winter,Passenger,8,76.26892591681404,911471,47.042854941099776,5.698694749996902,5.256844076110184,Good,8.298153044553331,29.49926588631021,79.60674560777169,5.524706626649278,8.433531907767337,54.35263820229281,72.72337876140719,92.33703954821246,44.54766804892542,88.31810315923187,21.998594249424272,46.11844906181736,Normal,719.4764014660747,69.75653019020851,10,16.65983240403612,245.0,83.77293702266148,91.4653414524235,None,0,None,53.501648471402994
850,Southern Railway,Summer,Express,15,75.90895833457047,379412,32.974654292597684,11.92641710907401,2.913778271692732,Good,3.4033911378123256,44.35988990281376,37.20378223767478,17.663644301325508,8.841645800407303,56.98653532800033,80.6230518213238,94.33619250024087,,75.5467517388626,21.89170928120813,81.11515431068284,Normal,709.4449165298305,37.83504514088685,11,25.77416147905149,154.0,87.61664218807978,98.69091058211245,None,0,None,50.27071387805708
851,Eastern Railway,Summer,Freight,5,123.03231512521293,1458858,35.85505619790262,5.930643908192485,5.34891077277417,Good,9.7197029373763,19.66004205472115,,20.647271307877773,3.116022561485746,35.854489217877635,58.878945241515225,96.57027061213293,28.50105832316443,80.04975367640532,26.819037355701667,102.04577901510189,Normal,769.8320710663083,41.639423604289505,7,12.39273421155134,313.0,65.15733796931822,42.78951113028114,None,0,None,71.87193494629653
852,South Central Railway,Summer,Express,11,83.77899629228304,1334296,29.48357162345281,11.689630419735941,0.1407652451259649,Good,4.248517846546678,34.58739689934646,70.84281261577286,8.41399555982377,12.442424682114556,59.09401654850191,62.37406729208347,94.4740473312055,28.262823960422825,44.39229995053154,22.20559783196984,76.7209982102256,Normal,775.2670148979714,70.68010958917256,10,8.213644486027254,253.0,59.51753958695884,100.0,None,0,None,57.27238722090311
853,Eastern Railway,Summer,Passenger,29,63.657750241717196,741222,26.759261486211503,10.79040837879225,3.5197706998302873,Good,8.794829121384794,32.881798775438334,65.38547666952942,,,57.774886692575336,62.98723565322731,90.37256258575583,42.46970176805679,35.57658753570937,23.153186481424395,85.50166420662089,Normal,757.0354197316905,84.36228078970038,19,40.062322450002924,179.0,81.46487212692922,71.42003716541537,None,0,None,61.52697001677421
854,Western Railway,Summer,Express,25,66.30295601184461,1212081,63.24192067580776,8.769573517773143,5.393053373361276,Good,8.957849610132726,32.06269402789151,100.0,18.02939030379579,15.612176072845768,66.8165912316027,54.32680200104906,100.6776064343921,16.85592155585717,70.12974826439202,28.203561262622287,52.39789725774527,Normal,264.1346690651452,19.657989949943342,21,12.619926825473586,100.0,85.08564075455547,78.68698331697134,Bearing Failure,1,Medium,55.23045849308459
855,Western Railway,Monsoon,Freight,23,44.461670090105756,1074103,41.105061287516136,11.736263093108379,2.83601753872941,Fair,16.71023958961882,14.813587474476718,55.8656857095089,46.81241324820174,0.0,60.06311869568827,80.87743335779602,99.54272298256979,10.970046379125264,66.35149659698158,27.383825564756194,89.87904213318788,Normal,932.1381516344866,76.0695161036198,13,26.700423705276926,173.0,77.24353643915472,82.34426825320293,None,0,None,54.799243118896854
856,Eastern Railway,Monsoon,Express,22,50.7962441285188,1108105,56.114440462740106,6.82676512448875,1.546372469824766,Poor,2.95388825482721,44.025038132638265,100.0,86.26407338909837,14.101747521868917,54.92170208571519,64.30597459632666,108.39398730619797,65.9744729231832,27.552595980340875,,60.53685237051687,Normal,837.9974893247937,47.23433913506012,5,12.393505193287055,135.0,81.90178374346002,70.71323182492216,None,0,None,64.719170802401
857,Western Railway,Winter,Freight,27,75.2216581289774,153948,21.13338960734424,6.119827784667446,1.2896230857367286,Good,17.917656442259858,32.17282456180315,39.57556529268575,27.472058193467536,19.253283916788014,71.20220114822699,74.6759662107001,92.66030914177762,59.840607414491906,71.19431176920016,18.17586481203651,68.36579260585523,Normal,755.3936832205385,62.474071650768366,5,75.2755268301838,66.0,68.82970495366243,94.494674777065,None,0,None,62.49288837865324
858,Central Railway,Monsoon,Passenger,7,109.77625713635305,1040332,48.01074348203086,8.516562377701172,2.856153385768052,Fair,1.6594243360529313,31.206437752610064,82.48928702546739,27.482070540210174,13.607938132106662,44.46852034856211,,69.96309745341439,20.256367826633145,59.19416532733517,23.610003905263895,94.181581711826,Normal,406.39005971237344,,12,8.45885647579642,252.0,83.58694588035517,95.67595162184571,None,0,None,46.966719100508975
859,South Central Railway,Winter,Freight,24,73.28813815109916,1297542,46.767948781760715,15.929816128921482,4.260227270989805,Good,12.654253214426076,42.73719335661859,61.189328264509555,15.479354764649232,13.689424384320027,27.992272038347775,79.8227003979421,110.00583462689059,73.0088209203336,91.95095903280401,23.42834312916911,,Normal,925.8641691274847,31.394000104778172,16,22.167924150429766,271.0,85.16442318152437,89.01971007822378,None,0,None,54.18571730289037
860,South Central Railway,Monsoon,Express,14,60.464579128979594,603825,25.444855431656258,4.375992995368918,2.483707938057689,Good,5.345095492803508,20.368045087251872,82.63400646763355,13.312665109031931,14.794367190609368,80.011792291234,50.76139409625307,100.2739555986733,52.73877212695898,67.46246708943238,25.458772267653398,72.11588159579809,Normal,547.5421466407142,60.033912436698,24,13.777472013359796,313.0,79.73479052915407,89.08505452369309,None,0,None,60.82563889423244
861,Eastern Railway,Summer,Express,27,75.70763461423992,987751,33.552533422004316,11.91824562372584,4.867849233753592,Good,3.952820024448897,24.386154599869304,48.24405418725549,7.071222754590901,11.988487026697891,61.522541838532135,66.9575499339554,106.73784110874325,49.61285597123707,68.72824081177768,20.56317011341211,,Normal,857.4085940508908,90.78934871881074,2,29.53878866380024,326.0,99.93999359936635,96.67565054678232,None,0,None,47.85483422031334
862,Eastern Railway,Winter,Freight,4,88.8440323457251,366928,54.26902559530881,10.30566244877641,4.401543157134891,Fair,6.673683591432666,36.09616071329465,59.33685194141685,31.36469298351034,28.902453209211977,,69.78412000404946,100.15537435760704,55.6299683826524,77.89443480143147,20.289119020550025,97.08893277419008,Normal,744.322741469424,67.37915625660577,16,10.862597394311909,60.0,95.93652642422663,54.076396430731634,None,0,None,66.67123197144147
863,Central Railway,Monsoon,Passenger,29,44.17640482483806,738210,35.7935691324415,6.344070465185179,1.9907465755698812,Fair,12.42582515469322,32.207212255624995,34.29265592684985,26.53308617109491,14.056890673168711,10.206269608653791,59.22227551455559,130.64305112774122,44.094647105810175,70.32169353958447,24.888048537692082,,Normal,1197.0799346983035,37.33670476282376,3,21.5625391855525,282.0,84.46028310453738,87.85942159981332,None,0,None,47.83324086064685
864,South Central Railway,Winter,Express,19,48.204522674880266,391017,36.322532050798316,11.187976220940753,2.8437640105445965,Good,2.3123399500243487,28.1998258531646,69.0801214794184,8.352667767008004,19.452502018417448,25.199786351694506,52.2940379537959,75.90366073317168,16.72694920324531,61.008998806349574,26.108564852409476,70.23217090085362,Normal,1409.9095413844968,48.5073854889672,12,17.00454701238893,315.0,66.79957915622771,74.00728617845257,None,0,None,57.006607466102885
865,Eastern Railway,Summer,Freight,5,95.887675138132,348699,28.3255009409168,16.548064864186923,3.9728385581313153,Good,2.5414206736404394,32.39798247334483,68.67994264865618,29.982465772971338,9.241218218489962,77.3260544432168,65.53391105644161,79.30197422762723,6.620166765333984,77.69333574573899,19.785198498025686,72.98683387494776,Normal,938.2316325497368,87.44031054087073,20,8.132845846362152,234.0,82.32477189507458,65.37926387536714,None,0,None,60.89552066162801
866,South Central Railway,Monsoon,Passenger,2,51.14162575901765,1423840,31.143748744013536,6.655937157722435,4.751471031978903,Good,1.917727628749986,23.855115348739155,59.76576476531363,16.291061911323123,25.352801021296532,24.687033145442978,63.29179269233888,85.65545826751,65.03145959161745,78.13768997745832,22.529220603680457,66.8562759105455,Warning,677.9401604833074,59.071866879452685,11,7.467750422399992,252.0,95.00231399933384,89.49351655148848,None,0,None,48.88423321777127
867,South Central Railway,Summer,Passenger,22,39.31779977757089,995190,21.98559879484442,10.241325216411333,3.7065390619362146,Good,1.2584688444151084,27.692031829571487,73.55877644872933,31.135781797682725,8.83734688459457,30.094076233446504,48.316968829430266,99.56950619416416,0.0,59.632621130358984,23.659139081297813,47.94280066454001,Warning,912.8375201467416,58.052959965643765,24,,23.0,60.49471660130795,67.13088367502962,Track Defect,1,Critical,59.84515133829882
868,Eastern Railway,Summer,Express,4,44.78715541852312,632320,21.496079780156446,10.43346233165117,1.6971283303933342,Fair,11.409070081927634,29.388421394334955,53.68303198546576,23.575901827090853,14.801640586971766,40.359177629978504,72.76183492512251,86.9161441480716,0.0,75.83843207948031,22.009184609516094,75.39592382531391,Normal,619.5088679786431,56.075050280134164,14,19.46869663712635,69.0,98.76443596428172,79.88171370122248,None,0,None,43.52772426157031
869,Northern Railway,Monsoon,Express,25,61.88353059015092,661531,45.35619750509442,6.089335575000755,2.673896856009128,Good,2.0976734211844756,33.157273280460736,35.4222882653805,13.812541693996039,0.0,66.67304400081544,61.61153624996088,59.081516441378724,35.81397811115576,104.35475431660078,22.047382478770185,54.60380944230569,Normal,770.413543813004,46.687453359448725,9,8.049287924832617,286.0,76.70916533814439,100.0,None,0,None,53.52484544844515
870,Central Railway,Winter,Express,8,102.0928497175719,891272,42.88201389454262,4.40439080150284,3.0659552808184105,Poor,3.2778127725021067,28.85323064326263,34.649490841553934,37.396259628006916,16.54042999510959,37.55873971976029,59.29094229367179,112.11871435154339,0.0,,22.3341353267382,77.80534426081003,Normal,967.8830724707548,51.36135194917416,1,11.993402369033317,84.0,87.2083740081459,76.06180343726089,None,0,None,48.489248852071675
871,Northern Railway,Winter,Passenger,8,44.88750121702155,820235,21.622344179903486,9.34686163182052,2.446549633367976,Fair,4.104416183113027,23.67777191028761,,,0.0,54.279379851023776,67.78647088535435,75.03196669877354,46.97745802712982,75.34778605869052,24.54921414047435,62.98929194595081,Normal,928.2855245639327,49.94429120769099,6,25.831792951968332,345.0,71.33302222002489,76.34983787624768,None,0,None,63.49952464802763
872,Western Railway,Winter,Passenger,7,91.49841464263048,481549,39.537976777202424,4.3231048501002345,4.868812840135773,Fair,6.0175563112984145,25.30910757600858,71.93262584968757,14.864635327782612,19.238658111229814,48.81139470798861,,102.84636085084314,71.17338280295188,61.77662071856258,23.62314374024366,63.2106517474392,Normal,767.4509312085097,75.43877994027672,4,13.07827133547076,89.0,65.20473233357798,71.17154726194958,None,0,None,70.26601876820642
873,Central Railway,Winter,Passenger,22,51.700851154219336,906629,25.96188719139956,13.28718682174206,4.827130868880696,Good,1.28993737752983,36.98316386121853,100.0,15.743047634644089,3.418263146191043,46.54430355150605,55.98835980300345,88.9051897587386,28.36643763163142,72.24408519236958,19.522707952596484,87.03688434869721,Normal,931.3377722641862,50.064160432389066,15,22.67631863472783,314.0,79.90302389060254,83.3090346574525,Track Defect,1,Medium,54.112390685651356
874,Central Railway,Winter,Freight,29,65.4016982781584,786798,32.320268131972135,5.01024631160703,4.38331487059421,Poor,0.7270986422434064,35.047028059295585,59.17142983570779,24.910323528312755,12.960548887686224,43.189024431325166,67.5109058326567,127.27567360710313,36.89451881573116,64.55258606725413,19.994343898308205,,Normal,844.8966032642277,39.93989576416347,24,22.766708794970963,69.0,59.78591731980906,86.80470998567951,None,0,None,60.70581193013745
875,South Central Railway,Monsoon,Express,7,67.42818124060784,1266550,33.64698085153918,9.048467360939759,6.947539592471596,Good,6.2679980064282095,23.727035574307855,40.489260869707884,31.95181441353569,4.1381411842875195,70.8721992714434,92.87619435825223,100.25854464835548,46.42487375669501,57.383049481414886,20.96607198953397,93.98201452899647,Normal,174.200479296406,50.928690185853505,19,3.6778942501568364,274.0,91.24149864720101,80.83560990740943,None,0,None,57.36757296010711
876,Southern Railway,Winter,Express,11,71.97059863079974,752386,58.06223295748396,8.759835748755936,2.85649442520001,Good,8.852482343526198,22.826457105743795,42.80234643088864,7.307582010302818,7.066353504813935,46.59578962421272,61.44449177150955,107.39022578129352,21.677817819535335,74.97111190563876,24.79822999011721,75.99915580267782,Normal,689.1087932209686,88.76444555155793,1,7.970317166821312,101.0,72.92337498361465,76.77062842633258,Signal Failure,1,Low,57.84813992308069
877,Southern Railway,Summer,Express,11,63.233186845403594,1276524,32.592512982236556,8.485480311334532,4.481162377275833,Good,4.957725337088616,33.91770438303075,63.22181531356485,26.22535228530684,0.0,53.59808336030343,65.48898488747804,109.36944868633712,26.452582249177098,71.85084616387503,20.237674831279378,61.20053588061149,Normal,962.0174873181533,72.12888578799702,20,16.761966949431304,97.0,94.51027315801008,82.4147121770202,None,0,None,50.0838549741615
878,South Central Railway,Winter,Passenger,11,56.392245157847384,1226154,35.71671060086259,10.869993557670346,1.770685453305961,Good,1.065538515518994,30.44860104647457,60.23376778271389,,0.0,12.829295347555139,86.82624296130825,67.20632874365609,36.068357495999386,54.68132528191681,23.607325398091014,95.79106933581542,Normal,560.1632140407162,51.53135536229515,3,9.881580278065229,263.0,91.09211686830797,80.14579395051115,None,0,None,47.4013791399465
879,Southern Railway,Monsoon,Passenger,17,103.30825925312375,712346,44.04015262170946,7.920258193629976,5.257241652786496,Good,2.829751615724642,13.778708033565128,53.406825439474076,8.427082950760111,32.24011659233544,55.61983328088446,,73.92820609482152,28.1919209006331,87.98210004896147,25.195742332796762,76.72737699217988,Normal,758.5292318682393,89.0454908423959,22,22.120898494877224,219.0,80.91770751952598,91.15786231510128,None,0,None,52.3453136851081
880,Southern Railway,Summer,Express,25,38.40289925045904,779543,31.2484212551209,2.899351066308303,2.6933124071792074,Fair,11.122292782156944,34.4229023490662,55.88797262636682,3.2306651908984634,22.564262695767653,67.35573053444422,73.63135945442582,95.50762089782948,60.97983197363506,74.06630148500287,21.63286673150096,,Normal,1050.4228211360953,48.70321128057132,20,4.106194511592317,190.0,49.831084667527065,76.12460243327219,Signal Failure,1,Medium,75.16584389093215
881,Central Railway,Monsoon,Freight,9,82.4075067895002,64839,39.50014792952717,8.69632287566757,2.3048102187521318,Good,13.019375040463416,24.44029312133758,70.47459827052228,3.277243739302707,10.860109349342926,35.20969286406026,50.108500225240974,123.65804807559866,34.94786255942352,86.03968431426254,23.61520570688795,73.80335050047304,Normal,1049.41271859867,48.70963278792078,7,31.673474729069778,113.0,99.53286018147087,65.88737071027192,None,0,None,52.62655250141259
882,Eastern Railway,Winter,Passenger,30,102.97033290925157,1320012,43.80451448570238,5.301755706742957,,Poor,8.570594717149651,24.58847399541596,49.198976577526686,6.432529065051708,15.863739299149872,58.83530951571848,66.33413557799236,82.96522700143898,40.33614601082161,77.11049141866754,,77.91480873549916,Normal,445.90772416465086,57.470478522920686,10,15.76231729787171,346.0,82.40195127538983,89.4535530440737,None,0,None,54.72629181716878
883,Northern Railway,Monsoon,Passenger,13,66.48192813162096,813928,26.610959491881587,4.46508984587737,6.112616106370801,Fair,8.106740293766295,36.15711589633362,61.913486968350554,4.68618008531344,9.097897497974323,58.81237566044223,77.83066462568218,126.16616512190646,39.31578896222766,86.48705028397481,26.080813490090634,67.9317279148776,Normal,1017.5970070719047,93.8384265160516,7,2.7572709644220685,332.0,76.42619178384187,42.4280395201836,None,0,None,73.12024373699158
884,Central Railway,Summer,Passenger,10,98.98053706758895,886717,29.04450435768887,7.905933861409186,2.195722084179001,Fair,6.422667624940574,33.321728736678324,76.17914688021429,32.14992901872553,0.0,34.586325936419115,,103.27249749690273,80.99658102419332,51.26048789998599,23.798179975146123,60.06029111390497,Normal,601.8234161814715,81.60294716935722,19,16.04673155475673,247.0,68.4989886195345,69.43252259525828,None,0,None,69.0614071189144
885,South Central Railway,Monsoon,Passenger,8,101.08711517217927,1001597,33.26608489204442,8.67648274840801,4.490007918892767,Good,6.827658969811414,36.030421560599926,49.061820738666384,16.870897627224824,9.488125644398902,63.797700811231195,43.488731970016545,100.15715410810806,48.26588171182741,52.48901230026951,24.662876314293563,108.77722853107683,Normal,530.9453515960128,92.03206558785072,10,19.17233538874217,196.0,89.5314711187634,59.29129773135222,None,0,None,64.72156828091832
886,South Central Railway,Winter,Express,10,79.35890763692116,900005,36.841753031357726,12.822421282286427,6.6028804839167945,Good,8.13812111610479,31.810626681258793,84.5133365979978,5.304448799432899,,22.586635150938964,64.11762570658941,90.59978283030796,33.10787363349275,33.376696275904976,24.654846060541153,75.9723569780252,Normal,1091.3555466793373,26.460015274563503,20,24.624038657501057,215.0,69.01829842581863,89.61281511870843,None,0,None,52.83328657708029
887,Central Railway,Monsoon,Express,11,81.76404727894061,1340198,33.975372544933755,7.456521710115624,2.565256137717135,Good,12.29364038254033,32.87438299750467,42.037707045885426,4.740019218921137,28.267514548645273,66.4542118527813,51.13323925985549,101.08597886150504,52.04119332879892,48.28136757504287,20.733934427036743,60.44858309749709,Normal,670.5511396171755,97.4060005235369,24,9.818847631949899,217.0,78.69400504233646,63.0824470952582,None,0,None,68.1525525290789
888,Western Railway,Summer,Metro,24,49.99342286910754,946081,56.1253358863234,3.116142622997706,3.896705071429529,Good,8.840636228385913,27.872084692221136,56.12830279136128,28.046309365738193,25.066168204957265,64.93183790662914,,85.29603259882877,33.22612472569669,,28.382320084772424,88.65503792730996,Normal,613.5826009301368,68.69534042724236,10,31.971520632231485,181.0,88.0161223564256,63.42618195683468,None,0,None,61.71888788520778
889,Central Railway,Winter,Freight,21,53.88149990392987,205298,24.47905596080119,11.313941970316698,4.925177514690691,Good,2.089928307830426,23.093025347959255,64.06678229998664,10.299387949880433,10.83943929967261,14.161025140836792,61.96236303753301,98.88087668290913,5.938013048809253,84.51706907501624,26.23577039309117,89.31525332881198,Warning,360.7699676991112,72.99817008646201,18,39.09221993430315,272.0,83.67801097701353,69.36316380453677,None,0,None,49.450444554904315
890,Western Railway,Monsoon,Passenger,9,62.992795748756535,14875,37.26589437413395,3.8823209206836324,3.0414412571310523,Good,12.758836245738445,33.199619403341195,35.10597283990799,3.0365821232235057,10.528154859323234,94.02200844094111,76.78931554690887,94.22193134300534,62.75774058806475,64.63324919572462,23.435123256023008,,Warning,999.8822741296253,85.01498612071386,21,18.894978329206232,350.0,73.61610188920685,83.19402698946553,None,0,None,68.63341724681555
891,Central Railway,Summer,Freight,17,41.37587652887766,1024258,29.548096887184062,12.025830514598546,2.713078985947777,Fair,1.9804482763986997,29.082260597649626,10.0,19.92263184588702,,63.02415219112312,59.99172637631647,90.24154589286292,69.35904932949647,77.80428792590261,20.78114630416794,84.62423950234732,Normal,837.2395201271194,88.6626416905138,22,22.228894099182334,33.0,81.38163396442316,77.10832536220462,None,0,None,64.38599446377323
892,South Central Railway,Summer,Passenger,24,118.72636372587039,747011,36.89208544536872,10.54124158677557,7.013809846392042,Good,7.02482056792912,30.847863812198163,60.611304688291774,18.2783519073504,23.05102404739332,30.450325040486277,55.91359538582532,106.41874083025945,,64.02059551061778,23.82599689880195,91.00563477309069,Normal,759.5262291884628,55.873957687598796,12,22.045030141544665,56.0,90.82142898389463,91.8641842662044,None,0,None,43.01043968236504
893,Southern Railway,Monsoon,Express,20,73.28991529239944,434725,32.19735436533547,9.401869228472604,5.763435284657669,Fair,8.54316372519086,29.814380707592107,37.29999247339904,7.392274790073479,18.000585356906267,75.7147515701702,68.40076532083668,86.1955363398503,64.10992739042058,76.84405007298321,24.10665603445653,69.15679634490135,Normal,593.9563949810088,87.20006993535245,23,23.61924916754768,167.0,70.68809030570759,80.5596837627906,Wheel Defect,1,Low,68.03698092011425
894,Eastern Railway,Monsoon,Express,3,58.305081647134095,1209589,25.0307927096873,9.214052793646967,5.1020417155523505,Fair,10.25732729295219,43.08318936398581,72.20667351379792,12.439872334139732,,49.51725807309249,66.28038778973229,94.06730788455457,34.46850308015326,76.99152672785745,26.86220498973789,85.99575875736436,Normal,779.0498420292573,65.3984500690762,18,9.145152421375274,288.0,80.31807494164477,75.20513818965263,None,0,None,58.164739577032776
895,South Central Railway,Winter,Passenger,12,108.69642151898661,1242890,45.89742238690971,6.4093242921448965,3.9252123110555726,Good,9.181395774213648,37.55482430097102,39.91181856388435,11.163378109382778,43.04194451948983,8.748489270794067,76.13987052578155,85.25686921544285,28.921394007486228,82.1723451949798,21.72024658097662,,Normal,773.6904940677184,31.73094292005471,15,36.78997545928509,98.0,68.59504421278552,71.97163458125593,None,0,None,56.45214491382753
896,Southern Railway,Winter,Express,29,90.14334857707216,1382483,28.566053169876135,11.784942373301956,3.7724747066147435,Fair,0.36181627626904755,29.010628554126153,46.68133187588219,9.336136307556508,20.903629718844787,19.681327681983042,78.41160926825827,93.9335911149627,,,27.15923733630518,47.849630854686424,Warning,660.1544721648298,67.70807001195246,1,3.2286494175882097,162.0,79.35141313048425,68.53422830734283,None,0,None,54.83613506090749
897,Southern Railway,Monsoon,Express,24,99.88734468452697,1259866,54.659026195080386,2.3074034835486437,4.97093445984848,Good,16.033770297335856,42.61290838193744,84.09779128404439,24.729729406853913,17.782747217097707,85.6213710864464,44.5419167913704,85.74134319703695,50.73566720517063,55.80240712540245,22.34609261249812,49.53636855785743,Warning,657.2349121940731,52.86395619263389,19,7.604737644032595,39.0,65.59670047945285,77.94242015799276,None,0,None,70.2148635206366
898,Central Railway,Monsoon,Express,6,82.7129584814963,1339431,35.39873232961601,3.771143184387517,4.691192935124785,Good,0.0926361148769718,18.42888255419612,38.54650213056847,6.586164924454111,10.381192280062777,37.841396448090194,58.461250013858134,103.35905901402299,59.9535568726422,83.25520294261986,28.680349728530185,52.94162303344157,Normal,503.5378192896088,38.23711815013825,12,4.7467966578883,237.0,95.93487438710434,71.15514273657388,None,0,None,56.187737004822495
899,Central Railway,Summer,Passenger,2,97.88513646884931,215924,28.84703148072591,10.026298889016381,5.321301245525138,Fair,14.843931651586479,19.124600023520305,85.62283607968463,11.449840778813666,11.84747155667304,59.76431193191921,47.70672207623726,74.73696001565725,,79.9159893834336,18.926562767428244,75.19576589240042,Normal,751.6915955750519,78.33811442266777,19,12.375697352059145,68.0,61.73849509351389,73.14486717516874,None,0,None,69.56378442428172
900,Southern Railway,Monsoon,Freight,25,63.361028807891174,712469,59.94334829923721,4.841503563585839,3.0280120753278483,Fair,8.896135392152896,29.231746986312828,67.64111602207416,33.35629867040998,8.212147747754143,38.27110889982651,64.97016509745832,91.71363758355528,12.875245594632112,56.739864956762275,21.78880178694782,71.08623279888232,Normal,833.9573474784897,77.57248399523321,17,18.698543382291206,318.0,58.42386659585162,60.29847395592694,None,0,None,66.1191339810463
901,Central Railway,Monsoon,Passenger,12,111.81254535094536,1326888,25.77718328150155,8.743383989340034,7.23363446000733,Good,7.927467770675222,24.404478281106645,39.721480813780566,13.203752275922074,18.428909032657863,52.08661963318077,70.02690951759007,87.41222674348992,77.24230698868942,38.82421419417524,24.977264509682755,68.05010805498729,Normal,1252.1360019974452,37.66554526378313,22,21.28317992181092,324.0,92.32070704993227,79.92608078741061,None,0,None,59.11296325021053
902,Central Railway,Monsoon,Express,17,40.23573100501042,1106519,70.0,9.114410121708556,5.441204579559521,Good,6.347920962080197,25.096445600814842,99.00346138336346,44.41936703063023,10.427909772871866,61.34382428867846,57.06802123904316,77.29695671135707,,84.31043292289728,28.21852095697495,58.66423848708793,Normal,584.4851511449331,41.23527283485452,23,3.8017394850868667,243.0,78.76382236263987,52.43014617323514,None,0,None,70.65821704421742
903,Western Railway,Winter,Freight,13,53.10462431112252,810277,33.94373470486987,10.691465891498215,2.744344877113361,Fair,2.509902724394197,38.310398330587184,36.34960158789454,32.694240963599015,20.433901547397955,89.4963737232662,79.95069956056096,104.71996669820365,47.787045597099194,60.21673418174565,26.06933087816994,80.99706707713773,Normal,877.3297995609685,100.0,16,3.5694994327276217,157.0,77.46269096613372,69.27565634804475,None,0,None,69.23409133809234
904,Eastern Railway,Summer,Passenger,1,107.09065188362682,1322865,51.174734787103304,13.036887481702113,6.619578644889083,Good,8.117530212982496,32.179855486474985,59.77647217688009,10.707639627093897,23.49710774236415,50.04528148968633,66.36390466376302,75.65332990902364,75.46962585705322,51.31850124192597,23.27302092375062,83.95097057311928,Normal,742.3660936325218,80.32627760364657,1,3.357093387770886,255.0,86.73149787314729,76.43306582952887,None,0,None,61.71963880607427
905,Northern Railway,Summer,Passenger,10,84.10671323423368,651375,43.78645772665115,10.909039452193925,2.7987520777975865,Good,15.576913783740798,27.055986445304548,65.24509044030303,17.766026714915593,3.8824295383695997,56.96967117754571,52.35005548421785,91.55693778065978,46.92738536771954,72.01022834981565,28.151622530977743,83.07803178423961,Normal,562.7003813920312,58.01427322933791,14,13.116211087597591,194.0,62.899889026224514,78.06578035961455,Bearing Failure,1,Low,66.24657419674611
906,South Central Railway,Monsoon,Passenger,15,76.57855420845732,439771,56.0281696626747,11.3488084061213,3.0740338697553367,Fair,5.9113793167972,38.70563365702636,69.41134377304299,12.234298569012454,22.147231006615893,54.175202728051225,83.82794719260949,75.33769886271124,8.113742372279571,70.6757851494335,23.77215464340684,,Normal,1061.4634326984728,58.10345541702132,18,16.531429258702268,76.0,75.01491604266887,77.3571260767633,Wheel Defect,1,Medium,56.01312702324836
907,Northern Railway,Summer,Passenger,29,47.809956569792845,768986,51.51627673947908,8.995600859657085,2.7793425346523275,Good,12.527294137559393,31.252041023056876,33.295156674593095,3.021451414784007,18.597704272563377,43.77445006913871,80.45901375456391,96.41216755779269,,67.4904768684845,26.180857088051113,,Normal,738.4304332236013,71.30053633051959,19,0.9114412651674508,5.0,71.78622780658735,82.51331931378567,None,0,None,59.10893162567075
908,Western Railway,Summer,Express,23,72.37704035367952,977171,45.514539704135366,2.064779540644299,3.3068886259637784,Fair,9.341945779130253,28.579971395983826,25.138680440336763,6.632184277522912,7.987724152356281,72.24104515859932,81.82044470475519,91.8267693261296,100.0,71.35617800893813,22.27601961753174,81.43854756333081,Normal,843.6343446212154,100.0,24,27.20265219886061,70.0,86.15383372405252,88.18122234451717,None,0,None,64.81888714979051
909,Northern Railway,Monsoon,Express,9,66.94644429653603,1120283,49.677003470354606,3.265738053581833,4.244199094200304,Good,1.944461072607671,32.52531004519929,30.062079580990048,16.90251656881658,1.4148677753358108,13.34050944637491,66.81966757687934,103.28780244119095,50.56433804115275,62.72868177422663,27.0830008706232,97.04836082755673,Normal,469.7143119715008,90.7002356707116,16,7.101303653245876,194.0,85.10673077075418,75.12231453533154,None,0,None,53.50556126599915
910,Central Railway,Summer,Metro,20,50.5789489843697,980961,34.77158045943863,6.909702039243882,5.53578855881271,Fair,3.7239804473321576,36.04428052650442,64.45452152479676,6.466800570444539,24.63793087270256,81.82017046101211,53.171542412386984,102.13860327369963,33.70988481915447,86.13826097994823,21.937272377845392,78.71317746561435,Normal,818.1044159482882,64.88332953691653,17,5.7658411116306905,173.0,67.14298995600478,97.7466576663188,None,0,None,59.61813162421174
911,South Central Railway,Summer,Express,12,102.32169207572272,803698,56.51255888192542,5.647926078067533,4.624139202553476,Fair,4.480921152514432,30.390570854711616,17.136663261572032,9.09277119560198,13.887380315857573,37.14150220102509,62.591955901266985,71.61423345364028,63.04966244192275,53.395640680587405,22.624152831218804,59.21626452833944,Normal,647.6908894290864,56.59538287227913,16,6.655530868054419,125.0,75.72188558887046,56.90966772523525,None,0,None,68.60763103650518
912,Western Railway,Winter,Passenger,11,100.8352690329375,195491,28.511811872501312,16.489117464679353,3.5230766362910857,Good,13.400680193185524,23.9157887529899,66.6294864670111,15.423520491187857,17.973112468827793,53.464626576185296,64.747275199198,85.15835806111807,46.30719075307127,70.28456077089724,23.2502624459569,65.44334171791645,Normal,1070.6400545229783,72.49369784004159,5,9.002983346091728,328.0,68.55789723078696,87.70586798278552,Brake Failure,1,High,60.273454774638125
913,Northern Railway,Monsoon,Passenger,21,67.87002945855608,1450234,34.44912884597555,10.086718567597437,4.211927724830006,Good,6.744084452765717,26.079322192176665,29.1695369542835,32.40389655790146,9.696559581778104,28.086753892390632,60.493395251270854,83.59006348527045,29.746493562230608,69.2853895182178,22.257924173120593,86.09556997563496,Normal,1365.7902734218792,100.0,17,41.17480296429429,103.0,64.24063580878435,53.53180732500097,None,0,None,67.45463202136833
914,Eastern Railway,Summer,Passenger,14,97.61666508541533,633259,25.63791350026693,7.124319815248747,2.6450054332888806,Good,5.660879950506553,37.82862128354946,63.31011883855081,16.543731588043585,13.300257040672696,29.82614794533145,77.6373620488845,111.52441511821459,61.6589817945958,,24.39556941484332,73.15772769437218,Normal,974.8422659756404,57.33762649089545,8,45.20372349782952,170.0,53.53217089226223,82.29144663209955,None,0,None,66.18450332746247
915,Southern Railway,Winter,Express,4,50.35511545094584,824835,34.71255280251966,9.794541811639549,2.412743866219727,Good,23.7349361668639,25.86384336101449,41.14711704597489,4.93114922965885,7.968416859697211,29.863373907650658,60.74787437155844,83.91881463153653,0.0,43.99219116608792,25.47216904754878,,Warning,682.0961151997649,,3,13.989494517565245,346.0,83.08882713589941,78.41464461210813,None,0,None,47.95329097434497
916,Northern Railway,Summer,Freight,2,69.97248295957252,232967,39.57602149045955,10.300542797618968,5.453631192736909,Good,2.4380486501074223,32.20475387003262,75.97838851264532,31.18689760228108,18.063548644591258,0.0,90.36690177777027,83.72831795555994,39.35485887747132,89.75637817890617,,81.41440383718096,Normal,415.4882740176252,63.34608892400184,8,12.419694526510819,160.0,68.61137342152558,100.0,None,0,None,46.88924813408674
917,Southern Railway,Summer,Passenger,26,98.17466345246544,1123716,53.56417989698828,6.609433238362614,5.10087824108155,Fair,17.511887150324107,42.18344260058093,51.896422024468265,16.96858635307291,12.244825432122706,,70.01422260444936,68.03408784843421,0.0,64.42204164083951,27.491381050248844,92.35039751201363,Normal,747.0756644544008,68.10867624859291,23,5.044195462075332,219.0,72.12039145380456,83.70141325622353,Wheel Defect,1,Low,56.39362081075984
918,South Central Railway,Winter,Metro,30,112.30627578603394,1277350,24.018078771942914,5.136329278766918,2.6610623443497508,Good,12.160157838752637,33.214152606090686,13.006189423116652,,26.020285695534046,54.33897087714814,69.62923796680327,106.46669270075046,63.27790581096307,67.49296944678068,22.009969515627695,64.83935721996048,Normal,973.0052315290246,90.5708953916334,18,7.325029520004377,124.0,85.68621652977022,96.76159528835257,None,0,None,53.78579736687371
919,Western Railway,Winter,Express,2,76.91476585163699,70194,41.88148614310408,10.30462891725409,3.856049586430612,Fair,3.951000238545108,24.80512567068508,49.712442124471636,24.46230200103074,9.821794612279055,45.473218024951,59.72599946836924,118.18442128231857,48.499138589857864,47.655851412122786,29.640017506443744,86.79520286282714,Warning,1006.6973456090092,51.75612798226563,11,14.591582463180085,360.0,76.36018128194343,87.37124494523653,None,0,None,56.78985431270835
920,Southern Railway,Summer,Freight,22,98.15104262495043,29963,48.258237397773115,10.943692262394112,2.79933715638919,Fair,3.298930411879494,26.525790619962,30.183667070249953,,6.654438898689431,57.67409424745551,67.21734571688873,104.85000343765377,33.58867616795518,79.571951379573,22.1793082595308,65.40171080047838,Normal,788.9924082562519,62.80064724202416,24,10.29677230422075,175.0,72.25531631602122,80.59792584946653,None,0,None,60.19078080439089
921,Eastern Railway,Monsoon,Express,18,66.48179272873563,1329546,27.778551920052973,11.945338417399986,5.277840665877913,Good,7.220521718663766,17.432465746993916,43.585921885073546,32.35727525027001,18.85538717190768,21.09315026578059,80.31231205771766,70.48430796853977,19.024272734575277,83.51250471268432,27.42041541776378,68.06975122523038,Normal,716.0787968229993,68.1618877700898,15,19.84557581819284,359.0,64.2119185898355,95.77291705252428,None,0,None,50.02292097522747
922,Southern Railway,Monsoon,Passenger,23,86.61981145311015,258573,28.684416571572235,4.7513240294865335,0.027849637192977283,Good,1.8839767570939907,23.40777161766848,64.03848380077831,15.685325808999837,11.143470269981302,46.80978385164101,103.22843840797796,87.26301202591694,53.00196396889833,65.86577228673877,26.23554944038034,72.56996083656131,Normal,425.68493670967865,47.25738592339242,9,10.380086180429524,185.0,91.75632232109584,89.48631280485158,None,0,None,51.5368398789993
923,Northern Railway,Winter,Freight,25,91.86278269511067,1293252,47.707905890514596,4.184781111667144,3.2481236992330778,Good,2.9762620035419896,29.891255933061387,83.52336769090559,9.054727230501046,26.44111180797477,,61.79351181556492,90.43161176621146,27.75394144043061,97.95546000995868,,77.8386286580506,Normal,858.8391416988875,47.97142022978503,17,,26.0,95.72599849217492,76.88275116278218,None,0,None,51.865096556142525
924,Central Railway,Monsoon,Express,2,89.90892445843583,55851,49.60807322171942,4.537989367789381,3.1656025550934057,Good,1.2359627059981435,39.95029491289242,17.88174764558697,14.54233560009236,24.88753597534252,73.14677196704517,63.138830965508994,106.92857817308985,45.95688389956686,85.15474119210343,21.851740674600723,83.2456584187116,Normal,759.8548422874449,100.0,10,8.79230573570927,260.0,78.41557744614954,64.74007385051743,None,0,None,67.76107042615835
925,Western Railway,Monsoon,Express,3,76.03026775366676,434185,32.812489175192255,4.282382566786539,4.7250443577975805,Fair,7.299951248122473,22.21737557048766,74.4725524187101,11.001755895539114,11.054741132861388,61.61803376400988,59.971553758786655,84.01061504654321,17.81008525819031,70.15006873002861,26.503218628158073,79.65654963928921,Normal,614.7882866904885,51.414168992051756,3,32.832490055195876,291.0,52.717945568738756,82.54416057934662,None,0,None,64.57248070150014
926,Eastern Railway,Summer,Passenger,4,62.52351462779117,597655,31.757797803673196,8.168478132093819,4.75677873047051,Poor,2.903499447318214,22.133915103336328,71.20205895584442,12.808293529994527,,34.99179396680223,61.121096846507655,92.98745844476986,38.47325202052276,78.94284171673088,19.349608165598422,70.78210838930984,Normal,774.5934145272612,60.08016945367641,3,30.76279397668605,224.0,65.26015085675289,64.8603184403994,None,0,None,65.47759264409545
927,Southern Railway,Summer,Passenger,17,55.64902350686077,576853,58.290225890992104,9.116140493212963,3.175067498832721,Good,3.3628329660198952,30.65485392462402,15.279857865364605,14.326688618449463,4.422595888437419,48.044091847971444,,92.4565159191572,86.36829959159346,57.394273042246425,21.473562775700056,73.34866182444341,Normal,522.144463912871,54.55559857415876,1,3.3556688230611815,201.0,57.009853094740606,72.5602054074569,None,0,None,74.8123382401656
928,Western Railway,Summer,Passenger,13,56.26229763981153,1363043,23.646389040159022,9.618195050230979,5.391740288817348,Fair,11.10818355506059,34.47871920341023,81.86989045754243,41.101722539075986,5.397288896822834,37.949010368339174,73.15640496331957,107.65932362913955,29.362945732073022,70.92149169061356,24.233807076573623,,Normal,879.3796088719691,43.08860189785122,7,9.085567680359937,238.0,85.25250445028466,91.67471975236249,None,0,None,48.17226494413532
929,Northern Railway,Monsoon,Passenger,23,98.08078298427363,329722,21.450376527507274,10.717044451801003,1.641000780633175,Fair,4.316125397973789,29.827109619155483,39.53956218678216,26.084395272267354,2.9640009486004786,50.27739458022876,75.92732523149971,93.21082069101206,24.13296610317101,84.55432243822588,24.24353718606792,98.61298528877859,Warning,540.517833492303,56.505492099728976,20,17.77746529833405,208.0,73.60258478074101,80.1126215907759,None,0,None,57.361231872479046
930,Southern Railway,Monsoon,Passenger,2,85.30037740504238,312702,52.48759437584161,7.384262059373173,5.171536890935295,Fair,2.0525687805059536,23.114981131795716,23.16734845418243,47.75699090716791,15.82251538214882,46.020051690716166,58.17153879813659,94.78502066738479,40.47807472597609,,22.250748194634937,99.24276365588797,Normal,953.4808029496921,76.58353831703641,14,38.75348769950373,206.0,92.70428356708223,100.0,None,0,None,45.52821971402507
931,Southern Railway,Summer,Passenger,24,111.92948040726759,980349,56.42999584560377,10.809848609959293,1.8817252235347839,Fair,5.506007285874301,42.20727503922766,95.20442480979477,35.57389372160645,22.398253995950242,53.35137551009355,55.57431064770073,53.577937653405925,,63.42704098175961,27.542220377941838,79.110593448274,Normal,733.3837682476911,85.46129870963222,19,2.9764323901124508,141.0,91.69435323108682,55.69220427806045,Bearing Failure,1,High,65.53805197851524
932,South Central Railway,Summer,Freight,5,78.41333716420192,1156088,54.31022735854333,9.049415262835444,5.443289627539758,Good,7.977394351132005,32.14063330397035,32.97418184034557,30.023478382778343,20.16091446600359,20.57121104197806,58.86366357681459,88.7696246950155,,72.98071316443225,22.6577126305109,60.400674579237595,Normal,893.9396598941898,76.553998060062,13,10.40239697035828,237.0,63.83006109347722,55.8829386647498,None,0,None,64.07754131872609
933,Western Railway,Monsoon,Freight,3,92.11692357795827,1075664,59.06049477063959,12.606807346043274,2.309043863653669,Good,4.502785773554617,11.221089842383847,88.9774061506192,41.076229732281526,21.11165577763243,37.925522632285094,82.52085750678962,129.85327887764888,36.40730486220908,92.19864000799114,22.211886213848445,78.79408312790243,Normal,844.5133051347444,96.04959416133988,10,10.41955585482748,220.0,91.3827037211612,50.136583006906825,Wheel Defect,1,Medium,61.618173769350314
934,Southern Railway,Summer,Freight,20,117.27042751765589,1393696,18.091361575906873,2.2751660729488767,2.394899848022827,Good,4.84097583246069,25.579830260880108,53.71868722928019,25.194234039792413,16.058276247221748,79.96466120485755,65.11537126290288,90.12479073037888,51.91744688342568,67.19475431364509,27.93421207536104,67.51494972986262,Normal,959.2526509736045,55.45969808441221,9,5.5586517085769795,85.0,76.85906525158936,100.0,None,0,None,57.881643375186215
935,Northern Railway,Winter,Passenger,5,61.55366754876627,1289391,36.578515399761585,6.035484463944756,4.550807872387672,Good,11.518645721100118,30.63733063617721,54.81537605074619,51.265625161513945,15.843378775547983,69.21734442466841,55.885910075892255,78.58516385832868,36.440094843077546,79.60769984206087,22.062550787168867,87.63649492056878,Normal,345.943828772804,61.58065597674781,8,2.7767107707472696,22.0,99.35354525851731,76.21672910617282,None,0,None,54.399019862520355
936,Eastern Railway,Winter,Freight,3,100.66963992839705,548256,53.17201668507273,4.168528473938107,3.9089600636696806,Good,16.778776530736437,45.41523065356636,30.44658932548174,12.33700691520664,8.65403028895532,22.66981411672266,60.25810241324748,95.40181497080853,42.581186697636085,84.22252966184764,25.970964462057676,56.15946658074072,Normal,1134.0831531225645,90.32487844788659,5,22.184632209036984,53.0,92.16913903933528,66.0960504803419,None,0,None,54.39483379026681
937,Central Railway,Monsoon,Passenger,15,76.47690983684737,1055833,30.4356389247239,7.281392241854411,4.235232788659452,Good,13.05819082150553,40.44391485391135,85.28633559766081,23.149805832813676,11.912750881842488,17.425425128067026,51.71997441787794,86.19020819340716,54.699648113067695,68.43157960787347,20.637840015755426,65.73466998378211,Fault,336.1559607019525,64.30505187348857,16,1.7846666427129487,191.0,76.41575444294749,80.23965442473701,Signal Failure,1,Low,55.989367882480636
938,Central Railway,Winter,Express,11,72.89562540925267,1346167,26.435255177504047,5.33074045727955,3.338912281326147,Good,7.590659395093348,36.207450979557564,70.04289563253852,2.5624358301004513,7.443589471053939,56.51879326978582,85.33780231968574,117.39757240693933,39.61878829948499,100.0596627013625,20.557887263965164,61.37285759286967,Normal,1144.1974915783815,100.0,20,13.342676698965382,82.0,80.5147891885395,98.49662465061476,Brake Failure,1,Low,51.76664239168664
939,Northern Railway,Monsoon,Passenger,5,57.5727947496117,582498,30.69888382844647,13.736805033841993,4.988360323183317,Good,1.7634737924075232,39.956970175038464,56.19007537084782,8.354318261988835,18.645352925258297,60.22514752089042,63.763780267856205,82.18231321303554,35.46907654241385,69.71227544414766,28.484530129823927,70.27640904877725,Normal,932.3793802042137,62.880986592641655,7,11.049594217353217,83.0,61.15393983249103,89.31772174972775,None,0,None,61.68905205571907
940,Southern Railway,Monsoon,Freight,11,66.77272537271406,80523,29.68406878021223,12.363670688967705,4.390357374815487,Good,7.345932102622922,34.92485599032415,89.3360265357901,37.74233403111715,5.024487964514737,37.47610284781077,44.476048471478336,78.5070387913306,27.05734322311642,84.89260707754869,20.138134889158447,,Normal,864.8604324496232,79.11687439966538,2,6.352365486713014,241.0,100.0,66.93837151203496,None,0,None,51.25158688142684
941,South Central Railway,Monsoon,Passenger,9,70.77328221301705,171821,32.57602355986537,0.8684423467858569,6.078081002064835,Fair,7.261561356217438,31.5617560419096,51.20356939806673,7.525128437142338,23.343903579105675,38.28478057975021,57.218660376825696,103.48875897949188,56.69493715787091,65.05467549942425,27.454427897688042,52.14681624107312,Normal,792.8034140975813,37.16696141430702,12,51.29905313314539,,88.96711312233387,75.71582790635894,None,0,None,56.607928300600676
942,Northern Railway,Summer,Freight,10,73.71207048804396,495798,46.542133315016706,5.902854175659083,2.196842210331262,Fair,6.3377998564858125,33.24151743552967,100.0,,32.015450064194084,,49.93754425884596,105.09265367499775,16.37795616394296,68.44272988735851,23.899341254756735,54.139338340087505,Normal,787.2948770569476,44.63306081042039,9,10.533665379213296,239.0,84.82470980488793,59.022486227294706,None,0,None,55.519165988301225
943,Eastern Railway,Summer,Freight,30,140.4455057866623,985436,53.43525341348405,10.161191971612324,3.7976793765624994,Good,19.41450599113463,36.507247877841316,76.39870567613052,17.13586475556658,35.78371575510124,25.883884952230506,61.388793551067565,116.66045331531105,22.288455266633033,64.53291234510799,20.29171239103636,75.82061268492166,Normal,932.5953233100939,81.30241026110805,8,7.696989523883881,185.0,79.33012784297239,74.55715039204044,None,0,None,53.36530365057505
944,Northern Railway,Monsoon,Freight,2,74.5202059414854,1441152,42.432108109352306,9.922955919604608,2.898757353330513,Poor,7.483611106937417,31.53543706043901,30.51548130685232,28.958519337682315,18.40613417754586,30.89949372953558,66.18653230600599,61.410886157805365,48.3027455093498,66.60472333868336,28.547920839944407,72.82661118920115,Normal,1131.6593120828607,54.35979665476279,23,10.992338678769949,,95.8886961592113,96.11520767612492,None,0,None,44.678969543465136
945,Central Railway,Summer,Passenger,22,55.01965735821622,1285561,42.670948314488975,6.127499829410467,4.95729346816181,Poor,1.2243774381139905,39.38033812489796,78.49531618892266,0.9187408453476971,25.6694655361858,32.71549521623477,76.86056175761537,109.48867638514557,8.86467261502035,77.8011453943973,27.591628724730146,80.5708568295772,Normal,785.3739397724612,32.35626788834789,24,5.152164545877713,133.0,92.91913357107913,72.35980060104055,None,0,None,48.38939821444638
946,Central Railway,Winter,Passenger,16,72.68605910686192,1167857,29.801547861579877,8.860069674374186,4.607227335474191,Good,12.292937494688239,43.38018976030941,75.15220936117497,31.85794702570407,2.468537562967324,0.0,57.65813032648685,104.95172816908982,29.351782020795607,67.51103921036747,22.62104779443946,60.34829286534815,Normal,558.3509646398246,50.83005035846192,18,7.958797275663676,293.0,87.22794992380463,78.1824035746223,None,0,None,46.509143578669914
947,Eastern Railway,Summer,Passenger,28,97.9105597799519,432979,14.311533891527194,8.06662690844514,4.585162713919907,Fair,5.304613872331114,23.37732169664802,77.90164818694763,56.68479487909834,3.838725474157407,44.6471870346536,69.06847945205429,75.70362614270933,15.016688178289993,87.42729785190011,22.572001956796065,72.35788406908372,Normal,965.9337113152067,69.37397780943746,23,2.6165015862864034,302.0,78.28525919858961,71.30636852379978,None,0,None,56.59251157910526
948,Central Railway,Monsoon,Express,22,87.26219391188792,776010,44.394265612134205,5.6636965783636395,5.5062333820813745,Poor,7.6438361933991805,40.01001226020025,53.777725073594915,33.37439486500857,14.511096448528681,63.9731836232249,63.83760086420677,88.48428132796909,57.34518102737947,69.60074457619913,24.196694367724575,98.1423293464763,Normal,585.38844290487,64.21602696123554,7,10.886678979257141,237.0,72.18711850838966,82.60648516891376,None,0,None,64.01999341053445
949,Eastern Railway,Monsoon,Express,23,55.707743545872304,1366966,61.84305594908854,10.379221663016578,4.781887914896,Good,2.359559253443278,24.122598352266664,36.33230929025771,16.744015221005814,28.258437544379973,41.00019098822151,57.8373248945068,62.99240655586038,27.201234653161492,64.29920217445127,25.003342687358185,71.20731329347427,Normal,539.3319138379143,64.56289446734498,5,5.975078483452939,218.0,84.21812847255283,100.0,Signal Failure,1,Medium,45.753868880813954
950,Western Railway,Summer,Freight,1,63.37076823517208,1103171,45.81646573249327,10.49337492299054,0.3514292507366301,Good,2.238312808467372,27.96020101451859,37.98156500777098,14.000959255838854,20.43876726978376,29.13939755416841,70.88254529016874,72.1969639305442,28.15170453673922,68.037201412408,20.815593924363952,81.10168369965349,Normal,1022.3956366011753,29.46316060628154,13,50.92481600908547,282.0,63.49955527940128,48.87570516957959,None,0,None,69.26232415649284
951,Central Railway,Summer,Passenger,13,20.0,784211,48.860684131157356,4.315562738142214,4.94419968114307,Poor,9.589919401142062,25.14725138728022,69.15386854811052,17.500510187630617,14.422591714881555,18.98136096970768,40.26340663361769,95.40478780407146,53.65722923299601,67.62656079880826,24.509611736677062,96.02416583376596,Warning,1137.579925071322,75.92359020912212,16,10.006080667889194,,77.51692477369373,85.30477375056424,None,0,None,53.90819404691526
952,Western Railway,Monsoon,Freight,4,74.08322234926992,962352,41.73514971726391,8.934222159437072,,Good,10.191337962124532,50.0,60.75546578762733,6.246927844755379,8.875812043972712,70.27283464131065,46.61967216634059,104.76105769200396,56.707632230208205,90.22026828924488,21.88512223123539,73.30029421415625,Normal,1049.9935070001386,60.079743989301065,3,17.20102515041187,,74.55330272015422,63.59520184504655,None,0,None,70.69509343290756
953,Southern Railway,Summer,Express,22,115.97368392733785,102857,21.29371263228294,5.292262385625481,,Good,14.649161378954716,36.460083346835006,78.4271755340988,6.539518550161512,25.76331210347047,58.32090051724986,69.24871293778827,78.04586869428596,22.366362341563274,71.18401490177969,23.336909088232858,86.56162944087907,Normal,986.203242583562,69.47837695068378,22,22.664014179951305,79.0,69.1383964070553,76.78537993983295,None,0,None,61.02976770741109
954,Northern Railway,Summer,Express,25,56.23973698899978,1465036,29.450242927964823,16.047257956413915,3.8458595763936825,Fair,2.4956766497989227,24.898543913793418,51.885166631206204,26.95165348947658,21.61260292029698,9.174748511929359,61.86387991813244,93.0733919879558,,65.51678890468656,27.049170371113796,54.30637807140482,Normal,1033.9832448111817,94.20045988524443,2,5.713493637439626,42.0,90.64822773829852,82.66003089130868,None,0,None,41.09259653566343
955,South Central Railway,Summer,Express,27,115.06557670657814,212924,31.44683961304481,5.800643212267242,6.162715748734753,Fair,1.2757839906642485,30.734182442439078,58.6837610398621,11.656580062545219,8.35911704158583,40.75607631922217,46.699837434044014,80.47929386110184,72.1550136818633,51.14748167543517,27.29941731840536,73.9464203079676,Normal,648.9472892537407,73.99551445235663,21,6.888947564511125,172.0,88.89852489176445,78.08322100454353,None,0,None,58.493052436455024
956,Southern Railway,Monsoon,Passenger,19,73.81518115898106,962158,35.57595033258113,6.809256986158259,1.6730971540453115,Good,9.938385159570032,20.51532619952031,,12.620998538038231,25.784160760137468,0.0,91.86790952131935,78.44404363034513,86.57544460456114,51.73584551893717,27.672315249241393,88.60840647535794,Normal,678.0151624317518,54.1826519391706,15,7.029706519823126,258.0,61.049931697262544,52.61195901780368,None,0,None,73.204654940411
957,Northern Railway,Winter,Freight,1,103.63749406740057,416631,44.944058058170214,10.491154558456355,4.449345280505571,Good,1.73958901985797,48.981260128101894,58.22506549215698,7.94451458357665,34.48861645343949,0.0,69.07770712562949,90.08158939569273,11.100854463989837,74.82871603229714,24.042017690164652,59.91166322446459,Warning,825.1791252910497,83.91599836047335,24,43.445949192654425,8.0,88.19255370201898,86.49976915484632,Brake Failure,1,Low,40.52281516969562
958,Southern Railway,Winter,Express,18,59.270887080352296,577944,13.214501338435873,6.800158687473199,5.409115786949734,Fair,4.33737653377609,34.03666253797776,42.89826805457855,21.59221846623804,8.008056862191838,51.97101440777412,65.35100445017835,77.83324964838499,30.30759339245355,61.931698624975276,21.89227489594618,,Normal,926.2459645568547,85.21917877182312,4,13.994693811040086,308.0,64.88036466803358,100.0,None,0,None,54.63366353622239
959,Eastern Railway,Summer,Passenger,1,95.27372723623989,625190,23.096201657531218,3.6724922053737163,3.8268196329613824,Poor,7.964328028393121,23.342434991458713,41.68450858403372,,22.173028084199295,34.50919480913142,69.95140721449283,82.53762833247347,39.35698583438697,77.82976797560289,23.888116644539817,86.67418848311543,Normal,970.9393155404612,49.83745001657517,15,36.0663176774721,142.0,83.33509636960162,79.06606289068009,None,0,None,54.23952135542917
960,Northern Railway,Monsoon,Express,11,76.15574736659082,303075,50.274486879256976,12.490476247778664,4.601338118472014,Good,3.246966899595743,33.8640310739133,61.0485582750421,16.477263366529805,16.97962900088357,71.40406536037233,80.74714676330939,79.22123853212607,60.77000575000659,57.55407451508734,25.750627216899808,69.14349631170869,Normal,462.02550836419584,36.65389820970926,8,,104.0,80.62572396432776,78.26771741399844,None,0,None,64.21340618414267
961,Central Railway,Winter,Passenger,12,47.960338275026515,695230,43.89870860933095,8.035676006988364,3.409620516835152,Good,7.034827393020201,37.53790019955035,67.26963198030462,35.90454942318397,13.261277128407054,33.60923678760557,84.32610001663065,104.5634446970622,94.79101934093406,82.62817853705124,25.997920604042232,103.80452522827709,Normal,193.0553404481342,89.16659920009045,3,9.049700029894769,143.0,71.55794039279525,80.641946456421,None,0,None,65.99007802205527
962,Northern Railway,Monsoon,Express,16,55.17959404336594,1266695,14.700432329185105,7.421314575693077,0.0,Poor,6.901443356280574,29.284809086145597,33.03954449554425,19.14287155501364,22.61798639537329,38.56366510243703,71.53009461654861,85.35171619465396,18.475163079440378,87.66211915191612,25.05220783604883,93.63721259912133,Normal,891.5418531872966,82.56158108670499,18,27.30814689895128,110.0,78.04238809554543,74.06802394881369,None,0,None,55.31718001175593
963,Eastern Railway,Winter,Express,25,68.50573568721337,115253,54.98444451238028,14.63313452016283,4.058741694563616,Good,8.59469752572019,36.74895467825153,51.32364757364401,,18.646733812753624,29.44124179794759,58.18734296742572,122.85119777247027,7.029106908473601,,24.03795364924403,51.843418614532915,Warning,721.4120162079024,64.6405684929068,5,14.952815688564376,127.0,65.21048040840897,85.0922466208907,None,0,None,52.8645978457083
964,Western Railway,Winter,Freight,17,85.84826672964597,1301741,45.40353742751773,13.912898088292014,3.3588152465711136,Good,3.1364516491132837,43.9630963565603,48.342431277779795,26.037577809722624,7.81569002194371,59.30933848898232,72.90677565876607,64.71589879024651,21.322956458559247,54.93744610697735,25.50799665515615,94.5529711044646,Normal,746.1900246931918,66.51968447814973,12,13.415393495121965,105.0,78.94559404144829,96.83762078275677,None,0,None,50.57071905365947
965,Eastern Railway,Summer,Passenger,8,56.61626337369978,1458235,59.602402324796714,12.850196829661853,3.970909868458094,Good,0.4097704990735128,16.168852946318186,91.55074838561956,9.670692752171039,14.524542675349648,44.07646279664216,,115.03301697618167,40.24377371371976,49.898365402444526,23.158025553766524,60.14397955912654,Normal,1051.8333460983963,55.223727779151595,24,18.497541192641552,20.0,80.65077975828491,59.74223035319261,None,0,None,63.51048193753715
966,Southern Railway,Monsoon,Passenger,11,102.03393332731429,707660,22.738872995447238,5.437146230892762,3.384382907048013,Poor,16.3988186618684,27.52441778099187,84.89622595793045,,13.380525459755349,57.664731721903664,55.838061169505124,102.65952441080685,65.4921440626935,46.84546196355775,23.47237170735565,65.94305527000435,Normal,922.4466600291039,37.65624981164347,8,33.83913170892507,238.0,76.93130411308168,100.0,None,0,None,56.54757492811099
967,Southern Railway,Winter,Passenger,30,85.58865652804234,188262,43.78268813231749,9.375291240369771,4.102475701980334,Good,30.0,31.318860713300563,70.64527389604356,14.947609910864305,19.5892390950059,42.68464420700005,81.42755239357797,88.4583419167076,5.162047782274939,77.7182029336982,20.56423425300677,93.2456554786948,Normal,1121.4923959318955,59.0155856248591,1,5.15384953879519,51.0,83.65686985635831,84.76647572809055,None,0,None,48.22883284383415
968,Western Railway,Summer,Express,14,81.26650492210243,144992,25.941896012705556,13.269665121530284,6.01156865118455,Good,4.240641335412944,29.71157226698132,38.46177418612666,71.04772143848786,20.600867069070528,46.400620969208084,55.26839103813465,97.50392843473149,73.88873642796732,58.177293578923965,26.656592440759738,60.78593923819811,Normal,474.098331755869,66.56192396606777,18,23.047434903209858,118.0,89.99173324179749,84.35043052381472,None,0,None,57.02364629161204
969,Eastern Railway,Summer,Freight,2,21.46663175047248,631247,34.79704617991952,7.325255003223947,2.0789287539922228,Good,4.018678049381439,49.23362022310252,61.587269159251036,20.885751372879046,21.81264305521019,44.73080229598941,74.2314741283032,104.74320123222358,24.958990086610765,83.88426518838692,24.50728483791628,94.61389763711338,Normal,834.1070621863352,79.85344654691082,20,13.140384413571907,267.0,78.74957918318617,87.88527564897907,None,0,None,52.1312696661322
970,Central Railway,Summer,Passenger,29,87.20563492122734,373537,49.63546784243982,3.0964256759527897,4.883213499185693,Good,7.326680205754894,27.325731190326234,100.0,12.903481051207116,17.292405442056097,21.35989170591495,51.78377908161373,108.33787946119108,37.628459854959466,79.38336195875264,27.239107977753942,78.04978995131825,Normal,750.3116295782897,100.0,2,4.190501412558806,121.0,71.02524505356226,98.86119444066355,None,0,None,49.38799891115214
971,Western Railway,Summer,Passenger,28,83.93702736773473,52050,22.486593642164827,7.436141732468411,3.714213878318554,Good,5.652937392430688,33.648674164313725,75.58079530023223,8.720927050917801,7.695755442652934,40.31207232293469,69.62808735619969,74.72927332914011,37.28045051472142,78.54296656212279,21.725452346303317,78.1168075829356,Normal,1343.9316994960711,98.52094878024164,11,5.30911325699355,42.0,84.84111130000383,54.58619500987505,Signal Failure,1,Low,62.8393212171908
972,Northern Railway,Summer,Express,1,94.5103868834482,291720,30.91459925833662,4.074503108649194,2.0568025349550805,Good,9.46507651231604,28.707265898610537,56.169451681003004,31.325869003910725,5.734528855070538,69.88947602822185,73.44687835794629,96.33544365137772,34.67040208842814,100.15834277912793,24.921287336104065,62.935292258335146,Normal,851.382571618227,59.31660364302257,9,3.1713648934754435,352.0,80.41166360369846,77.20150030742634,None,0,None,60.51937434860382
973,Northern Railway,Monsoon,Passenger,15,77.44269566381853,63512,55.87689909794922,7.939047107189313,6.475168175680881,Fair,7.3815554939857,33.25447191215045,43.24948925209696,9.277762600252494,5.720040721247223,42.762955226841484,48.723728115566985,98.61626583970708,36.829542723412665,66.8269644015548,27.95554583355968,85.91437528064752,Normal,438.043425303985,46.103896639543734,10,2.6265232334177098,90.0,76.39229505596174,90.72671452955655,None,0,None,53.44722133760673
974,Northern Railway,Winter,Passenger,28,84.18979181661896,1327997,29.25781619095787,9.985293471089,4.420507990212659,Good,17.872093386720827,27.939860310691003,55.36917186090067,23.4110452206719,,34.23659513730376,56.4662368331024,89.78976085211087,72.38531670969948,80.51041578788306,22.072286969037492,70.6085406671821,Normal,978.9431270759109,71.82538738749966,12,37.585857393768386,237.0,100.0,72.01354644787996,Track Defect,1,Medium,55.7885455202925
975,Central Railway,Summer,Freight,28,76.51405125917626,1225271,41.695372470632854,3.943443096115131,5.358863322161897,Fair,3.5265767628805,38.429469798887496,74.20502950412889,22.08624812706652,,44.998570376290004,63.9801714250391,87.35413826047838,,73.53666195117465,22.872241552324375,84.45723058204257,Normal,904.9619909208285,35.01387645138943,4,4.620061468010381,173.0,66.44148938361661,100.0,None,0,None,54.22533369761443
976,Western Railway,Winter,Passenger,5,85.7591124124744,1011053,32.42959152011835,6.963482756215032,5.82038602466548,Good,5.1163505706752685,19.959634545238607,94.29014454320264,21.588794652950128,12.976430705989511,96.88926144394631,67.38854213917952,105.85911701558314,,74.7285708425249,26.863739874723898,,Normal,777.5930245960423,52.485980044300604,16,6.143575057662709,256.0,87.9266060464898,75.13039582245463,Wheel Defect,1,Low,58.52524739889907
977,Central Railway,Winter,Express,10,55.614677707273856,995047,51.707772652674564,9.14684441802294,2.9672810336533035,Fair,4.421702080605965,26.079332563930762,60.47695971619936,14.513131615199967,23.25699469917126,94.20854005447774,68.4965713746242,80.1301780456694,42.08942261691702,57.868862966535076,,77.40931629990618,Warning,592.3817622061291,49.67122059053558,17,4.283168102597534,34.0,68.97045844170732,61.31456337957785,None,0,None,74.84493676325941
978,Southern Railway,Monsoon,Express,16,41.66364866293946,684123,45.213410245625916,8.237827660518931,2.259825776818164,Fair,8.108802317146468,31.364010416666883,40.24514927245226,32.09002249378328,14.683588928271718,68.34483073920534,81.13452620915594,94.5140276646461,4.020109769532624,,22.93226386006039,67.97598672223143,Normal,351.9241511954979,47.65373688991663,6,31.80194396593153,288.0,87.02360437694385,77.26289315092814,None,0,None,53.3544669415555
979,Northern Railway,Winter,Freight,18,51.319681263437054,440515,43.972540686599366,15.574861637448837,4.943693831089909,Fair,15.182353759148677,44.51214419759986,56.59609858589738,29.762348496644204,4.41963642985036,73.29984425883904,63.912611333407774,86.37832094174388,30.710497187881995,53.51712940735812,22.507077925298606,66.76855761492538,Normal,281.69804490326476,76.78913249495578,10,44.63798815940284,223.0,90.8174545888937,75.32747621972496,None,0,None,57.450825433991625
980,Southern Railway,Monsoon,Passenger,25,85.99418780394498,513908,34.06998067875847,4.503835154415059,4.586167837986324,Poor,4.099036326133187,44.75151430495578,68.53623398301954,57.4231906556861,9.089725940721681,24.18774457816515,75.0987883369116,129.2758830053849,48.70519064888928,94.23378780585682,24.924978298072112,92.21921170150378,Normal,1179.8083726522332,43.58923118478667,24,6.407513498509817,246.0,86.67951959407849,71.16977364664983,None,0,None,55.68668764980326
981,Southern Railway,Summer,Metro,11,63.513600237243466,1331600,33.26480369195113,9.958188399193348,3.4227112071681907,Fair,7.914064512967846,26.463846245517896,53.15244424794619,19.179909078472754,,60.74418377657013,57.55797154102534,90.62061231697407,38.64988706967605,62.19632925798091,22.228943364165147,76.47693806182578,Normal,679.4103839782124,50.10790293327008,18,11.21929550234066,3.0,77.84652598399897,77.86954268187598,None,0,None,60.40848659388069
982,South Central Railway,Summer,Express,6,78.87852040442647,1427104,43.67583033655337,4.80218833841753,,Fair,8.368717001160261,30.951698167799883,50.945531769781624,40.24580553392447,12.707373385134828,22.219729237227636,51.87207932791556,91.78177274185256,0.0,69.11579641629646,23.003522505113754,63.46456487050165,Normal,927.7611763376673,55.73722487737891,6,18.916452909749058,1.0,90.80339753886862,73.74528533659746,None,0,None,45.740920379171015
983,Southern Railway,Monsoon,Passenger,28,55.154015746733975,476884,42.01773251144948,5.478575475461076,1.6014051518531551,Poor,9.22816485062274,25.524456495809723,58.223719405829996,12.192478869539833,24.863759247045955,31.371497470139218,78.96106311463495,105.5469479457109,46.43725076039569,76.15669235613282,24.4228825878035,73.66577719391464,Normal,613.502659551392,22.651588027066822,11,16.325487108310057,167.0,59.33945699556038,94.07877455120126,None,0,None,57.97493119321366
984,Southern Railway,Winter,Passenger,12,72.65563054214984,663810,58.378432790400275,7.82832851047772,3.3299814261298315,Fair,3.030168991714482,27.095138809515742,67.1709126670344,17.19093670227898,15.39057763863298,41.33372639287231,57.993564794126854,85.46679443455199,32.597600663336905,76.14833262817542,18.918511040937858,79.28479791749872,Normal,1105.3074789165034,95.95952824563709,15,31.86418278167139,119.0,93.30412192887587,80.8260188171726,None,0,None,50.14414979731443
985,Southern Railway,Summer,Passenger,29,109.47678325856545,209702,28.219153795351815,8.144533673889871,2.9963845370198223,Fair,10.841145737028375,32.42516842655059,37.98664009865324,5.6949890239265075,10.219384228308426,51.317234642327676,68.46397560999206,98.91497008710151,47.45139257950924,63.00618859039007,23.235204213271512,75.67886410357332,Normal,757.8231062343202,64.50382389198381,21,20.087717812829485,323.0,76.84439413434902,98.80331706700711,None,0,None,53.3385951628009
986,Southern Railway,Monsoon,Passenger,30,99.9406258073976,191377,32.147655894465416,9.572536889250035,3.450712735790845,Good,15.63997769688724,27.420895091382324,100.0,25.22758275048815,21.198291310585798,13.515980343048351,47.75679461968141,78.11546206199267,67.83526300642085,44.957449231360386,25.98161000179185,61.748729592648886,Normal,912.0546845180106,52.99815795370334,12,9.677997504360961,351.0,65.38630421204957,65.84949266458358,None,0,None,66.27015759559879
987,Southern Railway,Winter,Passenger,12,66.35585609525002,1054079,28.437190148902967,10.797261912628354,,Fair,3.050437054786641,30.86259705166928,36.62722115772081,20.94510650156192,7.2213544367836775,74.43044606110688,74.5546016196513,111.02816794591548,22.4958351504576,83.23589349174226,23.124440540931776,62.48973361525047,Normal,669.9187927658537,61.36703265953656,22,23.430707910747415,,63.68419550468317,100.0,None,0,None,57.24947375509557
988,Western Railway,Winter,Express,4,91.96957292625942,832638,47.74718057852303,11.525496050283477,2.5822141055686725,Good,15.497629551447547,17.133911840378985,28.115466698681203,11.630369546488527,25.564266140872704,22.002925255515283,60.232015220198406,89.90260566307212,56.81568720358088,,22.412623904595478,69.26213350810899,Normal,730.0348682364507,95.41607808287256,13,10.476893475408582,307.0,69.11275690773341,72.41912869652512,None,0,None,62.286631907373945
989,Western Railway,Winter,Metro,20,68.79770488186051,1254124,22.481903909918103,7.778175128134241,5.618752501945502,Good,8.249654152191335,21.631544338512484,40.859082854378585,3.620480828450454,8.69174201732579,55.49491989203267,53.55873519057987,86.9362211947518,60.074350352283744,45.31719549810736,22.53313804161541,102.53407294397064,Normal,668.9051395484886,28.260825461587345,19,21.652114638031374,52.0,85.07507513107036,96.53630536618542,None,0,None,53.771407362607945
990,South Central Railway,Summer,Passenger,11,52.62921122234561,596695,51.15725672214509,6.925526693451932,5.383714384005513,Good,8.122684825450143,21.981315955523392,61.309488477349625,4.731427477217423,18.866907376363358,78.63234129880553,52.22689007598678,71.60753217166936,66.77793000729783,65.48418645771406,21.622958956316417,63.44659297669889,Normal,521.4118200231624,50.88411217537693,24,30.47797193473988,270.0,66.34280042577309,90.55886814167938,None,0,None,66.89595669730713
991,Northern Railway,Summer,Express,24,85.30960038987618,1129304,42.67752137666824,15.934053116261877,1.2908121041971947,Good,14.008047331520508,27.023540459296104,76.43154047315497,22.938576296234206,4.192250297949418,33.72402247890574,58.4205855084986,120.62395049266539,0.0,79.45081116361807,26.39211158981444,102.77952649321324,Normal,676.5742192077067,64.4235313887407,4,4.44967611222217,220.0,86.60055584636541,77.16643394290526,None,0,None,47.740156945591124
992,Southern Railway,Summer,Express,22,73.43451240788116,291060,34.806096963762975,10.268029449605477,5.832837150937772,Good,11.519264567494895,38.4593290940997,56.93205805737441,27.35990760988176,18.167341391071496,22.017159176614687,76.14874924700038,60.56706565264391,81.22916164809183,,,55.903153020419445,Normal,1054.9842807104828,44.78175883454461,11,26.639956425069023,95.0,96.67351555847259,52.23620134145947,Brake Failure,1,Medium,63.368547208729765
993,Western Railway,Summer,Passenger,30,76.27652740296277,261321,33.98007409698407,3.8870582547876573,2.8915276143433335,Good,13.486627082303826,25.35542585991523,72.5389436434387,37.366782799676194,30.499075401695052,15.725926848541594,82.11786787903917,93.14076270138847,34.37027185800349,73.22966026308315,25.24649908286549,71.35758157231719,Normal,492.1260798280662,87.30319270131595,15,3.9857185135191564,362.0,73.83992213892611,84.96757513508359,None,0,None,51.93180576007837
994,Northern Railway,Winter,Express,24,58.901811666173366,676834,37.45657516076711,5.637281020441712,6.070511271377562,Good,2.033380236083828,21.828063313506416,69.3157797095031,17.51379499449286,14.677012685170805,24.989357289163394,,100.6137697318082,0.0,79.40873078264525,22.052464046914903,72.3185256889377,Fault,950.1396648442276,49.279653398027264,1,10.77592286827529,284.0,63.85646433184229,64.46271810481878,None,0,None,58.836689740543136
995,Southern Railway,Monsoon,Passenger,24,63.57058440666883,632030,50.62867284949054,12.153639170478037,4.830466483221228,Good,6.214515552098146,38.02895864917884,56.29763257985702,36.34378430130732,6.128644109599417,57.25042123192774,71.09377828461771,112.07940766476554,10.400143235984366,72.06774320971749,,101.9784661348908,Normal,1277.8661008435724,32.60933890094282,14,3.8101017838572235,231.0,72.60687013150226,80.76066158795709,None,0,None,56.46894856837605
996,Southern Railway,Winter,Passenger,18,75.52037228694664,888111,68.3187214093523,13.190469136367,3.0580680724538487,Good,8.596850744719527,31.391602001444372,67.55350704614882,37.4864729391587,28.337612157585646,25.078790455726782,61.49157824196689,127.74476463310948,97.79251474396793,89.8139284750356,24.120511874727963,77.09984214761229,Warning,537.3960043490358,56.676101570475026,2,9.792277217846628,171.0,51.37430065269948,100.0,None,0,None,65.44969055150939
997,Southern Railway,Monsoon,Express,21,66.26912705874065,159070,46.68458942499894,8.134834248859143,5.931813039698524,Good,3.612075268416368,20.348171016741247,70.10658170167491,15.701820029406818,28.861781976038422,39.76824735538115,70.35136582718329,79.31241074831998,22.206926617585296,80.9509801717129,25.447154276356002,82.42883195146909,Normal,171.08708926974532,88.7611375875389,22,11.240782523185732,303.0,86.63003624227288,91.33927345756747,None,0,None,47.007017701000855
998,Northern Railway,Monsoon,Express,11,109.38757979660996,218207,31.100694693956996,8.34308074000346,4.583396525855446,Good,9.235950753157233,16.010225950751945,57.069160670983166,25.31794879600217,12.605163909511681,40.06170045342776,58.168103644251644,92.682003773141,39.08486325904101,84.08844779339915,22.596161531882835,82.04811411147988,Normal,560.8656379537096,57.247524549882094,11,12.016795351302397,47.0,70.45793278860039,72.43627229003764,None,0,None,61.859012779347005
999,Eastern Railway,Summer,Passenger,2,60.97234370916772,749249,43.56794721347811,8.578371038707434,3.06991396037155,Good,12.086419141647402,18.486808226793002,67.48675652151255,22.80701374334224,9.081770072347261,31.628085528313665,68.60753851666908,90.78944675009896,6.951149566728503,104.41772253135653,,76.68242753412906,Normal,919.2819734307218,48.88189017215313,22,1.7473768339513216,315.0,81.17631464866827,100.0,None,0,None,42.37517513722242
1000,Southern Railway,Monsoon,Express,22,74.99180943755417,1493049,50.92090416436278,3.0907316083525487,4.730873790836886,Good,20.662400322400682,30.884013814178928,22.87384003287783,6.159964853975786,4.473346640418267,42.4821710461926,63.41707565548224,84.18579686715826,53.76444211351132,70.42053070552508,23.768457735840848,69.29237984547801,Normal,567.0269247047373,50.700306987575374,23,9.761754681148448,158.0,93.45005446185567,68.9693120828169,None,0,None,57.59021368332018
1001,South Central Railway,Winter,Express,1,55.086916012156664,1117881,37.46598120373123,5.200003448309012,2.5257228329167836,Good,12.89874917610345,41.11203692544016,45.09518001880721,34.863758949938585,0.0,46.038215302084325,63.316515024739374,78.79449122406022,16.514454027990194,71.86521314302092,26.158776168466936,66.58723801714774,Normal,898.6637881696109,89.50880525863278,11,4.981978216356438,80.0,93.63036265061312,64.73178517311699,None,0,None,53.95614866120564
1002,South Central Railway,Monsoon,Express,28,46.52490612797903,200575,29.20631264891136,3.3100886036536554,2.778877411048884,Good,4.447105647059591,28.093824470429873,76.53873089496085,9.10580823648733,29.705334517619875,50.08394605735469,69.23265123268474,85.78028378901887,77.41645223246962,,24.437383307909275,98.11712484417804,Normal,513.7712817783068,86.89760931801337,2,6.726152471396873,308.0,75.93605452257745,58.67038769053828,None,0,None,72.01280496888316
1003,Southern Railway,Winter,Passenger,21,59.04272586308958,432707,29.889003671976425,8.581598166064103,0.992780610972456,Good,2.3242392402178726,25.47642060112075,83.19972034739594,11.474831454850694,6.456203847697129,37.27412332585493,86.36731851968717,56.70121677167064,41.117726811626774,55.175941431107574,26.564667453262324,60.61745368002809,Normal,735.5422235364595,48.16520502809341,2,18.662976635715076,,75.25915187648897,74.93301106052886,None,0,None,59.191520492666015
1004,Eastern Railway,Winter,Express,18,55.802497071467826,1251204,37.64113187599981,11.293044095410528,3.7205143633939217,Good,22.382869145982227,25.98263862516957,100.0,21.173394150124683,12.715570086288839,34.47946013145826,54.240700283816665,92.72967968586968,46.427112295968826,68.05269793922601,25.275848208296924,80.41258700967173,Normal,985.9752853452986,65.63660620540277,4,35.72360852476604,47.0,63.90053321778306,100.0,None,0,None,54.77079923788999
1005,Central Railway,Summer,Passenger,12,63.48473036244116,1078230,42.53607280477444,1.944425202467503,3.5680248685866327,Good,3.6173419080704634,20.867857328841154,69.43544955471796,14.745502717934542,13.139982579289219,74.32739182585706,72.48614593279714,76.36801767835262,11.976818167356626,94.21857483548341,21.576933402899858,78.66180974521326,Normal,783.1512581572612,55.73340867544107,2,11.186228259925313,91.0,65.47421439951346,75.61065332526441,None,0,None,63.565927795309804
1006,Eastern Railway,Summer,Passenger,10,56.03685496504489,854183,41.65849223740498,7.317239981981999,3.261345577634768,Fair,3.5998565678727523,32.72291134127682,16.4006170421926,31.794711882977044,20.41940967517719,35.11104025983987,65.61352962065016,97.542308640914,37.56762020964733,76.80265310826532,20.670076293381108,90.38444897930684,Normal,569.2436720509709,61.60746275576712,12,15.012339583044978,278.0,70.80959406413804,93.65815417022985,Signal Failure,1,High,53.33808718839432
1007,Eastern Railway,Monsoon,Passenger,14,79.89684814449343,1248389,36.13997707546726,7.762903697422644,4.5959546261783055,Good,9.421543726980284,29.383845691989997,70.96244654290612,16.419465705088303,2.4525855698783197,46.09278031005666,73.36968602903931,58.89507167618173,24.497227391590897,51.33862710166096,20.581299956487037,71.9473462434273,Normal,598.3239926714444,38.95723449072946,23,1.984461139260062,129.0,73.76899548765954,64.59947340419377,None,0,None,62.15953704309849
1008,Southern Railway,Monsoon,Express,27,88.01536612362383,239947,41.70086068162479,6.632345032697834,3.089106398903138,Good,7.558015216941726,26.594834366914966,27.50834835114938,35.33098271798602,13.345184367542021,22.368918846506386,58.946925337120916,110.87297399724382,66.11191203390037,77.09726035589051,24.393143631778134,62.37102723234801,Normal,645.9109323589621,76.45581207588656,13,11.927378124110385,94.0,97.97039625962776,85.27106016355586,None,0,None,49.13761488394675
1009,South Central Railway,Summer,Passenger,19,41.69623522905037,362784,36.09881098561773,4.207758668970216,4.915485577276658,Good,9.303647710942272,36.212279039885274,60.84671878652299,13.565085114263727,8.959395899796554,54.4667118552838,62.52252306184685,46.31030836034545,42.145149895737035,64.66738744246219,20.713425670861724,57.51176066370522,Normal,524.8924267704623,96.61620376096256,18,10.064611018862708,274.0,77.03026891365899,71.36447421919169,None,0,None,62.5536191661554
1010,Southern Railway,Summer,Passenger,17,70.1677002919229,274086,60.78541127506766,6.497986940514561,3.094206598622523,Fair,10.59939227933201,30.85376168980713,54.38250139590798,24.22826083578724,31.68810595270385,44.59973710542743,67.78409093815729,133.43142397917256,81.26273374137368,,24.471893123934553,69.67239352036002,Warning,385.5422274230659,52.72198476289877,17,1.612791871993455,72.0,75.17378878391663,76.71918468061295,None,0,None,65.71682991443481
1011,Western Railway,Winter,Passenger,21,36.79278743126161,38112,38.89254569112221,11.127348803706981,3.0013797928148134,Poor,8.099567296724205,32.64391020160449,45.68129285629364,1.547387881832074,8.819404584426817,60.05040623290179,90.55643417189424,82.96305092592334,43.144787477729984,59.21012839658212,23.90194305003318,79.85044728715707,Normal,529.1380130096841,49.17599980989225,4,9.046041400700899,3.0,78.02553832760759,96.14582539259558,None,0,None,54.51930175452365
1012,South Central Railway,Winter,Freight,1,66.34693522032276,1248110,44.76213763319683,4.473021404102829,5.242083067564471,Good,3.6516336993699547,37.85453949737423,45.100370120343655,20.240774756265864,30.758084856584755,54.02843698811858,59.25249679560535,80.7786919872937,49.84432350810765,48.805304763261205,25.098693592011994,49.711473119338,Normal,993.0302510286479,74.9326296328218,3,10.355157864255036,115.0,53.36335831999475,69.28778299230802,None,0,None,72.65301461512797
1013,Western Railway,Summer,Passenger,9,71.51180048572655,365060,17.34732736819626,10.713935263031674,2.965159968453981,Good,0.17226605285587931,17.077697923440425,35.36347135806427,29.106482422035526,1.8094677103514485,77.83489735195133,58.60302803507718,103.54154299356821,38.01090767190705,75.46474464825616,19.32047889965201,56.068627020055274,Normal,516.5150367118284,71.6969146672793,4,7.699681640646867,57.0,86.71138985111835,90.42043644827774,None,0,None,55.38073154879013
1014,Western Railway,Monsoon,Freight,19,67.01203496912647,172314,26.652211725220567,12.259900775496877,3.7561282655499686,Good,10.344881091733575,21.277779238904618,51.40059476384636,27.87317171367085,19.243935978702474,46.843176232961866,34.6649327832132,100.92630973006335,35.67180083893892,66.90050847189767,18.222447791942212,48.46876409899191,Normal,754.249971067889,51.546034491372325,19,47.08467841217082,360.0,88.60080893517296,76.0068086011856,None,0,None,54.76458042305962
1015,Southern Railway,Summer,Express,27,84.04161539056865,615757,18.429251499907004,3.758592503993489,3.357852367674584,Fair,5.665200385135201,32.20898172625685,62.53698173165895,26.49314723546646,25.605738798279432,48.82129234537254,52.15773541319205,96.94617644091181,29.30419781593546,93.66513576490485,20.2316027376658,94.59127928047374,Normal,879.6537313420853,70.79364061971486,4,19.48152637314839,80.0,81.67146917020868,90.05216266742856,None,0,None,51.61555238102318
1016,Eastern Railway,Summer,Express,4,52.888450867502115,884904,36.40582667443693,5.2883338286487875,2.6470538225140112,Good,10.234459340363362,18.162738343736365,73.65705446333713,21.365711164605447,,34.3774138156686,63.85650277999027,85.80064887118989,41.69361786170582,80.87805347493683,22.493498877516846,94.8489264126993,Normal,957.6082346920255,69.3248937763961,13,39.902498612180054,188.0,58.26221072371139,74.91279327014888,Signal Failure,1,Low,64.79940335375507
1017,Northern Railway,Summer,Passenger,19,80.20955318138027,832811,35.856987556224446,13.25189630529859,4.735599950798323,Good,1.358566306285797,32.21623700975187,68.2848429499707,14.81009574729486,16.185494050052217,70.62343402939102,68.86951722165091,109.56895195893657,56.99507657468122,60.07918186805053,25.951621942449243,72.93852859188794,Normal,943.9915083147172,34.56686394848,19,27.375218571446922,3.0,46.051727263264716,74.72146086843166,None,0,None,76.8721607445171
1018,Northern Railway,Summer,Passenger,5,93.06815157234487,596797,42.34276269570238,2.4477709979455895,,Good,5.503133069846956,46.051220033508024,57.99954261930243,29.76571890022193,29.120318864976838,26.341302927097573,78.03923943171809,97.21154650585714,41.72791315480132,78.41332869204184,26.474041557917,84.00429604859276,Normal,846.422547520723,65.17696516337361,1,22.41999383967117,352.0,63.76869215235588,86.51839989076325,None,0,None,57.60990019719314
1019,Central Railway,Winter,Express,3,77.53502340417631,348198,17.341591437898835,7.065010119931,3.246533392164693,Fair,8.874387011886284,33.02309671444873,74.51606266911548,43.13323916421745,7.248842869835045,15.323084504474863,73.29553535070423,116.09784540690913,72.11455527518793,72.93517204785411,22.049945166820315,76.3639977951858,Normal,676.6493240959225,65.89901151410253,19,13.868727867443637,320.0,76.47040402426708,95.02187879236779,None,0,None,53.093346981127226
1020,Central Railway,Summer,Passenger,27,72.86964007970376,815404,29.03361613191432,9.346604117127132,5.084177514683892,Good,1.9962645303310564,27.74738834480607,,13.088655930145705,17.24613996152735,83.87309388188473,90.85356602135184,102.96200608741388,,78.28623830753935,27.193044757682053,96.66300626480133,Normal,907.0464378797728,69.61912165591444,22,17.812468087301973,157.0,71.8293596186478,100.0,None,0,None,65.33537429132953
1021,Central Railway,Monsoon,Passenger,11,61.45922632347741,162583,24.558457915776245,12.278195426168178,3.705777185246723,Good,3.587719629237644,9.890520486502485,70.05387658636587,4.188125342274283,21.259065664515514,35.33445902292575,41.2908638806425,92.9011285514982,38.727304592955036,78.60185713093334,27.26357322167072,88.24127529387104,Normal,874.0817447572075,97.37804784985039,18,9.15688811317614,199.0,99.30984234212264,84.21213281600647,Wheel Defect,1,Medium,46.876573237036936
1022,Central Railway,Winter,Express,15,77.3040163821427,879405,21.4430364178154,9.265316904409097,6.203634215275822,Good,1.6197969360909306,28.748882102826983,71.3289159895229,2.5174874839965473,14.251823662079664,39.973652123124666,76.33687658670055,115.48505206454347,0.0,69.98906549822064,23.498454101890484,76.30197506000961,Normal,739.6205618790057,89.19937041879741,21,15.074838019564012,191.0,64.53154022770998,100.0,Signal Failure,1,Critical,48.4100087387702
1023,Eastern Railway,Summer,Passenger,19,47.12201831335949,1084561,47.20673411464577,7.531248375441289,,Good,5.513858715087679,38.11630672849926,55.28587570254828,15.621600901936631,22.32672195450378,38.876966799857804,45.12004646044033,71.41908587182148,89.55857258322565,82.19604553782513,21.952458436100237,103.03138252551858,Normal,463.0921606446669,87.91315801508367,9,24.362653488603716,17.0,85.55261735083072,69.92621791263598,Brake Failure,1,Medium,64.84773856524919
1024,Eastern Railway,Monsoon,Express,21,54.75964892517317,342620,59.66189461864238,8.326091451486061,5.414689583532343,Good,1.350674563935713,14.361061934960652,66.69724007630973,39.36129531036403,0.0,53.068083275795765,55.006789716532424,111.45077688494857,71.51120959408779,73.2437247583381,23.787118313405273,72.7838428042065,Normal,695.3376302228148,46.749801392643484,4,28.22311788934235,272.0,71.19442389095772,100.0,None,0,None,58.76884556864732
1025,South Central Railway,Summer,Express,9,74.002239906414,386917,58.98005277696617,9.780970909623699,2.8111373288675434,Good,3.882143892162698,25.79107717179539,48.891725281427085,3.90390033117269,8.788187510835975,43.73031324491416,45.31694135038163,100.83198176598887,85.06677934826371,55.45230414706874,23.234121903275636,90.98082641464664,Normal,265.04606227515114,60.310332363291266,13,23.69448270554953,59.0,66.22579992047895,58.570911395890235,None,0,None,75.64071492824746
1026,Central Railway,Summer,Passenger,24,78.8956671215916,1075313,53.653325277389456,8.524621218280622,4.89401161851319,Fair,3.2311880346222717,36.38225236160206,54.60060740022405,18.967977982695125,14.920100989419549,94.76555933240968,75.26247501161747,86.17165519289196,58.82229714741938,84.08829590799022,23.854506209482288,65.05493719389123,Normal,581.0821261082417,64.3438651309776,16,17.011733245084365,315.0,78.50215696095397,67.3883772752888,None,0,None,71.9764914892894
1027,Central Railway,Summer,Metro,13,84.2936541510599,1134797,44.51948496442078,9.84197297978665,4.525349529559037,Fair,6.321300224591812,34.09964138298856,52.656439553610575,21.42495519498533,9.4485041315005,62.76839724205817,49.60824801826602,88.7226676862916,15.74609688007601,62.11948924324571,21.38355343908677,77.05463052172962,Normal,956.7907069637921,24.317270161274124,4,25.174221500335452,162.0,83.98199517426868,73.33872044550073,None,0,None,56.71492365140083
1028,Western Railway,Winter,Passenger,14,72.52972209683266,1343915,59.23177262094871,11.35063689490583,6.517428947068099,Good,4.51577208821948,21.478556389070853,48.81617326917258,36.44007839041111,19.96805731552994,56.239043345194425,71.62230514190392,87.86066208311264,13.562029635509102,91.60955588553722,24.747538517282013,83.28580073049876,Normal,706.3022629475469,54.829133091332736,14,13.583190298293928,154.0,75.92597911038035,80.64107339562281,None,0,None,55.67169257000441
1029,Southern Railway,Monsoon,Passenger,10,94.70685632666365,336517,39.74342016870689,5.671038420456409,3.090066762660356,Fair,9.890899432247434,31.946924957634856,27.904364059243882,7.3902192879531174,19.537202278373098,72.26498660895624,46.63559755592016,99.4111792460105,67.31300255526992,83.3384582790311,24.83099500064715,46.00069799065567,Normal,622.1878538414235,86.0913746573947,16,20.869586631309147,92.0,83.01665747596807,82.43296921966848,Wheel Defect,1,High,63.02932903116114
1030,Northern Railway,Summer,Freight,19,94.5523120523192,1384883,42.394056692212104,9.756862812782682,4.664311860133884,Good,30.0,21.231999354501333,63.95959930579042,3.6006906508491183,30.54787199483438,72.89820982697799,70.51548351851443,108.92440126610086,36.62889582173096,101.96687788737076,27.12292040397721,111.81632061155364,Normal,1068.947009334638,48.17869302594325,20,5.257620756274794,244.0,79.5917295526128,88.58604996064437,None,0,None,57.566843017666336
1031,Northern Railway,Monsoon,Passenger,23,68.49704139953477,1496052,38.69665421530226,8.34914887288302,5.7459118906311435,Good,5.471016445618483,25.205888901388498,86.15821126985259,11.427671035582016,12.686153624115303,58.288969149621586,53.06830898310044,102.69254552858457,56.35044438132421,69.70539173238564,29.19663461875762,94.0275249427438,Normal,836.6848913343221,100.0,4,26.747615409051438,148.0,73.14935693098228,93.30369066655444,None,0,None,58.93734537050401
1032,Western Railway,Winter,Express,8,65.37233123182129,483517,53.35308717589185,4.784138632317221,2.1440884706540944,Good,2.127145992598766,22.868613010208833,22.542750625452385,6.535122504005557,11.302369070998475,73.06299680488084,76.38135869119208,101.30509259433575,33.15402917503569,95.16345066967278,23.15085553414351,75.12346465579033,Normal,530.7023985338116,63.19479910678287,5,15.579151885504148,206.0,64.01864905223135,92.70787616604225,None,0,None,61.078270070591714
1033,South Central Railway,Monsoon,Freight,10,50.811221296659795,447420,18.12147097840517,2.812175437385566,3.510280284743401,Fair,2.4497056072853236,41.408895942455075,33.773548819757025,23.95013408072159,12.682359049260713,38.80781219255022,43.64018405395373,87.84891447930613,41.107602057335235,73.7151935972142,21.639681249113014,82.71632584954527,Warning,1069.4677170828259,72.2972430935036,9,29.237945770424254,106.0,100.0,86.20589176805107,None,0,None,46.81525001866494
1034,Western Railway,Winter,Express,16,72.91721159282666,42791,58.21274250854486,4.516482901802023,2.7637520106304,Fair,15.35968856697858,33.08170884979694,65.04027854239362,40.21392700681622,19.586338608623883,,77.6509806590467,103.55342791171759,36.11223864912333,,23.48973292979001,74.3725712780149,Normal,480.7258548079402,71.72118796766227,7,14.538875431977647,339.0,84.43176681747809,100.0,None,0,None,42.70877246221014
1035,Central Railway,Winter,Express,5,79.00719552922506,730526,20.66883760473195,9.988285482518265,3.747743186384045,Poor,7.108068421742345,23.864097153468684,72.41984069646054,10.903261942140476,20.132841188251618,45.307096852915606,65.66256466693522,90.27368281518837,14.306418342056844,85.85743510603949,24.63087088733151,70.83608019640394,Normal,616.5920490383951,90.59057274332494,22,,250.0,80.14897893359932,39.343464370221525,None,0,None,67.11967212290858
1036,South Central Railway,Summer,Freight,7,57.63562913815352,326129,54.5647614205053,7.165141395490114,6.812934642354083,Good,21.259323945570554,39.402420037416114,38.29857913963441,16.100090037241582,26.733511454068832,24.282540026095635,66.11070742408089,102.8017667654719,48.395197253737166,78.23893807199867,22.295795869598567,76.07719907259155,Normal,572.4165636423644,45.73314845733195,9,6.477025886464247,226.0,72.75862176556014,68.45890260703176,None,0,None,61.47552706156775
1037,Eastern Railway,Summer,Passenger,14,68.75309773452265,224815,53.68166676507323,9.490365249580753,2.240805438416223,Fair,3.1043233132924684,29.795199636938843,65.18906273726796,18.272339122493218,21.97159992767412,26.808545682558027,44.754564694998635,86.57249457754777,38.44900631822006,82.09427098270415,25.17065745383512,65.49542497442991,Warning,545.1358287077043,48.48456897994669,5,9.951965724588241,72.0,62.9620326068886,56.61646179111902,None,0,None,67.93615976081405
1038,Central Railway,Monsoon,Express,13,98.84555626789432,428635,34.33176230859425,3.0787040693133676,1.2818740007783913,Good,4.781227632097002,20.26212335195424,51.20490985558406,15.078610846828248,10.209325507279896,26.827033301156163,54.78973848004818,88.15101503789319,66.81028469916617,78.83076749312704,23.927506190475004,63.08250944780393,Normal,890.8704832220343,35.770288319529726,15,5.233701153020011,46.0,75.4768102889269,70.64806015009687,None,0,None,62.90189304639003
1039,Northern Railway,Monsoon,Express,14,61.73485587705869,1279213,34.150949644339185,8.977783940678746,4.940011614223098,Fair,5.714908402063219,34.950663222597136,85.3044989666933,21.707155977296402,9.896000080640281,72.94269149833592,76.82777894632562,74.74530202310802,27.91127428561468,,21.60812276677588,46.557961136115466,Normal,808.5728005062624,59.69691162152398,15,25.628953077665496,65.0,90.64137657812296,61.80298794147018,None,0,None,61.772567285734986
1040,South Central Railway,Monsoon,Passenger,14,84.53209032228081,666635,28.090076011881422,4.586053742427495,3.077689717433236,Good,4.242847964002935,32.82034184159595,50.49274227396293,6.031221687338516,12.948710096476836,22.99032425011199,77.4830336367485,88.86189761314115,12.046178383279372,61.51912531310711,26.027097010816554,64.22157040193184,Normal,1174.9006068752171,82.42047952199005,8,7.394193946257612,293.0,82.40895412646545,99.33696674488067,None,0,None,41.64440309003758
1041,South Central Railway,Monsoon,Express,13,84.37006758571478,1354330,46.45926646684611,4.27376983302389,5.766193668361787,Good,2.1559836520003905,15.067243557640325,68.33196150502428,61.66194800951576,21.326520689074293,14.81971406777674,74.67837103979886,77.40652606657271,60.952762846399196,63.178261928097015,25.94240116925912,64.2589160180558,Normal,657.4390662822699,29.235882814638863,3,38.13280939004618,228.0,100.0,78.43599888175024,None,0,None,48.91327192851381
1042,Eastern Railway,Summer,Passenger,6,66.57862195437237,715857,47.51442490124785,7.585804647660528,1.3371151795522964,Good,11.434975256080005,41.8936733320679,49.67735682693328,19.679240778395695,21.582823915529243,17.99880085411408,82.40043935368377,38.0440160922022,62.63978875963446,95.75481527721179,26.06059260081551,64.1168445942161,Normal,564.4798604942639,67.57466879387057,8,23.693923707995182,299.0,75.25758332990264,83.12188616424467,None,0,None,56.66297411911073
1043,Northern Railway,Winter,Passenger,1,103.94214930161326,830091,30.23725870427421,13.556835753851793,,Fair,9.455148303360636,32.7535085838592,44.06276609375486,12.662771723432098,,7.842081045234316,48.62755531410801,107.15854656940934,55.504190844244434,82.40726568612034,22.908737196784074,81.40054105840936,Normal,959.9857686434401,21.550043199094745,20,3.201409981579299,272.0,76.35576612643321,87.77620520407531,Track Defect,1,Low,52.055750817743835
1044,Northern Railway,Monsoon,Freight,6,54.41163722270398,1010363,48.179403408260846,3.1949089085414064,3.691425709382927,Good,16.675318513364875,20.29469680454457,19.36826717974509,23.745197909214607,12.74290620486155,32.72343440211916,75.81148581633464,80.84619058432475,40.5592939869506,78.0351385996363,21.031720454927548,55.49405705476561,Normal,942.0078648347496,77.57661895350722,8,12.991799106178195,218.0,86.27080973790851,89.85339775400341,None,0,None,49.3489366361913
1045,South Central Railway,Winter,Express,17,52.49874443804718,564884,40.85128196913568,7.774919382053741,4.274543410762008,Fair,1.2103203156715334,29.919817490071882,63.7444410219403,14.330117812519369,15.3890505895679,52.4255003726559,66.05408475585992,97.66305612359429,24.724890179369744,65.89781356480346,28.588354637672268,44.45303645079204,Normal,977.5650544209016,78.16482453835854,1,8.037998276654283,162.0,72.39984731880367,81.01412660280444,Signal Failure,1,High,57.877667710241006
1046,Central Railway,Monsoon,Express,3,75.53564432864138,509635,33.72567640737445,9.333004882292613,,Good,6.337407203534319,18.606365897200156,62.611554455449706,5.63575799302024,11.154690975834567,45.3142429413147,77.79231679851131,113.27282878233059,30.487082596979285,,26.936185682771274,70.35658177530532,Normal,269.3245817827798,68.43603741108504,5,23.84859761122744,205.0,85.37954856070488,97.51005174488265,Signal Failure,1,Medium,47.35883872378847
1047,Western Railway,Monsoon,Express,11,64.8476046174103,1217611,21.420463164017477,4.774376297832889,4.786534592159085,Good,1.4054827462848605,27.686665887199965,68.76751212643835,7.45050490539069,9.693120032453848,49.05948973713667,53.78020433045518,100.1097198817572,64.33247324190422,72.76112043989359,22.676508635021445,54.72770849916856,Normal,1035.8293950894033,27.870911119315515,6,28.624858516613756,122.0,72.69901923240039,64.12277506742615,None,0,None,69.12116644191686
1048,Southern Railway,Winter,Passenger,10,20.0,658029,29.234723830842903,6.622732062299586,2.5573339331205265,Good,14.909121946034215,23.0590875522529,65.60971243525226,9.29205222616167,17.39734837345965,30.25536140596997,72.90220903283117,85.67923349648267,22.593746411504306,34.597170004003004,19.503036178995075,68.25737776934635,Normal,1024.4229235330843,75.97268209000225,3,35.32912470187307,350.0,82.61960923497894,45.71099756130205,None,0,None,63.01165379392279
1049,South Central Railway,Summer,Passenger,22,57.53738637316778,743022,31.183337569364024,11.336646128446226,5.458047188391127,Good,9.242556364222743,36.37818786071455,53.305577144077844,26.40375770644291,16.366960223275928,68.17234452341515,,112.51687072597117,40.4176772814735,76.97220135601947,29.35315528437538,76.08691238419888,Warning,548.1589363883195,70.36231066864839,11,51.307023404139436,102.0,81.74683925465676,89.33087760097655,None,0,None,56.411302371261634
1050,Central Railway,Monsoon,Express,25,87.97566650225576,408212,37.651458734029895,9.098514458979611,5.303792836350365,Poor,1.5286212209907748,24.878376985279267,78.55661386650681,8.460600423258498,20.15394154237628,54.74611543254759,59.46583744238097,85.51999475418148,38.483424638159896,74.83705012436107,,72.46049128933261,Normal,732.6571013186243,34.85316558231929,6,6.973115835958281,186.0,90.28717209100677,74.00713498007234,None,0,None,56.48142353572844
1051,Southern Railway,Monsoon,Express,20,53.60287235257823,326535,37.57063301829455,11.372378810208069,4.001037237962298,Fair,15.255678557337857,31.597098591699783,72.64244652583261,,28.92336937858716,33.90458200867916,65.26175804131572,91.4513142314608,56.17897688885232,67.36031148422684,26.8556551329318,68.97945661165025,Normal,1319.2726933087338,81.61313470735675,15,13.661624166609963,238.0,85.57067164637895,66.44639358966641,Signal Failure,1,Medium,60.30656100201385
1052,Northern Railway,Winter,Passenger,30,86.59771805274285,890724,48.903364961818696,9.179047067444237,4.832151270709179,Fair,6.815142876547271,31.131895017046226,64.35244284535959,19.194397792207955,,37.29189018584983,52.3571366632117,71.80628584814256,79.73822967095623,44.09976381247395,25.30666258625922,61.406603611392825,Normal,703.7220312584543,41.42907988574453,5,17.637387863455068,15.0,89.76062712234244,90.93642055798492,None,0,None,54.310551290406345
1053,Southern Railway,Monsoon,Passenger,2,89.03646980991995,1353134,40.86504389338718,10.823013001376363,,Good,3.583291168689859,30.434144564769532,64.87166922304289,32.656828823836356,10.38897113795742,82.95201243003541,51.564754056954754,101.55591841471086,9.20143696328843,73.20838128363887,27.01663249559602,69.01825088171677,Warning,272.13338406116156,58.018426495540304,13,22.920013879423774,73.0,72.71511767529964,66.99663244402682,None,0,None,64.92390486723433
1054,Eastern Railway,Summer,Passenger,12,86.1223205790004,979792,56.033067895073785,6.605715908511147,4.564359442324109,Fair,12.158571370211268,40.13490779430454,53.36425758969198,,,69.39845439999121,81.2196573386046,105.94786155514682,51.258032632310766,63.96703948572078,25.230115770790007,61.25783453234403,Warning,1020.7228667169168,54.62411237469554,22,19.950504370759678,,73.54521661290325,72.56288847315926,None,0,None,66.9606362747234
1055,Central Railway,Monsoon,Passenger,22,43.95251544840147,1401377,43.390536299375576,11.415093914168237,,Good,2.902984752740474,37.10087340990366,72.69697729415797,18.04415035204045,28.646778116981032,85.8709696278762,55.51743730654708,89.23948980389125,36.72789046505489,,26.793995029094564,80.90121328449763,Normal,266.0126938958708,100.0,23,38.535057844978496,125.0,69.04809954501107,88.30393009921693,None,0,None,63.31661863845988
1056,Eastern Railway,Monsoon,Express,18,64.32331138742975,747545,66.58425381730788,10.46167980387785,4.29650950276805,Good,7.243684897174325,15.795287973481749,56.143957082810545,,16.51973418620614,49.64189237218938,59.7108115094839,80.6810690155683,63.3187750178225,62.41398487278999,22.445368299225635,65.93765658603492,Normal,753.8152498650511,58.99372019947443,22,3.0416250332300137,128.0,91.13504114362459,68.52264673047252,Bearing Failure,1,High,61.0639093525678
1057,Northern Railway,Summer,Express,18,57.15363783390501,1382317,61.92598630508596,5.90767664575234,5.574979294123362,Poor,20.05628675530533,34.06267463221508,91.1931771797381,37.235501851976466,,81.1460615433923,,96.04943397007963,53.866550542781184,74.80654050938246,27.537798453235865,60.64954557851458,Normal,1636.8249557634667,75.25185970561473,17,13.50351363899536,76.0,80.74511870247719,67.25551966261142,None,0,None,68.45166838514501
1058,South Central Railway,Monsoon,Express,5,98.23138137678177,501064,35.36558286502313,12.604395025913187,1.412763830587052,Poor,1.0149103667958541,34.733175386014935,92.05570675683916,21.34231232171855,8.744477227702271,47.591380802528896,61.5164561604638,105.23471223637117,13.037664958450144,93.4957116941606,24.24197798501567,87.04833066315318,Normal,940.1699473151348,79.31241311926054,9,19.42075359724194,200.0,72.6359550639412,80.87843089185681,Track Defect,1,Low,55.364321779617555
1059,Northern Railway,Monsoon,Passenger,3,88.62782112233535,93695,70.0,3.6344352628275898,6.0947113799169115,Good,7.845924918472863,34.69978055333563,50.067356140348906,62.85670045008441,5.770356656790325,30.500176704058067,,66.32101108311413,48.67069048274983,108.66703961922005,26.51240732457573,77.39830389049003,Normal,708.5187293718311,73.24265298657404,11,17.36202461971654,47.0,77.08086579400492,100.0,None,0,None,49.89732705011947
1060,Western Railway,Summer,Freight,27,73.52554034043045,215614,47.80351624704287,7.168850952727151,3.7056785039818423,Good,19.460088041941244,22.05657666782174,40.92715720398259,24.746442956640205,12.081603401093819,51.2299695094405,76.19755092021504,121.72720412198042,11.27144088227493,57.853467859065574,25.440570363538306,,Normal,1360.982645524698,60.925673290220516,14,,318.0,82.5457321831484,74.40939133082114,None,0,None,54.44091832886797
1061,South Central Railway,Summer,Express,22,101.81397474131661,1405631,34.709806639802665,10.07613752385779,5.140626202145246,Good,2.162702229863553,27.746438775001266,82.28854290769391,6.084897781338308,5.708085261923399,54.27210408917456,69.63722035848109,95.20721201230147,32.3098582549188,83.81973536376783,26.692192902941397,78.24914433943358,Normal,740.413072018352,91.51967556514349,16,9.34596460762404,347.0,69.69893355398378,92.6344811516804,None,0,None,56.17059920463154
1062,South Central Railway,Winter,Passenger,11,125.73001729651843,1424137,70.0,4.518315494598322,5.829500260079321,Fair,2.425583819000791,49.42403087888967,70.14170480173017,33.1854223347549,20.666265063822365,79.9687432158976,62.09640140457974,115.35559068682763,81.34707097509376,65.93227976354872,28.426522827305984,66.03902457485957,Normal,903.3469468367629,71.57796682192924,7,18.897175078819263,286.0,64.60194663918217,78.8018026423106,None,0,None,74.00605988012623
1063,Central Railway,Summer,Express,10,51.59534571675829,1360700,27.90323978611866,1.9715330143105714,5.983330595532932,Good,8.950955954478557,25.472541169235516,47.780603737553946,30.767766035766183,10.951244255030307,30.901656648890885,29.283292491752235,87.63685972846446,66.83169438355682,95.50286946890898,27.571629847736286,79.10320737236391,Normal,1304.8430455386351,72.15592469027158,2,14.247692559114151,196.0,69.64143482567255,79.49796004242927,None,0,None,62.46121445103152
1064,South Central Railway,Summer,Passenger,5,37.1399999674365,76760,32.41040163589573,15.025420317268358,4.947991275536133,Poor,8.252435442979767,36.919722532612624,97.46290665721921,,16.958174810175304,,59.51747019098109,104.94429721231639,33.85206321599589,74.36782702715001,22.350247792693704,65.71805814036456,Normal,908.5314762008153,51.01780762580455,21,8.374850729833895,121.0,97.12104680124042,90.53426732142486,Track Defect,1,Low,48.205551279361934
1065,South Central Railway,Winter,Passenger,29,91.70538875875197,795314,38.23620109898766,7.307137267195349,5.943165786623467,Fair,4.747652097885177,29.610831292743054,45.09778695760298,24.05234902346743,14.720294936598746,56.39850439390361,63.154575960903635,106.22314919692771,57.22091107764277,69.54280414537614,26.20501232563016,67.34566258524283,Normal,722.8079401417915,59.26810834072338,16,7.257073175569306,100.0,79.4198895470504,99.57330772548644,None,0,None,54.395293275344066
1066,Northern Railway,Summer,Express,14,67.64668690600989,745932,58.319218672919625,10.552607290999326,4.2692029812804195,Good,7.557270431999687,26.123740930077155,92.81017189912086,27.507884943040818,26.192099207564752,65.05178470960249,51.67505936232196,94.86725573799679,23.126137747997493,77.96361113061094,24.237181828253483,91.81177393512361,Normal,619.3566486471541,65.77172128298527,17,6.092066126482944,38.0,53.312631710301325,77.11706958238942,Bearing Failure,1,Low,67.57629291619824
1067,Eastern Railway,Summer,Passenger,17,74.89750688303941,312584,32.78937688455174,6.400691861456098,0.8671142117624409,Poor,15.983358370604382,43.19141783263006,69.48038715284623,,25.6125634894617,49.11192059588092,69.77529803560003,90.81084701575172,40.422607010346645,64.52491968534615,27.617002199076722,68.80447928535531,Normal,891.4123036088052,49.32215755017948,6,12.225235835830519,172.0,69.62429250550399,72.11304933982412,None,0,None,63.822109495069306
1068,Southern Railway,Winter,Express,13,51.060601255758556,1210831,39.57968396638958,6.296924693246567,4.693309066530974,Good,6.202895241986154,38.56850119790438,30.381677108579733,7.440638698696288,23.212474913978454,83.55371066868912,60.524241823816695,90.44532591346538,65.41299444980966,,26.056270791456967,75.88162808735149,Normal,816.4716885668266,68.75104862356295,8,11.00322454732813,276.0,89.82185629549866,58.84060223379883,None,0,None,70.31314528252071
1069,Northern Railway,Monsoon,Express,20,54.36616709670292,1100856,51.406140574171744,13.151511583804933,,Good,13.740130607296015,42.83216022089839,61.32782472847766,10.57926243479631,17.71158870023682,54.26785928607788,68.86965991571829,65.79252742958775,86.98243045439291,,23.39511198091541,74.01150355270657,Normal,620.5008428988551,40.0898257553478,17,21.817489617180872,141.0,95.95343135219495,85.35117735288927,Brake Failure,1,High,57.73093041429114
1070,Central Railway,Summer,Metro,3,82.92424739227206,449507,15.875141226454325,2.379968016375096,3.118409484830555,Good,7.578016194243387,27.1307668994623,84.37735004657446,24.1591743928388,22.290033727365774,42.9809686446393,65.60691368561297,107.76891732413415,1.9083792222272962,63.7688434570962,24.032164687816987,91.22852078465093,Normal,937.4637114807385,66.86643782854038,8,29.711102317304572,125.0,76.59980936651975,73.05696848642114,Bearing Failure,1,Low,54.35352993150069
1071,South Central Railway,Summer,Freight,5,57.01740810913242,1167478,42.30890162232191,7.812108620735142,3.6818161399434133,Poor,4.4594308009779935,31.464041586707125,58.02040012837819,,9.096362360173813,,97.96309158876431,83.89710772377984,15.86653984332046,70.37246028003706,22.91978020058721,62.028045838061345,Normal,752.9718227157689,46.29407116951057,7,12.875391125891026,350.0,94.98398079356517,68.01798934259817,None,0,None,52.199575820430454
1072,Western Railway,Summer,Express,11,85.49820615952932,1063567,27.151866226850924,4.363352401378605,3.8418051916912357,Good,7.272993837688921,22.77038800693294,20.405078521690463,16.756958905161277,13.661562732810815,41.720387854454614,80.98763471776431,83.61911228228655,17.115044200667377,113.77285978874056,23.426973692151353,73.65338886878075,Normal,789.4500782781256,56.81745487482723,5,39.62283395799901,8.0,55.65823876386777,81.83477696155848,None,0,None,60.7027593043691
1073,South Central Railway,Winter,Express,4,108.99890733616547,1327753,40.1427746975773,3.6745679912388916,3.162846420066936,Fair,15.080131509532942,40.17444914301998,76.55270130620576,46.31660610125745,17.073225825860444,33.139545183688895,57.080589453503926,83.52177705796154,46.368456844406644,55.93779095461619,24.40092861641755,85.91881895987439,Normal,1039.680652428409,100.0,21,5.923365807042281,151.0,88.25823192020206,74.367275457198,Brake Failure,1,Low,55.007272722124306
1074,Southern Railway,Summer,Freight,3,100.01143253489673,85348,32.5864693728634,6.381107672084607,6.5347476306585035,Good,30.0,35.05332672413776,35.18741434872913,4.321408675020069,7.031780060392561,73.7371662130272,57.74784375582122,69.90499266165136,91.63923799598356,41.94884955681259,28.149767092648034,97.00640641530678,Normal,660.3385152768701,51.99059946010456,23,6.2454729508633156,102.0,80.81043599517874,100.0,Brake Failure,1,Low,61.522808033039055
1075,Northern Railway,Summer,Passenger,6,84.65800117991844,936632,49.154118146367516,11.76554431421502,0.6384388256623375,Good,3.1881917602631984,24.755281218879727,97.14044176973843,9.21555908089413,14.01059886729464,,73.40285734275294,88.40176204326885,21.11532233800454,72.57896844507496,23.400184827573987,76.01788092330057,Warning,866.5952399877066,41.13835235841391,6,13.51181220103538,169.0,76.0254794636955,97.12516965291107,None,0,None,51.42756051977977
1076,Central Railway,Winter,Metro,6,95.84919125974844,396553,58.86986334321463,8.653482342958432,5.740795354867195,Good,0.6661317629070576,25.717659866765448,,14.419230866100802,11.925340390447104,63.67912479838476,56.679224626491234,70.89086933523876,32.140946912547214,56.56114297794515,22.538459752601064,60.03598477447603,Normal,770.9053061572104,86.1937562205348,18,28.749388000320284,6.0,89.21284145154321,79.40584463054907,None,0,None,55.3564706279075
1077,South Central Railway,Monsoon,Passenger,11,51.44689003688131,802178,61.129327895468855,9.051138727234616,,Poor,2.050850115644186,23.621486930744886,62.658390431667414,12.993690985818747,26.064391806802504,56.803806741747614,58.22715463130713,98.11449915018021,6.897272548057053,81.36842340364213,23.734455663253907,91.4711747202725,Normal,1178.9905745254446,2.342997481652141,14,8.560499985162227,145.0,100.0,76.43879180354514,None,0,None,47.80158476222989
1078,Central Railway,Winter,Express,3,77.74205671757414,458943,52.41560509377701,10.950358773460202,5.511237861899157,Good,23.47752002837113,25.509152072779262,28.699519484736832,21.053192776585114,28.274079187347965,52.07685131219097,53.98575962805833,88.18722380273458,37.71454899746008,83.75114233454764,23.08776756594573,87.25061891655848,Normal,593.8659980112859,81.2681366199458,21,21.82399729638005,153.0,93.61044552163433,76.1112124517559,None,0,None,54.066129755761075
1079,Northern Railway,Monsoon,Metro,7,66.8076510210964,10995,57.51389640637153,10.673115633075081,,Poor,3.0907119780498955,34.095340446007285,67.9073605986401,5.861081725781011,17.747422179611874,34.03894290290729,62.88018902661055,99.60681958370485,32.54109379665903,74.92864307559088,22.3788098119862,67.26866166846142,Normal,644.4346907870275,82.7337318352302,15,11.438280847087423,172.0,62.42328175395207,68.10655239110626,Wheel Defect,1,Low,64.30156355416453
1080,Eastern Railway,Winter,Express,20,62.72529662087639,385671,24.402075505081914,7.664258056839911,3.2466897263593264,Poor,3.0135224064458033,38.1402456480848,28.231058049691462,48.03284310425055,11.445109073878228,50.62599355771428,67.8288431168903,106.60501887949093,86.28040178115637,69.50897060678788,25.927161658390595,46.02355809308964,Normal,920.3743455299009,20.01228554964129,24,23.076778335348756,234.0,65.63126208966605,57.468978137162125,None,0,None,77.45087522144074
1081,Eastern Railway,Summer,Express,24,107.89548388915881,296034,43.3767101816723,6.869304068965467,3.599498691633842,Good,3.710101100723588,27.680129624920223,74.50422361518312,30.879354888489473,6.712177382136179,53.17215846463182,48.82987546105042,90.49612877086552,4.693527204450632,64.74183424978581,23.263794882643076,67.753934699599,Normal,1028.855539722197,42.6885488779429,7,20.538336474609373,157.0,95.8828593696022,58.41971503107065,None,0,None,54.67395181012688
1082,Eastern Railway,Summer,Passenger,27,107.6215030980222,1198483,27.15404065263025,5.192869939824565,4.229046648132001,Fair,7.026425106144087,21.87009905961135,,22.760996389037416,18.782634341831383,44.356116660738984,71.51332826758144,91.86477236197845,61.100156907166834,77.23375923134594,25.642048334608916,109.92487479479132,Normal,504.29118039736426,98.99222500193423,20,17.21841987687663,200.0,92.15774276298197,98.62005945313932,None,0,None,49.046210259543415
1083,Eastern Railway,Summer,Freight,6,68.31945588667251,405942,37.515771179362375,5.306535019348723,0.7498605708580959,Fair,4.43632900286051,39.061587128846696,64.38467286121241,37.36570241165652,14.173952575343629,54.803941054494295,83.2347872922243,80.23850152082545,59.86619567598723,64.04304097453361,19.359845773845443,105.06106672816509,Normal,699.3422080269712,82.50597295456544,12,8.137055770852761,30.0,85.78774860180695,67.12380115842039,None,0,None,63.68147809349266
1084,Southern Railway,Summer,Freight,2,63.34261860560517,497548,31.360168848999017,9.388086441470113,6.4215099956958275,Good,12.57460958239484,27.931921107581527,24.767541130030125,24.169950183302813,7.268257267891087,53.925819338777416,82.68655142139087,91.88579862104382,,67.22295978877408,24.927069779662332,56.05420975992756,Normal,590.3675101981903,78.49406780578352,5,16.5212691344679,189.0,61.628634883462,77.97501026037047,None,0,None,60.77710579051165
1085,Western Railway,Winter,Passenger,20,81.87747264459819,198015,41.30254187206077,7.947971354050957,2.8772012479465703,Good,3.9142777975988547,27.54170892951097,64.78589821814083,,29.318875962099604,36.637525158405325,49.895602091736805,113.23298509534715,77.91504994159907,67.6463306487815,26.01744909362747,73.52809367455443,Normal,1032.3840519208027,61.250475682678214,8,4.91966769413827,191.0,74.6497482043246,67.6054308108327,None,0,None,67.39357360969561
1086,Eastern Railway,Monsoon,Metro,9,72.28955505252934,782094,29.764284817348106,6.435599562452684,4.169656975952783,Good,5.846111241456404,33.630952365830595,71.3427546548847,17.22699616540666,,61.13636622727749,86.81510863946305,118.1682300954283,34.753430544505896,50.93200411193516,21.221292416758867,79.60835690669106,Normal,917.7375488827506,77.55394123461245,18,16.532668166327905,220.0,73.01593417667387,57.729570505885206,None,0,None,68.62254287687183
1087,South Central Railway,Summer,Express,30,82.41354809092881,1374932,50.659190313195765,11.956859474661584,3.4450575841697155,Good,4.426175734508964,27.631237059392603,70.54058053050124,9.336922476609029,,38.38702861490256,47.05274847922392,94.7692638452276,27.5795261403208,37.74059304032288,25.93314212832283,79.16627669567623,Normal,722.3160834299176,38.59301942745174,24,5.867599463501183,132.0,77.27722693776973,100.0,None,0,None,47.8479537850641
1088,Eastern Railway,Summer,Express,9,81.27570534528316,1247672,50.71762065654253,7.860718015654184,4.890708660861825,Fair,11.45568827441671,31.71669647284517,,13.801827538106835,,28.244617674598512,37.74989722425487,78.59034695060473,62.20165593767659,76.450744037887,20.9050477997859,83.05396359662312,Normal,841.4044465744832,92.17135908535246,8,13.883420484264429,340.0,82.68387234926182,74.00865891486526,None,0,None,58.72455509939679
1089,Southern Railway,Monsoon,Express,27,95.61193591358384,1181208,28.4343535124655,6.0694053768054745,1.7042044819321718,Fair,8.55000644094648,26.880882431171358,68.29097740987328,14.285714064388127,4.891679766167417,38.123203900402174,68.80225614174452,116.19168435892291,,58.06558066452834,19.939807906615044,84.21519687177359,Warning,901.6859135856852,62.83274572030756,20,8.856632598145659,177.0,97.5138660682223,79.96283818775817,None,0,None,47.68907322708149
1090,Central Railway,Summer,Express,24,85.69706258953856,1466096,44.544045491872076,6.775849664683333,4.21259878275905,Fair,3.2226567288874333,24.18745455282691,100.0,17.887047660733856,13.530542916635946,66.51838435472408,59.023044195080196,117.58236963479568,48.78943017794653,39.99020230955364,26.824252621432947,,Normal,1040.9640784883854,100.0,20,,110.0,71.85720782855275,84.28595364665193,None,0,None,62.64606566357896
1091,Southern Railway,Winter,Freight,5,107.96772850971891,513662,41.18373757478628,3.8194360536230523,5.894540700142788,Fair,11.339467020870682,17.149465491102195,10.551442508304547,8.498838173041953,16.607401700895004,72.07922512548315,71.01995279849902,87.02400793271994,14.100062768450602,44.86314374769799,26.289010875779987,53.245862590725494,Normal,100.0,82.89293619582142,23,20.115395324248457,323.0,94.28419563257948,100.0,None,0,None,44.92742471268724
1092,Northern Railway,Winter,Passenger,7,47.62350470258792,1040172,41.94916185581504,11.460393578758381,2.0402271177258857,Fair,6.631364082452476,40