task_id,failure_within_30d_target,maintenance_duration_hours_target,priority_score_target,priority_class_target,block_required_target
EVT-0000001,False,2.93,38,MEDIUM,False
EVT-0000002,True,8.18,54,HIGH,True
EVT-0000003,False,3.29,38,MEDIUM,False
EVT-0000004,False,2.62,17,LOW,False
EVT-0000005,False,8.0,38,MEDIUM,False
EVT-0000006,True,5.89,33,MEDIUM,False
EVT-0000007,False,3.4,31,MEDIUM,False
EVT-0000008,False,1.94,25,LOW,False
EVT-0000009,False,4.46,39,MEDIUM,True
EVT-0000010,False,5.58,29,LOW,False
EVT-0000011,False,6.45,41,MEDIUM,False
EVT-0000012,False,3.14,36,MEDIUM,False
EVT-0000013,False,4.03,42,MEDIUM,False
EVT-0000014,False,6.09,59,HIGH,False
EVT-0000015,False,6.17,44,MEDIUM,False
EVT-0000016,False,5.67,41,MEDIUM,False
EVT-0000017,False,3.06,9,LOW,False
EVT-0000018,False,4.9,48,MEDIUM,False
EVT-0000019,False,4.34,32,MEDIUM,False
EVT-0000020,True,5.66,45,MEDIUM,False
EVT-0000021,False,6.21,53,HIGH,False
EVT-0000022,False,5.6,41,MEDIUM,False
EVT-0000023,False,6.06,42,MEDIUM,False
EVT-0000024,False,3.75,21,LOW,False
EVT-0000025,False,5.39,57,HIGH,False
EVT-0000026,False,2.26,42,MEDIUM,False
EVT-0000027,False,5.48,41,MEDIUM,False
EVT-0000028,False,2.88,23,LOW,False
EVT-0000029,False,4.16,61,HIGH,True
EVT-0000030,False,1.29,30,MEDIUM,False
EVT-0000031,False,3.98,34,MEDIUM,False
EVT-0000032,False,4.66,32,MEDIUM,False
EVT-0000033,False,6.41,33,MEDIUM,True
EVT-0000034,False,4.57,36,MEDIUM,True
EVT-0000035,False,5.17,34,MEDIUM,False
EVT-0000036,False,3.62,28,LOW,False
EVT-0000037,False,5.46,17,LOW,False
EVT-0000038,False,2.83,24,LOW,False
EVT-0000039,False,5.84,37,MEDIUM,False
EVT-0000040,False,5.01,25,LOW,True
EVT-0000041,False,4.72,14,LOW,False
EVT-0000042,False,4.72,28,LOW,False
EVT-0000043,False,5.52,31,MEDIUM,False
EVT-0000044,True,6.72,52,HIGH,False
EVT-0000045,False,7.06,44,MEDIUM,False
EVT-0000046,False,4.64,48,MEDIUM,False
EVT-0000047,False,4.95,29,LOW,False
EVT-0000048,False,1.51,6,LOW,False
EVT-0000049,True,4.32,35,MEDIUM,False
EVT-0000050,False,4.65,43,MEDIUM,False
EVT-0000051,True,2.27,61,HIGH,True
EVT-0000052,True,5.41,36,MEDIUM,False
EVT-0000053,False,3.34,51,HIGH,False
EVT-0000054,False,5.54,35,MEDIUM,False
EVT-0000055,False,5.51,38,MEDIUM,False
EVT-0000056,False,3.78,22,LOW,False
EVT-0000057,False,3.87,19,LOW,False
EVT-0000058,False,0.5,58,HIGH,False
EVT-0000059,False,5.03,16,LOW,False
EVT-0000060,False,6.92,54,HIGH,False
EVT-0000061,False,6.86,45,MEDIUM,False
EVT-0000062,True,6.03,43,MEDIUM,False
EVT-0000063,False,4.87,45,MEDIUM,True
EVT-0000064,False,4.82,41,MEDIUM,True
EVT-0000065,False,4.33,50,HIGH,False
EVT-0000066,True,5.43,63,HIGH,False
EVT-0000067,False,5.22,28,LOW,False
EVT-0000068,False,4.68,34,MEDIUM,False
EVT-0000069,False,4.34,31,MEDIUM,False
EVT-0000070,False,5.89,33,MEDIUM,False
EVT-0000071,False,2.04,37,MEDIUM,False
EVT-0000072,False,3.49,27,LOW,False
EVT-0000073,False,7.02,57,HIGH,False
EVT-0000074,False,2.39,53,HIGH,False
EVT-0000075,False,6.31,63,HIGH,True
EVT-0000076,False,4.53,23,LOW,False
EVT-0000077,False,1.2,22,LOW,False
EVT-0000078,False,4.23,37,MEDIUM,False
EVT-0000079,False,2.19,24,LOW,False
EVT-0000080,False,7.31,57,HIGH,True
EVT-0000081,False,4.94,43,MEDIUM,False
EVT-0000082,False,3.9,34,MEDIUM,False
EVT-0000083,True,5.5,25,LOW,False
EVT-0000084,False,3.28,31,MEDIUM,False
EVT-0000085,False,4.68,52,HIGH,True
EVT-0000086,False,5.42,17,LOW,False
EVT-0000087,False,1.62,31,MEDIUM,False
EVT-0000088,False,2.83,39,MEDIUM,False
EVT-0000089,False,8.45,58,HIGH,True
EVT-0000090,False,1.71,19,LOW,False
EVT-0000091,False,5.18,32,MEDIUM,False
EVT-0000092,False,3.75,26,LOW,False
EVT-0000093,True,3.41,51,HIGH,True
EVT-0000094,False,5.53,27,LOW,False
EVT-0000095,False,5.36,46,MEDIUM,False
EVT-0000096,False,3.46,25,LOW,False
EVT-0000097,False,4.34,33,MEDIUM,False
EVT-0000098,False,3.7,38,MEDIUM,False
EVT-0000099,False,4.88,20,LOW,False
EVT-0000100,False,6.19,34,MEDIUM,False
EVT-0000101,False,3.04,28,LOW,False
EVT-0000102,False,2.91,28,LOW,False
EVT-0000103,False,4.41,38,MEDIUM,False
EVT-0000104,False,3.7,53,HIGH,False
EVT-0000105,False,5.6,44,MEDIUM,True
EVT-0000106,False,7.58,36,MEDIUM,False
EVT-0000107,True,3.57,39,MEDIUM,False
EVT-0000108,False,1.31,39,MEDIUM,False
EVT-0000109,False,1.99,45,MEDIUM,False
EVT-0000110,False,2.69,43,MEDIUM,False
EVT-0000111,False,4.51,27,LOW,False
EVT-0000112,False,3.26,34,MEDIUM,False
EVT-0000113,False,3.35,33,MEDIUM,False
EVT-0000114,False,4.04,41,MEDIUM,False
EVT-0000115,False,2.75,49,MEDIUM,False
EVT-0000116,False,2.38,27,LOW,False
EVT-0000117,False,3.89,22,LOW,False
EVT-0000118,False,3.2,22,LOW,False
EVT-0000119,True,3.42,35,MEDIUM,False
EVT-0000120,False,2.61,35,MEDIUM,False
EVT-0000121,False,4.13,49,MEDIUM,False
EVT-0000122,False,3.98,31,MEDIUM,False
EVT-0000123,False,2.86,20,LOW,False
EVT-0000124,False,3.75,29,LOW,False
EVT-0000125,False,3.23,21,LOW,False
EVT-0000126,False,6.07,33,MEDIUM,False
EVT-0000127,False,3.67,21,LOW,False
EVT-0000128,False,3.78,41,MEDIUM,False
EVT-0000129,False,4.51,19,LOW,False
EVT-0000130,False,4.87,43,MEDIUM,False
EVT-0000131,False,2.31,30,MEDIUM,False
EVT-0000132,False,5.16,51,HIGH,False
EVT-0000133,False,5.83,50,HIGH,False
EVT-0000134,False,5.37,42,MEDIUM,False
EVT-0000135,False,6.17,31,MEDIUM,False
EVT-0000136,True,6.56,27,LOW,False
EVT-0000137,False,6.55,21,LOW,False
EVT-0000138,False,3.7,40,MEDIUM,False
EVT-0000139,True,5.05,67,HIGH,True
EVT-0000140,False,4.96,60,HIGH,False
EVT-0000141,False,6.02,33,MEDIUM,False
EVT-0000142,False,5.8,54,HIGH,True
EVT-0000143,False,1.88,33,MEDIUM,False
EVT-0000144,False,1.78,29,LOW,False
EVT-0000145,False,3.72,28,LOW,False
EVT-0000146,True,4.95,49,MEDIUM,True
EVT-0000147,True,4.18,23,LOW,False
EVT-0000148,False,0.5,20,LOW,False
EVT-0000149,False,3.38,17,LOW,False
EVT-0000150,False,7.54,45,MEDIUM,False
EVT-0000151,False,7.66,53,HIGH,False
EVT-0000152,False,6.72,47,MEDIUM,False
EVT-0000153,False,3.81,20,LOW,False
EVT-0000154,False,0.5,25,LOW,False
EVT-0000155,False,5.49,25,LOW,False
EVT-0000156,False,7.81,33,MEDIUM,False
EVT-0000157,False,4.21,15,LOW,False
EVT-0000158,True,4.36,50,HIGH,False
EVT-0000159,False,4.71,14,LOW,False
EVT-0000160,True,4.77,31,MEDIUM,True
EVT-0000161,False,3.34,25,LOW,False
EVT-0000162,True,5.71,48,MEDIUM,False
EVT-0000163,True,6.35,44,MEDIUM,False
EVT-0000164,True,8.49,59,HIGH,True
EVT-0000165,False,7.18,41,MEDIUM,True
EVT-0000166,True,6.24,54,HIGH,False
EVT-0000167,False,6.39,28,LOW,False
EVT-0000168,False,4.16,32,MEDIUM,False
EVT-0000169,False,2.88,43,MEDIUM,False
EVT-0000170,False,5.21,38,MEDIUM,False
EVT-0000171,False,5.7,35,MEDIUM,False
EVT-0000172,False,5.43,27,LOW,False
EVT-0000173,True,6.47,74,CRITICAL,True
EVT-0000174,False,4.49,40,MEDIUM,True
EVT-0000175,False,6.19,48,MEDIUM,False
EVT-0000176,False,5.42,47,MEDIUM,True
EVT-0000177,False,3.85,33,MEDIUM,False
EVT-0000178,False,1.8,46,MEDIUM,False
EVT-0000179,False,4.75,36,MEDIUM,False
EVT-0000180,False,5.73,55,HIGH,False
EVT-0000181,True,7.72,33,MEDIUM,False
EVT-0000182,False,4.79,22,LOW,False
EVT-0000183,True,4.39,41,MEDIUM,False
EVT-0000184,False,2.79,42,MEDIUM,False
EVT-0000185,False,3.53,38,MEDIUM,False
EVT-0000186,False,6.44,41,MEDIUM,True
EVT-0000187,True,5.56,54,HIGH,False
EVT-0000188,False,2.77,36,MEDIUM,False
EVT-0000189,False,2.3,19,LOW,False
EVT-0000190,False,3.5,6,LOW,False
EVT-0000191,False,0.73,41,MEDIUM,False
EVT-0000192,False,3.54,21,LOW,False
EVT-0000193,False,2.61,40,MEDIUM,False
EVT-0000194,False,6.71,47,MEDIUM,False
EVT-0000195,False,5.04,22,LOW,False
EVT-0000196,False,2.77,36,MEDIUM,False
EVT-0000197,False,5.4,33,MEDIUM,False
EVT-0000198,False,5.82,55,HIGH,False
EVT-0000199,False,3.77,33,MEDIUM,False
EVT-0000200,True,6.15,52,HIGH,False
EVT-0000201,False,6.97,37,MEDIUM,False
EVT-0000202,False,5.69,29,LOW,False
EVT-0000203,False,5.68,44,MEDIUM,False
EVT-0000204,False,3.87,43,MEDIUM,False
EVT-0000205,False,4.01,35,MEDIUM,False
EVT-0000206,False,3.85,42,MEDIUM,False
EVT-0000207,False,5.73,67,HIGH,True
EVT-0000208,False,3.74,26,LOW,False
EVT-0000209,False,4.81,34,MEDIUM,False
EVT-0000210,False,3.92,25,LOW,False
EVT-0000211,False,4.79,43,MEDIUM,False
EVT-0000212,False,1.49,26,LOW,False
EVT-0000213,False,3.13,40,MEDIUM,True
EVT-0000214,False,4.08,27,LOW,False
EVT-0000215,False,3.88,41,MEDIUM,False
EVT-0000216,False,4.54,37,MEDIUM,False
EVT-0000217,False,4.18,37,MEDIUM,False
EVT-0000218,False,6.34,23,LOW,False
EVT-0000219,True,6.49,55,HIGH,True
EVT-0000220,False,5.97,54,HIGH,True
EVT-0000221,False,5.42,48,MEDIUM,False
EVT-0000222,False,5.01,57,HIGH,False
EVT-0000223,False,2.78,32,MEDIUM,False
EVT-0000224,False,4.3,26,LOW,False
EVT-0000225,False,3.14,24,LOW,False
EVT-0000226,False,8.42,39,MEDIUM,True
EVT-0000227,False,4.04,52,HIGH,True
EVT-0000228,False,4.78,39,MEDIUM,False
EVT-0000229,False,3.72,29,LOW,False
EVT-0000230,False,3.96,45,MEDIUM,True
EVT-0000231,False,4.14,28,LOW,False
EVT-0000232,True,5.87,41,MEDIUM,True
EVT-0000233,False,3.65,25,LOW,False
EVT-0000234,True,1.98,47,MEDIUM,True
EVT-0000235,True,5.65,67,HIGH,True
EVT-0000236,False,4.88,48,MEDIUM,False
EVT-0000237,False,7.45,29,LOW,False
EVT-0000238,True,8.09,56,HIGH,True
EVT-0000239,False,4.5,26,LOW,False
EVT-0000240,False,3.47,44,MEDIUM,False
EVT-0000241,False,6.44,27,LOW,False
EVT-0000242,False,4.82,39,MEDIUM,False
EVT-0000243,False,4.61,45,MEDIUM,False
EVT-0000244,False,5.37,53,HIGH,False
EVT-0000245,False,5.2,38,MEDIUM,False
EVT-0000246,False,5.01,15,LOW,False
EVT-0000247,False,5.68,47,MEDIUM,True
EVT-0000248,False,4.79,42,MEDIUM,False
EVT-0000249,False,3.76,43,MEDIUM,False
EVT-0000250,False,3.45,20,LOW,False
EVT-0000251,False,4.39,38,MEDIUM,False
EVT-0000252,False,0.67,28,LOW,False
EVT-0000253,False,3.09,37,MEDIUM,False
EVT-0000254,False,3.0,39,MEDIUM,False
EVT-0000255,False,7.75,45,MEDIUM,True
EVT-0000256,False,4.52,44,MEDIUM,True
EVT-0000257,False,1.24,18,LOW,False
EVT-0000258,False,5.62,38,MEDIUM,True
EVT-0000259,False,4.62,45,MEDIUM,True
EVT-0000260,False,1.78,28,LOW,False
EVT-0000261,False,4.01,18,LOW,False
EVT-0000262,False,8.05,33,MEDIUM,False
EVT-0000263,False,4.55,35,MEDIUM,False
EVT-0000264,False,5.44,38,MEDIUM,False
EVT-0000265,False,1.58,17,LOW,False
EVT-0000266,True,8.03,66,HIGH,True
EVT-0000267,False,6.72,46,MEDIUM,False
EVT-0000268,False,3.82,35,MEDIUM,False
EVT-0000269,False,3.23,18,LOW,False
EVT-0000270,False,5.25,16,LOW,False
EVT-0000271,False,4.03,36,MEDIUM,False
EVT-0000272,True,7.59,70,HIGH,False
EVT-0000273,False,5.1,42,MEDIUM,False
EVT-0000274,False,5.38,46,MEDIUM,False
EVT-0000275,True,3.86,38,MEDIUM,False
EVT-0000276,False,4.77,32,MEDIUM,False
EVT-0000277,True,4.58,51,HIGH,False
EVT-0000278,False,6.12,53,HIGH,True
EVT-0000279,False,2.64,35,MEDIUM,False
EVT-0000280,False,7.17,46,MEDIUM,False
EVT-0000281,False,5.92,32,MEDIUM,False
EVT-0000282,True,4.2,55,HIGH,True
EVT-0000283,False,3.41,42,MEDIUM,False
EVT-0000284,False,4.34,27,LOW,False
EVT-0000285,False,4.87,16,LOW,False
EVT-0000286,False,2.75,34,MEDIUM,False
EVT-0000287,False,3.85,22,LOW,False
EVT-0000288,False,4.31,42,MEDIUM,False
EVT-0000289,False,5.31,41,MEDIUM,True
EVT-0000290,False,1.38,16,LOW,False
EVT-0000291,False,5.91,34,MEDIUM,False
EVT-0000292,False,3.56,23,LOW,False
EVT-0000293,False,2.85,40,MEDIUM,False
EVT-0000294,True,3.13,24,LOW,False
EVT-0000295,False,4.13,28,LOW,False
EVT-0000296,True,5.32,61,HIGH,True
EVT-0000297,True,2.89,28,LOW,False
EVT-0000298,False,3.55,21,LOW,False
EVT-0000299,False,2.1,36,MEDIUM,False
EVT-0000300,False,9.56,53,HIGH,False
EVT-0000301,False,2.62,55,HIGH,True
EVT-0000302,False,3.82,44,MEDIUM,False
EVT-0000303,False,2.66,48,MEDIUM,False
EVT-0000304,False,6.11,36,MEDIUM,False
EVT-0000305,False,7.14,24,LOW,True
EVT-0000306,False,5.85,36,MEDIUM,False
EVT-0000307,False,3.21,31,MEDIUM,False
EVT-0000308,False,4.26,36,MEDIUM,False
EVT-0000309,True,2.75,45,MEDIUM,False
EVT-0000310,False,4.58,17,LOW,False
EVT-0000311,False,6.12,41,MEDIUM,False
EVT-0000312,False,6.11,45,MEDIUM,True
EVT-0000313,False,4.97,43,MEDIUM,False
EVT-0000314,False,4.58,46,MEDIUM,False
EVT-0000315,True,2.05,42,MEDIUM,False
EVT-0000316,False,6.07,31,MEDIUM,True
EVT-0000317,False,4.33,29,LOW,False
EVT-0000318,False,4.49,27,LOW,False
EVT-0000319,False,4.87,53,HIGH,True
EVT-0000320,True,2.9,49,MEDIUM,False
EVT-0000321,False,4.06,34,MEDIUM,False
EVT-0000322,True,2.95,58,HIGH,False
EVT-0000323,False,3.32,42,MEDIUM,False
EVT-0000324,False,6.76,41,MEDIUM,False
EVT-0000325,True,5.88,38,MEDIUM,False
EVT-0000326,False,3.65,18,LOW,False
EVT-0000327,True,5.21,59,HIGH,True
EVT-0000328,False,7.17,52,HIGH,True
EVT-0000329,False,5.02,27,LOW,False
EVT-0000330,False,8.07,40,MEDIUM,False
EVT-0000331,False,3.53,34,MEDIUM,False
EVT-0000332,True,4.87,42,MEDIUM,False
EVT-0000333,False,6.28,48,MEDIUM,True
EVT-0000334,False,5.74,31,MEDIUM,False
EVT-0000335,False,7.73,47,MEDIUM,True
EVT-0000336,False,5.59,36,MEDIUM,False
EVT-0000337,True,4.08,41,MEDIUM,False
EVT-0000338,False,3.49,41,MEDIUM,False
EVT-0000339,False,6.51,54,HIGH,False
EVT-0000340,False,5.5,39,MEDIUM,False
EVT-0000341,False,4.88,20,LOW,False
EVT-0000342,False,6.95,48,MEDIUM,False
EVT-0000343,True,8.27,43,MEDIUM,True
EVT-0000344,False,3.48,34,MEDIUM,False
EVT-0000345,False,4.92,31,MEDIUM,False
EVT-0000346,True,6.29,62,HIGH,True
EVT-0000347,False,7.38,56,HIGH,True
EVT-0000348,False,4.41,39,MEDIUM,False
EVT-0000349,False,5.2,39,MEDIUM,False
EVT-0000350,False,1.21,39,MEDIUM,False
EVT-0000351,False,4.26,27,LOW,False
EVT-0000352,False,6.18,28,LOW,False
EVT-0000353,False,6.44,34,MEDIUM,False
EVT-0000354,False,6.07,15,LOW,False
EVT-0000355,False,3.39,49,MEDIUM,False
EVT-0000356,False,8.12,38,MEDIUM,False
EVT-0000357,False,3.46,33,MEDIUM,False
EVT-0000358,True,3.55,29,LOW,False
EVT-0000359,False,6.6,40,MEDIUM,True
EVT-0000360,False,2.14,15,LOW,False
EVT-0000361,True,4.03,51,HIGH,False
EVT-0000362,False,5.91,32,MEDIUM,False
EVT-0000363,False,6.11,46,MEDIUM,False
EVT-0000364,False,2.61,22,LOW,True
EVT-0000365,True,4.82,75,CRITICAL,True
EVT-0000366,True,7.33,39,MEDIUM,False
EVT-0000367,False,4.9,34,MEDIUM,False
EVT-0000368,False,5.29,28,LOW,False
EVT-0000369,False,6.74,47,MEDIUM,True
EVT-0000370,True,4.15,60,HIGH,True
EVT-0000371,False,3.33,40,MEDIUM,False
EVT-0000372,False,7.34,35,MEDIUM,False
EVT-0000373,False,3.33,33,MEDIUM,True
EVT-0000374,False,4.5,22,LOW,False
EVT-0000375,False,6.66,36,MEDIUM,False
EVT-0000376,False,6.84,74,CRITICAL,True
EVT-0000377,True,5.45,45,MEDIUM,False
EVT-0000378,False,7.63,49,MEDIUM,False
EVT-0000379,False,5.65,21,LOW,False
EVT-0000380,False,6.12,42,MEDIUM,False
EVT-0000381,False,6.56,32,MEDIUM,False
EVT-0000382,False,4.36,48,MEDIUM,False
EVT-0000383,False,2.7,41,MEDIUM,False
EVT-0000384,False,6.18,26,LOW,False
EVT-0000385,False,6.23,42,MEDIUM,False
EVT-0000386,False,3.08,11,LOW,False
EVT-0000387,False,5.54,26,LOW,False
EVT-0000388,False,5.37,41,MEDIUM,False
EVT-0000389,False,4.06,46,MEDIUM,True
EVT-0000390,True,1.94,45,MEDIUM,False
EVT-0000391,False,4.59,38,MEDIUM,False
EVT-0000392,True,3.31,47,MEDIUM,False
EVT-0000393,False,5.06,46,MEDIUM,False
EVT-0000394,True,5.56,66,HIGH,True
EVT-0000395,False,4.9,13,LOW,False
EVT-0000396,False,4.96,27,LOW,False
EVT-0000397,False,5.41,45,MEDIUM,False
EVT-0000398,False,7.36,43,MEDIUM,True
EVT-0000399,False,4.44,27,LOW,False
EVT-0000400,False,3.75,30,MEDIUM,False
EVT-0000401,False,5.26,40,MEDIUM,False
EVT-0000402,False,3.44,12,LOW,False
EVT-0000403,True,4.36,64,HIGH,False
EVT-0000404,False,4.05,30,MEDIUM,False
EVT-0000405,True,4.57,63,HIGH,False
EVT-0000406,False,5.7,51,HIGH,False
EVT-0000407,False,3.06,12,LOW,False
EVT-0000408,False,5.99,25,LOW,False
EVT-0000409,False,5.35,45,MEDIUM,True
EVT-0000410,False,4.08,39,MEDIUM,False
EVT-0000411,False,5.83,35,MEDIUM,False
EVT-0000412,False,2.79,47,MEDIUM,True
EVT-0000413,False,1.72,53,HIGH,True
EVT-0000414,True,4.35,44,MEDIUM,False
EVT-0000415,False,3.81,36,MEDIUM,False
EVT-0000416,False,2.67,46,MEDIUM,False
EVT-0000417,True,7.85,51,HIGH,True
EVT-0000418,True,2.29,46,MEDIUM,False
EVT-0000419,False,6.06,40,MEDIUM,True
EVT-0000420,False,3.12,36,MEDIUM,False
EVT-0000421,False,5.62,30,MEDIUM,False
EVT-0000422,True,9.97,60,HIGH,False
EVT-0000423,False,4.79,39,MEDIUM,False
EVT-0000424,False,4.72,38,MEDIUM,False
EVT-0000425,True,4.57,21,LOW,False
EVT-0000426,True,4.22,50,HIGH,False
EVT-0000427,False,3.4,25,LOW,False
EVT-0000428,False,3.81,45,MEDIUM,False
EVT-0000429,True,4.57,47,MEDIUM,False
EVT-0000430,True,7.87,60,HIGH,True
EVT-0000431,False,5.54,38,MEDIUM,True
EVT-0000432,False,6.47,46,MEDIUM,False
EVT-0000433,True,5.74,44,MEDIUM,True
EVT-0000434,False,3.28,35,MEDIUM,True
EVT-0000435,False,5.52,34,MEDIUM,False
EVT-0000436,False,6.5,28,LOW,False
EVT-0000437,False,6.97,20,LOW,False
EVT-0000438,False,3.31,29,LOW,False
EVT-0000439,False,3.88,32,MEDIUM,False
EVT-0000440,False,5.09,45,MEDIUM,False
EVT-0000441,False,4.31,18,LOW,False
EVT-0000442,False,3.68,13,LOW,False
EVT-0000443,False,5.59,54,HIGH,False
EVT-0000444,False,1.45,30,MEDIUM,True
EVT-0000445,True,2.48,35,MEDIUM,False
EVT-0000446,False,4.37,41,MEDIUM,False
EVT-0000447,False,5.68,51,HIGH,False
EVT-0000448,False,2.15,15,LOW,False
EVT-0000449,False,2.11,32,MEDIUM,False
EVT-0000450,False,4.77,53,HIGH,False
EVT-0000451,False,5.65,41,MEDIUM,False
EVT-0000452,False,5.76,28,LOW,False
EVT-0000453,False,4.34,25,LOW,False
EVT-0000454,True,1.19,25,LOW,False
EVT-0000455,False,1.14,37,MEDIUM,False
EVT-0000456,False,3.84,25,LOW,False
EVT-0000457,False,5.9,42,MEDIUM,False
EVT-0000458,True,4.91,17,LOW,False
EVT-0000459,False,5.4,24,LOW,False
EVT-0000460,False,5.08,61,HIGH,True
EVT-0000461,False,6.4,39,MEDIUM,False
EVT-0000462,False,2.41,34,MEDIUM,False
EVT-0000463,False,2.22,20,LOW,False
EVT-0000464,True,5.27,38,MEDIUM,False
EVT-0000465,False,6.9,42,MEDIUM,False
EVT-0000466,False,2.85,21,LOW,False
EVT-0000467,False,3.25,37,MEDIUM,True
EVT-0000468,False,4.91,29,LOW,False
EVT-0000469,False,3.67,26,LOW,False
EVT-0000470,True,4.05,52,HIGH,False
EVT-0000471,False,5.2,49,MEDIUM,False
EVT-0000472,False,5.43,39,MEDIUM,False
EVT-0000473,False,3.43,37,MEDIUM,False
EVT-0000474,True,6.87,45,MEDIUM,True
EVT-0000475,False,3.62,34,MEDIUM,False
EVT-0000476,False,3.4,21,LOW,False
EVT-0000477,False,6.36,33,MEDIUM,False
EVT-0000478,False,3.59,32,MEDIUM,False
EVT-0000479,False,6.4,46,MEDIUM,False
EVT-0000480,False,6.28,61,HIGH,True
EVT-0000481,False,7.08,33,MEDIUM,False
EVT-0000482,False,5.78,33,MEDIUM,False
EVT-0000483,False,3.13,24,LOW,False
EVT-0000484,True,7.42,39,MEDIUM,False
EVT-0000485,True,6.42,44,MEDIUM,False
EVT-0000486,False,5.77,39,MEDIUM,False
EVT-0000487,False,3.35,40,MEDIUM,False
EVT-0000488,False,6.25,42,MEDIUM,True
EVT-0000489,False,2.47,33,MEDIUM,False
EVT-0000490,False,2.95,15,LOW,False
EVT-0000491,False,7.81,46,MEDIUM,True
EVT-0000492,False,4.28,17,LOW,False
EVT-0000493,False,4.36,45,MEDIUM,False
EVT-0000494,False,4.74,50,HIGH,True
EVT-0000495,True,8.04,66,HIGH,True
EVT-0000496,False,3.86,42,MEDIUM,False
EVT-0000497,False,4.64,66,HIGH,True
EVT-0000498,True,5.87,70,HIGH,True
EVT-0000499,False,5.35,43,MEDIUM,True
EVT-0000500,False,5.64,31,MEDIUM,False
EVT-0000501,False,3.14,37,MEDIUM,False
EVT-0000502,False,3.91,40,MEDIUM,True
EVT-0000503,False,3.72,12,LOW,False
EVT-0000504,True,5.0,54,HIGH,False
EVT-0000505,False,6.44,27,LOW,False
EVT-0000506,False,4.79,39,MEDIUM,True
EVT-0000507,False,6.29,45,MEDIUM,True
EVT-0000508,False,4.79,26,LOW,False
EVT-0000509,False,5.24,26,LOW,False
EVT-0000510,False,3.45,19,LOW,False
EVT-0000511,False,5.4,37,MEDIUM,False
EVT-0000512,False,2.89,22,LOW,False
EVT-0000513,True,5.96,63,HIGH,False
EVT-0000514,False,3.25,30,MEDIUM,True
EVT-0000515,False,2.85,8,LOW,False
EVT-0000516,False,4.8,29,LOW,False
EVT-0000517,False,5.84,33,MEDIUM,False
EVT-0000518,False,4.59,29,LOW,False
EVT-0000519,True,7.34,53,HIGH,False
EVT-0000520,False,4.91,51,HIGH,True
EVT-0000521,False,4.08,21,LOW,False
EVT-0000522,False,3.95,22,LOW,False
EVT-0000523,False,2.01,26,LOW,False
EVT-0000524,False,8.96,51,HIGH,False
EVT-0000525,True,3.47,56,HIGH,True
EVT-0000526,False,7.24,42,MEDIUM,False
EVT-0000527,False,8.79,62,HIGH,True
EVT-0000528,False,4.06,36,MEDIUM,False
EVT-0000529,False,4.48,36,MEDIUM,False
EVT-0000530,False,3.54,36,MEDIUM,False
EVT-0000531,True,5.74,74,CRITICAL,True
EVT-0000532,False,3.56,24,LOW,False
EVT-0000533,True,3.91,26,LOW,False
EVT-0000534,False,4.17,31,MEDIUM,False
EVT-0000535,False,6.11,68,HIGH,True
EVT-0000536,False,3.49,41,MEDIUM,False
EVT-0000537,False,4.71,30,MEDIUM,False
EVT-0000538,False,3.06,30,MEDIUM,False
EVT-0000539,False,4.18,28,LOW,False
EVT-0000540,False,4.85,51,HIGH,True
EVT-0000541,False,3.78,30,MEDIUM,False
EVT-0000542,False,2.89,35,MEDIUM,False
EVT-0000543,False,4.63,49,MEDIUM,False
EVT-0000544,False,4.32,29,LOW,False
EVT-0000545,False,4.31,30,MEDIUM,False
EVT-0000546,False,5.99,50,HIGH,False
EVT-0000547,True,5.03,45,MEDIUM,True
EVT-0000548,False,2.89,30,MEDIUM,False
EVT-0000549,True,6.46,36,MEDIUM,False
EVT-0000550,False,4.48,31,MEDIUM,False
EVT-0000551,False,6.6,35,MEDIUM,False
EVT-0000552,False,3.33,40,MEDIUM,False
EVT-0000553,False,4.11,30,MEDIUM,False
EVT-0000554,False,4.81,29,LOW,False
EVT-0000555,False,2.46,27,LOW,True
EVT-0000556,False,5.08,57,HIGH,True
EVT-0000557,False,3.46,25,LOW,False
EVT-0000558,False,8.11,48,MEDIUM,False
EVT-0000559,False,4.1,23,LOW,False
EVT-0000560,False,5.01,39,MEDIUM,False
EVT-0000561,False,5.52,31,MEDIUM,False
EVT-0000562,True,6.91,37,MEDIUM,False
EVT-0000563,False,5.9,25,LOW,False
EVT-0000564,True,5.0,57,HIGH,False
EVT-0000565,False,5.64,44,MEDIUM,False
EVT-0000566,True,0.88,35,MEDIUM,False
EVT-0000567,False,3.33,45,MEDIUM,False
EVT-0000568,False,4.55,34,MEDIUM,False
EVT-0000569,False,6.05,43,MEDIUM,False
EVT-0000570,False,7.56,32,MEDIUM,False
EVT-0000571,False,1.2,21,LOW,False
EVT-0000572,False,5.28,31,MEDIUM,False
EVT-0000573,False,3.37,28,LOW,False
EVT-0000574,False,4.95,12,LOW,False
EVT-0000575,False,4.35,29,LOW,False
EVT-0000576,False,4.62,14,LOW,False
EVT-0000577,False,3.6,26,LOW,False
EVT-0000578,False,4.35,30,MEDIUM,False
EVT-0000579,False,1.94,29,LOW,False
EVT-0000580,False,4.28,23,LOW,False
EVT-0000581,False,6.4,42,MEDIUM,False
EVT-0000582,False,7.05,45,MEDIUM,False
EVT-0000583,False,2.97,49,MEDIUM,False
EVT-0000584,False,4.85,24,LOW,False
EVT-0000585,False,4.37,57,HIGH,True
EVT-0000586,False,4.37,48,MEDIUM,False
EVT-0000587,False,4.1,45,MEDIUM,False
EVT-0000588,True,6.76,58,HIGH,True
EVT-0000589,True,5.18,53,HIGH,True
EVT-0000590,True,9.24,64,HIGH,True
EVT-0000591,True,4.92,23,LOW,False
EVT-0000592,True,6.06,30,MEDIUM,False
EVT-0000593,False,6.08,41,MEDIUM,False
EVT-0000594,False,4.53,40,MEDIUM,False
EVT-0000595,False,5.17,16,LOW,False
EVT-0000596,False,6.22,32,MEDIUM,False
EVT-0000597,False,5.18,41,MEDIUM,False
EVT-0000598,False,5.1,39,MEDIUM,False
EVT-0000599,True,4.04,35,MEDIUM,False
EVT-0000600,False,1.49,24,LOW,False
EVT-0000601,False,4.44,38,MEDIUM,False
EVT-0000602,False,2.55,27,LOW,False
EVT-0000603,True,4.4,48,MEDIUM,False
EVT-0000604,False,4.85,45,MEDIUM,False
EVT-0000605,False,3.79,33,MEDIUM,False
EVT-0000606,False,4.37,37,MEDIUM,False
EVT-0000607,False,7.46,53,HIGH,False
EVT-0000608,False,5.33,44,MEDIUM,False
EVT-0000609,False,3.84,31,MEDIUM,False
EVT-0000610,False,5.78,46,MEDIUM,True
EVT-0000611,False,4.2,33,MEDIUM,False
EVT-0000612,False,4.11,44,MEDIUM,False
EVT-0000613,False,4.58,41,MEDIUM,False
EVT-0000614,False,4.3,36,MEDIUM,False
EVT-0000615,False,4.63,42,MEDIUM,False
EVT-0000616,False,5.2,48,MEDIUM,False
EVT-0000617,False,6.27,57,HIGH,True
EVT-0000618,False,5.52,51,HIGH,False
EVT-0000619,False,6.67,33,MEDIUM,False
EVT-0000620,False,9.04,44,MEDIUM,False
EVT-0000621,False,5.5,44,MEDIUM,False
EVT-0000622,False,3.62,34,MEDIUM,False
EVT-0000623,False,4.77,61,HIGH,False
EVT-0000624,False,5.39,48,MEDIUM,False
EVT-0000625,False,3.63,57,HIGH,False
EVT-0000626,True,5.85,67,HIGH,True
EVT-0000627,False,6.34,29,LOW,False
EVT-0000628,False,2.12,34,MEDIUM,False
EVT-0000629,False,5.45,55,HIGH,True
EVT-0000630,False,4.0,25,LOW,False
EVT-0000631,False,5.9,30,MEDIUM,False
EVT-0000632,True,5.22,70,HIGH,True
EVT-0000633,False,3.57,28,LOW,False
EVT-0000634,False,7.41,29,LOW,False
EVT-0000635,False,2.4,37,MEDIUM,False
EVT-0000636,False,5.2,31,MEDIUM,False
EVT-0000637,False,1.9,35,MEDIUM,False
EVT-0000638,False,3.32,25,LOW,False
EVT-0000639,False,7.83,63,HIGH,True
EVT-0000640,False,7.74,39,MEDIUM,False
EVT-0000641,False,8.31,40,MEDIUM,False
EVT-0000642,False,7.88,57,HIGH,True
EVT-0000643,False,7.35,49,MEDIUM,True
EVT-0000644,False,3.01,41,MEDIUM,False
EVT-0000645,False,3.52,27,LOW,False
EVT-0000646,False,3.99,30,MEDIUM,False
EVT-0000647,False,3.09,41,MEDIUM,False
EVT-0000648,False,2.55,24,LOW,False
EVT-0000649,False,2.68,47,MEDIUM,False
EVT-0000650,False,1.96,27,LOW,False
EVT-0000651,False,5.35,49,MEDIUM,True
EVT-0000652,False,6.0,60,HIGH,True
EVT-0000653,False,6.25,46,MEDIUM,True
EVT-0000654,False,4.19,33,MEDIUM,False
EVT-0000655,True,2.1,49,MEDIUM,False
EVT-0000656,False,3.58,27,LOW,False
EVT-0000657,False,4.28,45,MEDIUM,False
EVT-0000658,True,2.71,39,MEDIUM,True
EVT-0000659,False,3.3,30,MEDIUM,False
EVT-0000660,False,4.19,34,MEDIUM,False
EVT-0000661,False,3.28,21,LOW,False
EVT-0000662,False,6.56,54,HIGH,False
EVT-0000663,False,5.42,39,MEDIUM,False
EVT-0000664,True,9.31,75,CRITICAL,True
EVT-0000665,False,4.39,46,MEDIUM,True
EVT-0000666,False,3.01,55,HIGH,True
EVT-0000667,False,6.12,39,MEDIUM,False
EVT-0000668,False,3.01,36,MEDIUM,False
EVT-0000669,False,5.46,54,HIGH,True
EVT-0000670,False,2.04,42,MEDIUM,False
EVT-0000671,True,6.4,42,MEDIUM,True
EVT-0000672,False,5.34,33,MEDIUM,False
EVT-0000673,False,2.23,27,LOW,False
EVT-0000674,True,4.19,25,LOW,False
EVT-0000675,False,4.28,33,MEDIUM,False
EVT-0000676,False,2.92,27,LOW,False
EVT-0000677,False,2.63,45,MEDIUM,False
EVT-0000678,False,8.66,48,MEDIUM,False
EVT-0000679,False,4.28,21,LOW,False
EVT-0000680,False,6.18,38,MEDIUM,False
EVT-0000681,False,3.69,39,MEDIUM,False
EVT-0000682,False,5.05,44,MEDIUM,False
EVT-0000683,False,2.2,41,MEDIUM,False
EVT-0000684,False,3.73,32,MEDIUM,False
EVT-0000685,False,5.09,33,MEDIUM,False
EVT-0000686,False,1.51,13,LOW,False
EVT-0000687,False,5.29,47,MEDIUM,True
EVT-0000688,False,2.05,29,LOW,False
EVT-0000689,False,5.27,26,LOW,False
EVT-0000690,False,5.75,42,MEDIUM,False
EVT-0000691,False,6.44,37,MEDIUM,False
EVT-0000692,False,3.2,32,MEDIUM,False
EVT-0000693,False,3.49,43,MEDIUM,False
EVT-0000694,True,4.02,48,MEDIUM,False
EVT-0000695,True,4.77,35,MEDIUM,False
EVT-0000696,False,2.02,45,MEDIUM,False
EVT-0000697,False,5.71,37,MEDIUM,True
EVT-0000698,False,2.87,42,MEDIUM,False
EVT-0000699,False,4.42,27,LOW,False
EVT-0000700,False,6.38,29,LOW,False
EVT-0000701,False,4.52,40,MEDIUM,False
EVT-0000702,False,3.66,38,MEDIUM,False
EVT-0000703,False,4.32,26,LOW,False
EVT-0000704,False,3.89,27,LOW,False
EVT-0000705,True,2.83,16,LOW,False
EVT-0000706,False,5.03,36,MEDIUM,False
EVT-0000707,False,3.87,40,MEDIUM,False
EVT-0000708,False,6.16,43,MEDIUM,True
EVT-0000709,False,6.72,47,MEDIUM,False
EVT-0000710,False,5.96,33,MEDIUM,False
EVT-0000711,False,10.01,69,HIGH,True
EVT-0000712,False,4.72,39,MEDIUM,False
EVT-0000713,False,3.24,23,LOW,False
EVT-0000714,True,4.69,39,MEDIUM,False
EVT-0000715,False,4.52,34,MEDIUM,False
EVT-0000716,False,4.33,29,LOW,False
EVT-0000717,False,4.36,28,LOW,False
EVT-0000718,False,4.24,48,MEDIUM,False
EVT-0000719,False,2.05,47,MEDIUM,False
EVT-0000720,False,3.13,33,MEDIUM,False
EVT-0000721,False,7.36,40,MEDIUM,False
EVT-0000722,False,2.66,44,MEDIUM,False
EVT-0000723,False,5.21,37,MEDIUM,False
EVT-0000724,False,2.93,10,LOW,False
EVT-0000725,False,2.09,36,MEDIUM,False
EVT-0000726,False,5.64,22,LOW,False
EVT-0000727,False,7.59,32,MEDIUM,False
EVT-0000728,False,3.57,31,MEDIUM,False
EVT-0000729,False,2.22,38,MEDIUM,False
EVT-0000730,False,3.99,33,MEDIUM,False
EVT-0000731,True,5.51,41,MEDIUM,False
EVT-0000732,True,6.33,37,MEDIUM,False
EVT-0000733,False,5.02,31,MEDIUM,False
EVT-0000734,False,4.24,33,MEDIUM,False
EVT-0000735,False,4.45,31,MEDIUM,False
EVT-0000736,False,1.85,33,MEDIUM,True
EVT-0000737,False,5.36,46,MEDIUM,False
EVT-0000738,False,3.12,25,LOW,False
EVT-0000739,False,2.79,38,MEDIUM,False
EVT-0000740,False,5.1,42,MEDIUM,True
EVT-0000741,False,5.83,22,LOW,False
EVT-0000742,False,2.69,43,MEDIUM,False
EVT-0000743,False,3.66,45,MEDIUM,False
EVT-0000744,False,5.85,30,MEDIUM,False
EVT-0000745,False,5.3,25,LOW,False
EVT-0000746,False,5.51,29,LOW,False
EVT-0000747,False,8.2,53,HIGH,True
EVT-0000748,False,5.62,56,HIGH,True
EVT-0000749,False,3.73,35,MEDIUM,False
EVT-0000750,False,5.51,27,LOW,False
EVT-0000751,False,5.17,36,MEDIUM,False
EVT-0000752,False,3.83,23,LOW,False
EVT-0000753,False,3.88,16,LOW,False
EVT-0000754,False,5.82,44,MEDIUM,False
EVT-0000755,False,2.88,30,MEDIUM,False
EVT-0000756,False,6.93,52,HIGH,False
EVT-0000757,False,4.65,37,MEDIUM,False
EVT-0000758,False,4.37,44,MEDIUM,False
EVT-0000759,False,6.56,25,LOW,False
EVT-0000760,False,4.04,49,MEDIUM,True
EVT-0000761,True,4.95,56,HIGH,True
EVT-0000762,False,4.48,61,HIGH,True
EVT-0000763,False,3.01,39,MEDIUM,False
EVT-0000764,False,6.39,38,MEDIUM,True
EVT-0000765,False,3.39,34,MEDIUM,True
EVT-0000766,False,5.53,37,MEDIUM,False
EVT-0000767,False,4.57,34,MEDIUM,False
EVT-0000768,False,3.39,36,MEDIUM,False
EVT-0000769,False,2.94,39,MEDIUM,False
EVT-0000770,False,1.14,25,LOW,False
EVT-0000771,False,3.03,32,MEDIUM,False
EVT-0000772,False,6.51,29,LOW,False
EVT-0000773,True,5.76,60,HIGH,True
EVT-0000774,False,3.72,16,LOW,False
EVT-0000775,False,2.62,21,LOW,False
EVT-0000776,False,3.65,39,MEDIUM,False
EVT-0000777,False,2.7,27,LOW,False
EVT-0000778,False,5.47,37,MEDIUM,False
EVT-0000779,False,4.01,29,LOW,False
EVT-0000780,False,5.23,44,MEDIUM,False
EVT-0000781,False,8.36,43,MEDIUM,True
EVT-0000782,False,6.84,58,HIGH,True
EVT-0000783,False,6.05,30,MEDIUM,False
EVT-0000784,False,6.53,35,MEDIUM,False
EVT-0000785,False,7.05,60,HIGH,True
EVT-0000786,False,3.35,25,LOW,False
EVT-0000787,True,5.34,59,HIGH,False
EVT-0000788,False,4.12,32,MEDIUM,False
EVT-0000789,True,3.59,39,MEDIUM,False
EVT-0000790,False,3.14,27,LOW,False
EVT-0000791,False,5.7,64,HIGH,True
EVT-0000792,False,3.78,40,MEDIUM,False
EVT-0000793,False,5.26,40,MEDIUM,False
EVT-0000794,False,5.56,40,MEDIUM,False
EVT-0000795,False,5.6,39,MEDIUM,False
EVT-0000796,False,5.12,27,LOW,False
EVT-0000797,False,3.9,47,MEDIUM,False
EVT-0000798,False,5.29,46,MEDIUM,False
EVT-0000799,False,3.6,26,LOW,False
EVT-0000800,False,4.5,48,MEDIUM,False
EVT-0000801,False,3.15,18,LOW,False
EVT-0000802,False,7.72,34,MEDIUM,False
EVT-0000803,False,4.51,26,LOW,False
EVT-0000804,False,3.37,36,MEDIUM,False
EVT-0000805,True,6.02,52,HIGH,True
EVT-0000806,True,9.02,62,HIGH,True
EVT-0000807,False,5.78,33,MEDIUM,False
EVT-0000808,True,6.12,39,MEDIUM,False
EVT-0000809,True,3.4,29,LOW,False
EVT-0000810,False,4.15,14,LOW,False
EVT-0000811,False,5.24,32,MEDIUM,False
EVT-0000812,False,4.61,32,MEDIUM,False
EVT-0000813,False,4.59,36,MEDIUM,False
EVT-0000814,True,6.63,26,LOW,False
EVT-0000815,False,4.2,18,LOW,False
EVT-0000816,False,3.97,32,MEDIUM,False
EVT-0000817,False,4.38,42,MEDIUM,False
EVT-0000818,False,2.91,50,HIGH,False
EVT-0000819,False,7.33,30,MEDIUM,False
EVT-0000820,False,3.47,38,MEDIUM,False
EVT-0000821,False,4.46,55,HIGH,True
EVT-0000822,False,3.86,31,MEDIUM,False
EVT-0000823,False,4.39,38,MEDIUM,True
EVT-0000824,False,4.5,39,MEDIUM,False
EVT-0000825,True,6.49,45,MEDIUM,False
EVT-0000826,False,4.36,30,MEDIUM,False
EVT-0000827,True,7.54,58,HIGH,False
EVT-0000828,False,2.34,34,MEDIUM,False
EVT-0000829,False,5.19,31,MEDIUM,False
EVT-0000830,True,6.71,71,HIGH,False
EVT-0000831,False,7.05,43,MEDIUM,True
EVT-0000832,False,7.43,46,MEDIUM,False
EVT-0000833,False,4.87,22,LOW,False
EVT-0000834,False,5.25,24,LOW,False
EVT-0000835,False,6.25,36,MEDIUM,False
EVT-0000836,False,6.13,33,MEDIUM,False
EVT-0000837,True,3.02,15,LOW,False
EVT-0000838,False,4.32,20,LOW,False
EVT-0000839,False,6.08,37,MEDIUM,False
EVT-0000840,False,2.1,33,MEDIUM,False
EVT-0000841,False,4.84,52,HIGH,False
EVT-0000842,False,4.09,34,MEDIUM,False
EVT-0000843,False,1.56,40,MEDIUM,False
EVT-0000844,False,6.17,41,MEDIUM,True
EVT-0000845,False,4.75,36,MEDIUM,False
EVT-0000846,False,3.53,23,LOW,False
EVT-0000847,True,6.47,43,MEDIUM,True
EVT-0000848,False,3.84,29,LOW,False
EVT-0000849,False,4.84,26,LOW,False
EVT-0000850,False,3.26,25,LOW,False
EVT-0000851,True,8.05,62,HIGH,False
EVT-0000852,False,0.5,28,LOW,False
EVT-0000853,False,4.82,53,HIGH,False
EVT-0000854,False,5.49,25,LOW,False
EVT-0000855,False,5.42,41,MEDIUM,True
EVT-0000856,False,6.2,43,MEDIUM,False
EVT-0000857,False,4.24,50,HIGH,True
EVT-0000858,False,5.54,31,MEDIUM,False
EVT-0000859,False,4.07,44,MEDIUM,False
EVT-0000860,True,8.6,58,HIGH,True
EVT-0000861,False,5.34,55,HIGH,True
EVT-0000862,False,2.76,40,MEDIUM,False
EVT-0000863,False,4.17,34,MEDIUM,False
EVT-0000864,False,4.46,25,LOW,False
EVT-0000865,False,3.27,38,MEDIUM,False
EVT-0000866,False,2.62,33,MEDIUM,False
EVT-0000867,False,3.02,49,MEDIUM,False
EVT-0000868,False,5.09,37,MEDIUM,False
EVT-0000869,False,3.25,36,MEDIUM,False
EVT-0000870,False,4.42,44,MEDIUM,True
EVT-0000871,False,8.34,40,MEDIUM,False
EVT-0000872,False,1.23,8,LOW,False
EVT-0000873,False,8.47,45,MEDIUM,False
EVT-0000874,False,2.54,35,MEDIUM,False
EVT-0000875,True,4.78,48,MEDIUM,False
EVT-0000876,False,3.03,15,LOW,False
EVT-0000877,False,3.59,31,MEDIUM,False
EVT-0000878,False,3.79,23,LOW,False
EVT-0000879,False,6.25,42,MEDIUM,True
EVT-0000880,False,3.0,38,MEDIUM,False
EVT-0000881,False,5.11,36,MEDIUM,False
EVT-0000882,False,3.14,26,LOW,False
EVT-0000883,False,3.6,25,LOW,False
EVT-0000884,False,5.38,44,MEDIUM,False
EVT-0000885,False,6.81,47,MEDIUM,False
EVT-0000886,False,4.83,39,MEDIUM,False
EVT-0000887,False,6.13,19,LOW,False
EVT-0000888,False,6.68,67,HIGH,True
EVT-0000889,False,2.76,43,MEDIUM,False
EVT-0000890,False,4.35,31,MEDIUM,False
EVT-0000891,True,5.35,26,LOW,False
EVT-0000892,False,1.62,24,LOW,False
EVT-0000893,True,1.87,40,MEDIUM,False
EVT-0000894,False,3.87,42,MEDIUM,True
EVT-0000895,False,3.61,39,MEDIUM,False
EVT-0000896,False,4.82,39,MEDIUM,True
EVT-0000897,False,3.31,39,MEDIUM,False
EVT-0000898,False,1.68,14,LOW,False
EVT-0000899,True,4.53,53,HIGH,False
EVT-0000900,False,4.57,33,MEDIUM,False
EVT-0000901,False,3.31,28,LOW,False
EVT-0000902,False,5.83,42,MEDIUM,False
EVT-0000903,False,6.06,29,LOW,False
EVT-0000904,True,3.2,33,MEDIUM,False
EVT-0000905,False,4.83,27,LOW,False
EVT-0000906,False,6.59,37,MEDIUM,False
EVT-0000907,False,3.91,6,LOW,False
EVT-0000908,False,3.72,25,LOW,False
EVT-0000909,False,4.77,53,HIGH,False
EVT-0000910,False,5.22,33,MEDIUM,False
EVT-0000911,False,6.95,50,HIGH,False
EVT-0000912,False,6.14,44,MEDIUM,False
EVT-0000913,True,4.13,47,MEDIUM,False
EVT-0000914,True,2.91,30,MEDIUM,False
EVT-0000915,False,5.81,50,HIGH,True
EVT-0000916,False,6.91,38,MEDIUM,False
EVT-0000917,False,3.64,36,MEDIUM,False
EVT-0000918,False,2.98,33,MEDIUM,False
EVT-0000919,False,6.24,52,HIGH,True
EVT-0000920,False,4.56,23,LOW,False
EVT-0000921,True,1.13,27,LOW,True
EVT-0000922,False,2.16,12,LOW,False
EVT-0000923,False,6.71,28,LOW,False
EVT-0000924,False,9.06,54,HIGH,True
EVT-0000925,False,8.04,48,MEDIUM,True
EVT-0000926,False,2.66,35,MEDIUM,False
EVT-0000927,False,2.46,15,LOW,False
EVT-0000928,False,3.83,36,MEDIUM,False
EVT-0000929,False,3.57,50,HIGH,False
EVT-0000930,True,8.43,51,HIGH,False
EVT-0000931,False,2.69,22,LOW,False
EVT-0000932,False,5.9,38,MEDIUM,False
EVT-0000933,False,3.24,30,MEDIUM,False
EVT-0000934,False,5.4,24,LOW,False
EVT-0000935,False,7.4,51,HIGH,False
EVT-0000936,False,1.8,24,LOW,False
EVT-0000937,True,4.18,52,HIGH,True
EVT-0000938,True,4.34,47,MEDIUM,False
EVT-0000939,False,4.24,40,MEDIUM,False
EVT-0000940,False,5.2,21,LOW,False
EVT-0000941,True,7.32,57,HIGH,True
EVT-0000942,False,6.53,19,LOW,False
EVT-0000943,False,5.97,36,MEDIUM,False
EVT-0000944,False,4.76,44,MEDIUM,False
EVT-0000945,True,3.29,47,MEDIUM,False
EVT-0000946,False,4.35,46,MEDIUM,False
EVT-0000947,False,3.55,33,MEDIUM,False
EVT-0000948,False,3.99,29,LOW,False
EVT-0000949,False,6.81,37,MEDIUM,False
EVT-0000950,False,3.91,33,MEDIUM,False
EVT-0000951,False,3.74,17,LOW,False
EVT-0000952,True,6.22,45,MEDIUM,True
EVT-0000953,False,7.04,43,MEDIUM,False
EVT-0000954,False,3.17,43,MEDIUM,False
EVT-0000955,False,4.26,48,MEDIUM,False
EVT-0000956,False,4.41,46,MEDIUM,False
EVT-0000957,True,4.88,35,MEDIUM,False
EVT-0000958,False,4.39,30,MEDIUM,False
EVT-0000959,False,4.76,24,LOW,False
EVT-0000960,False,3.79,20,LOW,False
EVT-0000961,False,3.76,19,LOW,False
EVT-0000962,False,4.24,23,LOW,False
EVT-0000963,False,4.61,34,MEDIUM,False
EVT-0000964,True,3.99,53,HIGH,False
EVT-0000965,False,2.82,41,MEDIUM,False
EVT-0000966,False,5.65,32,MEDIUM,False
EVT-0000967,False,3.46,35,MEDIUM,False
EVT-0000968,False,5.2,33,MEDIUM,False
EVT-0000969,False,4.27,47,MEDIUM,True
EVT-0000970,False,4.73,18,LOW,False
EVT-0000971,False,3.49,27,LOW,False
EVT-0000972,False,4.62,46,MEDIUM,False
EVT-0000973,True,4.64,44,MEDIUM,False
EVT-0000974,False,3.53,33,MEDIUM,False
EVT-0000975,False,5.18,49,MEDIUM,False
EVT-0000976,False,4.6,26,LOW,False
EVT-0000977,False,5.02,34,MEDIUM,False
EVT-0000978,False,4.08,29,LOW,False
EVT-0000979,False,3.67,46,MEDIUM,False
EVT-0000980,False,2.7,37,MEDIUM,False
EVT-0000981,False,7.04,33,MEDIUM,False
EVT-0000982,False,4.06,29,LOW,False
EVT-0000983,False,2.56,25,LOW,False
EVT-0000984,False,5.94,43,MEDIUM,False
EVT-0000985,True,4.55,19,LOW,False
EVT-0000986,False,5.77,53,HIGH,False
EVT-0000987,False,7.11,26,LOW,False
EVT-0000988,False,6.23,22,LOW,False
EVT-0000989,False,7.71,48,MEDIUM,True
EVT-0000990,True,8.74,52,HIGH,True
EVT-0000991,False,7.48,38,MEDIUM,False
EVT-0000992,False,5.13,20,LOW,False
EVT-0000993,False,2.98,37,MEDIUM,False
EVT-0000994,False,0.8,29,LOW,False
EVT-0000995,False,4.92,33,MEDIUM,False
EVT-0000996,False,4.19,34,MEDIUM,False
EVT-0000997,False,6.37,31,MEDIUM,False
EVT-0000998,False,6.19,49,MEDIUM,False
EVT-0000999,False,5.9,26,LOW,False
EVT-0001000,False,7.85,26,LOW,False
EVT-0001001,False,5.47,38,MEDIUM,False
EVT-0001002,False,5.98,59,HIGH,True
EVT-0001003,False,2.81,38,MEDIUM,False
EVT-0001004,False,3.08,25,LOW,False
EVT-0001005,True,7.55,61,HIGH,True
EVT-0001006,False,5.04,62,HIGH,True
EVT-0001007,False,3.98,51,HIGH,True
EVT-0001008,False,3.52,40,MEDIUM,False
EVT-0001009,False,3.89,26,LOW,False
EVT-0001010,False,4.35,51,HIGH,False
EVT-0001011,False,2.66,39,MEDIUM,False
EVT-0001012,False,3.37,36,MEDIUM,False
EVT-0001013,False,6.66,27,LOW,False
EVT-0001014,False,5.87,22,LOW,False
EVT-0001015,False,6.18,46,MEDIUM,True
EVT-0001016,False,2.81,42,MEDIUM,False
EVT-0001017,False,6.42,18,LOW,False
EVT-0001018,False,6.34,44,MEDIUM,False
EVT-0001019,False,4.53,30,MEDIUM,False
EVT-0001020,False,4.43,36,MEDIUM,False
EVT-0001021,True,5.4,41,MEDIUM,False
EVT-0001022,False,6.6,37,MEDIUM,True
EVT-0001023,False,4.99,26,LOW,False
EVT-0001024,True,4.2,39,MEDIUM,False
EVT-0001025,False,4.67,35,MEDIUM,True
EVT-0001026,False,5.07,31,MEDIUM,False
EVT-0001027,False,4.87,49,MEDIUM,False
EVT-0001028,False,2.04,24,LOW,True
EVT-0001029,False,5.67,26,LOW,False
EVT-0001030,False,4.77,34,MEDIUM,False
EVT-0001031,False,4.63,52,HIGH,False
EVT-0001032,False,4.79,39,MEDIUM,False
EVT-0001033,False,4.04,30,MEDIUM,True
EVT-0001034,False,5.41,18,LOW,False
EVT-0001035,False,6.6,47,MEDIUM,True
EVT-0001036,False,3.82,27,LOW,False
EVT-0001037,False,4.44,37,MEDIUM,False
EVT-0001038,True,4.27,38,MEDIUM,False
EVT-0001039,False,7.05,45,MEDIUM,True
EVT-0001040,False,4.17,35,MEDIUM,False
EVT-0001041,False,1.58,22,LOW,False
EVT-0001042,False,3.73,40,MEDIUM,False
EVT-0001043,False,7.28,49,MEDIUM,True
EVT-0001044,False,1.76,44,MEDIUM,False
EVT-0001045,False,6.22,54,HIGH,True
EVT-0001046,False,4.7,35,MEDIUM,False
EVT-0001047,False,8.07,56,HIGH,False
EVT-0001048,True,6.18,58,HIGH,True
EVT-0001049,True,9.31,39,MEDIUM,False
EVT-0001050,False,2.16,14,LOW,False
EVT-0001051,False,4.19,32,MEDIUM,False
EVT-0001052,False,3.99,20,LOW,False
EVT-0001053,False,1.89,25,LOW,False
EVT-0001054,False,5.67,45,MEDIUM,True
EVT-0001055,False,2.47,41,MEDIUM,False
EVT-0001056,False,2.46,25,LOW,False
EVT-0001057,False,9.01,43,MEDIUM,True
EVT-0001058,False,3.81,35,MEDIUM,False
EVT-0001059,False,5.11,21,LOW,False
EVT-0001060,False,2.02,30,MEDIUM,False
EVT-0001061,False,5.41,31,MEDIUM,False
EVT-0001062,False,4.36,37,MEDIUM,False
EVT-0001063,False,7.45,58,HIGH,False
EVT-0001064,False,4.69,50,HIGH,False
EVT-0001065,False,4.54,47,MEDIUM,False
EVT-0001066,False,5.21,42,MEDIUM,True
EVT-0001067,False,3.93,29,LOW,False
EVT-0001068,False,3.9,51,HIGH,False
EVT-0001069,False,3.88,25,LOW,False
EVT-0001070,False,8.21,44,MEDIUM,True
EVT-0001071,False,4.09,30,MEDIUM,False
EVT-0001072,False,2.46,44,MEDIUM,False
EVT-0001073,False,3.41,44,MEDIUM,False
EVT-0001074,False,2.56,22,LOW,False
EVT-0001075,False,4.62,67,HIGH,True
EVT-0001076,False,3.97,26,LOW,False
EVT-0001077,False,3.08,30,MEDIUM,False
EVT-0001078,False,7.79,30,MEDIUM,False
EVT-0001079,False,1.35,30,MEDIUM,False
EVT-0001080,False,4.83,42,MEDIUM,True
EVT-0001081,False,0.96,29,LOW,False
EVT-0001082,False,5.48,45,MEDIUM,False
EVT-0001083,False,3.78,30,MEDIUM,False
EVT-0001084,False,4.29,37,MEDIUM,False
EVT-0001085,False,7.42,39,MEDIUM,False
EVT-0001086,False,2.1,23,LOW,False
EVT-0001087,True,7.13,53,HIGH,False
EVT-0001088,False,5.8,43,MEDIUM,False
EVT-0001089,False,1.22,44,MEDIUM,False
EVT-0001090,False,5.94,51,HIGH,True
EVT-0001091,False,5.05,28,LOW,False
EVT-0001092,False,7.54,71,HIGH,True
EVT-0001093,True,2.84,22,LOW,False
EVT-0001094,False,6.04,42,MEDIUM,False
EVT-0001095,False,2.99,43,MEDIUM,False
EVT-0001096,False,7.91,74,CRITICAL,True
EVT-0001097,False,7.52,62,HIGH,False
EVT-0001098,False,4.71,29,LOW,False
EVT-0001099,False,5.93,28,LOW,False
EVT-0001100,False,3.04,30,MEDIUM,False
EVT-0001101,False,5.87,30,MEDIUM,False
EVT-0001102,False,5.81,32,MEDIUM,False
EVT-0001103,False,6.8,44,MEDIUM,False
EVT-0001104,False,4.89,48,MEDIUM,False
EVT-0001105,False,2.33,31,MEDIUM,False
EVT-0001106,False,3.87,42,MEDIUM,False
EVT-0001107,False,7.76,41,MEDIUM,True
EVT-0001108,False,3.31,33,MEDIUM,False
EVT-0001109,False,4.35,50,HIGH,True
EVT-0001110,False,5.09,29,LOW,False
EVT-0001111,False,6.77,32,MEDIUM,True
EVT-0001112,False,4.21,31,MEDIUM,False
EVT-0001113,False,6.23,65,HIGH,True
EVT-0001114,True,6.11,38,MEDIUM,True
EVT-0001115,False,6.45,33,MEDIUM,True
EVT-0001116,False,4.06,43,MEDIUM,False
EVT-0001117,False,4.62,20,LOW,False
EVT-0001118,True,5.02,49,MEDIUM,False
EVT-0001119,False,2.87,19,LOW,False
EVT-0001120,True,6.65,63,HIGH,True
EVT-0001121,False,6.09,34,MEDIUM,True
EVT-0001122,True,10.07,64,HIGH,True
EVT-0001123,True,7.79,55,HIGH,False
EVT-0001124,False,6.32,31,MEDIUM,False
EVT-0001125,True,5.77,45,MEDIUM,False
EVT-0001126,False,3.85,43,MEDIUM,False
EVT-0001127,False,1.62,31,MEDIUM,False
EVT-0001128,False,5.45,40,MEDIUM,False
EVT-0001129,False,5.53,33,MEDIUM,False
EVT-0001130,False,3.81,34,MEDIUM,False
EVT-0001131,False,2.21,23,LOW,False
EVT-0001132,False,5.56,43,MEDIUM,True
EVT-0001133,False,8.36,75,CRITICAL,True
EVT-0001134,False,6.22,29,LOW,False
EVT-0001135,False,3.24,28,LOW,False
EVT-0001136,False,5.08,32,MEDIUM,False
EVT-0001137,False,7.01,40,MEDIUM,False
EVT-0001138,True,7.23,60,HIGH,True
EVT-0001139,False,5.5,49,MEDIUM,False
EVT-0001140,False,4.0,20,LOW,False
EVT-0001141,False,5.52,47,MEDIUM,False
EVT-0001142,False,5.79,42,MEDIUM,False
EVT-0001143,False,7.66,45,MEDIUM,False
EVT-0001144,True,5.83,50,HIGH,False
EVT-0001145,False,2.32,25,LOW,False
EVT-0001146,False,5.29,20,LOW,False
EVT-0001147,False,5.08,31,MEDIUM,False
EVT-0001148,False,3.28,31,MEDIUM,False
EVT-0001149,False,3.42,37,MEDIUM,False
EVT-0001150,False,6.35,38,MEDIUM,False
EVT-0001151,False,6.84,46,MEDIUM,False
EVT-0001152,True,5.1,54,HIGH,True
EVT-0001153,True,4.29,47,MEDIUM,False
EVT-0001154,False,4.11,38,MEDIUM,False
EVT-0001155,False,7.18,45,MEDIUM,False
EVT-0001156,False,5.43,20,LOW,False
EVT-0001157,False,4.81,51,HIGH,False
EVT-0001158,True,7.26,48,MEDIUM,False
EVT-0001159,False,5.53,44,MEDIUM,False
EVT-0001160,True,3.79,54,HIGH,True
EVT-0001161,False,2.9,43,MEDIUM,False
EVT-0001162,False,3.18,23,LOW,True
EVT-0001163,False,4.55,42,MEDIUM,False
EVT-0001164,False,6.59,22,LOW,True
EVT-0001165,False,6.35,65,HIGH,True
EVT-0001166,False,2.95,38,MEDIUM,False
EVT-0001167,True,9.06,76,CRITICAL,True
EVT-0001168,False,5.72,46,MEDIUM,False
EVT-0001169,False,2.51,31,MEDIUM,False
EVT-0001170,False,8.02,30,MEDIUM,False
EVT-0001171,False,6.3,39,MEDIUM,False
EVT-0001172,False,4.22,32,MEDIUM,False
EVT-0001173,False,5.33,36,MEDIUM,False
EVT-0001174,False,2.85,30,MEDIUM,False
EVT-0001175,False,4.96,8,LOW,False
EVT-0001176,False,1.55,36,MEDIUM,False
EVT-0001177,False,7.45,49,MEDIUM,False
EVT-0001178,False,3.16,43,MEDIUM,False
EVT-0001179,False,3.22,39,MEDIUM,False
EVT-0001180,False,0.5,32,MEDIUM,False
EVT-0001181,False,4.92,36,MEDIUM,False
EVT-0001182,True,3.2,57,HIGH,True
EVT-0001183,False,5.5,32,MEDIUM,False
EVT-0001184,False,4.47,35,MEDIUM,False
EVT-0001185,False,7.14,56,HIGH,True
EVT-0001186,False,2.79,28,LOW,False
EVT-0001187,False,4.32,28,LOW,False
EVT-0001188,False,4.19,49,MEDIUM,True
EVT-0001189,False,1.68,16,LOW,False
EVT-0001190,False,3.16,19,LOW,False
EVT-0001191,False,5.15,19,LOW,False
EVT-0001192,False,6.19,32,MEDIUM,False
EVT-0001193,False,4.68,43,MEDIUM,False
EVT-0001194,False,3.18,36,MEDIUM,False
EVT-0001195,False,8.78,40,MEDIUM,False
EVT-0001196,False,4.74,25,LOW,False
EVT-0001197,True,5.43,50,HIGH,True
EVT-0001198,False,4.91,51,HIGH,True
EVT-0001199,False,5.34,60,HIGH,True
EVT-0001200,False,4.22,34,MEDIUM,False
EVT-0001201,False,4.81,37,MEDIUM,False
EVT-0001202,False,3.62,22,LOW,False
EVT-0001203,False,7.52,46,MEDIUM,False
EVT-0001204,False,2.83,36,MEDIUM,False
EVT-0001205,False,6.66,53,HIGH,True
EVT-0001206,False,4.78,11,LOW,False
EVT-0001207,False,6.17,31,MEDIUM,False
EVT-0001208,False,3.99,43,MEDIUM,False
EVT-0001209,False,3.56,39,MEDIUM,False
EVT-0001210,False,4.05,15,LOW,False
EVT-0001211,False,4.76,44,MEDIUM,False
EVT-0001212,False,4.33,22,LOW,False
EVT-0001213,False,5.97,41,MEDIUM,False
EVT-0001214,False,3.43,36,MEDIUM,False
EVT-0001215,False,2.52,34,MEDIUM,False
EVT-0001216,False,4.83,14,LOW,False
EVT-0001217,True,4.36,35,MEDIUM,False
EVT-0001218,False,4.86,35,MEDIUM,False
EVT-0001219,False,6.87,60,HIGH,True
EVT-0001220,True,7.66,56,HIGH,False
EVT-0001221,False,5.88,23,LOW,False
EVT-0001222,False,2.91,28,LOW,False
EVT-0001223,False,5.39,43,MEDIUM,False
EVT-0001224,False,2.7,46,MEDIUM,True
EVT-0001225,False,1.6,27,LOW,False
EVT-0001226,False,4.51,31,MEDIUM,False
EVT-0001227,False,2.79,21,LOW,False
EVT-0001228,False,3.56,7,LOW,False
EVT-0001229,False,2.73,23,LOW,False
EVT-0001230,True,4.96,46,MEDIUM,False
EVT-0001231,False,7.24,55,HIGH,False
EVT-0001232,False,7.74,58,HIGH,True
EVT-0001233,False,4.77,47,MEDIUM,True
EVT-0001234,False,2.74,23,LOW,False
EVT-0001235,False,5.09,27,LOW,True
EVT-0001236,False,7.48,33,MEDIUM,False
EVT-0001237,False,3.18,38,MEDIUM,False
EVT-0001238,False,4.59,39,MEDIUM,False
EVT-0001239,False,6.81,29,LOW,False
EVT-0001240,True,6.31,36,MEDIUM,False
EVT-0001241,False,6.02,55,HIGH,False
EVT-0001242,False,3.59,33,MEDIUM,False
EVT-0001243,False,4.32,42,MEDIUM,False
EVT-0001244,False,4.18,33,MEDIUM,False
EVT-0001245,False,3.41,36,MEDIUM,False
EVT-0001246,False,5.55,39,MEDIUM,False
EVT-0001247,False,2.56,54,HIGH,True
EVT-0001248,False,1.62,44,MEDIUM,False
EVT-0001249,False,5.48,21,LOW,False
EVT-0001250,False,6.45,26,LOW,False
EVT-0001251,False,5.11,33,MEDIUM,False
EVT-0001252,False,4.94,36,MEDIUM,False
EVT-0001253,False,2.94,33,MEDIUM,False
EVT-0001254,False,2.98,23,LOW,False
EVT-0001255,True,6.4,55,HIGH,False
EVT-0001256,False,4.46,31,MEDIUM,False
EVT-0001257,False,2.29,16,LOW,False
EVT-0001258,True,4.3,62,HIGH,False
EVT-0001259,True,2.62,37,MEDIUM,False
EVT-0001260,False,4.37,32,MEDIUM,False
EVT-0001261,False,7.49,36,MEDIUM,False
EVT-0001262,False,4.85,53,HIGH,False
EVT-0001263,False,2.95,37,MEDIUM,False
EVT-0001264,False,7.85,56,HIGH,True
EVT-0001265,True,5.34,51,HIGH,True
EVT-0001266,False,2.71,34,MEDIUM,False
EVT-0001267,False,6.65,41,MEDIUM,False
EVT-0001268,False,4.65,39,MEDIUM,False
EVT-0001269,False,8.45,57,HIGH,True
EVT-0001270,False,4.02,22,LOW,False
EVT-0001271,False,5.11,41,MEDIUM,False
EVT-0001272,False,1.38,36,MEDIUM,False
EVT-0001273,False,4.89,27,LOW,False
EVT-0001274,True,4.13,51,HIGH,True
EVT-0001275,False,5.69,31,MEDIUM,False
EVT-0001276,False,2.3,28,LOW,False
EVT-0001277,True,5.82,46,MEDIUM,False
EVT-0001278,False,5.33,35,MEDIUM,False
EVT-0001279,False,4.87,37,MEDIUM,False
EVT-0001280,True,8.67,57,HIGH,True
EVT-0001281,False,4.53,35,MEDIUM,False
EVT-0001282,False,4.85,29,LOW,False
EVT-0001283,False,3.51,25,LOW,False
EVT-0001284,False,6.24,28,LOW,False
EVT-0001285,False,2.97,23,LOW,False
EVT-0001286,False,3.74,35,MEDIUM,False
EVT-0001287,False,5.6,33,MEDIUM,False
EVT-0001288,False,2.92,43,MEDIUM,False
EVT-0001289,False,3.75,36,MEDIUM,False
EVT-0001290,False,4.04,43,MEDIUM,False
EVT-0001291,False,7.82,44,MEDIUM,False
EVT-0001292,False,3.05,19,LOW,False
EVT-0001293,False,2.73,31,MEDIUM,False
EVT-0001294,False,4.29,36,MEDIUM,False
EVT-0001295,False,4.43,43,MEDIUM,False
EVT-0001296,True,5.8,32,MEDIUM,False
EVT-0001297,False,4.92,31,MEDIUM,False
EVT-0001298,False,3.37,32,MEDIUM,False
EVT-0001299,False,7.8,37,MEDIUM,False
EVT-0001300,False,2.89,31,MEDIUM,False
EVT-0001301,False,6.41,36,MEDIUM,False
EVT-0001302,False,4.51,27,LOW,False
EVT-0001303,False,2.99,35,MEDIUM,False
EVT-0001304,False,3.9,15,LOW,False
EVT-0001305,False,2.39,26,LOW,False
EVT-0001306,False,4.46,54,HIGH,False
EVT-0001307,False,3.64,39,MEDIUM,False
EVT-0001308,False,3.19,27,LOW,False
EVT-0001309,False,5.16,20,LOW,False
EVT-0001310,False,4.3,64,HIGH,False
EVT-0001311,True,4.26,39,MEDIUM,False
EVT-0001312,False,6.76,45,MEDIUM,True
EVT-0001313,False,4.72,26,LOW,False
EVT-0001314,False,5.78,36,MEDIUM,False
EVT-0001315,True,4.51,41,MEDIUM,False
EVT-0001316,False,6.91,30,MEDIUM,False
EVT-0001317,False,3.91,38,MEDIUM,False
EVT-0001318,False,4.32,30,MEDIUM,False
EVT-0001319,False,5.28,19,LOW,False
EVT-0001320,False,4.13,34,MEDIUM,False
EVT-0001321,True,3.9,48,MEDIUM,False
EVT-0001322,False,4.87,33,MEDIUM,True
EVT-0001323,True,6.57,38,MEDIUM,True
EVT-0001324,False,4.25,50,HIGH,False
EVT-0001325,False,5.03,38,MEDIUM,True
EVT-0001326,False,7.91,43,MEDIUM,False
EVT-0001327,False,5.01,22,LOW,False
EVT-0001328,False,4.43,38,MEDIUM,False
EVT-0001329,False,4.24,44,MEDIUM,False
EVT-0001330,False,7.75,52,HIGH,True
EVT-0001331,False,6.66,44,MEDIUM,False
EVT-0001332,False,3.73,40,MEDIUM,False
EVT-0001333,False,5.48,41,MEDIUM,False
EVT-0001334,True,7.29,39,MEDIUM,False
EVT-0001335,False,6.09,42,MEDIUM,False
EVT-0001336,False,5.08,43,MEDIUM,False
EVT-0001337,False,6.12,46,MEDIUM,False
EVT-0001338,False,2.95,49,MEDIUM,False
EVT-0001339,False,3.47,19,LOW,False
EVT-0001340,False,5.33,27,LOW,False
EVT-0001341,False,4.44,32,MEDIUM,False
EVT-0001342,False,3.42,37,MEDIUM,False
EVT-0001343,False,6.86,56,HIGH,True
EVT-0001344,False,4.49,43,MEDIUM,False
EVT-0001345,False,6.38,45,MEDIUM,False
EVT-0001346,False,1.69,23,LOW,False
EVT-0001347,False,7.11,48,MEDIUM,False
EVT-0001348,True,7.06,65,HIGH,True
EVT-0001349,False,4.27,42,MEDIUM,False
EVT-0001350,False,4.79,25,LOW,False
EVT-0001351,False,4.2,34,MEDIUM,False
EVT-0001352,False,4.84,40,MEDIUM,False
EVT-0001353,False,2.2,22,LOW,False
EVT-0001354,False,2.5,17,LOW,False
EVT-0001355,True,3.05,36,MEDIUM,False
EVT-0001356,False,4.79,35,MEDIUM,False
EVT-0001357,False,3.94,20,LOW,False
EVT-0001358,False,5.85,41,MEDIUM,False
EVT-0001359,False,6.3,51,HIGH,False
EVT-0001360,True,5.5,38,MEDIUM,False
EVT-0001361,True,5.76,55,HIGH,True
EVT-0001362,False,3.25,9,LOW,False
EVT-0001363,False,4.43,30,MEDIUM,False
EVT-0001364,False,4.14,35,MEDIUM,False
EVT-0001365,False,1.24,27,LOW,False
EVT-0001366,False,2.19,56,HIGH,False
EVT-0001367,False,4.84,40,MEDIUM,False
EVT-0001368,False,3.51,30,MEDIUM,False
EVT-0001369,False,6.85,27,LOW,False
EVT-0001370,False,2.93,19,LOW,False
EVT-0001371,False,5.78,35,MEDIUM,False
EVT-0001372,True,7.1,59,HIGH,True
EVT-0001373,True,5.92,49,MEDIUM,False
EVT-0001374,False,5.01,27,LOW,False
EVT-0001375,False,5.18,30,MEDIUM,False
EVT-0001376,True,8.13,48,MEDIUM,False
EVT-0001377,False,2.63,38,MEDIUM,False
EVT-0001378,False,1.27,24,LOW,False
EVT-0001379,True,5.76,49,MEDIUM,True
EVT-0001380,True,4.35,42,MEDIUM,False
EVT-0001381,False,2.24,42,MEDIUM,False
EVT-0001382,True,4.2,42,MEDIUM,False
EVT-0001383,True,5.06,60,HIGH,False
EVT-0001384,False,4.71,51,HIGH,False
EVT-0001385,False,7.17,53,HIGH,False
EVT-0001386,False,2.9,35,MEDIUM,False
EVT-0001387,False,5.33,30,MEDIUM,False
EVT-0001388,False,5.67,54,HIGH,True
EVT-0001389,False,2.94,28,LOW,False
EVT-0001390,True,10.58,85,CRITICAL,True
EVT-0001391,False,4.41,34,MEDIUM,False
EVT-0001392,False,3.16,29,LOW,False
EVT-0001393,False,5.21,57,HIGH,False
EVT-0001394,False,3.85,43,MEDIUM,False
EVT-0001395,False,4.99,34,MEDIUM,False
EVT-0001396,False,6.24,35,MEDIUM,False
EVT-0001397,False,4.38,29,LOW,False
EVT-0001398,False,5.65,43,MEDIUM,False
EVT-0001399,False,5.3,38,MEDIUM,False
EVT-0001400,False,4.36,31,MEDIUM,False
EVT-0001401,False,5.46,45,MEDIUM,False
EVT-0001402,False,3.06,35,MEDIUM,False
EVT-0001403,False,5.78,25,LOW,False
EVT-0001404,False,4.52,21,LOW,False
EVT-0001405,True,6.07,42,MEDIUM,False
EVT-0001406,False,4.89,48,MEDIUM,False
EVT-0001407,False,5.61,49,MEDIUM,False
EVT-0001408,False,2.96,45,MEDIUM,True
EVT-0001409,False,6.27,41,MEDIUM,False
EVT-0001410,False,3.43,28,LOW,False
EVT-0001411,True,3.06,60,HIGH,False
EVT-0001412,False,0.93,9,LOW,False
EVT-0001413,False,4.9,23,LOW,False
EVT-0001414,False,3.84,39,MEDIUM,False
EVT-0001415,False,2.69,40,MEDIUM,False
EVT-0001416,False,5.48,24,LOW,False
EVT-0001417,True,7.96,66,HIGH,True
EVT-0001418,False,6.67,51,HIGH,True
EVT-0001419,False,3.95,37,MEDIUM,False
EVT-0001420,False,6.86,34,MEDIUM,False
EVT-0001421,True,5.1,35,MEDIUM,False
EVT-0001422,False,6.08,62,HIGH,True
EVT-0001423,False,4.65,21,LOW,False
EVT-0001424,False,4.0,36,MEDIUM,True
EVT-0001425,False,6.43,42,MEDIUM,False
EVT-0001426,False,6.44,38,MEDIUM,False
EVT-0001427,False,4.75,48,MEDIUM,True
EVT-0001428,False,7.36,40,MEDIUM,True
EVT-0001429,False,7.23,47,MEDIUM,False
EVT-0001430,False,4.85,31,MEDIUM,False
EVT-0001431,False,2.48,25,LOW,False
EVT-0001432,False,4.05,46,MEDIUM,True
EVT-0001433,False,6.06,39,MEDIUM,False
EVT-0001434,False,5.91,46,MEDIUM,True
EVT-0001435,False,4.28,35,MEDIUM,False
EVT-0001436,False,6.4,38,MEDIUM,False
EVT-0001437,False,2.22,22,LOW,False
EVT-0001438,False,6.23,39,MEDIUM,False
EVT-0001439,False,3.2,41,MEDIUM,False
EVT-0001440,False,4.46,25,LOW,False
EVT-0001441,False,9.03,53,HIGH,False
EVT-0001442,True,4.78,30,MEDIUM,False
EVT-0001443,False,2.62,53,HIGH,True
EVT-0001444,False,7.45,42,MEDIUM,True
EVT-0001445,False,3.14,25,LOW,False
EVT-0001446,False,2.44,27,LOW,False
EVT-0001447,True,5.51,49,MEDIUM,True
EVT-0001448,False,4.73,39,MEDIUM,False
EVT-0001449,False,4.59,35,MEDIUM,False
EVT-0001450,True,5.03,44,MEDIUM,False
EVT-0001451,False,8.32,35,MEDIUM,True
EVT-0001452,True,3.97,28,LOW,False
EVT-0001453,False,7.46,34,MEDIUM,False
EVT-0001454,False,6.23,23,LOW,False
EVT-0001455,False,7.61,41,MEDIUM,False
EVT-0001456,False,3.03,33,MEDIUM,False
EVT-0001457,False,3.07,27,LOW,False
EVT-0001458,False,4.26,40,MEDIUM,False
EVT-0001459,False,5.5,47,MEDIUM,False
EVT-0001460,False,3.05,34,MEDIUM,False
EVT-0001461,False,6.89,55,HIGH,True
EVT-0001462,False,7.3,41,MEDIUM,False
EVT-0001463,True,6.63,52,HIGH,False
EVT-0001464,False,5.65,23,LOW,False
EVT-0001465,False,6.26,31,MEDIUM,False
EVT-0001466,False,4.65,29,LOW,False
EVT-0001467,False,1.89,33,MEDIUM,False
EVT-0001468,False,3.12,53,HIGH,False
EVT-0001469,False,5.03,35,MEDIUM,True
EVT-0001470,False,2.74,25,LOW,False
EVT-0001471,False,5.63,44,MEDIUM,False
EVT-0001472,False,2.49,20,LOW,False
EVT-0001473,False,7.11,44,MEDIUM,False
EVT-0001474,False,3.05,32,MEDIUM,False
EVT-0001475,False,6.48,28,LOW,False
EVT-0001476,False,3.38,52,HIGH,False
EVT-0001477,False,6.13,30,MEDIUM,False
EVT-0001478,False,4.98,37,MEDIUM,True
EVT-0001479,False,5.18,28,LOW,False
EVT-0001480,False,5.19,38,MEDIUM,False
EVT-0001481,True,5.25,44,MEDIUM,False
EVT-0001482,False,3.91,30,MEDIUM,True
EVT-0001483,False,3.92,14,LOW,False
EVT-0001484,False,6.28,51,HIGH,True
EVT-0001485,False,6.33,48,MEDIUM,False
EVT-0001486,False,6.82,34,MEDIUM,False
EVT-0001487,False,6.41,15,LOW,False
EVT-0001488,False,5.37,32,MEDIUM,False
EVT-0001489,False,2.62,29,LOW,False
EVT-0001490,False,7.79,46,MEDIUM,False
EVT-0001491,False,4.77,47,MEDIUM,False
EVT-0001492,False,3.89,28,LOW,False
EVT-0001493,False,5.53,46,MEDIUM,False
EVT-0001494,False,5.22,34,MEDIUM,False
EVT-0001495,False,3.65,28,LOW,False
EVT-0001496,False,4.41,32,MEDIUM,False
EVT-0001497,False,3.41,41,MEDIUM,False
EVT-0001498,False,4.82,29,LOW,False
EVT-0001499,False,4.89,26,LOW,False
EVT-0001500,False,2.61,36,MEDIUM,False
EVT-0001501,False,6.07,50,HIGH,False
EVT-0001502,False,3.73,36,MEDIUM,False
EVT-0001503,False,3.64,49,MEDIUM,False
EVT-0001504,False,3.1,28,LOW,False
EVT-0001505,False,5.04,18,LOW,False
EVT-0001506,False,2.4,34,MEDIUM,False
EVT-0001507,False,4.56,30,MEDIUM,False
EVT-0001508,False,4.46,23,LOW,False
EVT-0001509,True,6.65,54,HIGH,False
EVT-0001510,False,3.22,31,MEDIUM,False
EVT-0001511,True,5.41,43,MEDIUM,False
EVT-0001512,True,7.7,39,MEDIUM,False
EVT-0001513,False,5.82,45,MEDIUM,False
EVT-0001514,False,5.87,63,HIGH,True
EVT-0001515,False,4.72,27,LOW,True
EVT-0001516,True,8.69,50,HIGH,False
EVT-0001517,False,6.42,33,MEDIUM,True
EVT-0001518,False,9.24,65,HIGH,True
EVT-0001519,False,8.54,56,HIGH,True
EVT-0001520,False,2.88,15,LOW,False
EVT-0001521,True,5.56,50,HIGH,False
EVT-0001522,False,7.02,59,HIGH,True
EVT-0001523,False,4.78,28,LOW,False
EVT-0001524,False,1.98,29,LOW,False
EVT-0001525,False,6.23,51,HIGH,False
EVT-0001526,False,2.7,21,LOW,False
EVT-0001527,True,2.57,21,LOW,False
EVT-0001528,False,5.12,16,LOW,False
EVT-0001529,True,7.97,51,HIGH,True
EVT-0001530,False,3.58,14,LOW,False
EVT-0001531,False,7.51,60,HIGH,False
EVT-0001532,False,5.83,58,HIGH,False
EVT-0001533,True,4.69,57,HIGH,True
EVT-0001534,False,4.15,30,MEDIUM,False
EVT-0001535,False,4.42,48,MEDIUM,False
EVT-0001536,False,4.74,40,MEDIUM,False
EVT-0001537,False,5.53,39,MEDIUM,False
EVT-0001538,False,3.49,17,LOW,False
EVT-0001539,False,1.29,28,LOW,False
EVT-0001540,False,5.32,38,MEDIUM,True
EVT-0001541,False,6.42,38,MEDIUM,False
EVT-0001542,True,4.78,43,MEDIUM,False
EVT-0001543,True,3.55,45,MEDIUM,False
EVT-0001544,False,3.98,35,MEDIUM,False
EVT-0001545,True,3.67,42,MEDIUM,False
EVT-0001546,False,5.04,46,MEDIUM,True
EVT-0001547,False,5.37,45,MEDIUM,True
EVT-0001548,False,5.23,47,MEDIUM,True
EVT-0001549,False,5.19,35,MEDIUM,False
EVT-0001550,False,4.19,11,LOW,False
EVT-0001551,False,4.65,40,MEDIUM,False
EVT-0001552,False,8.08,37,MEDIUM,False
EVT-0001553,False,3.89,31,MEDIUM,False
EVT-0001554,False,3.25,34,MEDIUM,False
EVT-0001555,False,2.76,34,MEDIUM,False
EVT-0001556,False,2.26,41,MEDIUM,False
EVT-0001557,False,4.72,38,MEDIUM,False
EVT-0001558,False,10.34,51,HIGH,True
EVT-0001559,False,8.17,47,MEDIUM,True
EVT-0001560,True,7.93,43,MEDIUM,False
EVT-0001561,True,5.22,35,MEDIUM,False
EVT-0001562,True,2.76,40,MEDIUM,False
EVT-0001563,False,4.36,37,MEDIUM,False
EVT-0001564,False,7.56,53,HIGH,False
EVT-0001565,False,5.16,29,LOW,False
EVT-0001566,False,4.78,40,MEDIUM,False
EVT-0001567,False,2.24,27,LOW,False
EVT-0001568,False,4.75,59,HIGH,True
EVT-0001569,False,6.03,51,HIGH,True
EVT-0001570,True,6.03,44,MEDIUM,False
EVT-0001571,False,3.65,36,MEDIUM,False
EVT-0001572,False,6.33,31,MEDIUM,False
EVT-0001573,False,1.78,30,MEDIUM,False
EVT-0001574,False,3.42,24,LOW,False
EVT-0001575,False,2.09,25,LOW,False
EVT-0001576,False,6.16,53,HIGH,True
EVT-0001577,False,4.49,15,LOW,False
EVT-0001578,False,3.15,38,MEDIUM,False
EVT-0001579,True,6.4,46,MEDIUM,False
EVT-0001580,False,6.2,37,MEDIUM,False
EVT-0001581,False,4.51,25,LOW,False
EVT-0001582,False,5.89,17,LOW,False
EVT-0001583,True,5.83,41,MEDIUM,False
EVT-0001584,False,1.93,27,LOW,False
EVT-0001585,False,6.76,19,LOW,False
EVT-0001586,False,5.64,17,LOW,False
EVT-0001587,False,5.81,54,HIGH,True
EVT-0001588,False,4.73,49,MEDIUM,False
EVT-0001589,False,3.93,33,MEDIUM,False
EVT-0001590,False,4.67,29,LOW,False
EVT-0001591,False,2.29,31,MEDIUM,False
EVT-0001592,False,7.39,29,LOW,False
EVT-0001593,False,2.71,17,LOW,False
EVT-0001594,False,5.39,43,MEDIUM,False
EVT-0001595,False,4.31,22,LOW,False
EVT-0001596,False,5.01,43,MEDIUM,True
EVT-0001597,False,5.08,43,MEDIUM,False
EVT-0001598,True,4.13,51,HIGH,True
EVT-0001599,False,5.48,38,MEDIUM,False
EVT-0001600,False,4.35,29,LOW,False
EVT-0001601,False,5.39,55,HIGH,False
EVT-0001602,False,3.69,25,LOW,False
EVT-0001603,False,7.92,29,LOW,False
EVT-0001604,False,5.17,25,LOW,False
EVT-0001605,False,6.65,36,MEDIUM,False
EVT-0001606,False,3.49,45,MEDIUM,False
EVT-0001607,False,5.52,26,LOW,False
EVT-0001608,True,6.56,55,HIGH,True
EVT-0001609,True,4.51,45,MEDIUM,False
EVT-0001610,False,3.82,32,MEDIUM,False
EVT-0001611,False,1.45,35,MEDIUM,False
EVT-0001612,False,5.39,16,LOW,False
EVT-0001613,False,3.45,26,LOW,False
EVT-0001614,False,2.05,31,MEDIUM,False
EVT-0001615,False,7.42,53,HIGH,False
EVT-0001616,False,2.98,35,MEDIUM,False
EVT-0001617,False,5.64,47,MEDIUM,False
EVT-0001618,False,3.94,22,LOW,False
EVT-0001619,False,5.47,17,LOW,False
EVT-0001620,False,4.58,36,MEDIUM,False
EVT-0001621,False,3.87,40,MEDIUM,False
EVT-0001622,False,3.86,31,MEDIUM,False
EVT-0001623,False,3.67,25,LOW,False
EVT-0001624,True,5.67,57,HIGH,False
EVT-0001625,False,3.92,41,MEDIUM,False
EVT-0001626,True,4.81,43,MEDIUM,False
EVT-0001627,False,4.95,29,LOW,False
EVT-0001628,False,4.82,41,MEDIUM,False
EVT-0001629,False,1.95,26,LOW,False
EVT-0001630,True,5.42,39,MEDIUM,False
EVT-0001631,False,2.13,36,MEDIUM,False
EVT-0001632,False,6.1,42,MEDIUM,False
EVT-0001633,False,3.79,38,MEDIUM,False
EVT-0001634,False,7.59,68,HIGH,True
EVT-0001635,True,4.42,36,MEDIUM,False
EVT-0001636,False,2.16,27,LOW,False
EVT-0001637,False,7.77,53,HIGH,True
EVT-0001638,False,4.38,25,LOW,False
EVT-0001639,False,3.88,23,LOW,False
EVT-0001640,False,3.26,33,MEDIUM,False
EVT-0001641,False,3.72,40,MEDIUM,False
EVT-0001642,False,3.41,34,MEDIUM,False
EVT-0001643,False,4.16,24,LOW,False
EVT-0001644,True,5.93,65,HIGH,True
EVT-0001645,False,5.46,23,LOW,False
EVT-0001646,False,2.93,18,LOW,False
EVT-0001647,False,3.24,38,MEDIUM,False
EVT-0001648,False,6.1,27,LOW,False
EVT-0001649,False,3.78,32,MEDIUM,False
EVT-0001650,False,2.22,7,LOW,False
EVT-0001651,False,5.19,46,MEDIUM,False
EVT-0001652,True,6.52,39,MEDIUM,False
EVT-0001653,False,5.91,25,LOW,False
EVT-0001654,True,7.59,45,MEDIUM,True
EVT-0001655,False,2.69,27,LOW,False
EVT-0001656,False,6.85,24,LOW,False
EVT-0001657,False,3.78,34,MEDIUM,False
EVT-0001658,False,4.49,28,LOW,False
EVT-0001659,False,5.91,29,LOW,False
EVT-0001660,False,1.91,33,MEDIUM,False
EVT-0001661,False,4.5,38,MEDIUM,False
EVT-0001662,False,2.49,21,LOW,False
EVT-0001663,False,6.88,34,MEDIUM,False
EVT-0001664,False,8.17,39,MEDIUM,False
EVT-0001665,True,5.33,41,MEDIUM,False
EVT-0001666,False,3.79,47,MEDIUM,True
EVT-0001667,False,3.97,18,LOW,False
EVT-0001668,False,6.02,42,MEDIUM,False
EVT-0001669,False,3.64,38,MEDIUM,False
EVT-0001670,False,3.46,48,MEDIUM,True
EVT-0001671,False,2.65,29,LOW,False
EVT-0001672,False,6.74,66,HIGH,True
EVT-0001673,False,3.43,22,LOW,False
EVT-0001674,False,2.18,35,MEDIUM,False
EVT-0001675,True,3.4,41,MEDIUM,False
EVT-0001676,False,3.0,41,MEDIUM,True
EVT-0001677,False,3.73,36,MEDIUM,False
EVT-0001678,True,4.39,42,MEDIUM,True
EVT-0001679,False,4.53,33,MEDIUM,False
EVT-0001680,False,4.71,13,LOW,False
EVT-0001681,False,4.17,46,MEDIUM,True
EVT-0001682,True,1.6,49,MEDIUM,False
EVT-0001683,False,4.02,24,LOW,False
EVT-0001684,True,8.57,73,CRITICAL,True
EVT-0001685,False,6.1,23,LOW,False
EVT-0001686,False,4.4,50,HIGH,False
EVT-0001687,True,6.4,46,MEDIUM,True
EVT-0001688,True,3.86,36,MEDIUM,False
EVT-0001689,False,3.38,45,MEDIUM,False
EVT-0001690,False,6.25,52,HIGH,True
EVT-0001691,False,2.76,45,MEDIUM,False
EVT-0001692,False,7.82,48,MEDIUM,False
EVT-0001693,False,4.38,64,HIGH,True
EVT-0001694,False,5.34,39,MEDIUM,False
EVT-0001695,False,2.72,42,MEDIUM,False
EVT-0001696,False,4.83,58,HIGH,True
EVT-0001697,True,5.59,46,MEDIUM,False
EVT-0001698,False,2.64,28,LOW,False
EVT-0001699,False,7.35,36,MEDIUM,False
EVT-0001700,False,4.07,40,MEDIUM,False
EVT-0001701,False,4.97,52,HIGH,False
EVT-0001702,False,5.72,29,LOW,False
EVT-0001703,False,3.89,43,MEDIUM,False
EVT-0001704,False,1.74,13,LOW,False
EVT-0001705,False,5.62,32,MEDIUM,False
EVT-0001706,False,5.03,77,CRITICAL,True
EVT-0001707,False,7.36,43,MEDIUM,True
EVT-0001708,False,2.47,30,MEDIUM,False
EVT-0001709,False,7.0,39,MEDIUM,False
EVT-0001710,False,2.95,31,MEDIUM,False
EVT-0001711,False,3.95,28,LOW,False
EVT-0001712,True,6.31,54,HIGH,True
EVT-0001713,False,6.09,36,MEDIUM,False
EVT-0001714,True,6.16,56,HIGH,True
EVT-0001715,False,4.49,28,LOW,False
EVT-0001716,False,6.3,31,MEDIUM,False
EVT-0001717,False,4.97,35,MEDIUM,False
EVT-0001718,False,3.45,34,MEDIUM,False
EVT-0001719,False,4.25,44,MEDIUM,False
EVT-0001720,False,3.74,28,LOW,False
EVT-0001721,False,6.87,42,MEDIUM,False
EVT-0001722,True,6.61,65,HIGH,True
EVT-0001723,True,4.34,28,LOW,False
EVT-0001724,False,4.65,30,MEDIUM,False
EVT-0001725,False,3.41,29,LOW,False
EVT-0001726,False,5.49,48,MEDIUM,True
EVT-0001727,False,4.88,36,MEDIUM,False
EVT-0001728,False,3.87,37,MEDIUM,False
EVT-0001729,False,3.01,57,HIGH,True
EVT-0001730,True,6.61,46,MEDIUM,False
EVT-0001731,False,4.93,38,MEDIUM,False
EVT-0001732,True,1.92,33,MEDIUM,False
EVT-0001733,False,5.64,18,LOW,False
EVT-0001734,False,7.68,57,HIGH,False
EVT-0001735,True,6.33,35,MEDIUM,False
EVT-0001736,False,5.72,27,LOW,False
EVT-0001737,False,4.16,38,MEDIUM,False
EVT-0001738,False,3.13,26,LOW,False
EVT-0001739,False,4.3,30,MEDIUM,False
EVT-0001740,False,4.18,13,LOW,False
EVT-0001741,False,5.5,39,MEDIUM,False
EVT-0001742,False,2.55,30,MEDIUM,False
EVT-0001743,False,5.13,27,LOW,False
EVT-0001744,False,6.71,40,MEDIUM,False
EVT-0001745,False,4.23,33,MEDIUM,False
EVT-0001746,False,5.83,24,LOW,False
EVT-0001747,False,7.25,30,MEDIUM,False
EVT-0001748,False,4.73,27,LOW,False
EVT-0001749,False,4.57,39,MEDIUM,False
EVT-0001750,False,6.9,29,LOW,True
EVT-0001751,False,4.22,38,MEDIUM,False
EVT-0001752,False,3.25,19,LOW,False
EVT-0001753,False,3.66,54,HIGH,False
EVT-0001754,False,6.7,62,HIGH,True
EVT-0001755,False,2.1,49,MEDIUM,True
EVT-0001756,False,3.14,34,MEDIUM,False
EVT-0001757,False,2.15,45,MEDIUM,False
EVT-0001758,False,5.01,47,MEDIUM,True
EVT-0001759,False,2.59,19,LOW,False
EVT-0001760,True,7.85,39,MEDIUM,True
EVT-0001761,True,5.68,47,MEDIUM,True
EVT-0001762,False,4.28,50,HIGH,True
EVT-0001763,False,5.33,22,LOW,False
EVT-0001764,False,7.31,49,MEDIUM,False
EVT-0001765,True,5.5,36,MEDIUM,False
EVT-0001766,False,4.25,35,MEDIUM,True
EVT-0001767,False,3.47,49,MEDIUM,True
EVT-0001768,False,5.7,39,MEDIUM,False
EVT-0001769,False,4.49,36,MEDIUM,False
EVT-0001770,False,5.18,47,MEDIUM,False
EVT-0001771,False,5.14,42,MEDIUM,False
EVT-0001772,False,5.99,39,MEDIUM,False
EVT-0001773,False,4.07,21,LOW,False
EVT-0001774,False,4.75,34,MEDIUM,False
EVT-0001775,True,9.02,43,MEDIUM,False
EVT-0001776,False,7.09,40,MEDIUM,False
EVT-0001777,False,1.12,21,LOW,False
EVT-0001778,False,5.46,21,LOW,False
EVT-0001779,False,4.64,45,MEDIUM,False
EVT-0001780,False,4.23,44,MEDIUM,True
EVT-0001781,False,7.35,48,MEDIUM,False
EVT-0001782,False,6.11,31,MEDIUM,False
EVT-0001783,False,4.96,36,MEDIUM,False
EVT-0001784,True,2.74,47,MEDIUM,False
EVT-0001785,False,6.85,31,MEDIUM,False
EVT-0001786,False,4.45,29,LOW,False
EVT-0001787,False,4.35,20,LOW,False
EVT-0001788,False,4.57,30,MEDIUM,False
EVT-0001789,False,4.89,33,MEDIUM,False
EVT-0001790,True,7.0,46,MEDIUM,True
EVT-0001791,False,5.72,39,MEDIUM,False
EVT-0001792,False,4.28,30,MEDIUM,False
EVT-0001793,False,4.29,38,MEDIUM,False
EVT-0001794,False,5.76,42,MEDIUM,False
EVT-0001795,False,5.32,21,LOW,False
EVT-0001796,True,7.53,50,HIGH,True
EVT-0001797,False,6.13,37,MEDIUM,True
EVT-0001798,False,1.64,39,MEDIUM,False
EVT-0001799,False,6.32,32,MEDIUM,False
EVT-0001800,False,3.8,27,LOW,False
EVT-0001801,False,5.15,36,MEDIUM,False
EVT-0001802,False,5.29,36,MEDIUM,False
EVT-0001803,False,4.01,46,MEDIUM,True
EVT-0001804,False,3.01,52,HIGH,False
EVT-0001805,True,5.51,67,HIGH,True
EVT-0001806,False,4.04,45,MEDIUM,False
EVT-0001807,False,4.25,40,MEDIUM,False
EVT-0001808,False,5.13,40,MEDIUM,False
EVT-0001809,False,3.63,40,MEDIUM,False
EVT-0001810,False,2.65,45,MEDIUM,False
EVT-0001811,False,7.18,29,LOW,True
EVT-0001812,True,4.79,46,MEDIUM,False
EVT-0001813,True,6.23,38,MEDIUM,False
EVT-0001814,False,2.65,7,LOW,False
EVT-0001815,True,3.35,28,LOW,False
EVT-0001816,False,4.63,32,MEDIUM,False
EVT-0001817,False,3.13,38,MEDIUM,False
EVT-0001818,False,4.39,53,HIGH,True
EVT-0001819,True,5.87,44,MEDIUM,True
EVT-0001820,False,7.11,45,MEDIUM,False
EVT-0001821,False,4.88,59,HIGH,True
EVT-0001822,False,7.9,46,MEDIUM,False
EVT-0001823,False,4.62,35,MEDIUM,False
EVT-0001824,False,2.05,32,MEDIUM,False
EVT-0001825,True,6.87,58,HIGH,True
EVT-0001826,True,5.81,52,HIGH,False
EVT-0001827,False,7.77,53,HIGH,False
EVT-0001828,True,5.35,44,MEDIUM,False
EVT-0001829,False,4.04,34,MEDIUM,False
EVT-0001830,False,6.41,39,MEDIUM,False
EVT-0001831,False,5.43,42,MEDIUM,False
EVT-0001832,False,3.69,30,MEDIUM,False
EVT-0001833,False,8.46,63,HIGH,True
EVT-0001834,False,3.26,31,MEDIUM,False
EVT-0001835,False,1.89,27,LOW,False
EVT-0001836,False,4.48,49,MEDIUM,False
EVT-0001837,True,8.91,45,MEDIUM,False
EVT-0001838,False,3.61,28,LOW,False
EVT-0001839,False,7.3,60,HIGH,True
EVT-0001840,False,4.75,36,MEDIUM,True
EVT-0001841,False,5.63,46,MEDIUM,False
EVT-0001842,False,5.53,44,MEDIUM,False
EVT-0001843,False,3.05,36,MEDIUM,False
EVT-0001844,False,3.14,43,MEDIUM,False
EVT-0001845,True,4.44,51,HIGH,True
EVT-0001846,False,4.48,34,MEDIUM,False
EVT-0001847,False,3.74,37,MEDIUM,False
EVT-0001848,False,3.5,18,LOW,False
EVT-0001849,False,4.39,33,MEDIUM,False
EVT-0001850,False,5.02,12,LOW,False
EVT-0001851,False,5.66,38,MEDIUM,True
EVT-0001852,False,2.63,14,LOW,False
EVT-0001853,False,6.96,44,MEDIUM,True
EVT-0001854,False,4.94,44,MEDIUM,False
EVT-0001855,False,3.82,31,MEDIUM,False
EVT-0001856,False,5.21,37,MEDIUM,False
EVT-0001857,False,4.71,42,MEDIUM,True
EVT-0001858,False,4.81,25,LOW,True
EVT-0001859,False,2.04,46,MEDIUM,False
EVT-0001860,False,3.04,34,MEDIUM,False
EVT-0001861,False,3.86,28,LOW,False
EVT-0001862,False,6.82,42,MEDIUM,False
EVT-0001863,False,8.6,37,MEDIUM,False
EVT-0001864,False,6.56,39,MEDIUM,False
EVT-0001865,True,6.61,54,HIGH,True
EVT-0001866,False,6.25,52,HIGH,False
EVT-0001867,False,3.54,18,LOW,False
EVT-0001868,False,4.5,26,LOW,False
EVT-0001869,False,4.87,35,MEDIUM,False
EVT-0001870,False,4.69,27,LOW,True
EVT-0001871,False,3.71,37,MEDIUM,False
EVT-0001872,False,1.4,27,LOW,False
EVT-0001873,False,5.67,52,HIGH,False
EVT-0001874,True,4.14,68,HIGH,True
EVT-0001875,False,4.93,28,LOW,False
EVT-0001876,False,4.05,59,HIGH,False
EVT-0001877,False,3.97,42,MEDIUM,False
EVT-0001878,False,4.08,28,LOW,False
EVT-0001879,False,8.38,46,MEDIUM,False
EVT-0001880,False,5.15,30,MEDIUM,False
EVT-0001881,False,6.25,50,HIGH,True
EVT-0001882,False,6.52,40,MEDIUM,False
EVT-0001883,False,4.83,47,MEDIUM,True
EVT-0001884,True,5.86,80,CRITICAL,True
EVT-0001885,False,3.49,29,LOW,False
EVT-0001886,False,3.34,46,MEDIUM,False
EVT-0001887,False,2.25,35,MEDIUM,False
EVT-0001888,False,7.42,54,HIGH,False
EVT-0001889,False,5.99,28,LOW,False
EVT-0001890,False,1.58,20,LOW,False
EVT-0001891,False,6.09,41,MEDIUM,True
EVT-0001892,True,6.92,61,HIGH,True
EVT-0001893,False,2.79,49,MEDIUM,False
EVT-0001894,True,3.08,44,MEDIUM,False
EVT-0001895,False,4.73,20,LOW,False
EVT-0001896,False,2.46,24,LOW,False
EVT-0001897,False,6.68,57,HIGH,True
EVT-0001898,False,3.14,30,MEDIUM,False
EVT-0001899,False,3.72,35,MEDIUM,False
EVT-0001900,False,7.5,66,HIGH,True
EVT-0001901,False,9.14,56,HIGH,True
EVT-0001902,True,6.83,47,MEDIUM,False
EVT-0001903,False,3.96,27,LOW,False
EVT-0001904,False,2.44,52,HIGH,False
EVT-0001905,False,3.03,54,HIGH,True
EVT-0001906,False,5.29,26,LOW,False
EVT-0001907,False,4.35,38,MEDIUM,False
EVT-0001908,False,2.9,32,MEDIUM,False
EVT-0001909,False,4.34,40,MEDIUM,False
EVT-0001910,False,0.98,32,MEDIUM,False
EVT-0001911,False,1.89,34,MEDIUM,False
EVT-0001912,False,4.86,39,MEDIUM,False
EVT-0001913,False,6.89,39,MEDIUM,False
EVT-0001914,True,6.37,66,HIGH,True
EVT-0001915,False,5.21,36,MEDIUM,False
EVT-0001916,False,3.01,49,MEDIUM,True
EVT-0001917,False,5.08,47,MEDIUM,False
EVT-0001918,False,1.97,40,MEDIUM,True
EVT-0001919,False,4.25,34,MEDIUM,False
EVT-0001920,False,3.84,40,MEDIUM,False
EVT-0001921,False,7.09,40,MEDIUM,True
EVT-0001922,True,2.35,38,MEDIUM,False
EVT-0001923,False,6.82,40,MEDIUM,True
EVT-0001924,False,3.99,55,HIGH,False
EVT-0001925,False,3.98,34,MEDIUM,False
EVT-0001926,False,2.82,35,MEDIUM,False
EVT-0001927,False,5.02,32,MEDIUM,False
EVT-0001928,False,3.9,25,LOW,False
EVT-0001929,False,4.46,23,LOW,False
EVT-0001930,False,3.22,12,LOW,False
EVT-0001931,False,5.62,40,MEDIUM,False
EVT-0001932,False,4.23,38,MEDIUM,False
EVT-0001933,False,3.51,21,LOW,False
EVT-0001934,True,6.42,31,MEDIUM,False
EVT-0001935,False,4.32,23,LOW,False
EVT-0001936,False,4.44,38,MEDIUM,False
EVT-0001937,False,5.52,37,MEDIUM,False
EVT-0001938,False,2.33,36,MEDIUM,False
EVT-0001939,False,4.55,61,HIGH,True
EVT-0001940,False,3.06,27,LOW,False
EVT-0001941,False,2.17,32,MEDIUM,False
EVT-0001942,False,4.73,47,MEDIUM,False
EVT-0001943,False,2.97,37,MEDIUM,False
EVT-0001944,False,5.18,55,HIGH,True
EVT-0001945,False,4.56,24,LOW,False
EVT-0001946,False,2.78,45,MEDIUM,False
EVT-0001947,False,3.96,30,MEDIUM,False
EVT-0001948,False,6.08,51,HIGH,True
EVT-0001949,True,3.42,41,MEDIUM,False
EVT-0001950,False,4.79,29,LOW,False
EVT-0001951,False,6.34,14,LOW,True
EVT-0001952,True,5.06,65,HIGH,False
EVT-0001953,False,3.25,41,MEDIUM,False
EVT-0001954,True,6.25,56,HIGH,False
EVT-0001955,False,7.64,46,MEDIUM,True
EVT-0001956,False,7.33,65,HIGH,True
EVT-0001957,False,3.31,32,MEDIUM,False
EVT-0001958,False,5.2,27,LOW,False
EVT-0001959,False,3.89,33,MEDIUM,True
EVT-0001960,False,5.54,16,LOW,False
EVT-0001961,False,3.6,55,HIGH,True
EVT-0001962,False,5.61,46,MEDIUM,False
EVT-0001963,False,6.27,56,HIGH,True
EVT-0001964,False,5.78,6,LOW,False
EVT-0001965,False,3.98,38,MEDIUM,False
EVT-0001966,False,1.38,26,LOW,False
EVT-0001967,True,8.34,66,HIGH,True
EVT-0001968,False,2.21,35,MEDIUM,False
EVT-0001969,False,1.44,38,MEDIUM,False
EVT-0001970,False,3.32,25,LOW,False
EVT-0001971,False,5.26,27,LOW,False
EVT-0001972,False,3.65,38,MEDIUM,False
EVT-0001973,False,5.2,39,MEDIUM,False
EVT-0001974,False,3.39,16,LOW,False
EVT-0001975,False,3.66,39,MEDIUM,False
EVT-0001976,False,7.66,56,HIGH,True
EVT-0001977,False,3.85,38,MEDIUM,False
EVT-0001978,False,6.44,37,MEDIUM,False
EVT-0001979,False,7.64,52,HIGH,True
EVT-0001980,False,6.88,48,MEDIUM,False
EVT-0001981,False,3.21,14,LOW,False
EVT-0001982,False,6.62,41,MEDIUM,True
EVT-0001983,False,3.82,44,MEDIUM,False
EVT-0001984,False,3.13,40,MEDIUM,False
EVT-0001985,False,2.36,37,MEDIUM,False
EVT-0001986,False,4.85,42,MEDIUM,False
EVT-0001987,False,4.88,37,MEDIUM,False
EVT-0001988,False,4.09,46,MEDIUM,False
EVT-0001989,False,6.4,41,MEDIUM,False
EVT-0001990,False,2.46,27,LOW,False
EVT-0001991,False,3.67,21,LOW,False
EVT-0001992,False,8.5,50,HIGH,True
EVT-0001993,False,1.79,31,MEDIUM,False
EVT-0001994,False,5.42,37,MEDIUM,False
EVT-0001995,False,2.84,12,LOW,False
EVT-0001996,False,8.71,39,MEDIUM,False
EVT-0001997,False,5.68,34,MEDIUM,False
EVT-0001998,False,4.77,30,MEDIUM,False
EVT-0001999,False,3.84,38,MEDIUM,False
EVT-0002000,False,8.23,48,MEDIUM,True
EVT-0002001,False,3.2,18,LOW,False
EVT-0002002,False,3.6,26,LOW,False
EVT-0002003,False,6.73,47,MEDIUM,False
EVT-0002004,False,3.11,19,LOW,False
EVT-0002005,False,1.82,30,MEDIUM,False
EVT-0002006,False,5.26,64,HIGH,True
EVT-0002007,False,3.09,46,MEDIUM,False
EVT-0002008,True,3.6,41,MEDIUM,False
EVT-0002009,False,5.01,34,MEDIUM,False
EVT-0002010,False,3.49,43,MEDIUM,False
EVT-0002011,False,4.58,35,MEDIUM,False
EVT-0002012,False,5.66,78,CRITICAL,True
EVT-0002013,False,1.4,26,LOW,False
EVT-0002014,True,6.21,80,CRITICAL,True
EVT-0002015,False,6.15,51,HIGH,True
EVT-0002016,True,5.39,56,HIGH,True
EVT-0002017,False,5.36,39,MEDIUM,False
EVT-0002018,True,6.56,50,HIGH,True
EVT-0002019,False,2.66,31,MEDIUM,False
EVT-0002020,False,6.17,52,HIGH,False
EVT-0002021,False,3.63,31,MEDIUM,False
EVT-0002022,False,3.62,33,MEDIUM,False
EVT-0002023,False,7.33,35,MEDIUM,True
EVT-0002024,False,2.17,25,LOW,False
EVT-0002025,False,1.71,66,HIGH,True
EVT-0002026,False,6.43,33,MEDIUM,False
EVT-0002027,False,3.63,20,LOW,False
EVT-0002028,False,4.98,45,MEDIUM,True
EVT-0002029,False,5.89,36,MEDIUM,True
EVT-0002030,False,6.1,29,LOW,False
EVT-0002031,False,2.25,33,MEDIUM,False
EVT-0002032,False,6.03,39,MEDIUM,False
EVT-0002033,False,3.56,22,LOW,False
EVT-0002034,True,5.06,51,HIGH,True
EVT-0002035,True,5.49,60,HIGH,True
EVT-0002036,False,3.2,40,MEDIUM,False
EVT-0002037,False,3.09,19,LOW,False
EVT-0002038,False,5.55,58,HIGH,True
EVT-0002039,False,4.7,40,MEDIUM,False
EVT-0002040,False,3.05,27,LOW,False
EVT-0002041,False,5.03,22,LOW,False
EVT-0002042,False,3.87,21,LOW,False
EVT-0002043,False,4.35,25,LOW,False
EVT-0002044,False,2.32,17,LOW,False
EVT-0002045,False,4.79,66,HIGH,True
EVT-0002046,False,4.18,47,MEDIUM,False
EVT-0002047,False,0.87,30,MEDIUM,False
EVT-0002048,False,2.39,34,MEDIUM,False
EVT-0002049,False,4.18,17,LOW,False
EVT-0002050,False,4.76,34,MEDIUM,True
EVT-0002051,False,2.01,52,HIGH,True
EVT-0002052,False,6.79,47,MEDIUM,True
EVT-0002053,False,6.67,64,HIGH,True
EVT-0002054,False,4.12,24,LOW,False
EVT-0002055,False,7.28,37,MEDIUM,False
EVT-0002056,False,5.87,36,MEDIUM,False
EVT-0002057,False,6.36,38,MEDIUM,False
EVT-0002058,False,6.16,32,MEDIUM,False
EVT-0002059,False,2.18,42,MEDIUM,False
EVT-0002060,False,7.08,36,MEDIUM,False
EVT-0002061,False,6.73,41,MEDIUM,False
EVT-0002062,False,7.34,73,CRITICAL,False
EVT-0002063,False,2.2,43,MEDIUM,False
EVT-0002064,False,7.05,37,MEDIUM,False
EVT-0002065,True,7.08,48,MEDIUM,False
EVT-0002066,False,5.76,31,MEDIUM,False
EVT-0002067,False,2.74,28,LOW,False
EVT-0002068,True,5.33,38,MEDIUM,False
EVT-0002069,False,2.74,33,MEDIUM,False
EVT-0002070,False,3.92,33,MEDIUM,False
EVT-0002071,False,5.2,30,MEDIUM,False
EVT-0002072,False,5.53,32,MEDIUM,False
EVT-0002073,False,2.59,44,MEDIUM,False
EVT-0002074,False,3.81,36,MEDIUM,False
EVT-0002075,False,3.45,45,MEDIUM,False
EVT-0002076,False,4.12,10,LOW,False
EVT-0002077,False,7.52,46,MEDIUM,False
EVT-0002078,False,1.68,37,MEDIUM,False
EVT-0002079,False,5.35,27,LOW,False
EVT-0002080,False,6.09,35,MEDIUM,False
EVT-0002081,True,4.9,43,MEDIUM,False
EVT-0002082,False,3.52,36,MEDIUM,False
EVT-0002083,False,4.42,14,LOW,False
EVT-0002084,False,6.19,43,MEDIUM,False
EVT-0002085,False,3.12,47,MEDIUM,True
EVT-0002086,False,3.51,35,MEDIUM,False
EVT-0002087,False,8.04,36,MEDIUM,False
EVT-0002088,False,5.21,63,HIGH,True
EVT-0002089,False,4.47,36,MEDIUM,False
EVT-0002090,False,3.83,39,MEDIUM,False
EVT-0002091,False,5.6,23,LOW,False
EVT-0002092,True,4.57,31,MEDIUM,False
EVT-0002093,False,3.69,46,MEDIUM,True
EVT-0002094,False,3.55,28,LOW,False
EVT-0002095,True,4.24,42,MEDIUM,False
EVT-0002096,True,9.9,43,MEDIUM,False
EVT-0002097,False,4.8,46,MEDIUM,False
EVT-0002098,False,2.77,43,MEDIUM,False
EVT-0002099,False,5.04,41,MEDIUM,True
EVT-0002100,False,6.83,33,MEDIUM,False
EVT-0002101,False,6.27,43,MEDIUM,False
EVT-0002102,True,5.28,57,HIGH,False
EVT-0002103,False,5.17,51,HIGH,True
EVT-0002104,False,7.65,38,MEDIUM,False
EVT-0002105,False,2.89,36,MEDIUM,False
EVT-0002106,False,6.49,34,MEDIUM,False
EVT-0002107,False,2.81,29,LOW,False
EVT-0002108,False,5.98,46,MEDIUM,False
EVT-0002109,False,4.83,23,LOW,False
EVT-0002110,True,3.85,51,HIGH,False
EVT-0002111,False,5.73,29,LOW,False
EVT-0002112,False,3.06,30,MEDIUM,True
EVT-0002113,False,4.26,28,LOW,False
EVT-0002114,False,4.97,14,LOW,False
EVT-0002115,False,4.95,40,MEDIUM,False
EVT-0002116,False,6.18,35,MEDIUM,False
EVT-0002117,False,4.55,33,MEDIUM,True
EVT-0002118,False,7.76,53,HIGH,False
EVT-0002119,False,3.22,49,MEDIUM,True
EVT-0002120,False,4.76,24,LOW,False
EVT-0002121,False,3.46,21,LOW,False
EVT-0002122,False,6.6,37,MEDIUM,False
EVT-0002123,False,5.24,39,MEDIUM,False
EVT-0002124,False,7.55,58,HIGH,True
EVT-0002125,False,3.9,48,MEDIUM,False
EVT-0002126,False,4.84,35,MEDIUM,False
EVT-0002127,True,3.93,66,HIGH,True
EVT-0002128,False,3.76,48,MEDIUM,False
EVT-0002129,False,3.75,41,MEDIUM,False
EVT-0002130,False,2.98,25,LOW,False
EVT-0002131,False,2.46,38,MEDIUM,False
EVT-0002132,False,4.12,59,HIGH,True
EVT-0002133,False,6.43,64,HIGH,True
EVT-0002134,True,9.38,45,MEDIUM,True
EVT-0002135,False,4.81,20,LOW,False
EVT-0002136,False,5.37,43,MEDIUM,False
EVT-0002137,True,3.95,50,HIGH,False
EVT-0002138,True,5.95,62,HIGH,True
EVT-0002139,False,4.34,34,MEDIUM,False
EVT-0002140,False,3.87,46,MEDIUM,False
EVT-0002141,False,7.63,32,MEDIUM,False
EVT-0002142,False,4.05,37,MEDIUM,False
EVT-0002143,True,4.03,56,HIGH,True
EVT-0002144,False,4.26,44,MEDIUM,True
EVT-0002145,False,3.82,47,MEDIUM,False
EVT-0002146,False,2.06,45,MEDIUM,False
EVT-0002147,False,5.34,41,MEDIUM,False
EVT-0002148,False,3.38,42,MEDIUM,False
EVT-0002149,False,4.44,35,MEDIUM,False
EVT-0002150,False,4.01,35,MEDIUM,False
EVT-0002151,True,7.78,50,HIGH,False
EVT-0002152,False,1.23,31,MEDIUM,False
EVT-0002153,False,6.11,44,MEDIUM,True
EVT-0002154,True,5.63,52,HIGH,True
EVT-0002155,False,5.63,57,HIGH,False
EVT-0002156,False,6.34,26,LOW,False
EVT-0002157,False,4.2,30,MEDIUM,False
EVT-0002158,True,9.48,56,HIGH,False
EVT-0002159,False,3.81,25,LOW,False
EVT-0002160,False,7.38,40,MEDIUM,False
EVT-0002161,False,1.9,36,MEDIUM,False
EVT-0002162,False,4.55,57,HIGH,False
EVT-0002163,False,6.92,39,MEDIUM,False
EVT-0002164,False,4.62,35,MEDIUM,False
EVT-0002165,False,6.05,52,HIGH,False
EVT-0002166,False,6.1,61,HIGH,True
EVT-0002167,False,4.86,42,MEDIUM,False
EVT-0002168,False,4.92,32,MEDIUM,False
EVT-0002169,False,3.31,24,LOW,False
EVT-0002170,False,5.61,37,MEDIUM,False
EVT-0002171,True,5.7,36,MEDIUM,False
EVT-0002172,False,5.87,26,LOW,False
EVT-0002173,False,2.44,31,MEDIUM,False
EVT-0002174,True,6.9,51,HIGH,False
EVT-0002175,False,6.63,25,LOW,False
EVT-0002176,False,4.43,29,LOW,False
EVT-0002177,False,5.62,41,MEDIUM,True
EVT-0002178,False,4.62,36,MEDIUM,False
EVT-0002179,False,5.31,20,LOW,False
EVT-0002180,False,4.71,62,HIGH,False
EVT-0002181,False,5.01,45,MEDIUM,True
EVT-0002182,False,3.7,25,LOW,False
EVT-0002183,False,3.93,40,MEDIUM,False
EVT-0002184,False,6.99,55,HIGH,True
EVT-0002185,False,1.88,23,LOW,False
EVT-0002186,False,5.18,24,LOW,False
EVT-0002187,True,8.15,66,HIGH,True
EVT-0002188,False,5.21,31,MEDIUM,False
EVT-0002189,False,4.85,37,MEDIUM,False
EVT-0002190,False,3.05,44,MEDIUM,True
EVT-0002191,True,7.42,71,HIGH,True
EVT-0002192,False,2.08,15,LOW,False
EVT-0002193,True,4.85,61,HIGH,True
EVT-0002194,False,6.09,39,MEDIUM,False
EVT-0002195,True,5.95,52,HIGH,False
EVT-0002196,False,6.61,34,MEDIUM,False
EVT-0002197,False,2.33,28,LOW,False
EVT-0002198,True,5.83,62,HIGH,True
EVT-0002199,False,6.67,19,LOW,False
EVT-0002200,True,5.61,40,MEDIUM,False
EVT-0002201,True,4.76,34,MEDIUM,False
EVT-0002202,True,10.29,55,HIGH,True
EVT-0002203,False,2.87,12,LOW,False
EVT-0002204,False,5.8,30,MEDIUM,False
EVT-0002205,False,5.22,47,MEDIUM,False
EVT-0002206,False,1.26,37,MEDIUM,False
EVT-0002207,False,8.3,34,MEDIUM,False
EVT-0002208,False,5.48,20,LOW,False
EVT-0002209,False,1.71,27,LOW,False
EVT-0002210,False,4.08,34,MEDIUM,False
EVT-0002211,False,7.75,58,HIGH,True
EVT-0002212,True,5.42,48,MEDIUM,True
EVT-0002213,False,4.4,45,MEDIUM,False
EVT-0002214,False,4.72,40,MEDIUM,False
EVT-0002215,False,6.02,31,MEDIUM,False
EVT-0002216,False,7.52,39,MEDIUM,False
EVT-0002217,False,2.36,32,MEDIUM,False
EVT-0002218,False,3.99,21,LOW,False
EVT-0002219,False,2.18,30,MEDIUM,False
EVT-0002220,True,6.51,43,MEDIUM,False
EVT-0002221,False,5.32,47,MEDIUM,False
EVT-0002222,False,1.95,25,LOW,False
EVT-0002223,False,6.66,34,MEDIUM,True
EVT-0002224,False,5.45,30,MEDIUM,False
EVT-0002225,False,3.39,40,MEDIUM,False
EVT-0002226,False,3.8,45,MEDIUM,False
EVT-0002227,True,3.69,34,MEDIUM,False
EVT-0002228,False,2.57,38,MEDIUM,False
EVT-0002229,False,5.39,64,HIGH,True
EVT-0002230,False,5.01,18,LOW,False
EVT-0002231,False,2.48,33,MEDIUM,False
EVT-0002232,False,4.22,10,LOW,False
EVT-0002233,False,6.0,28,LOW,False
EVT-0002234,True,3.7,61,HIGH,True
EVT-0002235,False,6.42,50,HIGH,True
EVT-0002236,True,3.94,37,MEDIUM,False
EVT-0002237,False,6.88,53,HIGH,True
EVT-0002238,False,2.43,49,MEDIUM,False
EVT-0002239,False,4.61,31,MEDIUM,False
EVT-0002240,False,2.2,23,LOW,False
EVT-0002241,True,5.87,37,MEDIUM,False
EVT-0002242,False,3.54,30,MEDIUM,False
EVT-0002243,False,4.02,44,MEDIUM,False
EVT-0002244,False,4.64,23,LOW,False
EVT-0002245,False,2.01,40,MEDIUM,False
EVT-0002246,False,4.32,30,MEDIUM,False
EVT-0002247,False,5.76,18,LOW,False
EVT-0002248,False,2.32,23,LOW,False
EVT-0002249,False,4.47,17,LOW,False
EVT-0002250,False,3.88,34,MEDIUM,False
EVT-0002251,False,1.96,40,MEDIUM,True
EVT-0002252,False,4.55,26,LOW,False
EVT-0002253,False,3.62,61,HIGH,False
EVT-0002254,False,7.38,45,MEDIUM,False
EVT-0002255,False,4.02,44,MEDIUM,False
EVT-0002256,False,2.6,30,MEDIUM,False
EVT-0002257,False,3.82,17,LOW,False
EVT-0002258,False,3.93,37,MEDIUM,False
EVT-0002259,False,6.53,45,MEDIUM,False
EVT-0002260,False,3.73,36,MEDIUM,False
EVT-0002261,False,6.6,37,MEDIUM,False
EVT-0002262,False,5.62,33,MEDIUM,False
EVT-0002263,True,7.34,55,HIGH,True
EVT-0002264,False,3.6,18,LOW,False
EVT-0002265,False,1.76,29,LOW,False
EVT-0002266,False,3.14,35,MEDIUM,False
EVT-0002267,False,3.57,40,MEDIUM,False
EVT-0002268,False,5.77,36,MEDIUM,False
EVT-0002269,False,6.73,50,HIGH,True
EVT-0002270,False,4.18,39,MEDIUM,False
EVT-0002271,False,4.51,25,LOW,False
EVT-0002272,False,5.31,54,HIGH,False
EVT-0002273,False,4.06,39,MEDIUM,False
EVT-0002274,False,2.98,23,LOW,False
EVT-0002275,False,1.88,20,LOW,False
EVT-0002276,False,5.1,46,MEDIUM,False
EVT-0002277,True,5.57,58,HIGH,False
EVT-0002278,False,2.99,25,LOW,False
EVT-0002279,True,7.45,40,MEDIUM,False
EVT-0002280,False,4.74,34,MEDIUM,False
EVT-0002281,False,4.14,32,MEDIUM,False
EVT-0002282,False,2.03,18,LOW,False
EVT-0002283,False,3.99,21,LOW,False
EVT-0002284,False,8.42,43,MEDIUM,False
EVT-0002285,False,3.99,29,LOW,False
EVT-0002286,False,3.57,22,LOW,False
EVT-0002287,False,5.27,35,MEDIUM,True
EVT-0002288,False,5.03,45,MEDIUM,True
EVT-0002289,False,5.11,50,HIGH,False
EVT-0002290,False,6.06,59,HIGH,True
EVT-0002291,False,5.71,39,MEDIUM,False
EVT-0002292,False,5.81,48,MEDIUM,False
EVT-0002293,False,4.62,34,MEDIUM,True
EVT-0002294,False,3.85,28,LOW,False
EVT-0002295,False,3.27,28,LOW,True
EVT-0002296,False,3.78,40,MEDIUM,False
EVT-0002297,False,4.65,37,MEDIUM,False
EVT-0002298,False,3.43,47,MEDIUM,False
EVT-0002299,False,4.19,48,MEDIUM,False
EVT-0002300,False,3.09,23,LOW,False
EVT-0002301,False,3.21,38,MEDIUM,False
EVT-0002302,False,5.58,34,MEDIUM,False
EVT-0002303,False,3.98,57,HIGH,False
EVT-0002304,False,7.46,43,MEDIUM,False
EVT-0002305,False,2.47,27,LOW,False
EVT-0002306,True,5.92,40,MEDIUM,False
EVT-0002307,False,7.01,43,MEDIUM,False
EVT-0002308,False,1.82,18,LOW,False
EVT-0002309,False,7.39,45,MEDIUM,False
EVT-0002310,False,2.81,45,MEDIUM,False
EVT-0002311,False,4.23,43,MEDIUM,False
EVT-0002312,False,2.31,22,LOW,False
EVT-0002313,True,7.17,59,HIGH,False
EVT-0002314,False,3.03,36,MEDIUM,False
EVT-0002315,False,6.24,49,MEDIUM,False
EVT-0002316,False,4.97,35,MEDIUM,False
EVT-0002317,False,2.74,23,LOW,False
EVT-0002318,False,5.32,37,MEDIUM,False
EVT-0002319,False,5.69,37,MEDIUM,False
EVT-0002320,False,4.92,34,MEDIUM,True
EVT-0002321,False,6.9,69,HIGH,True
EVT-0002322,False,4.09,34,MEDIUM,False
EVT-0002323,False,9.16,59,HIGH,True
EVT-0002324,False,6.7,42,MEDIUM,False
EVT-0002325,True,6.23,43,MEDIUM,False
EVT-0002326,False,4.02,41,MEDIUM,False
EVT-0002327,False,4.39,39,MEDIUM,False
EVT-0002328,False,3.52,56,HIGH,True
EVT-0002329,False,2.91,26,LOW,False
EVT-0002330,False,1.41,28,LOW,False
EVT-0002331,False,5.26,49,MEDIUM,True
EVT-0002332,False,6.0,57,HIGH,True
EVT-0002333,False,4.29,19,LOW,False
EVT-0002334,False,5.86,41,MEDIUM,True
EVT-0002335,False,5.68,44,MEDIUM,False
EVT-0002336,False,2.7,39,MEDIUM,False
EVT-0002337,True,2.73,40,MEDIUM,False
EVT-0002338,False,3.79,36,MEDIUM,False
EVT-0002339,False,5.04,37,MEDIUM,False
EVT-0002340,False,4.58,26,LOW,False
EVT-0002341,False,1.86,34,MEDIUM,False
EVT-0002342,False,3.56,34,MEDIUM,False
EVT-0002343,True,2.17,37,MEDIUM,False
EVT-0002344,False,4.63,53,HIGH,False
EVT-0002345,False,3.68,22,LOW,False
EVT-0002346,False,3.32,45,MEDIUM,False
EVT-0002347,False,4.12,37,MEDIUM,False
EVT-0002348,False,6.89,28,LOW,False
EVT-0002349,False,2.45,48,MEDIUM,True
EVT-0002350,False,6.54,41,MEDIUM,True
EVT-0002351,True,6.68,63,HIGH,True
EVT-0002352,False,4.21,49,MEDIUM,False
EVT-0002353,False,4.64,24,LOW,False
EVT-0002354,False,6.95,35,MEDIUM,True
EVT-0002355,True,4.51,34,MEDIUM,False
EVT-0002356,False,7.71,63,HIGH,True
EVT-0002357,False,2.36,38,MEDIUM,False
EVT-0002358,False,6.3,30,MEDIUM,False
EVT-0002359,False,5.0,38,MEDIUM,False
EVT-0002360,False,3.41,27,LOW,False
EVT-0002361,False,7.21,51,HIGH,True
EVT-0002362,False,5.14,40,MEDIUM,False
EVT-0002363,False,2.17,45,MEDIUM,False
EVT-0002364,False,4.06,43,MEDIUM,False
EVT-0002365,False,5.29,45,MEDIUM,False
EVT-0002366,False,5.31,48,MEDIUM,False
EVT-0002367,False,7.22,63,HIGH,True
EVT-0002368,False,6.98,21,LOW,False
EVT-0002369,False,7.17,42,MEDIUM,False
EVT-0002370,False,3.5,57,HIGH,True
EVT-0002371,False,2.75,29,LOW,False
EVT-0002372,False,4.23,15,LOW,False
EVT-0002373,False,5.98,67,HIGH,False
EVT-0002374,True,5.05,39,MEDIUM,False
EVT-0002375,True,5.42,68,HIGH,True
EVT-0002376,False,7.82,42,MEDIUM,False
EVT-0002377,False,4.99,32,MEDIUM,False
EVT-0002378,False,4.93,17,LOW,False
EVT-0002379,True,3.34,36,MEDIUM,False
EVT-0002380,False,3.82,37,MEDIUM,False
EVT-0002381,False,2.8,43,MEDIUM,False
EVT-0002382,False,5.82,46,MEDIUM,False
EVT-0002383,False,6.6,57,HIGH,True
EVT-0002384,False,3.09,52,HIGH,True
EVT-0002385,False,3.43,30,MEDIUM,False
EVT-0002386,False,2.63,41,MEDIUM,False
EVT-0002387,False,4.22,19,LOW,False
EVT-0002388,False,4.43,36,MEDIUM,False
EVT-0002389,True,6.49,38,MEDIUM,False
EVT-0002390,False,4.31,36,MEDIUM,False
EVT-0002391,False,1.96,26,LOW,False
EVT-0002392,False,5.69,42,MEDIUM,False
EVT-0002393,True,3.96,53,HIGH,True
EVT-0002394,False,6.44,24,LOW,False
EVT-0002395,True,8.71,41,MEDIUM,False
EVT-0002396,False,7.22,40,MEDIUM,False
EVT-0002397,False,5.5,37,MEDIUM,False
EVT-0002398,False,5.34,35,MEDIUM,False
EVT-0002399,False,2.35,26,LOW,False
EVT-0002400,False,4.42,47,MEDIUM,False
EVT-0002401,True,4.09,62,HIGH,True
EVT-0002402,False,3.38,51,HIGH,False
EVT-0002403,False,5.73,45,MEDIUM,False
EVT-0002404,False,1.19,32,MEDIUM,False
EVT-0002405,False,4.29,34,MEDIUM,False
EVT-0002406,False,2.69,28,LOW,False
EVT-0002407,False,5.79,35,MEDIUM,False
EVT-0002408,False,6.78,43,MEDIUM,False
EVT-0002409,True,3.45,31,MEDIUM,False
EVT-0002410,False,3.44,35,MEDIUM,False
EVT-0002411,False,4.49,41,MEDIUM,False
EVT-0002412,False,3.44,26,LOW,False
EVT-0002413,False,3.18,42,MEDIUM,False
EVT-0002414,False,5.96,46,MEDIUM,False
EVT-0002415,True,2.71,56,HIGH,False
EVT-0002416,False,2.59,36,MEDIUM,False
EVT-0002417,False,4.7,30,MEDIUM,False
EVT-0002418,True,6.39,53,HIGH,False
EVT-0002419,False,6.36,48,MEDIUM,False
EVT-0002420,False,5.02,35,MEDIUM,False
EVT-0002421,False,7.55,42,MEDIUM,False
EVT-0002422,False,2.81,25,LOW,False
EVT-0002423,False,5.11,55,HIGH,False
EVT-0002424,False,5.64,40,MEDIUM,False
EVT-0002425,False,2.97,29,LOW,False
EVT-0002426,True,6.84,50,HIGH,False
EVT-0002427,False,5.04,43,MEDIUM,False
EVT-0002428,True,4.95,38,MEDIUM,False
EVT-0002429,True,3.86,56,HIGH,True
EVT-0002430,False,3.81,60,HIGH,True
EVT-0002431,False,3.49,28,LOW,False
EVT-0002432,True,4.2,48,MEDIUM,True
EVT-0002433,False,5.31,32,MEDIUM,False
EVT-0002434,True,5.03,50,HIGH,False
EVT-0002435,False,4.46,62,HIGH,True
EVT-0002436,False,6.91,33,MEDIUM,False
EVT-0002437,False,5.22,53,HIGH,True
EVT-0002438,False,3.42,27,LOW,False
EVT-0002439,False,3.78,22,LOW,False
EVT-0002440,False,4.24,48,MEDIUM,False
EVT-0002441,False,4.53,21,LOW,False
EVT-0002442,False,4.62,37,MEDIUM,False
EVT-0002443,False,4.42,36,MEDIUM,False
EVT-0002444,False,3.82,23,LOW,False
EVT-0002445,False,6.45,33,MEDIUM,False
EVT-0002446,True,6.76,31,MEDIUM,False
EVT-0002447,False,5.95,33,MEDIUM,False
EVT-0002448,False,4.44,28,LOW,False
EVT-0002449,False,6.85,32,MEDIUM,False
EVT-0002450,False,3.11,38,MEDIUM,False
EVT-0002451,False,2.83,25,LOW,False
EVT-0002452,False,4.0,35,MEDIUM,True
EVT-0002453,False,1.95,32,MEDIUM,False
EVT-0002454,True,9.74,54,HIGH,False
EVT-0002455,False,5.23,32,MEDIUM,False
EVT-0002456,False,3.39,26,LOW,False
EVT-0002457,False,5.69,28,LOW,False
EVT-0002458,True,6.75,54,HIGH,False
EVT-0002459,False,6.68,38,MEDIUM,False
EVT-0002460,False,5.95,49,MEDIUM,False
EVT-0002461,False,6.58,47,MEDIUM,True
EVT-0002462,False,3.62,23,LOW,False
EVT-0002463,False,5.79,55,HIGH,False
EVT-0002464,False,4.13,40,MEDIUM,False
EVT-0002465,False,2.35,25,LOW,False
EVT-0002466,True,2.55,44,MEDIUM,False
EVT-0002467,False,4.32,35,MEDIUM,False
EVT-0002468,False,5.63,41,MEDIUM,False
EVT-0002469,True,4.77,68,HIGH,True
EVT-0002470,False,10.33,45,MEDIUM,True
EVT-0002471,False,5.85,24,LOW,False
EVT-0002472,False,4.53,29,LOW,False
EVT-0002473,False,7.54,45,MEDIUM,False
EVT-0002474,False,4.3,34,MEDIUM,False
EVT-0002475,False,5.52,34,MEDIUM,True
EVT-0002476,False,2.04,36,MEDIUM,False
EVT-0002477,False,2.67,31,MEDIUM,False
EVT-0002478,False,5.18,36,MEDIUM,False
EVT-0002479,False,5.72,26,LOW,False
EVT-0002480,False,8.17,61,HIGH,False
EVT-0002481,False,5.16,57,HIGH,False
EVT-0002482,False,4.27,41,MEDIUM,True
EVT-0002483,False,6.44,23,LOW,False
EVT-0002484,False,6.43,55,HIGH,False
EVT-0002485,False,4.43,19,LOW,False
EVT-0002486,True,6.25,58,HIGH,True
EVT-0002487,False,2.61,20,LOW,False
EVT-0002488,False,3.95,25,LOW,False
EVT-0002489,False,5.69,28,LOW,False
EVT-0002490,False,5.05,54,HIGH,False
EVT-0002491,False,3.86,45,MEDIUM,False
EVT-0002492,False,5.07,45,MEDIUM,False
EVT-0002493,False,7.0,52,HIGH,True
EVT-0002494,False,6.48,33,MEDIUM,False
EVT-0002495,False,2.74,53,HIGH,True
EVT-0002496,False,3.39,35,MEDIUM,False
EVT-0002497,False,3.55,34,MEDIUM,False
EVT-0002498,False,5.18,38,MEDIUM,False
EVT-0002499,True,5.57,58,HIGH,False
EVT-0002500,False,1.95,34,MEDIUM,False
EVT-0002501,False,5.75,64,HIGH,True
EVT-0002502,False,4.09,27,LOW,False
EVT-0002503,True,7.45,53,HIGH,True
EVT-0002504,True,7.44,46,MEDIUM,True
EVT-0002505,False,6.05,61,HIGH,True
EVT-0002506,False,4.59,37,MEDIUM,False
EVT-0002507,False,4.39,33,MEDIUM,False
EVT-0002508,False,4.13,53,HIGH,False
EVT-0002509,False,4.49,29,LOW,False
EVT-0002510,False,5.18,49,MEDIUM,False
EVT-0002511,False,5.86,46,MEDIUM,False
EVT-0002512,False,6.9,36,MEDIUM,False
EVT-0002513,False,3.51,25,LOW,False
EVT-0002514,True,6.49,59,HIGH,True
EVT-0002515,False,4.82,51,HIGH,True
EVT-0002516,True,3.08,57,HIGH,False
EVT-0002517,True,3.66,48,MEDIUM,False
EVT-0002518,False,4.23,44,MEDIUM,False
EVT-0002519,True,4.79,40,MEDIUM,False
EVT-0002520,False,8.57,45,MEDIUM,True
EVT-0002521,False,7.45,55,HIGH,True
EVT-0002522,False,4.1,32,MEDIUM,False
EVT-0002523,False,3.77,47,MEDIUM,False
EVT-0002524,False,3.83,32,MEDIUM,False
EVT-0002525,False,6.05,37,MEDIUM,False
EVT-0002526,False,6.25,46,MEDIUM,True
EVT-0002527,True,3.4,66,HIGH,True
EVT-0002528,False,6.02,39,MEDIUM,False
EVT-0002529,False,2.88,45,MEDIUM,False
EVT-0002530,False,4.5,34,MEDIUM,False
EVT-0002531,False,2.59,41,MEDIUM,False
EVT-0002532,False,6.51,47,MEDIUM,False
EVT-0002533,False,2.76,23,LOW,False
EVT-0002534,False,6.14,51,HIGH,False
EVT-0002535,False,2.93,34,MEDIUM,False
EVT-0002536,False,5.14,48,MEDIUM,True
EVT-0002537,False,8.26,47,MEDIUM,False
EVT-0002538,True,7.14,70,HIGH,True
EVT-0002539,False,7.77,42,MEDIUM,False
EVT-0002540,False,1.72,15,LOW,False
EVT-0002541,True,4.15,48,MEDIUM,False
EVT-0002542,True,2.54,40,MEDIUM,False
EVT-0002543,False,3.99,40,MEDIUM,False
EVT-0002544,False,3.57,25,LOW,False
EVT-0002545,False,4.2,38,MEDIUM,False
EVT-0002546,True,6.86,54,HIGH,True
EVT-0002547,False,3.29,41,MEDIUM,False
EVT-0002548,False,4.49,44,MEDIUM,False
EVT-0002549,False,4.88,29,LOW,False
EVT-0002550,True,5.98,58,HIGH,True
EVT-0002551,False,3.21,28,LOW,False
EVT-0002552,False,4.63,42,MEDIUM,False
EVT-0002553,False,4.02,39,MEDIUM,False
EVT-0002554,False,6.9,49,MEDIUM,False
EVT-0002555,False,1.25,24,LOW,False
EVT-0002556,False,4.0,31,MEDIUM,False
EVT-0002557,True,4.64,43,MEDIUM,False
EVT-0002558,True,5.85,45,MEDIUM,True
EVT-0002559,False,3.34,22,LOW,False
EVT-0002560,False,2.92,17,LOW,False
EVT-0002561,False,3.9,40,MEDIUM,False
EVT-0002562,False,2.21,29,LOW,False
EVT-0002563,True,7.38,50,HIGH,False
EVT-0002564,False,3.98,45,MEDIUM,False
EVT-0002565,False,3.61,39,MEDIUM,False
EVT-0002566,False,5.95,49,MEDIUM,False
EVT-0002567,False,3.25,26,LOW,False
EVT-0002568,True,9.55,59,HIGH,True
EVT-0002569,False,3.12,38,MEDIUM,False
EVT-0002570,False,3.03,20,LOW,False
EVT-0002571,False,8.58,52,HIGH,True
EVT-0002572,False,3.43,34,MEDIUM,False
EVT-0002573,False,3.81,28,LOW,False
EVT-0002574,False,8.5,52,HIGH,True
EVT-0002575,False,4.11,43,MEDIUM,False
EVT-0002576,False,2.91,47,MEDIUM,False
EVT-0002577,False,6.06,38,MEDIUM,False
EVT-0002578,False,4.19,33,MEDIUM,False
EVT-0002579,False,3.55,39,MEDIUM,False
EVT-0002580,False,4.49,34,MEDIUM,False
EVT-0002581,False,5.94,47,MEDIUM,False
EVT-0002582,False,2.12,35,MEDIUM,False
EVT-0002583,True,2.81,39,MEDIUM,False
EVT-0002584,False,3.61,33,MEDIUM,False
EVT-0002585,True,6.2,64,HIGH,True
EVT-0002586,False,5.78,46,MEDIUM,False
EVT-0002587,False,2.87,31,MEDIUM,False
EVT-0002588,False,5.14,28,LOW,False
EVT-0002589,False,3.71,50,HIGH,True
EVT-0002590,False,6.22,34,MEDIUM,False
EVT-0002591,False,3.05,31,MEDIUM,False
EVT-0002592,False,3.71,44,MEDIUM,False
EVT-0002593,False,5.1,42,MEDIUM,True
EVT-0002594,False,5.81,53,HIGH,True
EVT-0002595,False,3.09,23,LOW,False
EVT-0002596,False,3.82,39,MEDIUM,False
EVT-0002597,False,4.49,50,HIGH,False
EVT-0002598,False,1.14,21,LOW,False
EVT-0002599,False,3.85,21,LOW,False
EVT-0002600,False,4.25,46,MEDIUM,True
EVT-0002601,False,3.71,46,MEDIUM,False
EVT-0002602,True,4.67,45,MEDIUM,False
EVT-0002603,True,3.48,44,MEDIUM,False
EVT-0002604,False,5.0,38,MEDIUM,False
EVT-0002605,True,1.89,49,MEDIUM,False
EVT-0002606,False,2.78,24,LOW,False
EVT-0002607,False,4.05,51,HIGH,True
EVT-0002608,False,3.64,34,MEDIUM,False
EVT-0002609,False,3.32,27,LOW,False
EVT-0002610,False,4.23,57,HIGH,False
EVT-0002611,False,4.59,34,MEDIUM,False
EVT-0002612,False,3.55,45,MEDIUM,True
EVT-0002613,False,2.44,48,MEDIUM,False
EVT-0002614,False,5.36,42,MEDIUM,False
EVT-0002615,False,3.67,29,LOW,False
EVT-0002616,False,5.46,40,MEDIUM,False
EVT-0002617,False,5.03,37,MEDIUM,False
EVT-0002618,False,5.99,39,MEDIUM,False
EVT-0002619,False,5.88,56,HIGH,True
EVT-0002620,False,6.88,58,HIGH,False
EVT-0002621,False,5.2,39,MEDIUM,False
EVT-0002622,False,5.09,30,MEDIUM,False
EVT-0002623,False,8.51,66,HIGH,True
EVT-0002624,True,6.27,56,HIGH,False
EVT-0002625,False,5.85,41,MEDIUM,False
EVT-0002626,False,2.81,33,MEDIUM,False
EVT-0002627,False,3.24,24,LOW,False
EVT-0002628,False,4.64,39,MEDIUM,False
EVT-0002629,False,5.37,74,CRITICAL,True
EVT-0002630,False,4.16,35,MEDIUM,False
EVT-0002631,False,2.44,46,MEDIUM,False
EVT-0002632,False,3.66,21,LOW,False
EVT-0002633,False,3.32,43,MEDIUM,False
EVT-0002634,False,4.1,49,MEDIUM,True
EVT-0002635,False,4.32,36,MEDIUM,False
EVT-0002636,False,7.12,41,MEDIUM,True
EVT-0002637,False,5.14,29,LOW,False
EVT-0002638,False,1.98,30,MEDIUM,False
EVT-0002639,False,4.96,26,LOW,True
EVT-0002640,False,4.53,36,MEDIUM,False
EVT-0002641,False,2.56,30,MEDIUM,False
EVT-0002642,False,1.55,38,MEDIUM,False
EVT-0002643,False,3.25,34,MEDIUM,False
EVT-0002644,False,5.08,39,MEDIUM,False
EVT-0002645,False,4.11,20,LOW,False
EVT-0002646,True,4.94,42,MEDIUM,False
EVT-0002647,True,3.72,42,MEDIUM,True
EVT-0002648,False,5.07,47,MEDIUM,True
EVT-0002649,True,4.16,41,MEDIUM,False
EVT-0002650,True,5.31,50,HIGH,False
EVT-0002651,False,2.12,16,LOW,False
EVT-0002652,False,4.34,30,MEDIUM,True
EVT-0002653,False,3.24,21,LOW,False
EVT-0002654,False,4.54,48,MEDIUM,False
EVT-0002655,False,2.31,37,MEDIUM,False
EVT-0002656,False,3.92,15,LOW,False
EVT-0002657,False,5.01,39,MEDIUM,True
EVT-0002658,False,3.73,62,HIGH,False
EVT-0002659,False,4.92,67,HIGH,True
EVT-0002660,False,6.32,44,MEDIUM,True
EVT-0002661,False,4.2,26,LOW,False
EVT-0002662,False,4.54,58,HIGH,True
EVT-0002663,False,5.26,34,MEDIUM,False
EVT-0002664,False,3.56,29,LOW,False
EVT-0002665,False,6.46,50,HIGH,False
EVT-0002666,False,6.27,18,LOW,False
EVT-0002667,False,4.89,26,LOW,False
EVT-0002668,False,4.62,23,LOW,False
EVT-0002669,True,4.97,41,MEDIUM,False
EVT-0002670,False,6.55,39,MEDIUM,False
EVT-0002671,False,3.38,53,HIGH,True
EVT-0002672,True,4.11,45,MEDIUM,False
EVT-0002673,False,3.05,43,MEDIUM,False
EVT-0002674,False,5.26,41,MEDIUM,False
EVT-0002675,False,6.0,44,MEDIUM,False
EVT-0002676,True,6.17,84,CRITICAL,True
EVT-0002677,False,6.76,39,MEDIUM,False
EVT-0002678,False,5.84,32,MEDIUM,False
EVT-0002679,False,3.67,25,LOW,False
EVT-0002680,False,3.01,47,MEDIUM,False
EVT-0002681,False,6.76,35,MEDIUM,False
EVT-0002682,False,7.67,40,MEDIUM,False
EVT-0002683,True,5.78,42,MEDIUM,False
EVT-0002684,False,5.54,42,MEDIUM,False
EVT-0002685,False,6.15,37,MEDIUM,False
EVT-0002686,False,2.93,32,MEDIUM,False
EVT-0002687,False,7.13,38,MEDIUM,False
EVT-0002688,False,6.27,36,MEDIUM,False
EVT-0002689,False,4.4,33,MEDIUM,False
EVT-0002690,False,4.78,33,MEDIUM,False
EVT-0002691,False,2.04,34,MEDIUM,True
EVT-0002692,False,8.04,27,LOW,False
EVT-0002693,False,5.43,43,MEDIUM,False
EVT-0002694,True,5.0,19,LOW,False
EVT-0002695,True,5.02,51,HIGH,True
EVT-0002696,True,5.09,48,MEDIUM,False
EVT-0002697,False,8.57,59,HIGH,False
EVT-0002698,True,8.19,46,MEDIUM,False
EVT-0002699,False,4.97,43,MEDIUM,True
EVT-0002700,False,5.18,37,MEDIUM,False
EVT-0002701,True,1.71,46,MEDIUM,False
EVT-0002702,False,7.54,33,MEDIUM,False
EVT-0002703,True,4.92,53,HIGH,True
EVT-0002704,False,5.75,40,MEDIUM,False
EVT-0002705,False,2.62,25,LOW,False
EVT-0002706,False,3.07,26,LOW,False
EVT-0002707,True,5.68,38,MEDIUM,False
EVT-0002708,False,6.65,48,MEDIUM,False
EVT-0002709,False,5.31,33,MEDIUM,False
EVT-0002710,False,3.1,20,LOW,False
EVT-0002711,False,4.72,22,LOW,False
EVT-0002712,False,4.43,34,MEDIUM,False
EVT-0002713,False,6.92,46,MEDIUM,True
EVT-0002714,False,3.57,20,LOW,False
EVT-0002715,True,4.94,34,MEDIUM,False
EVT-0002716,False,5.3,31,MEDIUM,False
EVT-0002717,False,3.24,42,MEDIUM,False
EVT-0002718,False,2.96,32,MEDIUM,False
EVT-0002719,False,1.49,30,MEDIUM,False
EVT-0002720,True,4.74,41,MEDIUM,False
EVT-0002721,True,8.91,37,MEDIUM,True
EVT-0002722,False,6.55,33,MEDIUM,False
EVT-0002723,False,3.78,30,MEDIUM,False
EVT-0002724,False,1.62,31,MEDIUM,False
EVT-0002725,True,6.59,49,MEDIUM,True
EVT-0002726,False,3.81,33,MEDIUM,False
EVT-0002727,False,6.11,52,HIGH,False
EVT-0002728,False,8.32,53,HIGH,False
EVT-0002729,False,3.08,41,MEDIUM,False
EVT-0002730,False,4.23,15,LOW,False
EVT-0002731,False,6.08,24,LOW,False
EVT-0002732,False,2.87,12,LOW,False
EVT-0002733,False,4.93,15,LOW,False
EVT-0002734,False,3.3,38,MEDIUM,True
EVT-0002735,False,5.65,59,HIGH,False
EVT-0002736,False,3.98,39,MEDIUM,False
EVT-0002737,False,5.64,41,MEDIUM,True
EVT-0002738,False,3.98,40,MEDIUM,False
EVT-0002739,True,6.76,58,HIGH,False
EVT-0002740,False,4.05,30,MEDIUM,False
EVT-0002741,False,6.28,52,HIGH,True
EVT-0002742,False,2.95,30,MEDIUM,False
EVT-0002743,False,4.56,45,MEDIUM,False
EVT-0002744,False,3.81,30,MEDIUM,False
EVT-0002745,False,2.79,32,MEDIUM,False
EVT-0002746,False,6.48,19,LOW,True
EVT-0002747,False,4.42,29,LOW,False
EVT-0002748,False,5.14,32,MEDIUM,False
EVT-0002749,False,7.37,47,MEDIUM,False
EVT-0002750,False,7.63,58,HIGH,False
EVT-0002751,False,6.42,45,MEDIUM,False
EVT-0002752,True,10.97,65,HIGH,True
EVT-0002753,False,7.88,33,MEDIUM,False
EVT-0002754,False,5.34,36,MEDIUM,False
EVT-0002755,False,4.27,34,MEDIUM,False
EVT-0002756,False,9.46,64,HIGH,True
EVT-0002757,False,6.49,32,MEDIUM,False
EVT-0002758,False,6.89,60,HIGH,True
EVT-0002759,False,6.64,37,MEDIUM,False
EVT-0002760,True,4.32,26,LOW,False
EVT-0002761,False,6.79,49,MEDIUM,False
EVT-0002762,False,6.46,34,MEDIUM,False
EVT-0002763,False,6.43,56,HIGH,False
EVT-0002764,False,5.33,40,MEDIUM,True
EVT-0002765,False,4.44,51,HIGH,False
EVT-0002766,False,2.5,12,LOW,False
EVT-0002767,False,4.04,27,LOW,False
EVT-0002768,False,2.84,23,LOW,False
EVT-0002769,False,5.69,24,LOW,False
EVT-0002770,False,4.75,42,MEDIUM,False
EVT-0002771,False,6.09,39,MEDIUM,False
EVT-0002772,True,5.0,37,MEDIUM,False
EVT-0002773,False,4.3,31,MEDIUM,False
EVT-0002774,False,2.3,32,MEDIUM,False
EVT-0002775,False,4.67,29,LOW,False
EVT-0002776,False,5.69,42,MEDIUM,True
EVT-0002777,False,4.71,27,LOW,False
EVT-0002778,True,8.76,76,CRITICAL,True
EVT-0002779,False,3.55,31,MEDIUM,False
EVT-0002780,False,7.09,30,MEDIUM,False
EVT-0002781,False,3.46,50,HIGH,False
EVT-0002782,False,4.64,49,MEDIUM,False
EVT-0002783,False,3.95,30,MEDIUM,False
EVT-0002784,True,6.26,76,CRITICAL,True
EVT-0002785,False,6.58,53,HIGH,False
EVT-0002786,False,4.72,33,MEDIUM,False
EVT-0002787,True,4.71,51,HIGH,False
EVT-0002788,False,3.94,36,MEDIUM,False
EVT-0002789,False,4.07,23,LOW,False
EVT-0002790,False,4.63,20,LOW,False
EVT-0002791,False,3.21,21,LOW,False
EVT-0002792,False,1.47,30,MEDIUM,False
EVT-0002793,False,3.93,35,MEDIUM,False
EVT-0002794,False,6.26,51,HIGH,False
EVT-0002795,False,5.36,27,LOW,False
EVT-0002796,True,7.46,65,HIGH,True
EVT-0002797,False,3.48,40,MEDIUM,False
EVT-0002798,False,6.88,49,MEDIUM,False
EVT-0002799,False,4.81,63,HIGH,True
EVT-0002800,False,5.0,38,MEDIUM,False
EVT-0002801,False,3.74,33,MEDIUM,False
EVT-0002802,True,4.24,54,HIGH,False
EVT-0002803,True,1.4,42,MEDIUM,False
EVT-0002804,True,4.44,52,HIGH,True
EVT-0002805,False,6.45,40,MEDIUM,False
EVT-0002806,True,10.06,65,HIGH,True
EVT-0002807,False,6.13,33,MEDIUM,False
EVT-0002808,False,4.95,44,MEDIUM,False
EVT-0002809,False,6.12,41,MEDIUM,False
EVT-0002810,False,5.05,38,MEDIUM,False
EVT-0002811,False,5.86,69,HIGH,True
EVT-0002812,False,6.37,35,MEDIUM,False
EVT-0002813,True,6.8,36,MEDIUM,False
EVT-0002814,False,5.12,17,LOW,False
EVT-0002815,False,4.85,37,MEDIUM,False
EVT-0002816,False,5.17,10,LOW,False
EVT-0002817,False,1.87,19,LOW,False
EVT-0002818,False,3.94,13,LOW,False
EVT-0002819,False,3.93,45,MEDIUM,False
EVT-0002820,True,4.79,51,HIGH,True
EVT-0002821,True,4.56,38,MEDIUM,True
EVT-0002822,False,2.36,38,MEDIUM,False
EVT-0002823,False,3.41,31,MEDIUM,False
EVT-0002824,False,3.95,49,MEDIUM,False
EVT-0002825,False,4.47,40,MEDIUM,False
EVT-0002826,True,2.79,54,HIGH,True
EVT-0002827,False,5.79,48,MEDIUM,False
EVT-0002828,False,3.07,19,LOW,False
EVT-0002829,False,6.14,37,MEDIUM,False
EVT-0002830,False,5.76,38,MEDIUM,False
EVT-0002831,False,7.28,38,MEDIUM,False
EVT-0002832,False,7.68,35,MEDIUM,True
EVT-0002833,False,3.4,53,HIGH,True
EVT-0002834,False,4.26,26,LOW,False
EVT-0002835,False,5.57,43,MEDIUM,False
EVT-0002836,False,7.44,47,MEDIUM,True
EVT-0002837,False,4.59,30,MEDIUM,False
EVT-0002838,False,3.18,50,HIGH,True
EVT-0002839,False,5.08,31,MEDIUM,False
EVT-0002840,False,6.08,20,LOW,False
EVT-0002841,True,8.5,84,CRITICAL,True
EVT-0002842,False,3.77,34,MEDIUM,False
EVT-0002843,False,3.94,27,LOW,False
EVT-0002844,False,4.43,34,MEDIUM,False
EVT-0002845,False,4.59,50,HIGH,True
EVT-0002846,False,6.04,40,MEDIUM,False
EVT-0002847,False,3.69,26,LOW,False
EVT-0002848,False,3.41,40,MEDIUM,False
EVT-0002849,True,5.33,46,MEDIUM,False
EVT-0002850,False,5.22,38,MEDIUM,False
EVT-0002851,False,5.41,44,MEDIUM,True
EVT-0002852,False,4.45,25,LOW,False
EVT-0002853,True,5.97,58,HIGH,True
EVT-0002854,False,6.37,36,MEDIUM,True
EVT-0002855,True,6.65,48,MEDIUM,True
EVT-0002856,False,6.14,43,MEDIUM,True
EVT-0002857,False,3.46,33,MEDIUM,False
EVT-0002858,False,4.65,34,MEDIUM,False
EVT-0002859,False,3.8,48,MEDIUM,True
EVT-0002860,False,4.44,46,MEDIUM,True
EVT-0002861,False,8.57,57,HIGH,False
EVT-0002862,False,5.46,42,MEDIUM,False
EVT-0002863,False,3.84,47,MEDIUM,False
EVT-0002864,False,3.88,34,MEDIUM,False
EVT-0002865,False,5.01,34,MEDIUM,False
EVT-0002866,False,3.7,39,MEDIUM,False
EVT-0002867,False,6.73,47,MEDIUM,False
EVT-0002868,False,4.95,30,MEDIUM,False
EVT-0002869,False,6.17,44,MEDIUM,False
EVT-0002870,False,5.17,33,MEDIUM,False
EVT-0002871,False,4.0,19,LOW,False
EVT-0002872,False,5.05,17,LOW,False
EVT-0002873,False,5.31,30,MEDIUM,False
EVT-0002874,False,4.05,33,MEDIUM,False
EVT-0002875,False,4.42,23,LOW,False
EVT-0002876,False,2.87,9,LOW,False
EVT-0002877,False,4.09,27,LOW,False
EVT-0002878,False,7.38,69,HIGH,False
EVT-0002879,False,5.1,22,LOW,False
EVT-0002880,False,7.18,51,HIGH,True
EVT-0002881,False,3.72,36,MEDIUM,False
EVT-0002882,False,5.5,41,MEDIUM,False
EVT-0002883,False,3.86,21,LOW,False
EVT-0002884,True,3.68,37,MEDIUM,False
EVT-0002885,True,2.94,65,HIGH,True
EVT-0002886,True,5.98,58,HIGH,False
EVT-0002887,False,5.33,33,MEDIUM,False
EVT-0002888,False,3.04,42,MEDIUM,False
EVT-0002889,False,5.63,25,LOW,False
EVT-0002890,False,6.49,30,MEDIUM,False
EVT-0002891,False,8.32,28,LOW,False
EVT-0002892,False,4.07,34,MEDIUM,False
EVT-0002893,False,2.91,42,MEDIUM,False
EVT-0002894,False,5.66,27,LOW,False
EVT-0002895,False,2.87,41,MEDIUM,False
EVT-0002896,True,4.64,59,HIGH,False
EVT-0002897,False,4.26,22,LOW,False
EVT-0002898,True,5.84,64,HIGH,True
EVT-0002899,False,4.36,60,HIGH,False
EVT-0002900,True,5.11,30,MEDIUM,False
EVT-0002901,False,4.76,21,LOW,False
EVT-0002902,False,5.16,43,MEDIUM,False
EVT-0002903,False,5.15,51,HIGH,True
EVT-0002904,False,4.18,30,MEDIUM,False
EVT-0002905,False,1.15,29,LOW,False
EVT-0002906,False,6.41,39,MEDIUM,False
EVT-0002907,False,3.72,30,MEDIUM,False
EVT-0002908,False,4.9,27,LOW,False
EVT-0002909,False,4.86,61,HIGH,True
EVT-0002910,False,4.81,42,MEDIUM,False
EVT-0002911,False,4.88,48,MEDIUM,False
EVT-0002912,False,5.03,29,LOW,False
EVT-0002913,False,4.89,38,MEDIUM,False
EVT-0002914,False,5.27,40,MEDIUM,False
EVT-0002915,True,6.44,45,MEDIUM,True
EVT-0002916,False,4.97,52,HIGH,True
EVT-0002917,False,5.1,36,MEDIUM,True
EVT-0002918,False,4.42,15,LOW,False
EVT-0002919,False,5.23,28,LOW,False
EVT-0002920,False,5.89,39,MEDIUM,False
EVT-0002921,True,7.08,69,HIGH,True
EVT-0002922,True,5.93,45,MEDIUM,False
EVT-0002923,False,3.43,44,MEDIUM,False
EVT-0002924,False,3.76,28,LOW,False
EVT-0002925,False,5.9,33,MEDIUM,False
EVT-0002926,False,4.71,43,MEDIUM,False
EVT-0002927,False,5.35,49,MEDIUM,True
EVT-0002928,False,3.73,35,MEDIUM,False
EVT-0002929,True,8.75,43,MEDIUM,False
EVT-0002930,False,2.02,37,MEDIUM,False
EVT-0002931,False,5.66,36,MEDIUM,False
EVT-0002932,False,4.11,37,MEDIUM,False
EVT-0002933,True,6.16,39,MEDIUM,True
EVT-0002934,False,5.1,45,MEDIUM,False
EVT-0002935,False,6.03,58,HIGH,True
EVT-0002936,False,4.06,60,HIGH,True
EVT-0002937,True,5.16,69,HIGH,False
EVT-0002938,True,4.22,57,HIGH,False
EVT-0002939,False,3.91,41,MEDIUM,False
EVT-0002940,False,3.14,50,HIGH,True
EVT-0002941,False,5.63,33,MEDIUM,False
EVT-0002942,False,5.74,10,LOW,False
EVT-0002943,False,2.91,20,LOW,False
EVT-0002944,True,5.17,65,HIGH,True
EVT-0002945,True,8.69,85,CRITICAL,True
EVT-0002946,False,3.35,27,LOW,False
EVT-0002947,False,4.24,41,MEDIUM,True
EVT-0002948,True,4.9,75,CRITICAL,True
EVT-0002949,False,3.61,30,MEDIUM,False
EVT-0002950,False,5.24,38,MEDIUM,False
EVT-0002951,False,5.52,39,MEDIUM,False
EVT-0002952,False,2.07,29,LOW,False
EVT-0002953,True,7.55,54,HIGH,True
EVT-0002954,False,5.72,37,MEDIUM,False
EVT-0002955,False,4.53,28,LOW,False
EVT-0002956,False,4.06,52,HIGH,False
EVT-0002957,False,4.46,46,MEDIUM,False
EVT-0002958,False,5.47,35,MEDIUM,False
EVT-0002959,False,3.47,26,LOW,False
EVT-0002960,False,4.54,50,HIGH,False
EVT-0002961,False,3.0,25,LOW,False
EVT-0002962,False,4.45,45,MEDIUM,False
EVT-0002963,False,8.9,55,HIGH,True
EVT-0002964,False,6.67,52,HIGH,False
EVT-0002965,False,3.68,50,HIGH,False
EVT-0002966,False,2.94,28,LOW,False
EVT-0002967,True,6.74,44,MEDIUM,True
EVT-0002968,False,3.22,30,MEDIUM,False
EVT-0002969,False,6.96,36,MEDIUM,False
EVT-0002970,False,4.41,31,MEDIUM,False
EVT-0002971,False,2.96,36,MEDIUM,False
EVT-0002972,False,7.32,41,MEDIUM,False
EVT-0002973,False,4.23,22,LOW,False
EVT-0002974,True,4.67,52,HIGH,False
EVT-0002975,False,4.55,26,LOW,False
EVT-0002976,False,6.15,41,MEDIUM,False
EVT-0002977,False,4.07,32,MEDIUM,False
EVT-0002978,False,2.13,38,MEDIUM,True
EVT-0002979,False,5.92,35,MEDIUM,False
EVT-0002980,False,3.78,32,MEDIUM,False
EVT-0002981,False,5.58,38,MEDIUM,False
EVT-0002982,True,4.8,53,HIGH,True
EVT-0002983,True,4.85,45,MEDIUM,True
EVT-0002984,True,5.23,43,MEDIUM,True
EVT-0002985,False,2.51,44,MEDIUM,False
EVT-0002986,False,1.62,23,LOW,False
EVT-0002987,False,9.07,70,HIGH,True
EVT-0002988,False,5.01,47,MEDIUM,False
EVT-0002989,False,5.54,32,MEDIUM,False
EVT-0002990,False,3.19,45,MEDIUM,False
EVT-0002991,False,1.87,45,MEDIUM,True
EVT-0002992,False,4.78,26,LOW,False
EVT-0002993,False,3.74,42,MEDIUM,False
EVT-0002994,False,2.28,42,MEDIUM,True
EVT-0002995,False,3.06,29,LOW,False
EVT-0002996,False,7.28,40,MEDIUM,False
EVT-0002997,False,4.64,46,MEDIUM,True
EVT-0002998,False,6.76,67,HIGH,True
EVT-0002999,False,5.0,39,MEDIUM,False
EVT-0003000,True,5.89,37,MEDIUM,False
EVT-0003001,False,7.05,53,HIGH,True
EVT-0003002,True,3.5,36,MEDIUM,False
EVT-0003003,False,3.76,28,LOW,False
EVT-0003004,False,4.43,55,HIGH,True
EVT-0003005,False,3.85,32,MEDIUM,False
EVT-0003006,False,1.9,34,MEDIUM,False
EVT-0003007,False,3.94,41,MEDIUM,True
EVT-0003008,False,1.62,21,LOW,False
EVT-0003009,False,2.7,16,LOW,False
EVT-0003010,False,8.68,47,MEDIUM,False
EVT-0003011,False,2.66,25,LOW,False
EVT-0003012,False,3.46,44,MEDIUM,False
EVT-0003013,False,3.53,30,MEDIUM,True
EVT-0003014,True,2.77,48,MEDIUM,False
EVT-0003015,True,2.51,39,MEDIUM,False
EVT-0003016,False,2.63,22,LOW,False
EVT-0003017,False,4.22,27,LOW,False
EVT-0003018,False,1.76,25,LOW,False
EVT-0003019,False,6.21,50,HIGH,False
EVT-0003020,False,4.87,44,MEDIUM,False
EVT-0003021,False,7.3,41,MEDIUM,True
EVT-0003022,False,3.98,18,LOW,False
EVT-0003023,False,3.02,46,MEDIUM,False
EVT-0003024,False,6.19,18,LOW,False
EVT-0003025,False,2.41,29,LOW,False
EVT-0003026,True,2.89,45,MEDIUM,False
EVT-0003027,False,5.19,39,MEDIUM,False
EVT-0003028,False,4.84,43,MEDIUM,False
EVT-0003029,False,8.35,58,HIGH,True
EVT-0003030,False,6.47,34,MEDIUM,False
EVT-0003031,False,1.65,25,LOW,False
EVT-0003032,False,3.74,27,LOW,False
EVT-0003033,False,2.87,34,MEDIUM,False
EVT-0003034,False,5.7,35,MEDIUM,False
EVT-0003035,False,6.58,28,LOW,False
EVT-0003036,False,2.74,15,LOW,False
EVT-0003037,True,5.43,42,MEDIUM,False
EVT-0003038,False,5.96,63,HIGH,False
EVT-0003039,False,3.7,49,MEDIUM,True
EVT-0003040,True,5.57,53,HIGH,True
EVT-0003041,False,6.48,53,HIGH,True
EVT-0003042,False,6.14,52,HIGH,True
EVT-0003043,True,7.72,47,MEDIUM,True
EVT-0003044,False,5.38,31,MEDIUM,True
EVT-0003045,False,5.83,32,MEDIUM,False
EVT-0003046,False,6.57,39,MEDIUM,True
EVT-0003047,True,7.9,57,HIGH,True
EVT-0003048,False,3.68,33,MEDIUM,False
EVT-0003049,False,2.74,15,LOW,False
EVT-0003050,False,2.52,40,MEDIUM,False
EVT-0003051,False,5.53,26,LOW,False
EVT-0003052,False,5.38,43,MEDIUM,True
EVT-0003053,False,2.75,35,MEDIUM,False
EVT-0003054,True,5.92,43,MEDIUM,False
EVT-0003055,False,5.39,29,LOW,False
EVT-0003056,False,5.16,32,MEDIUM,False
EVT-0003057,False,3.01,36,MEDIUM,False
EVT-0003058,True,6.11,52,HIGH,True
EVT-0003059,False,5.03,30,MEDIUM,False
EVT-0003060,False,4.02,46,MEDIUM,False
EVT-0003061,False,4.28,33,MEDIUM,False
EVT-0003062,False,1.02,38,MEDIUM,False
EVT-0003063,False,5.31,48,MEDIUM,False
EVT-0003064,False,4.67,58,HIGH,False
EVT-0003065,False,6.27,25,LOW,False
EVT-0003066,True,9.94,71,HIGH,True
EVT-0003067,False,5.46,28,LOW,False
EVT-0003068,False,3.59,30,MEDIUM,False
EVT-0003069,True,7.67,59,HIGH,True
EVT-0003070,False,3.83,47,MEDIUM,True
EVT-0003071,False,5.68,45,MEDIUM,False
EVT-0003072,False,4.21,38,MEDIUM,False
EVT-0003073,False,5.18,28,LOW,False
EVT-0003074,False,4.34,41,MEDIUM,True
EVT-0003075,False,4.51,22,LOW,False
EVT-0003076,False,5.39,38,MEDIUM,False
EVT-0003077,False,3.63,38,MEDIUM,False
EVT-0003078,False,5.85,22,LOW,False
EVT-0003079,False,4.62,23,LOW,False
EVT-0003080,True,5.19,55,HIGH,True
EVT-0003081,True,6.34,54,HIGH,False
EVT-0003082,True,4.74,32,MEDIUM,False
EVT-0003083,False,4.26,34,MEDIUM,False
EVT-0003084,False,4.87,38,MEDIUM,False
EVT-0003085,False,5.48,28,LOW,False
EVT-0003086,False,2.6,21,LOW,False
EVT-0003087,False,4.34,46,MEDIUM,False
EVT-0003088,False,6.89,63,HIGH,True
EVT-0003089,False,2.75,56,HIGH,False
EVT-0003090,False,2.67,33,MEDIUM,False
EVT-0003091,True,2.04,55,HIGH,True
EVT-0003092,True,5.59,40,MEDIUM,False
EVT-0003093,True,2.61,36,MEDIUM,False
EVT-0003094,False,3.12,41,MEDIUM,False
EVT-0003095,True,4.29,37,MEDIUM,False
EVT-0003096,True,2.79,30,MEDIUM,False
EVT-0003097,True,2.43,48,MEDIUM,False
EVT-0003098,True,5.79,42,MEDIUM,True
EVT-0003099,False,5.66,60,HIGH,True
EVT-0003100,False,5.15,31,MEDIUM,False
EVT-0003101,False,6.7,50,HIGH,True
EVT-0003102,True,6.54,48,MEDIUM,False
EVT-0003103,False,3.16,26,LOW,False
EVT-0003104,False,5.51,48,MEDIUM,False
EVT-0003105,True,4.15,49,MEDIUM,False
EVT-0003106,True,7.32,81,CRITICAL,True
EVT-0003107,False,4.02,46,MEDIUM,False
EVT-0003108,False,5.99,15,LOW,False
EVT-0003109,False,6.96,44,MEDIUM,False
EVT-0003110,False,3.64,40,MEDIUM,False
EVT-0003111,True,4.71,73,CRITICAL,True
EVT-0003112,False,5.15,42,MEDIUM,True
EVT-0003113,False,4.19,20,LOW,False
EVT-0003114,False,7.14,27,LOW,False
EVT-0003115,True,7.83,63,HIGH,True
EVT-0003116,False,5.12,50,HIGH,True
EVT-0003117,False,8.44,29,LOW,False
EVT-0003118,False,2.7,36,MEDIUM,False
EVT-0003119,True,3.33,47,MEDIUM,False
EVT-0003120,False,1.8,20,LOW,False
EVT-0003121,False,2.7,30,MEDIUM,False
EVT-0003122,False,4.97,31,MEDIUM,False
EVT-0003123,False,8.48,64,HIGH,True
EVT-0003124,False,6.19,24,LOW,False
EVT-0003125,False,5.49,33,MEDIUM,True
EVT-0003126,False,5.55,38,MEDIUM,False
EVT-0003127,False,4.68,46,MEDIUM,False
EVT-0003128,True,6.52,49,MEDIUM,False
EVT-0003129,False,5.57,37,MEDIUM,False
EVT-0003130,False,5.25,32,MEDIUM,False
EVT-0003131,False,4.69,42,MEDIUM,False
EVT-0003132,False,5.07,45,MEDIUM,False
EVT-0003133,False,0.63,40,MEDIUM,False
EVT-0003134,False,4.5,38,MEDIUM,False
EVT-0003135,False,7.44,44,MEDIUM,False
EVT-0003136,False,6.31,39,MEDIUM,False
EVT-0003137,False,4.23,35,MEDIUM,False
EVT-0003138,False,5.2,24,LOW,False
EVT-0003139,False,4.44,36,MEDIUM,False
EVT-0003140,False,1.66,37,MEDIUM,False
EVT-0003141,False,4.83,25,LOW,False
EVT-0003142,False,6.01,30,MEDIUM,False
EVT-0003143,False,4.13,47,MEDIUM,True
EVT-0003144,False,4.49,54,HIGH,True
EVT-0003145,False,2.31,25,LOW,False
EVT-0003146,False,6.12,34,MEDIUM,False
EVT-0003147,False,3.74,37,MEDIUM,False
EVT-0003148,False,8.76,58,HIGH,False
EVT-0003149,False,4.97,48,MEDIUM,False
EVT-0003150,False,3.44,27,LOW,False
EVT-0003151,True,4.41,50,HIGH,True
EVT-0003152,False,4.65,25,LOW,False
EVT-0003153,True,3.11,50,HIGH,False
EVT-0003154,False,4.7,52,HIGH,False
EVT-0003155,False,1.98,29,LOW,False
EVT-0003156,False,2.95,41,MEDIUM,False
EVT-0003157,False,4.44,25,LOW,False
EVT-0003158,False,4.94,26,LOW,False
EVT-0003159,True,6.22,43,MEDIUM,False
EVT-0003160,False,3.57,40,MEDIUM,False
EVT-0003161,True,5.45,56,HIGH,False
EVT-0003162,True,5.58,44,MEDIUM,False
EVT-0003163,False,5.46,34,MEDIUM,False
EVT-0003164,False,6.57,36,MEDIUM,False
EVT-0003165,False,5.32,42,MEDIUM,True
EVT-0003166,True,4.26,57,HIGH,False
EVT-0003167,False,3.53,24,LOW,False
EVT-0003168,False,5.03,27,LOW,False
EVT-0003169,False,5.74,37,MEDIUM,False
EVT-0003170,False,2.81,37,MEDIUM,False
EVT-0003171,False,4.94,53,HIGH,False
EVT-0003172,False,7.24,46,MEDIUM,False
EVT-0003173,False,7.64,45,MEDIUM,False
EVT-0003174,False,4.37,34,MEDIUM,False
EVT-0003175,True,4.1,29,LOW,False
EVT-0003176,True,9.26,54,HIGH,False
EVT-0003177,False,4.49,35,MEDIUM,False
EVT-0003178,False,6.16,48,MEDIUM,False
EVT-0003179,False,4.37,53,HIGH,True
EVT-0003180,False,5.29,64,HIGH,True
EVT-0003181,True,7.18,52,HIGH,True
EVT-0003182,False,3.23,23,LOW,False
EVT-0003183,False,4.29,38,MEDIUM,False
EVT-0003184,False,8.45,43,MEDIUM,False
EVT-0003185,False,3.18,28,LOW,False
EVT-0003186,False,4.1,66,HIGH,False
EVT-0003187,True,5.93,50,HIGH,False
EVT-0003188,False,1.65,18,LOW,False
EVT-0003189,False,4.62,27,LOW,False
EVT-0003190,False,3.03,42,MEDIUM,False
EVT-0003191,True,7.08,72,CRITICAL,True
EVT-0003192,False,4.01,36,MEDIUM,False
EVT-0003193,True,5.82,45,MEDIUM,False
EVT-0003194,False,1.56,38,MEDIUM,False
EVT-0003195,False,8.71,49,MEDIUM,False
EVT-0003196,False,4.39,29,LOW,False
EVT-0003197,False,7.63,41,MEDIUM,False
EVT-0003198,True,6.63,32,MEDIUM,False
EVT-0003199,False,3.49,64,HIGH,False
EVT-0003200,False,3.08,34,MEDIUM,False
EVT-0003201,False,6.76,39,MEDIUM,False
EVT-0003202,False,4.0,41,MEDIUM,False
EVT-0003203,False,4.36,32,MEDIUM,False
EVT-0003204,True,4.68,29,LOW,False
EVT-0003205,False,3.25,43,MEDIUM,True
EVT-0003206,False,4.6,24,LOW,False
EVT-0003207,False,4.87,39,MEDIUM,False
EVT-0003208,False,4.46,40,MEDIUM,False
EVT-0003209,False,2.59,29,LOW,False
EVT-0003210,True,3.9,53,HIGH,False
EVT-0003211,True,5.56,44,MEDIUM,False
EVT-0003212,True,7.36,54,HIGH,False
EVT-0003213,True,7.32,42,MEDIUM,True
EVT-0003214,True,6.31,71,HIGH,False
EVT-0003215,False,2.27,32,MEDIUM,False
EVT-0003216,True,5.45,48,MEDIUM,True
EVT-0003217,False,5.49,44,MEDIUM,False
EVT-0003218,False,6.46,34,MEDIUM,False
EVT-0003219,True,8.08,54,HIGH,True
EVT-0003220,False,5.22,38,MEDIUM,False
EVT-0003221,False,6.38,47,MEDIUM,True
EVT-0003222,False,5.69,20,LOW,False
EVT-0003223,False,5.8,36,MEDIUM,True
EVT-0003224,False,7.43,58,HIGH,True
EVT-0003225,False,4.62,47,MEDIUM,True
EVT-0003226,False,4.75,29,LOW,False
EVT-0003227,False,5.09,44,MEDIUM,True
EVT-0003228,False,4.19,37,MEDIUM,False
EVT-0003229,False,6.87,58,HIGH,True
EVT-0003230,False,2.99,40,MEDIUM,False
EVT-0003231,True,6.84,58,HIGH,False
EVT-0003232,False,2.97,31,MEDIUM,False
EVT-0003233,False,5.16,44,MEDIUM,True
EVT-0003234,False,1.55,29,LOW,False
EVT-0003235,False,4.37,32,MEDIUM,False
EVT-0003236,True,3.09,46,MEDIUM,False
EVT-0003237,False,2.07,21,LOW,False
EVT-0003238,False,5.25,38,MEDIUM,False
EVT-0003239,False,7.27,38,MEDIUM,False
EVT-0003240,False,4.34,19,LOW,False
EVT-0003241,True,6.06,50,HIGH,False
EVT-0003242,False,4.85,34,MEDIUM,False
EVT-0003243,False,7.98,53,HIGH,False
EVT-0003244,False,4.99,34,MEDIUM,False
EVT-0003245,False,1.49,60,HIGH,False
EVT-0003246,True,4.73,63,HIGH,True
EVT-0003247,False,5.59,42,MEDIUM,False
EVT-0003248,False,5.06,30,MEDIUM,False
EVT-0003249,False,6.12,41,MEDIUM,False
EVT-0003250,False,4.39,45,MEDIUM,False
EVT-0003251,False,5.78,45,MEDIUM,True
EVT-0003252,False,3.3,33,MEDIUM,False
EVT-0003253,False,4.87,34,MEDIUM,False
EVT-0003254,False,5.47,58,HIGH,True
EVT-0003255,False,4.65,26,LOW,False
EVT-0003256,True,4.93,58,HIGH,True
EVT-0003257,True,5.8,47,MEDIUM,False
EVT-0003258,False,4.7,36,MEDIUM,False
EVT-0003259,False,3.79,17,LOW,False
EVT-0003260,False,5.71,52,HIGH,True
EVT-0003261,True,4.85,49,MEDIUM,True
EVT-0003262,True,5.07,41,MEDIUM,False
EVT-0003263,False,3.48,36,MEDIUM,False
EVT-0003264,True,4.53,54,HIGH,True
EVT-0003265,False,4.03,58,HIGH,False
EVT-0003266,True,5.45,47,MEDIUM,False
EVT-0003267,False,5.48,59,HIGH,False
EVT-0003268,True,3.8,25,LOW,False
EVT-0003269,False,2.62,27,LOW,True
EVT-0003270,False,2.02,41,MEDIUM,False
EVT-0003271,False,5.21,46,MEDIUM,False
EVT-0003272,False,5.46,30,MEDIUM,False
EVT-0003273,False,3.88,38,MEDIUM,False
EVT-0003274,True,1.59,70,HIGH,True
EVT-0003275,False,5.45,45,MEDIUM,False
EVT-0003276,True,3.01,37,MEDIUM,False
EVT-0003277,False,3.94,27,LOW,False
EVT-0003278,False,4.29,43,MEDIUM,False
EVT-0003279,False,3.57,43,MEDIUM,True
EVT-0003280,False,0.8,45,MEDIUM,False
EVT-0003281,False,3.52,35,MEDIUM,False
EVT-0003282,False,3.66,20,LOW,False
EVT-0003283,False,4.32,25,LOW,False
EVT-0003284,True,3.96,29,LOW,False
EVT-0003285,False,2.87,20,LOW,False
EVT-0003286,False,4.52,43,MEDIUM,False
EVT-0003287,False,4.65,45,MEDIUM,False
EVT-0003288,False,5.23,42,MEDIUM,True
EVT-0003289,False,3.61,36,MEDIUM,False
EVT-0003290,False,4.51,25,LOW,False
EVT-0003291,False,2.39,37,MEDIUM,False
EVT-0003292,False,3.5,24,LOW,False
EVT-0003293,True,8.14,45,MEDIUM,False
EVT-0003294,False,8.05,48,MEDIUM,True
EVT-0003295,False,4.91,52,HIGH,False
EVT-0003296,False,4.37,16,LOW,False
EVT-0003297,False,5.36,39,MEDIUM,True
EVT-0003298,False,7.47,43,MEDIUM,True
EVT-0003299,True,3.99,52,HIGH,True
EVT-0003300,False,3.79,35,MEDIUM,False
EVT-0003301,False,5.21,39,MEDIUM,False
EVT-0003302,False,3.64,53,HIGH,False
EVT-0003303,False,3.53,35,MEDIUM,False
EVT-0003304,False,3.95,36,MEDIUM,False
EVT-0003305,False,8.0,38,MEDIUM,True
EVT-0003306,True,6.62,58,HIGH,True
EVT-0003307,False,4.74,20,LOW,False
EVT-0003308,False,4.25,70,HIGH,True
EVT-0003309,False,4.18,34,MEDIUM,False
EVT-0003310,False,6.64,53,HIGH,True
EVT-0003311,False,5.5,40,MEDIUM,False
EVT-0003312,True,4.17,66,HIGH,True
EVT-0003313,True,5.0,56,HIGH,True
EVT-0003314,False,5.84,60,HIGH,True
EVT-0003315,False,7.28,43,MEDIUM,False
EVT-0003316,False,3.84,42,MEDIUM,False
EVT-0003317,False,8.27,46,MEDIUM,True
EVT-0003318,False,4.68,26,LOW,False
EVT-0003319,False,6.68,63,HIGH,True
EVT-0003320,True,6.62,67,HIGH,True
EVT-0003321,False,6.42,44,MEDIUM,False
EVT-0003322,False,6.92,44,MEDIUM,True
EVT-0003323,False,3.65,44,MEDIUM,True
EVT-0003324,False,4.39,59,HIGH,False
EVT-0003325,False,3.33,53,HIGH,False
EVT-0003326,False,3.58,26,LOW,False
EVT-0003327,False,4.93,58,HIGH,True
EVT-0003328,True,7.09,46,MEDIUM,False
EVT-0003329,False,3.81,29,LOW,False
EVT-0003330,False,3.77,44,MEDIUM,False
EVT-0003331,False,6.86,28,LOW,False
EVT-0003332,False,5.65,73,CRITICAL,True
EVT-0003333,True,3.25,58,HIGH,True
EVT-0003334,True,6.01,49,MEDIUM,False
EVT-0003335,True,4.37,57,HIGH,True
EVT-0003336,False,4.78,23,LOW,False
EVT-0003337,False,5.21,26,LOW,False
EVT-0003338,False,4.83,29,LOW,False
EVT-0003339,False,4.24,29,LOW,False
EVT-0003340,True,7.43,58,HIGH,False
EVT-0003341,False,6.46,38,MEDIUM,False
EVT-0003342,False,2.92,23,LOW,False
EVT-0003343,True,5.87,50,HIGH,False
EVT-0003344,False,5.47,37,MEDIUM,False
EVT-0003345,False,3.85,36,MEDIUM,False
EVT-0003346,False,3.53,25,LOW,False
EVT-0003347,True,6.68,47,MEDIUM,True
EVT-0003348,False,7.27,47,MEDIUM,False
EVT-0003349,False,5.77,39,MEDIUM,False
EVT-0003350,False,7.43,27,LOW,False
EVT-0003351,False,1.52,26,LOW,False
EVT-0003352,False,9.49,29,LOW,False
EVT-0003353,False,2.63,35,MEDIUM,False
EVT-0003354,False,6.47,25,LOW,False
EVT-0003355,False,4.02,32,MEDIUM,False
EVT-0003356,False,6.37,30,MEDIUM,False
EVT-0003357,False,7.44,61,HIGH,False
EVT-0003358,False,3.21,29,LOW,False
EVT-0003359,False,6.64,54,HIGH,True
EVT-0003360,False,4.24,28,LOW,False
EVT-0003361,False,4.59,49,MEDIUM,False
EVT-0003362,False,2.43,38,MEDIUM,True
EVT-0003363,False,4.33,37,MEDIUM,False
EVT-0003364,False,2.88,42,MEDIUM,False
EVT-0003365,False,3.63,17,LOW,False
EVT-0003366,False,6.54,24,LOW,False
EVT-0003367,False,3.33,52,HIGH,False
EVT-0003368,False,3.4,45,MEDIUM,True
EVT-0003369,False,8.47,32,MEDIUM,False
EVT-0003370,False,3.75,40,MEDIUM,False
EVT-0003371,False,4.82,36,MEDIUM,False
EVT-0003372,False,3.9,43,MEDIUM,False
EVT-0003373,True,6.06,48,MEDIUM,True
EVT-0003374,False,3.47,25,LOW,False
EVT-0003375,False,5.01,38,MEDIUM,False
EVT-0003376,False,3.54,24,LOW,False
EVT-0003377,False,4.42,39,MEDIUM,False
EVT-0003378,False,6.91,45,MEDIUM,True
EVT-0003379,False,5.82,42,MEDIUM,False
EVT-0003380,True,6.61,67,HIGH,True
EVT-0003381,False,5.29,28,LOW,False
EVT-0003382,False,6.47,34,MEDIUM,False
EVT-0003383,False,2.89,36,MEDIUM,False
EVT-0003384,True,4.22,41,MEDIUM,False
EVT-0003385,False,6.62,52,HIGH,False
EVT-0003386,False,5.79,55,HIGH,True
EVT-0003387,False,3.56,37,MEDIUM,False
EVT-0003388,False,4.63,38,MEDIUM,False
EVT-0003389,False,5.07,41,MEDIUM,False
EVT-0003390,False,4.07,19,LOW,False
EVT-0003391,False,3.73,33,MEDIUM,False
EVT-0003392,True,4.5,45,MEDIUM,False
EVT-0003393,False,4.26,41,MEDIUM,False
EVT-0003394,False,6.67,44,MEDIUM,True
EVT-0003395,True,6.09,68,HIGH,True
EVT-0003396,False,7.32,49,MEDIUM,False
EVT-0003397,True,3.26,44,MEDIUM,False
EVT-0003398,False,4.04,21,LOW,False
EVT-0003399,False,5.21,41,MEDIUM,False
EVT-0003400,False,6.81,36,MEDIUM,False
EVT-0003401,True,3.57,42,MEDIUM,False
EVT-0003402,True,3.39,54,HIGH,True
EVT-0003403,True,6.54,74,CRITICAL,True
EVT-0003404,False,2.59,34,MEDIUM,False
EVT-0003405,False,4.02,43,MEDIUM,False
EVT-0003406,False,9.28,71,HIGH,True
EVT-0003407,False,3.63,37,MEDIUM,False
EVT-0003408,False,4.12,33,MEDIUM,False
EVT-0003409,False,3.6,39,MEDIUM,False
EVT-0003410,True,4.59,42,MEDIUM,False
EVT-0003411,False,4.63,27,LOW,False
EVT-0003412,True,5.72,58,HIGH,False
EVT-0003413,False,4.12,33,MEDIUM,False
EVT-0003414,False,4.89,47,MEDIUM,True
EVT-0003415,False,3.97,22,LOW,False
EVT-0003416,False,4.81,41,MEDIUM,False
EVT-0003417,False,3.53,47,MEDIUM,False
EVT-0003418,False,5.75,39,MEDIUM,False
EVT-0003419,False,4.35,51,HIGH,True
EVT-0003420,False,3.3,32,MEDIUM,False
EVT-0003421,False,4.29,47,MEDIUM,True
EVT-0003422,False,9.38,44,MEDIUM,False
EVT-0003423,False,3.78,37,MEDIUM,False
EVT-0003424,False,3.67,27,LOW,False
EVT-0003425,False,5.24,49,MEDIUM,False
EVT-0003426,False,4.9,52,HIGH,True
EVT-0003427,False,4.52,36,MEDIUM,False
EVT-0003428,False,4.34,33,MEDIUM,False
EVT-0003429,False,3.22,15,LOW,False
EVT-0003430,False,5.03,26,LOW,False
EVT-0003431,False,1.91,39,MEDIUM,False
EVT-0003432,False,6.49,54,HIGH,True
EVT-0003433,True,6.68,78,CRITICAL,True
EVT-0003434,False,3.41,27,LOW,False
EVT-0003435,False,4.89,32,MEDIUM,False
EVT-0003436,True,3.76,37,MEDIUM,False
EVT-0003437,False,3.42,34,MEDIUM,False
EVT-0003438,True,7.09,84,CRITICAL,True
EVT-0003439,False,7.49,56,HIGH,True
EVT-0003440,False,6.49,65,HIGH,True
EVT-0003441,True,5.99,58,HIGH,True
EVT-0003442,False,4.36,46,MEDIUM,False
EVT-0003443,False,2.51,29,LOW,False
EVT-0003444,False,5.84,16,LOW,False
EVT-0003445,False,5.52,34,MEDIUM,False
EVT-0003446,False,4.03,47,MEDIUM,True
EVT-0003447,False,6.58,29,LOW,False
EVT-0003448,False,8.07,67,HIGH,True
EVT-0003449,False,4.78,27,LOW,False
EVT-0003450,False,3.29,42,MEDIUM,False
EVT-0003451,False,4.42,48,MEDIUM,False
EVT-0003452,False,4.39,38,MEDIUM,False
EVT-0003453,False,5.73,46,MEDIUM,False
EVT-0003454,False,5.42,53,HIGH,False
EVT-0003455,True,6.46,58,HIGH,True
EVT-0003456,False,4.9,40,MEDIUM,False
EVT-0003457,False,4.35,44,MEDIUM,False
EVT-0003458,False,5.06,30,MEDIUM,False
EVT-0003459,False,4.62,35,MEDIUM,False
EVT-0003460,True,8.4,84,CRITICAL,True
EVT-0003461,False,3.75,56,HIGH,True
EVT-0003462,False,4.02,34,MEDIUM,False
EVT-0003463,False,1.39,27,LOW,False
EVT-0003464,False,6.15,49,MEDIUM,False
EVT-0003465,False,3.12,40,MEDIUM,False
EVT-0003466,True,3.31,58,HIGH,False
EVT-0003467,False,3.8,27,LOW,False
EVT-0003468,False,5.54,51,HIGH,True
EVT-0003469,False,4.39,18,LOW,False
EVT-0003470,False,6.9,40,MEDIUM,True
EVT-0003471,False,4.02,37,MEDIUM,False
EVT-0003472,False,5.61,36,MEDIUM,False
EVT-0003473,False,6.41,40,MEDIUM,True
EVT-0003474,False,5.09,40,MEDIUM,False
EVT-0003475,False,2.81,29,LOW,True
EVT-0003476,False,4.41,24,LOW,False
EVT-0003477,False,6.7,61,HIGH,False
EVT-0003478,False,4.92,46,MEDIUM,False
EVT-0003479,False,1.79,61,HIGH,False
EVT-0003480,False,4.77,11,LOW,False
EVT-0003481,True,4.08,50,HIGH,True
EVT-0003482,False,8.19,34,MEDIUM,False
EVT-0003483,False,3.06,48,MEDIUM,False
EVT-0003484,False,5.8,42,MEDIUM,False
EVT-0003485,False,4.71,25,LOW,False
EVT-0003486,True,3.21,73,CRITICAL,True
EVT-0003487,True,6.59,49,MEDIUM,False
EVT-0003488,False,5.8,28,LOW,False
EVT-0003489,False,6.02,27,LOW,False
EVT-0003490,True,7.34,53,HIGH,True
EVT-0003491,True,7.7,40,MEDIUM,False
EVT-0003492,False,5.42,48,MEDIUM,False
EVT-0003493,True,7.04,55,HIGH,False
EVT-0003494,False,4.46,33,MEDIUM,False
EVT-0003495,False,4.31,27,LOW,False
EVT-0003496,False,3.14,32,MEDIUM,False
EVT-0003497,True,4.75,33,MEDIUM,False
EVT-0003498,False,4.63,44,MEDIUM,True
EVT-0003499,False,7.05,38,MEDIUM,False
EVT-0003500,False,4.35,26,LOW,False
EVT-0003501,True,6.58,56,HIGH,False
EVT-0003502,False,4.12,40,MEDIUM,False
EVT-0003503,True,5.29,37,MEDIUM,False
EVT-0003504,False,4.63,30,MEDIUM,False
EVT-0003505,False,3.91,49,MEDIUM,False
EVT-0003506,False,6.7,51,HIGH,False
EVT-0003507,False,3.77,36,MEDIUM,True
EVT-0003508,True,7.19,67,HIGH,True
EVT-0003509,False,6.57,47,MEDIUM,False
EVT-0003510,True,7.19,59,HIGH,True
EVT-0003511,False,1.64,35,MEDIUM,True
EVT-0003512,True,5.02,42,MEDIUM,False
EVT-0003513,False,6.25,36,MEDIUM,False
EVT-0003514,False,3.8,30,MEDIUM,False
EVT-0003515,False,4.18,41,MEDIUM,False
EVT-0003516,False,4.74,25,LOW,False
EVT-0003517,True,5.89,57,HIGH,True
EVT-0003518,False,5.41,51,HIGH,True
EVT-0003519,False,5.06,44,MEDIUM,False
EVT-0003520,False,4.29,48,MEDIUM,True
EVT-0003521,False,5.26,41,MEDIUM,True
EVT-0003522,False,4.25,42,MEDIUM,False
EVT-0003523,False,7.12,46,MEDIUM,True
EVT-0003524,True,4.44,42,MEDIUM,True
EVT-0003525,False,4.57,40,MEDIUM,False
EVT-0003526,False,5.22,39,MEDIUM,False
EVT-0003527,False,7.0,21,LOW,False
EVT-0003528,False,6.05,46,MEDIUM,False
EVT-0003529,False,3.46,47,MEDIUM,True
EVT-0003530,True,5.16,61,HIGH,False
EVT-0003531,True,5.16,53,HIGH,True
EVT-0003532,False,5.6,47,MEDIUM,True
EVT-0003533,False,4.13,52,HIGH,True
EVT-0003534,False,2.99,40,MEDIUM,False
EVT-0003535,True,4.57,33,MEDIUM,False
EVT-0003536,False,4.14,54,HIGH,False
EVT-0003537,False,8.08,45,MEDIUM,True
EVT-0003538,False,5.48,32,MEDIUM,True
EVT-0003539,False,3.77,16,LOW,False
EVT-0003540,False,2.72,45,MEDIUM,True
EVT-0003541,False,3.54,58,HIGH,False
EVT-0003542,False,3.19,31,MEDIUM,False
EVT-0003543,False,5.04,38,MEDIUM,False
EVT-0003544,False,6.95,59,HIGH,False
EVT-0003545,False,5.61,42,MEDIUM,False
EVT-0003546,False,4.8,48,MEDIUM,True
EVT-0003547,False,6.35,36,MEDIUM,False
EVT-0003548,False,3.0,20,LOW,False
EVT-0003549,False,3.08,33,MEDIUM,False
EVT-0003550,True,5.82,72,CRITICAL,True
EVT-0003551,False,4.68,43,MEDIUM,False
EVT-0003552,False,2.11,26,LOW,False
EVT-0003553,False,5.28,20,LOW,False
EVT-0003554,False,1.78,21,LOW,False
EVT-0003555,False,4.87,36,MEDIUM,False
EVT-0003556,True,8.64,65,HIGH,True
EVT-0003557,False,5.5,28,LOW,False
EVT-0003558,False,3.86,31,MEDIUM,False
EVT-0003559,True,5.57,54,HIGH,True
EVT-0003560,False,4.58,50,HIGH,False
EVT-0003561,False,2.36,40,MEDIUM,False
EVT-0003562,False,4.99,31,MEDIUM,False
EVT-0003563,False,5.24,34,MEDIUM,False
EVT-0003564,False,3.27,7,LOW,False
EVT-0003565,True,4.78,55,HIGH,False
EVT-0003566,False,6.45,52,HIGH,False
EVT-0003567,False,3.64,29,LOW,False
EVT-0003568,False,5.65,41,MEDIUM,False
EVT-0003569,True,5.26,28,LOW,False
EVT-0003570,False,5.25,59,HIGH,True
EVT-0003571,False,4.91,63,HIGH,True
EVT-0003572,False,6.77,27,LOW,False
EVT-0003573,True,6.59,72,CRITICAL,True
EVT-0003574,False,4.63,50,HIGH,False
EVT-0003575,True,2.57,46,MEDIUM,True
EVT-0003576,True,5.82,59,HIGH,True
EVT-0003577,False,4.67,44,MEDIUM,False
EVT-0003578,False,4.95,31,MEDIUM,False
EVT-0003579,False,5.79,22,LOW,False
EVT-0003580,False,3.72,68,HIGH,False
EVT-0003581,False,1.43,18,LOW,False
EVT-0003582,True,8.2,58,HIGH,True
EVT-0003583,False,4.7,42,MEDIUM,False
EVT-0003584,False,6.41,35,MEDIUM,False
EVT-0003585,True,5.04,54,HIGH,False
EVT-0003586,False,4.56,31,MEDIUM,False
EVT-0003587,True,2.02,29,LOW,False
EVT-0003588,False,4.32,43,MEDIUM,False
EVT-0003589,False,4.53,28,LOW,False
EVT-0003590,False,5.48,42,MEDIUM,False
EVT-0003591,True,6.4,43,MEDIUM,False
EVT-0003592,False,5.83,47,MEDIUM,False
EVT-0003593,False,4.46,32,MEDIUM,False
EVT-0003594,False,7.91,45,MEDIUM,False
EVT-0003595,False,3.62,33,MEDIUM,False
EVT-0003596,False,3.91,31,MEDIUM,False
EVT-0003597,True,3.78,53,HIGH,True
EVT-0003598,False,4.24,39,MEDIUM,False
EVT-0003599,False,5.11,43,MEDIUM,True
EVT-0003600,False,4.25,38,MEDIUM,False
EVT-0003601,False,7.06,61,HIGH,True
EVT-0003602,True,4.28,69,HIGH,True
EVT-0003603,True,2.74,31,MEDIUM,False
EVT-0003604,False,3.26,22,LOW,False
EVT-0003605,False,5.84,32,MEDIUM,False
EVT-0003606,False,2.22,30,MEDIUM,False
EVT-0003607,False,7.85,47,MEDIUM,False
EVT-0003608,True,5.44,27,LOW,False
EVT-0003609,False,3.84,30,MEDIUM,False
EVT-0003610,False,2.54,37,MEDIUM,False
EVT-0003611,False,5.57,32,MEDIUM,False
EVT-0003612,False,5.07,38,MEDIUM,False
EVT-0003613,False,5.4,46,MEDIUM,True
EVT-0003614,False,4.61,32,MEDIUM,False
EVT-0003615,False,6.05,20,LOW,False
EVT-0003616,False,3.92,39,MEDIUM,False
EVT-0003617,False,4.61,33,MEDIUM,False
EVT-0003618,True,7.53,69,HIGH,True
EVT-0003619,False,1.98,55,HIGH,False
EVT-0003620,False,3.82,25,LOW,False
EVT-0003621,False,7.55,32,MEDIUM,False
EVT-0003622,True,6.24,35,MEDIUM,False
EVT-0003623,False,2.31,29,LOW,False
EVT-0003624,False,3.25,48,MEDIUM,False
EVT-0003625,True,6.57,49,MEDIUM,False
EVT-0003626,False,4.34,41,MEDIUM,False
EVT-0003627,False,4.25,29,LOW,False
EVT-0003628,False,4.45,40,MEDIUM,False
EVT-0003629,False,5.42,40,MEDIUM,False
EVT-0003630,False,2.35,41,MEDIUM,False
EVT-0003631,False,6.89,46,MEDIUM,False
EVT-0003632,False,3.51,56,HIGH,True
EVT-0003633,True,6.34,48,MEDIUM,True
EVT-0003634,False,2.84,41,MEDIUM,True
EVT-0003635,False,5.31,42,MEDIUM,False
EVT-0003636,False,5.79,39,MEDIUM,False
EVT-0003637,False,5.02,39,MEDIUM,False
EVT-0003638,False,4.23,31,MEDIUM,False
EVT-0003639,True,6.55,42,MEDIUM,False
EVT-0003640,True,6.27,46,MEDIUM,True
EVT-0003641,False,4.16,17,LOW,False
EVT-0003642,False,3.31,31,MEDIUM,False
EVT-0003643,False,5.17,44,MEDIUM,False
EVT-0003644,False,3.18,30,MEDIUM,False
EVT-0003645,True,3.64,46,MEDIUM,False
EVT-0003646,False,3.01,35,MEDIUM,False
EVT-0003647,False,3.01,32,MEDIUM,False
EVT-0003648,False,5.16,62,HIGH,True
EVT-0003649,True,7.38,53,HIGH,False
EVT-0003650,False,3.5,31,MEDIUM,False
EVT-0003651,False,3.03,23,LOW,False
EVT-0003652,False,7.0,45,MEDIUM,False
EVT-0003653,False,3.8,35,MEDIUM,False
EVT-0003654,False,3.76,44,MEDIUM,False
EVT-0003655,False,4.43,54,HIGH,False
EVT-0003656,False,1.36,38,MEDIUM,False
EVT-0003657,False,3.88,40,MEDIUM,False
EVT-0003658,False,5.4,35,MEDIUM,False
EVT-0003659,True,5.88,62,HIGH,True
EVT-0003660,True,2.55,30,MEDIUM,False
EVT-0003661,False,6.52,54,HIGH,True
EVT-0003662,False,5.72,53,HIGH,False
EVT-0003663,True,4.94,48,MEDIUM,True
EVT-0003664,False,3.22,49,MEDIUM,True
EVT-0003665,False,5.17,39,MEDIUM,False
EVT-0003666,False,5.05,16,LOW,False
EVT-0003667,False,4.72,35,MEDIUM,False
EVT-0003668,False,5.12,60,HIGH,True
EVT-0003669,False,3.86,38,MEDIUM,False
EVT-0003670,False,5.96,30,MEDIUM,False
EVT-0003671,False,3.8,48,MEDIUM,False
EVT-0003672,False,4.14,31,MEDIUM,False
EVT-0003673,True,2.02,39,MEDIUM,False
EVT-0003674,False,6.24,58,HIGH,True
EVT-0003675,False,4.18,38,MEDIUM,False
EVT-0003676,False,7.3,42,MEDIUM,False
EVT-0003677,False,3.4,42,MEDIUM,False
EVT-0003678,False,4.85,14,LOW,False
EVT-0003679,False,8.36,39,MEDIUM,False
EVT-0003680,True,3.05,49,MEDIUM,False
EVT-0003681,False,6.51,50,HIGH,True
EVT-0003682,True,8.39,50,HIGH,True
EVT-0003683,False,4.31,39,MEDIUM,False
EVT-0003684,False,5.64,25,LOW,False
EVT-0003685,True,3.29,30,MEDIUM,False
EVT-0003686,False,3.31,60,HIGH,False
EVT-0003687,False,4.68,18,LOW,False
EVT-0003688,False,4.52,31,MEDIUM,False
EVT-0003689,True,3.38,46,MEDIUM,True
EVT-0003690,False,4.51,30,MEDIUM,False
EVT-0003691,False,2.82,42,MEDIUM,False
EVT-0003692,False,3.76,44,MEDIUM,False
EVT-0003693,True,6.34,54,HIGH,False
EVT-0003694,True,5.66,74,CRITICAL,True
EVT-0003695,False,10.14,39,MEDIUM,False
EVT-0003696,False,1.91,40,MEDIUM,False
EVT-0003697,True,3.53,69,HIGH,False
EVT-0003698,False,3.86,52,HIGH,True
EVT-0003699,False,7.76,30,MEDIUM,False
EVT-0003700,False,5.65,34,MEDIUM,False
EVT-0003701,False,4.73,32,MEDIUM,False
EVT-0003702,True,4.84,66,HIGH,True
EVT-0003703,False,4.47,67,HIGH,False
EVT-0003704,True,5.86,66,HIGH,True
EVT-0003705,False,5.83,58,HIGH,True
EVT-0003706,False,6.67,44,MEDIUM,False
EVT-0003707,False,4.69,30,MEDIUM,False
EVT-0003708,False,8.26,40,MEDIUM,False
EVT-0003709,False,2.89,38,MEDIUM,False
EVT-0003710,False,4.79,35,MEDIUM,False
EVT-0003711,False,3.88,34,MEDIUM,False
EVT-0003712,False,5.77,56,HIGH,False
EVT-0003713,True,5.83,59,HIGH,True
EVT-0003714,False,8.04,30,MEDIUM,False
EVT-0003715,True,5.69,46,MEDIUM,False
EVT-0003716,False,2.91,34,MEDIUM,False
EVT-0003717,False,5.08,37,MEDIUM,False
EVT-0003718,False,4.99,36,MEDIUM,False
EVT-0003719,False,4.51,39,MEDIUM,False
EVT-0003720,False,1.96,51,HIGH,False
EVT-0003721,False,4.28,32,MEDIUM,False
EVT-0003722,True,6.19,40,MEDIUM,True
EVT-0003723,False,2.09,27,LOW,False
EVT-0003724,False,6.25,58,HIGH,True
EVT-0003725,False,4.64,26,LOW,False
EVT-0003726,False,5.21,44,MEDIUM,True
EVT-0003727,False,2.91,18,LOW,False
EVT-0003728,False,3.19,35,MEDIUM,False
EVT-0003729,True,7.12,52,HIGH,False
EVT-0003730,False,5.07,31,MEDIUM,False
EVT-0003731,True,6.04,42,MEDIUM,False
EVT-0003732,False,2.01,36,MEDIUM,False
EVT-0003733,False,6.38,61,HIGH,False
EVT-0003734,False,4.96,32,MEDIUM,False
EVT-0003735,False,4.25,28,LOW,False
EVT-0003736,False,7.79,52,HIGH,False
EVT-0003737,False,4.24,46,MEDIUM,True
EVT-0003738,False,2.93,44,MEDIUM,False
EVT-0003739,False,4.52,37,MEDIUM,False
EVT-0003740,False,5.42,33,MEDIUM,False
EVT-0003741,False,8.93,51,HIGH,True
EVT-0003742,False,5.33,29,LOW,False
EVT-0003743,True,7.25,55,HIGH,True
EVT-0003744,False,9.61,46,MEDIUM,False
EVT-0003745,False,5.19,25,LOW,False
EVT-0003746,False,3.53,40,MEDIUM,False
EVT-0003747,False,7.62,30,MEDIUM,False
EVT-0003748,False,5.84,37,MEDIUM,False
EVT-0003749,False,8.81,44,MEDIUM,True
EVT-0003750,False,3.52,45,MEDIUM,False
EVT-0003751,False,5.04,27,LOW,False
EVT-0003752,False,4.44,39,MEDIUM,False
EVT-0003753,False,3.44,24,LOW,False
EVT-0003754,False,7.18,36,MEDIUM,False
EVT-0003755,True,7.11,48,MEDIUM,False
EVT-0003756,False,4.83,31,MEDIUM,False
EVT-0003757,False,4.54,40,MEDIUM,False
EVT-0003758,True,8.84,67,HIGH,False
EVT-0003759,False,5.85,31,MEDIUM,False
EVT-0003760,False,4.19,36,MEDIUM,False
EVT-0003761,False,5.16,48,MEDIUM,False
EVT-0003762,False,2.63,35,MEDIUM,False
EVT-0003763,False,2.88,28,LOW,False
EVT-0003764,False,3.64,36,MEDIUM,False
EVT-0003765,False,5.83,46,MEDIUM,False
EVT-0003766,False,10.18,44,MEDIUM,False
EVT-0003767,False,3.51,47,MEDIUM,True
EVT-0003768,True,7.95,84,CRITICAL,True
EVT-0003769,False,2.63,44,MEDIUM,True
EVT-0003770,False,4.74,29,LOW,False
EVT-0003771,False,4.62,25,LOW,False
EVT-0003772,False,7.12,48,MEDIUM,False
EVT-0003773,False,5.04,47,MEDIUM,False
EVT-0003774,False,4.42,31,MEDIUM,False
EVT-0003775,False,2.06,27,LOW,False
EVT-0003776,False,5.31,53,HIGH,False
EVT-0003777,False,5.41,59,HIGH,False
EVT-0003778,False,7.25,69,HIGH,True
EVT-0003779,False,3.67,37,MEDIUM,False
EVT-0003780,False,4.84,40,MEDIUM,False
EVT-0003781,False,5.02,31,MEDIUM,False
EVT-0003782,False,3.53,25,LOW,False
EVT-0003783,False,6.16,47,MEDIUM,True
EVT-0003784,True,6.93,62,HIGH,True
EVT-0003785,True,5.7,56,HIGH,True
EVT-0003786,False,5.09,29,LOW,False
EVT-0003787,False,6.84,30,MEDIUM,False
EVT-0003788,False,6.22,49,MEDIUM,True
EVT-0003789,False,6.37,57,HIGH,True
EVT-0003790,False,5.54,77,CRITICAL,True
EVT-0003791,False,5.18,35,MEDIUM,False
EVT-0003792,False,3.51,18,LOW,False
EVT-0003793,True,3.7,41,MEDIUM,False
EVT-0003794,False,5.91,38,MEDIUM,False
EVT-0003795,False,3.33,41,MEDIUM,False
EVT-0003796,False,4.31,51,HIGH,True
EVT-0003797,False,3.25,26,LOW,False
EVT-0003798,True,10.98,58,HIGH,False
EVT-0003799,False,4.25,46,MEDIUM,False
EVT-0003800,False,6.92,53,HIGH,False
EVT-0003801,False,4.97,41,MEDIUM,False
EVT-0003802,True,7.79,61,HIGH,False
EVT-0003803,False,2.02,33,MEDIUM,False
EVT-0003804,False,5.82,48,MEDIUM,False
EVT-0003805,False,3.61,26,LOW,False
EVT-0003806,False,3.57,39,MEDIUM,False
EVT-0003807,False,5.18,36,MEDIUM,False
EVT-0003808,False,4.28,40,MEDIUM,False
EVT-0003809,True,4.96,38,MEDIUM,False
EVT-0003810,False,2.28,52,HIGH,True
EVT-0003811,False,1.3,38,MEDIUM,False
EVT-0003812,False,4.64,45,MEDIUM,False
EVT-0003813,False,5.1,28,LOW,False
EVT-0003814,False,3.72,42,MEDIUM,True
EVT-0003815,True,4.36,33,MEDIUM,False
EVT-0003816,False,3.85,53,HIGH,False
EVT-0003817,True,7.33,34,MEDIUM,False
EVT-0003818,False,3.27,34,MEDIUM,False
EVT-0003819,False,6.09,29,LOW,False
EVT-0003820,False,4.01,50,HIGH,False
EVT-0003821,False,6.24,45,MEDIUM,False
EVT-0003822,False,4.71,28,LOW,False
EVT-0003823,True,4.78,41,MEDIUM,False
EVT-0003824,False,5.75,40,MEDIUM,False
EVT-0003825,False,2.68,41,MEDIUM,False
EVT-0003826,True,4.45,45,MEDIUM,False
EVT-0003827,False,4.36,30,MEDIUM,False
EVT-0003828,False,4.35,48,MEDIUM,True
EVT-0003829,False,3.53,35,MEDIUM,False
EVT-0003830,True,3.03,41,MEDIUM,False
EVT-0003831,False,3.79,36,MEDIUM,False
EVT-0003832,False,4.53,22,LOW,False
EVT-0003833,False,3.99,27,LOW,False
EVT-0003834,False,5.8,37,MEDIUM,False
EVT-0003835,False,4.24,27,LOW,False
EVT-0003836,False,7.2,51,HIGH,True
EVT-0003837,False,2.61,33,MEDIUM,False
EVT-0003838,False,4.36,33,MEDIUM,False
EVT-0003839,False,3.73,26,LOW,False
EVT-0003840,False,8.22,45,MEDIUM,True
EVT-0003841,False,4.26,39,MEDIUM,False
EVT-0003842,False,3.89,26,LOW,False
EVT-0003843,False,4.41,43,MEDIUM,False
EVT-0003844,False,4.52,35,MEDIUM,False
EVT-0003845,True,7.75,51,HIGH,False
EVT-0003846,True,8.15,82,CRITICAL,True
EVT-0003847,False,7.17,54,HIGH,False
EVT-0003848,False,5.69,37,MEDIUM,False
EVT-0003849,False,4.9,40,MEDIUM,True
EVT-0003850,False,3.16,30,MEDIUM,False
EVT-0003851,False,6.9,36,MEDIUM,False
EVT-0003852,True,4.67,53,HIGH,False
EVT-0003853,False,8.13,38,MEDIUM,False
EVT-0003854,False,5.05,58,HIGH,False
EVT-0003855,False,4.55,11,LOW,False
EVT-0003856,False,3.09,14,LOW,False
EVT-0003857,False,6.24,53,HIGH,False
EVT-0003858,False,4.43,25,LOW,False
EVT-0003859,False,6.75,60,HIGH,True
EVT-0003860,False,2.53,31,MEDIUM,False
EVT-0003861,True,7.23,53,HIGH,True
EVT-0003862,False,5.31,47,MEDIUM,False
EVT-0003863,False,3.83,41,MEDIUM,False
EVT-0003864,False,5.39,41,MEDIUM,False
EVT-0003865,True,6.21,42,MEDIUM,False
EVT-0003866,True,6.24,70,HIGH,True
EVT-0003867,False,5.08,39,MEDIUM,False
EVT-0003868,True,7.65,58,HIGH,True
EVT-0003869,False,5.88,37,MEDIUM,False
EVT-0003870,False,5.33,30,MEDIUM,True
EVT-0003871,False,1.3,18,LOW,False
EVT-0003872,False,6.57,55,HIGH,False
EVT-0003873,True,6.58,52,HIGH,True
EVT-0003874,False,6.99,46,MEDIUM,True
EVT-0003875,False,5.31,56,HIGH,True
EVT-0003876,False,1.39,33,MEDIUM,True
EVT-0003877,False,6.2,46,MEDIUM,False
EVT-0003878,False,6.32,48,MEDIUM,True
EVT-0003879,False,4.97,28,LOW,False
EVT-0003880,True,4.14,54,HIGH,True
EVT-0003881,False,5.24,33,MEDIUM,False
EVT-0003882,False,3.64,34,MEDIUM,False
EVT-0003883,False,3.16,41,MEDIUM,False
EVT-0003884,False,2.95,44,MEDIUM,False
EVT-0003885,True,7.56,51,HIGH,False
EVT-0003886,False,3.62,18,LOW,False
EVT-0003887,False,4.52,30,MEDIUM,False
EVT-0003888,True,4.72,63,HIGH,True
EVT-0003889,False,4.93,36,MEDIUM,False
EVT-0003890,False,6.23,52,HIGH,False
EVT-0003891,False,5.14,54,HIGH,True
EVT-0003892,False,4.35,34,MEDIUM,False
EVT-0003893,True,4.62,40,MEDIUM,False
EVT-0003894,False,5.15,44,MEDIUM,False
EVT-0003895,False,3.32,36,MEDIUM,False
EVT-0003896,False,4.85,33,MEDIUM,False
EVT-0003897,False,6.12,40,MEDIUM,False
EVT-0003898,False,3.82,38,MEDIUM,False
EVT-0003899,True,8.19,50,HIGH,True
EVT-0003900,False,7.14,38,MEDIUM,False
EVT-0003901,False,6.65,38,MEDIUM,False
EVT-0003902,False,4.72,48,MEDIUM,False
EVT-0003903,False,5.05,44,MEDIUM,False
EVT-0003904,True,4.82,52,HIGH,False
EVT-0003905,False,0.74,21,LOW,False
EVT-0003906,False,5.25,35,MEDIUM,False
EVT-0003907,False,5.03,51,HIGH,False
EVT-0003908,False,5.1,44,MEDIUM,False
EVT-0003909,False,4.96,42,MEDIUM,False
EVT-0003910,False,1.18,37,MEDIUM,False
EVT-0003911,True,3.64,38,MEDIUM,False
EVT-0003912,False,7.5,27,LOW,False
EVT-0003913,False,4.91,31,MEDIUM,False
EVT-0003914,False,5.84,39,MEDIUM,True
EVT-0003915,False,5.06,47,MEDIUM,False
EVT-0003916,False,8.18,33,MEDIUM,True
EVT-0003917,False,2.0,18,LOW,False
EVT-0003918,False,3.0,29,LOW,False
EVT-0003919,True,3.77,37,MEDIUM,True
EVT-0003920,False,2.55,39,MEDIUM,False
EVT-0003921,True,5.89,39,MEDIUM,False
EVT-0003922,True,5.26,36,MEDIUM,False
EVT-0003923,False,3.54,49,MEDIUM,False
EVT-0003924,False,8.3,42,MEDIUM,True
EVT-0003925,False,4.9,34,MEDIUM,False
EVT-0003926,True,8.4,61,HIGH,False
EVT-0003927,False,4.38,34,MEDIUM,True
EVT-0003928,True,5.2,52,HIGH,False
EVT-0003929,False,3.57,44,MEDIUM,False
EVT-0003930,False,3.02,17,LOW,False
EVT-0003931,False,1.12,30,MEDIUM,False
EVT-0003932,False,5.01,38,MEDIUM,False
EVT-0003933,True,6.43,42,MEDIUM,False
EVT-0003934,False,3.71,32,MEDIUM,False
EVT-0003935,False,4.54,26,LOW,False
EVT-0003936,False,3.33,27,LOW,False
EVT-0003937,False,3.04,26,LOW,False
EVT-0003938,False,5.14,24,LOW,False
EVT-0003939,False,4.71,37,MEDIUM,False
EVT-0003940,False,3.99,35,MEDIUM,False
EVT-0003941,True,4.28,61,HIGH,True
EVT-0003942,False,4.16,34,MEDIUM,False
EVT-0003943,False,1.88,30,MEDIUM,False
EVT-0003944,True,7.76,61,HIGH,True
EVT-0003945,False,2.31,27,LOW,False
EVT-0003946,True,2.48,46,MEDIUM,False
EVT-0003947,False,4.68,43,MEDIUM,False
EVT-0003948,False,6.83,47,MEDIUM,True
EVT-0003949,False,1.59,32,MEDIUM,False
EVT-0003950,False,5.13,51,HIGH,True
EVT-0003951,True,5.15,55,HIGH,True
EVT-0003952,False,4.06,28,LOW,False
EVT-0003953,False,4.24,31,MEDIUM,False
EVT-0003954,False,3.04,18,LOW,False
EVT-0003955,False,3.76,38,MEDIUM,False
EVT-0003956,False,6.39,28,LOW,False
EVT-0003957,False,3.57,35,MEDIUM,False
EVT-0003958,False,5.52,33,MEDIUM,True
EVT-0003959,True,1.9,68,HIGH,True
EVT-0003960,False,3.11,51,HIGH,False
EVT-0003961,False,4.74,43,MEDIUM,False
EVT-0003962,True,5.75,40,MEDIUM,False
EVT-0003963,True,6.77,44,MEDIUM,False
EVT-0003964,False,3.29,29,LOW,False
EVT-0003965,False,3.12,26,LOW,False
EVT-0003966,True,5.29,53,HIGH,True
EVT-0003967,True,3.86,60,HIGH,True
EVT-0003968,True,6.52,59,HIGH,False
EVT-0003969,False,4.59,36,MEDIUM,False
EVT-0003970,False,2.01,31,MEDIUM,False
EVT-0003971,True,6.15,64,HIGH,True
EVT-0003972,False,5.31,61,HIGH,True
EVT-0003973,False,6.93,42,MEDIUM,False
EVT-0003974,False,3.02,41,MEDIUM,False
EVT-0003975,False,6.86,38,MEDIUM,False
EVT-0003976,False,5.11,51,HIGH,False
EVT-0003977,True,7.19,82,CRITICAL,True
EVT-0003978,False,6.47,53,HIGH,True
EVT-0003979,False,5.96,42,MEDIUM,False
EVT-0003980,True,8.21,52,HIGH,True
EVT-0003981,False,6.04,28,LOW,False
EVT-0003982,False,6.28,52,HIGH,True
EVT-0003983,True,5.77,32,MEDIUM,False
EVT-0003984,True,6.53,51,HIGH,False
EVT-0003985,True,5.58,56,HIGH,True
EVT-0003986,False,5.55,34,MEDIUM,False
EVT-0003987,False,6.88,42,MEDIUM,False
EVT-0003988,False,2.24,33,MEDIUM,False
EVT-0003989,True,5.63,52,HIGH,True
EVT-0003990,True,6.36,41,MEDIUM,False
EVT-0003991,True,6.05,72,CRITICAL,True
EVT-0003992,True,6.1,53,HIGH,False
EVT-0003993,False,6.35,26,LOW,False
EVT-0003994,False,5.37,21,LOW,False
EVT-0003995,False,3.38,36,MEDIUM,False
EVT-0003996,False,7.76,57,HIGH,True
EVT-0003997,False,4.14,43,MEDIUM,False
EVT-0003998,False,4.46,29,LOW,False
EVT-0003999,False,4.39,56,HIGH,True
EVT-0004000,False,2.72,33,MEDIUM,False
EVT-0004001,False,2.14,48,MEDIUM,False
EVT-0004002,False,6.46,34,MEDIUM,False
EVT-0004003,False,4.21,36,MEDIUM,True
EVT-0004004,True,4.24,46,MEDIUM,False
EVT-0004005,False,6.84,51,HIGH,True
EVT-0004006,False,3.13,35,MEDIUM,False
EVT-0004007,False,5.52,46,MEDIUM,False
EVT-0004008,False,4.69,43,MEDIUM,True
EVT-0004009,False,3.5,61,HIGH,True
EVT-0004010,False,4.5,27,LOW,False
EVT-0004011,True,5.48,56,HIGH,True
EVT-0004012,False,5.69,28,LOW,False
EVT-0004013,False,5.72,22,LOW,False
EVT-0004014,False,3.85,41,MEDIUM,False
EVT-0004015,True,4.62,53,HIGH,False
EVT-0004016,False,4.2,30,MEDIUM,False
EVT-0004017,False,3.38,36,MEDIUM,False
EVT-0004018,True,5.98,50,HIGH,True
EVT-0004019,False,2.28,34,MEDIUM,False
EVT-0004020,False,5.68,38,MEDIUM,False
EVT-0004021,True,5.65,75,CRITICAL,True
EVT-0004022,False,5.0,31,MEDIUM,False
EVT-0004023,False,8.58,51,HIGH,False
EVT-0004024,False,5.49,34,MEDIUM,False
EVT-0004025,False,5.58,46,MEDIUM,True
EVT-0004026,False,6.06,29,LOW,False
EVT-0004027,False,4.65,40,MEDIUM,False
EVT-0004028,False,5.03,36,MEDIUM,False
EVT-0004029,False,5.74,29,LOW,False
EVT-0004030,False,4.37,43,MEDIUM,False
EVT-0004031,False,4.18,37,MEDIUM,False
EVT-0004032,True,1.92,50,HIGH,True
EVT-0004033,False,5.41,44,MEDIUM,False
EVT-0004034,True,7.22,48,MEDIUM,False
EVT-0004035,False,4.78,34,MEDIUM,False
EVT-0004036,False,4.66,39,MEDIUM,False
EVT-0004037,False,5.35,33,MEDIUM,False
EVT-0004038,True,4.92,53,HIGH,False
EVT-0004039,False,2.26,19,LOW,False
EVT-0004040,False,4.97,38,MEDIUM,False
EVT-0004041,False,4.05,33,MEDIUM,False
EVT-0004042,False,6.29,50,HIGH,False
EVT-0004043,False,5.52,33,MEDIUM,False
EVT-0004044,False,7.93,39,MEDIUM,False
EVT-0004045,False,5.19,40,MEDIUM,False
EVT-0004046,False,4.3,25,LOW,False
EVT-0004047,False,2.0,31,MEDIUM,False
EVT-0004048,False,7.2,44,MEDIUM,False
EVT-0004049,False,5.73,50,HIGH,False
EVT-0004050,False,4.6,41,MEDIUM,False
EVT-0004051,True,8.17,48,MEDIUM,True
EVT-0004052,False,8.09,42,MEDIUM,False
EVT-0004053,False,4.81,23,LOW,False
EVT-0004054,False,6.44,54,HIGH,False
EVT-0004055,False,7.59,52,HIGH,False
EVT-0004056,False,5.27,49,MEDIUM,False
EVT-0004057,False,5.07,33,MEDIUM,False
EVT-0004058,False,6.09,40,MEDIUM,False
EVT-0004059,True,7.21,36,MEDIUM,False
EVT-0004060,False,5.77,31,MEDIUM,False
EVT-0004061,False,4.67,39,MEDIUM,False
EVT-0004062,False,6.84,43,MEDIUM,False
EVT-0004063,False,7.87,45,MEDIUM,False
EVT-0004064,True,6.3,31,MEDIUM,False
EVT-0004065,False,6.41,50,HIGH,False
EVT-0004066,False,4.45,35,MEDIUM,False
EVT-0004067,False,4.07,26,LOW,False
EVT-0004068,False,6.42,57,HIGH,True
EVT-0004069,False,4.18,24,LOW,False
EVT-0004070,False,5.11,43,MEDIUM,False
EVT-0004071,False,2.12,33,MEDIUM,False
EVT-0004072,False,4.78,43,MEDIUM,False
EVT-0004073,False,2.78,33,MEDIUM,False
EVT-0004074,False,6.02,35,MEDIUM,True
EVT-0004075,False,4.95,33,MEDIUM,False
EVT-0004076,False,6.61,58,HIGH,True
EVT-0004077,False,4.38,14,LOW,False
EVT-0004078,False,6.58,48,MEDIUM,False
EVT-0004079,False,5.32,39,MEDIUM,False
EVT-0004080,False,4.12,35,MEDIUM,False
EVT-0004081,False,2.19,33,MEDIUM,False
EVT-0004082,False,5.03,33,MEDIUM,False
EVT-0004083,False,4.63,48,MEDIUM,False
EVT-0004084,False,7.12,41,MEDIUM,True
EVT-0004085,False,5.37,38,MEDIUM,False
EVT-0004086,False,6.08,30,MEDIUM,False
EVT-0004087,False,5.3,37,MEDIUM,False
EVT-0004088,False,6.82,42,MEDIUM,False
EVT-0004089,False,5.17,44,MEDIUM,False
EVT-0004090,False,6.99,49,MEDIUM,True
EVT-0004091,False,4.27,24,LOW,False
EVT-0004092,True,7.72,31,MEDIUM,False
EVT-0004093,True,6.23,45,MEDIUM,False
EVT-0004094,False,3.4,58,HIGH,True
EVT-0004095,False,6.76,36,MEDIUM,False
EVT-0004096,False,4.72,16,LOW,False
EVT-0004097,False,8.27,45,MEDIUM,False
EVT-0004098,False,5.13,49,MEDIUM,True
EVT-0004099,False,6.04,41,MEDIUM,False
EVT-0004100,True,3.58,43,MEDIUM,False
EVT-0004101,False,6.64,39,MEDIUM,False
EVT-0004102,True,7.02,50,HIGH,True
EVT-0004103,False,3.81,31,MEDIUM,False
EVT-0004104,False,3.36,21,LOW,False
EVT-0004105,False,6.49,27,LOW,False
EVT-0004106,False,6.02,25,LOW,False
EVT-0004107,False,5.3,49,MEDIUM,False
EVT-0004108,True,5.88,56,HIGH,True
EVT-0004109,False,9.52,53,HIGH,True
EVT-0004110,False,2.1,38,MEDIUM,False
EVT-0004111,False,2.11,37,MEDIUM,False
EVT-0004112,False,3.83,22,LOW,False
EVT-0004113,False,3.9,38,MEDIUM,False
EVT-0004114,False,6.55,46,MEDIUM,False
EVT-0004115,False,2.18,22,LOW,False
EVT-0004116,False,3.77,45,MEDIUM,False
EVT-0004117,False,4.83,36,MEDIUM,False
EVT-0004118,False,4.86,45,MEDIUM,True
EVT-0004119,False,9.13,36,MEDIUM,False
EVT-0004120,False,3.36,24,LOW,False
EVT-0004121,False,5.01,42,MEDIUM,True
EVT-0004122,False,7.11,55,HIGH,True
EVT-0004123,False,5.41,43,MEDIUM,False
EVT-0004124,True,1.4,29,LOW,False
EVT-0004125,False,3.28,33,MEDIUM,False
EVT-0004126,False,4.72,43,MEDIUM,False
EVT-0004127,False,5.7,26,LOW,False
EVT-0004128,True,4.96,45,MEDIUM,False
EVT-0004129,False,0.5,40,MEDIUM,False
EVT-0004130,False,4.33,36,MEDIUM,False
EVT-0004131,True,3.16,50,HIGH,False
EVT-0004132,False,2.69,26,LOW,False
EVT-0004133,False,7.25,52,HIGH,False
EVT-0004134,False,4.9,31,MEDIUM,False
EVT-0004135,False,4.17,45,MEDIUM,True
EVT-0004136,False,3.12,35,MEDIUM,False
EVT-0004137,False,5.75,39,MEDIUM,False
EVT-0004138,False,4.94,31,MEDIUM,False
EVT-0004139,False,5.15,38,MEDIUM,False
EVT-0004140,False,2.8,20,LOW,False
EVT-0004141,False,5.75,27,LOW,False
EVT-0004142,True,4.54,41,MEDIUM,False
EVT-0004143,False,3.85,38,MEDIUM,False
EVT-0004144,False,3.38,40,MEDIUM,False
EVT-0004145,False,4.05,36,MEDIUM,False
EVT-0004146,False,3.31,44,MEDIUM,True
EVT-0004147,False,4.97,32,MEDIUM,False
EVT-0004148,True,5.04,47,MEDIUM,True
EVT-0004149,True,7.29,52,HIGH,False
EVT-0004150,False,2.67,27,LOW,False
EVT-0004151,False,5.35,25,LOW,False
EVT-0004152,False,7.18,47,MEDIUM,True
EVT-0004153,False,4.7,29,LOW,False
EVT-0004154,False,4.8,49,MEDIUM,True
EVT-0004155,False,2.97,32,MEDIUM,False
EVT-0004156,False,4.97,33,MEDIUM,True
EVT-0004157,False,1.77,33,MEDIUM,False
EVT-0004158,False,5.55,48,MEDIUM,False
EVT-0004159,False,3.53,60,HIGH,True
EVT-0004160,True,3.56,49,MEDIUM,False
EVT-0004161,False,3.68,15,LOW,False
EVT-0004162,False,5.42,42,MEDIUM,False
EVT-0004163,False,4.63,20,LOW,False
EVT-0004164,True,8.14,54,HIGH,True
EVT-0004165,False,4.05,34,MEDIUM,False
EVT-0004166,False,5.36,33,MEDIUM,False
EVT-0004167,False,2.21,21,LOW,False
EVT-0004168,False,3.75,33,MEDIUM,False
EVT-0004169,False,5.89,38,MEDIUM,False
EVT-0004170,False,4.26,18,LOW,False
EVT-0004171,False,4.09,22,LOW,False
EVT-0004172,False,5.12,37,MEDIUM,False
EVT-0004173,False,2.64,31,MEDIUM,False
EVT-0004174,False,5.27,51,HIGH,True
EVT-0004175,False,8.2,57,HIGH,False
EVT-0004176,False,4.3,53,HIGH,True
EVT-0004177,False,3.77,33,MEDIUM,False
EVT-0004178,False,3.45,21,LOW,False
EVT-0004179,False,1.42,13,LOW,False
EVT-0004180,False,7.19,48,MEDIUM,False
EVT-0004181,False,4.52,33,MEDIUM,False
EVT-0004182,False,8.25,48,MEDIUM,False
EVT-0004183,False,2.1,32,MEDIUM,False
EVT-0004184,True,3.74,19,LOW,False
EVT-0004185,False,6.96,44,MEDIUM,True
EVT-0004186,False,6.5,61,HIGH,True
EVT-0004187,False,4.58,34,MEDIUM,False
EVT-0004188,False,6.39,43,MEDIUM,False
EVT-0004189,False,3.0,45,MEDIUM,False
EVT-0004190,True,4.88,39,MEDIUM,False
EVT-0004191,False,4.26,30,MEDIUM,False
EVT-0004192,True,4.74,38,MEDIUM,False
EVT-0004193,False,5.03,34,MEDIUM,False
EVT-0004194,False,4.27,33,MEDIUM,False
EVT-0004195,False,3.65,26,LOW,False
EVT-0004196,True,2.39,84,CRITICAL,True
EVT-0004197,True,7.54,76,CRITICAL,True
EVT-0004198,False,5.19,43,MEDIUM,False
EVT-0004199,False,2.41,37,MEDIUM,False
EVT-0004200,False,4.75,49,MEDIUM,False
EVT-0004201,True,4.6,46,MEDIUM,False
EVT-0004202,False,5.29,39,MEDIUM,False
EVT-0004203,False,4.28,31,MEDIUM,False
EVT-0004204,False,4.94,34,MEDIUM,False
EVT-0004205,True,5.09,31,MEDIUM,False
EVT-0004206,False,3.86,47,MEDIUM,False
EVT-0004207,False,0.8,38,MEDIUM,False
EVT-0004208,False,6.64,35,MEDIUM,False
EVT-0004209,False,5.46,29,LOW,False
EVT-0004210,False,3.57,32,MEDIUM,False
EVT-0004211,True,7.85,61,HIGH,True
EVT-0004212,False,5.78,43,MEDIUM,False
EVT-0004213,False,4.14,37,MEDIUM,False
EVT-0004214,False,5.25,34,MEDIUM,False
EVT-0004215,False,2.83,36,MEDIUM,False
EVT-0004216,True,5.48,55,HIGH,False
EVT-0004217,False,3.2,23,LOW,False
EVT-0004218,False,4.36,27,LOW,False
EVT-0004219,False,4.02,43,MEDIUM,True
EVT-0004220,False,2.34,40,MEDIUM,False
EVT-0004221,False,4.37,43,MEDIUM,False
EVT-0004222,True,3.96,52,HIGH,False
EVT-0004223,True,3.63,59,HIGH,True
EVT-0004224,False,5.02,21,LOW,False
EVT-0004225,False,3.28,25,LOW,False
EVT-0004226,False,6.66,27,LOW,False
EVT-0004227,False,2.76,38,MEDIUM,False
EVT-0004228,False,1.12,30,MEDIUM,False
EVT-0004229,True,4.94,57,HIGH,True
EVT-0004230,False,1.45,17,LOW,False
EVT-0004231,False,5.62,34,MEDIUM,False
EVT-0004232,False,7.72,36,MEDIUM,False
EVT-0004233,False,4.83,60,HIGH,False
EVT-0004234,False,5.16,18,LOW,False
EVT-0004235,False,6.19,26,LOW,False
EVT-0004236,False,4.8,29,LOW,False
EVT-0004237,True,7.0,59,HIGH,True
EVT-0004238,False,6.79,60,HIGH,True
EVT-0004239,False,4.39,38,MEDIUM,False
EVT-0004240,False,3.91,25,LOW,False
EVT-0004241,False,4.05,38,MEDIUM,False
EVT-0004242,True,7.65,46,MEDIUM,False
EVT-0004243,False,3.59,30,MEDIUM,True
EVT-0004244,False,5.68,43,MEDIUM,False
EVT-0004245,False,3.75,28,LOW,False
EVT-0004246,False,5.68,37,MEDIUM,False
EVT-0004247,True,5.91,48,MEDIUM,True
EVT-0004248,False,3.34,37,MEDIUM,True
EVT-0004249,False,5.83,31,MEDIUM,False
EVT-0004250,False,4.63,36,MEDIUM,False
EVT-0004251,False,4.75,48,MEDIUM,False
EVT-0004252,False,4.39,42,MEDIUM,False
EVT-0004253,False,5.68,34,MEDIUM,False
EVT-0004254,False,3.9,41,MEDIUM,False
EVT-0004255,False,6.92,50,HIGH,True
EVT-0004256,False,4.91,20,LOW,False
EVT-0004257,False,6.37,38,MEDIUM,False
EVT-0004258,False,5.77,32,MEDIUM,False
EVT-0004259,True,3.9,40,MEDIUM,False
EVT-0004260,False,6.55,37,MEDIUM,False
EVT-0004261,False,5.19,32,MEDIUM,False
EVT-0004262,False,5.18,34,MEDIUM,False
EVT-0004263,False,3.03,35,MEDIUM,False
EVT-0004264,True,6.43,49,MEDIUM,False
EVT-0004265,True,5.27,65,HIGH,True
EVT-0004266,True,6.24,42,MEDIUM,False
EVT-0004267,False,3.52,29,LOW,False
EVT-0004268,False,4.82,28,LOW,False
EVT-0004269,False,6.46,10,LOW,False
EVT-0004270,False,5.28,43,MEDIUM,False
EVT-0004271,False,4.68,39,MEDIUM,False
EVT-0004272,False,4.68,23,LOW,False
EVT-0004273,False,5.2,32,MEDIUM,False
EVT-0004274,True,5.84,48,MEDIUM,True
EVT-0004275,False,4.06,33,MEDIUM,False
EVT-0004276,False,6.77,50,HIGH,False
EVT-0004277,False,6.54,42,MEDIUM,False
EVT-0004278,False,5.21,23,LOW,False
EVT-0004279,False,2.92,42,MEDIUM,False
EVT-0004280,False,4.05,51,HIGH,True
EVT-0004281,False,2.14,17,LOW,False
EVT-0004282,False,4.31,31,MEDIUM,False
EVT-0004283,False,6.84,27,LOW,False
EVT-0004284,True,4.3,51,HIGH,False
EVT-0004285,False,4.67,43,MEDIUM,False
EVT-0004286,False,6.75,47,MEDIUM,False
EVT-0004287,False,2.35,37,MEDIUM,False
EVT-0004288,False,5.99,53,HIGH,False
EVT-0004289,True,3.62,28,LOW,False
EVT-0004290,False,6.53,29,LOW,False
EVT-0004291,False,4.78,34,MEDIUM,False
EVT-0004292,False,3.13,41,MEDIUM,False
EVT-0004293,False,3.14,34,MEDIUM,False
EVT-0004294,False,3.13,37,MEDIUM,False
EVT-0004295,False,3.69,38,MEDIUM,False
EVT-0004296,False,4.86,45,MEDIUM,False
EVT-0004297,False,5.88,55,HIGH,False
EVT-0004298,False,3.46,33,MEDIUM,False
EVT-0004299,False,2.85,47,MEDIUM,True
EVT-0004300,False,5.4,51,HIGH,True
EVT-0004301,False,5.56,44,MEDIUM,True
EVT-0004302,False,4.45,37,MEDIUM,False
EVT-0004303,False,7.37,46,MEDIUM,True
EVT-0004304,False,4.25,40,MEDIUM,False
EVT-0004305,False,5.65,32,MEDIUM,False
EVT-0004306,False,3.67,31,MEDIUM,False
EVT-0004307,False,4.8,41,MEDIUM,False
EVT-0004308,False,3.18,30,MEDIUM,False
EVT-0004309,True,7.46,67,HIGH,True
EVT-0004310,False,3.52,39,MEDIUM,False
EVT-0004311,False,3.46,26,LOW,False
EVT-0004312,True,9.2,67,HIGH,True
EVT-0004313,False,2.69,39,MEDIUM,False
EVT-0004314,False,2.02,9,LOW,False
EVT-0004315,False,6.48,69,HIGH,True
EVT-0004316,False,5.53,39,MEDIUM,True
EVT-0004317,False,4.0,32,MEDIUM,False
EVT-0004318,True,6.11,30,MEDIUM,False
EVT-0004319,False,4.9,43,MEDIUM,False
EVT-0004320,False,4.91,36,MEDIUM,False
EVT-0004321,False,5.56,44,MEDIUM,False
EVT-0004322,False,2.64,36,MEDIUM,False
EVT-0004323,True,5.4,40,MEDIUM,False
EVT-0004324,False,4.76,59,HIGH,True
EVT-0004325,False,5.12,30,MEDIUM,False
EVT-0004326,False,4.66,48,MEDIUM,False
EVT-0004327,False,4.58,42,MEDIUM,False
EVT-0004328,False,6.12,37,MEDIUM,True
EVT-0004329,False,6.47,33,MEDIUM,False
EVT-0004330,False,2.0,26,LOW,False
EVT-0004331,False,4.3,32,MEDIUM,False
EVT-0004332,False,6.33,16,LOW,False
EVT-0004333,False,4.32,26,LOW,False
EVT-0004334,False,4.55,34,MEDIUM,False
EVT-0004335,False,5.0,31,MEDIUM,False
EVT-0004336,True,6.82,46,MEDIUM,True
EVT-0004337,False,6.08,55,HIGH,True
EVT-0004338,False,4.18,18,LOW,False
EVT-0004339,False,5.02,44,MEDIUM,False
EVT-0004340,False,3.38,26,LOW,False
EVT-0004341,False,6.97,52,HIGH,True
EVT-0004342,False,4.46,42,MEDIUM,True
EVT-0004343,False,1.85,34,MEDIUM,False
EVT-0004344,False,3.57,51,HIGH,False
EVT-0004345,False,3.67,13,LOW,False
EVT-0004346,False,3.0,40,MEDIUM,False
EVT-0004347,False,2.67,45,MEDIUM,False
EVT-0004348,False,4.33,54,HIGH,True
EVT-0004349,True,5.62,43,MEDIUM,False
EVT-0004350,False,5.29,59,HIGH,True
EVT-0004351,False,4.35,34,MEDIUM,False
EVT-0004352,False,4.51,32,MEDIUM,False
EVT-0004353,True,1.71,43,MEDIUM,False
EVT-0004354,False,4.82,27,LOW,False
EVT-0004355,False,3.58,26,LOW,False
EVT-0004356,True,5.16,28,LOW,False
EVT-0004357,False,6.2,41,MEDIUM,False
EVT-0004358,True,6.15,60,HIGH,True
EVT-0004359,False,3.96,21,LOW,False
EVT-0004360,False,5.2,37,MEDIUM,False
EVT-0004361,False,6.78,62,HIGH,True
EVT-0004362,False,5.57,47,MEDIUM,False
EVT-0004363,False,5.74,37,MEDIUM,False
EVT-0004364,False,6.42,53,HIGH,True
EVT-0004365,False,3.28,31,MEDIUM,False
EVT-0004366,False,5.13,47,MEDIUM,False
EVT-0004367,False,1.16,19,LOW,False
EVT-0004368,False,4.76,24,LOW,False
EVT-0004369,True,6.85,43,MEDIUM,False
EVT-0004370,True,3.93,59,HIGH,False
EVT-0004371,False,7.87,42,MEDIUM,False
EVT-0004372,False,3.54,19,LOW,False
EVT-0004373,False,9.06,67,HIGH,True
EVT-0004374,False,5.02,35,MEDIUM,False
EVT-0004375,True,7.3,39,MEDIUM,False
EVT-0004376,False,3.94,42,MEDIUM,False
EVT-0004377,False,6.52,31,MEDIUM,False
EVT-0004378,False,5.46,36,MEDIUM,False
EVT-0004379,False,4.07,30,MEDIUM,False
EVT-0004380,False,6.87,44,MEDIUM,False
EVT-0004381,False,4.47,41,MEDIUM,True
EVT-0004382,False,4.91,29,LOW,False
EVT-0004383,False,3.88,41,MEDIUM,False
EVT-0004384,False,2.42,28,LOW,False
EVT-0004385,True,7.97,45,MEDIUM,False
EVT-0004386,True,6.99,60,HIGH,False
EVT-0004387,True,8.55,65,HIGH,True
EVT-0004388,False,6.99,37,MEDIUM,False
EVT-0004389,True,5.89,75,CRITICAL,True
EVT-0004390,False,3.33,32,MEDIUM,True
EVT-0004391,False,5.67,33,MEDIUM,False
EVT-0004392,True,5.93,46,MEDIUM,False
EVT-0004393,True,4.85,54,HIGH,False
EVT-0004394,False,3.38,33,MEDIUM,False
EVT-0004395,False,5.36,25,LOW,False
EVT-0004396,True,5.05,44,MEDIUM,False
EVT-0004397,False,3.41,51,HIGH,False
EVT-0004398,False,3.89,27,LOW,False
EVT-0004399,False,4.69,32,MEDIUM,False
EVT-0004400,False,7.68,43,MEDIUM,False
EVT-0004401,False,5.0,17,LOW,False
EVT-0004402,False,3.65,21,LOW,False
EVT-0004403,False,4.57,45,MEDIUM,False
EVT-0004404,False,5.66,45,MEDIUM,False
EVT-0004405,False,4.64,22,LOW,False
EVT-0004406,False,1.05,36,MEDIUM,False
EVT-0004407,False,3.75,39,MEDIUM,False
EVT-0004408,False,3.95,38,MEDIUM,False
EVT-0004409,False,2.67,22,LOW,False
EVT-0004410,True,8.16,62,HIGH,True
EVT-0004411,False,5.7,51,HIGH,True
EVT-0004412,False,2.79,33,MEDIUM,False
EVT-0004413,False,6.47,28,LOW,True
EVT-0004414,False,5.54,36,MEDIUM,False
EVT-0004415,True,1.37,37,MEDIUM,False
EVT-0004416,False,1.82,35,MEDIUM,False
EVT-0004417,True,4.33,68,HIGH,True
EVT-0004418,False,5.31,58,HIGH,True
EVT-0004419,False,6.51,44,MEDIUM,False
EVT-0004420,False,2.09,47,MEDIUM,False
EVT-0004421,False,6.36,50,HIGH,False
EVT-0004422,False,5.05,32,MEDIUM,False
EVT-0004423,True,6.5,37,MEDIUM,False
EVT-0004424,False,4.41,39,MEDIUM,False
EVT-0004425,False,2.85,26,LOW,False
EVT-0004426,False,3.56,30,MEDIUM,False
EVT-0004427,False,4.6,36,MEDIUM,False
EVT-0004428,False,5.67,28,LOW,False
EVT-0004429,False,3.24,64,HIGH,True
EVT-0004430,False,6.57,43,MEDIUM,True
EVT-0004431,False,4.72,32,MEDIUM,False
EVT-0004432,True,6.0,44,MEDIUM,False
EVT-0004433,False,7.33,62,HIGH,True
EVT-0004434,False,3.8,45,MEDIUM,True
EVT-0004435,False,3.63,44,MEDIUM,False
EVT-0004436,False,6.16,30,MEDIUM,False
EVT-0004437,False,4.43,16,LOW,False
EVT-0004438,False,8.2,71,HIGH,True
EVT-0004439,False,4.19,30,MEDIUM,False
EVT-0004440,False,3.55,23,LOW,False
EVT-0004441,False,6.26,52,HIGH,True
EVT-0004442,False,3.6,24,LOW,False
EVT-0004443,False,4.6,42,MEDIUM,False
EVT-0004444,False,3.05,29,LOW,False
EVT-0004445,False,2.07,42,MEDIUM,False
EVT-0004446,False,4.81,45,MEDIUM,False
EVT-0004447,False,4.78,49,MEDIUM,False
EVT-0004448,False,4.08,44,MEDIUM,False
EVT-0004449,True,6.73,54,HIGH,True
EVT-0004450,True,8.3,53,HIGH,True
EVT-0004451,False,6.85,56,HIGH,False
EVT-0004452,True,9.19,38,MEDIUM,False
EVT-0004453,False,3.73,26,LOW,False
EVT-0004454,False,6.34,43,MEDIUM,True
EVT-0004455,False,3.62,26,LOW,False
EVT-0004456,True,7.29,75,CRITICAL,True
EVT-0004457,False,5.24,38,MEDIUM,False
EVT-0004458,False,2.67,23,LOW,False
EVT-0004459,False,4.59,43,MEDIUM,False
EVT-0004460,False,3.32,29,LOW,False
EVT-0004461,False,3.35,47,MEDIUM,False
EVT-0004462,True,7.02,47,MEDIUM,True
EVT-0004463,False,6.45,35,MEDIUM,False
EVT-0004464,False,6.38,44,MEDIUM,True
EVT-0004465,False,6.51,56,HIGH,False
EVT-0004466,False,5.47,47,MEDIUM,True
EVT-0004467,False,4.83,30,MEDIUM,False
EVT-0004468,False,4.81,28,LOW,False
EVT-0004469,False,7.16,43,MEDIUM,False
EVT-0004470,False,5.76,42,MEDIUM,False
EVT-0004471,False,8.29,34,MEDIUM,False
EVT-0004472,False,4.16,51,HIGH,True
EVT-0004473,False,5.8,36,MEDIUM,False
EVT-0004474,False,5.89,19,LOW,False
EVT-0004475,False,3.65,26,LOW,False
EVT-0004476,False,2.63,33,MEDIUM,False
EVT-0004477,False,3.32,41,MEDIUM,False
EVT-0004478,True,1.78,62,HIGH,True
EVT-0004479,False,3.75,44,MEDIUM,False
EVT-0004480,False,5.44,51,HIGH,False
EVT-0004481,False,5.45,34,MEDIUM,False
EVT-0004482,False,5.39,35,MEDIUM,False
EVT-0004483,False,5.8,44,MEDIUM,False
EVT-0004484,False,6.17,53,HIGH,False
EVT-0004485,False,3.59,45,MEDIUM,False
EVT-0004486,False,6.27,45,MEDIUM,False
EVT-0004487,False,8.83,73,CRITICAL,True
EVT-0004488,True,8.76,49,MEDIUM,True
EVT-0004489,False,5.41,31,MEDIUM,False
EVT-0004490,False,2.89,27,LOW,False
EVT-0004491,False,4.09,22,LOW,False
EVT-0004492,False,6.35,39,MEDIUM,False
EVT-0004493,False,3.72,66,HIGH,True
EVT-0004494,False,4.77,54,HIGH,False
EVT-0004495,True,5.33,55,HIGH,False
EVT-0004496,False,3.29,46,MEDIUM,False
EVT-0004497,False,5.89,64,HIGH,True
EVT-0004498,False,3.15,25,LOW,False
EVT-0004499,False,8.47,37,MEDIUM,False
EVT-0004500,False,2.69,37,MEDIUM,False
EVT-0004501,False,3.52,43,MEDIUM,False
EVT-0004502,False,5.62,47,MEDIUM,False
EVT-0004503,False,5.14,28,LOW,False
EVT-0004504,False,8.24,39,MEDIUM,False
EVT-0004505,True,4.55,30,MEDIUM,False
EVT-0004506,False,3.14,29,LOW,False
EVT-0004507,True,3.23,32,MEDIUM,False
EVT-0004508,False,3.83,25,LOW,False
EVT-0004509,False,2.43,27,LOW,False
EVT-0004510,False,2.03,30,MEDIUM,False
EVT-0004511,False,4.15,22,LOW,False
EVT-0004512,False,4.66,31,MEDIUM,False
EVT-0004513,False,5.87,77,CRITICAL,True
EVT-0004514,False,6.91,52,HIGH,False
EVT-0004515,False,5.37,22,LOW,False
EVT-0004516,False,6.81,20,LOW,False
EVT-0004517,False,2.48,20,LOW,False
EVT-0004518,False,4.5,43,MEDIUM,False
EVT-0004519,True,4.68,42,MEDIUM,False
EVT-0004520,False,4.03,43,MEDIUM,False
EVT-0004521,True,5.65,38,MEDIUM,False
EVT-0004522,True,11.25,80,CRITICAL,True
EVT-0004523,False,3.38,24,LOW,False
EVT-0004524,False,2.78,30,MEDIUM,False
EVT-0004525,False,3.46,28,LOW,False
EVT-0004526,False,6.63,49,MEDIUM,False
EVT-0004527,False,5.66,22,LOW,False
EVT-0004528,False,4.84,47,MEDIUM,True
EVT-0004529,False,4.99,41,MEDIUM,False
EVT-0004530,False,6.94,45,MEDIUM,True
EVT-0004531,True,8.07,41,MEDIUM,True
EVT-0004532,False,6.46,45,MEDIUM,True
EVT-0004533,False,6.25,33,MEDIUM,False
EVT-0004534,False,1.93,14,LOW,False
EVT-0004535,True,6.64,45,MEDIUM,False
EVT-0004536,True,4.05,70,HIGH,False
EVT-0004537,False,3.58,35,MEDIUM,False
EVT-0004538,False,4.48,26,LOW,False
EVT-0004539,False,3.03,41,MEDIUM,False
EVT-0004540,False,5.92,39,MEDIUM,False
EVT-0004541,False,4.24,49,MEDIUM,False
EVT-0004542,False,5.41,59,HIGH,True
EVT-0004543,False,4.0,21,LOW,False
EVT-0004544,False,6.49,48,MEDIUM,True
EVT-0004545,False,5.77,27,LOW,False
EVT-0004546,False,4.82,31,MEDIUM,False
EVT-0004547,False,2.88,14,LOW,False
EVT-0004548,False,5.1,35,MEDIUM,False
EVT-0004549,False,4.69,48,MEDIUM,False
EVT-0004550,False,5.34,21,LOW,False
EVT-0004551,False,6.87,54,HIGH,True
EVT-0004552,True,5.11,42,MEDIUM,True
EVT-0004553,True,4.79,31,MEDIUM,False
EVT-0004554,False,4.49,33,MEDIUM,False
EVT-0004555,False,6.42,38,MEDIUM,False
EVT-0004556,False,4.79,58,HIGH,False
EVT-0004557,False,5.48,44,MEDIUM,True
EVT-0004558,True,6.46,45,MEDIUM,False
EVT-0004559,False,6.57,43,MEDIUM,True
EVT-0004560,False,2.87,33,MEDIUM,False
EVT-0004561,False,7.13,36,MEDIUM,False
EVT-0004562,True,5.84,40,MEDIUM,False
EVT-0004563,False,4.9,20,LOW,False
EVT-0004564,True,8.51,52,HIGH,False
EVT-0004565,False,5.28,36,MEDIUM,False
EVT-0004566,False,4.38,19,LOW,False
EVT-0004567,False,5.8,41,MEDIUM,False
EVT-0004568,False,3.86,35,MEDIUM,False
EVT-0004569,False,5.37,56,HIGH,False
EVT-0004570,False,5.4,39,MEDIUM,False
EVT-0004571,False,4.55,40,MEDIUM,False
EVT-0004572,False,6.81,26,LOW,False
EVT-0004573,False,5.99,40,MEDIUM,False
EVT-0004574,False,6.06,47,MEDIUM,True
EVT-0004575,False,5.33,31,MEDIUM,False
EVT-0004576,True,4.8,76,CRITICAL,False
EVT-0004577,False,3.64,36,MEDIUM,False
EVT-0004578,False,3.31,34,MEDIUM,False
EVT-0004579,False,3.81,18,LOW,False
EVT-0004580,False,2.81,43,MEDIUM,False
EVT-0004581,False,3.9,35,MEDIUM,False
EVT-0004582,False,6.12,41,MEDIUM,False
EVT-0004583,True,6.84,39,MEDIUM,False
EVT-0004584,False,4.86,29,LOW,False
EVT-0004585,False,3.1,35,MEDIUM,False
EVT-0004586,False,8.4,47,MEDIUM,False
EVT-0004587,False,2.29,28,LOW,False
EVT-0004588,False,2.0,44,MEDIUM,False
EVT-0004589,True,4.69,50,HIGH,False
EVT-0004590,False,2.81,35,MEDIUM,False
EVT-0004591,False,6.46,41,MEDIUM,False
EVT-0004592,False,5.5,46,MEDIUM,False
EVT-0004593,False,5.87,48,MEDIUM,True
EVT-0004594,False,2.68,23,LOW,False
EVT-0004595,False,2.76,38,MEDIUM,False
EVT-0004596,True,9.35,50,HIGH,True
EVT-0004597,False,4.25,29,LOW,False
EVT-0004598,True,5.66,47,MEDIUM,True
EVT-0004599,False,3.94,45,MEDIUM,True
EVT-0004600,False,7.2,37,MEDIUM,False
EVT-0004601,False,7.51,30,MEDIUM,True
EVT-0004602,False,2.9,47,MEDIUM,False
EVT-0004603,True,10.53,68,HIGH,True
EVT-0004604,False,8.29,63,HIGH,True
EVT-0004605,False,3.82,36,MEDIUM,False
EVT-0004606,True,5.59,55,HIGH,True
EVT-0004607,True,6.55,50,HIGH,False
EVT-0004608,False,1.1,47,MEDIUM,False
EVT-0004609,False,3.83,37,MEDIUM,False
EVT-0004610,False,5.07,71,HIGH,True
EVT-0004611,True,1.75,59,HIGH,False
EVT-0004612,False,5.61,26,LOW,False
EVT-0004613,False,5.51,20,LOW,False
EVT-0004614,False,3.83,48,MEDIUM,False
EVT-0004615,True,7.54,46,MEDIUM,True
EVT-0004616,False,3.85,23,LOW,False
EVT-0004617,False,4.89,27,LOW,False
EVT-0004618,False,6.57,52,HIGH,True
EVT-0004619,False,3.93,18,LOW,False
EVT-0004620,False,5.36,27,LOW,False
EVT-0004621,False,4.92,31,MEDIUM,False
EVT-0004622,False,4.79,28,LOW,False
EVT-0004623,False,5.58,26,LOW,False
EVT-0004624,False,4.78,41,MEDIUM,False
EVT-0004625,False,1.8,46,MEDIUM,False
EVT-0004626,False,3.39,29,LOW,False
EVT-0004627,False,5.22,48,MEDIUM,True
EVT-0004628,False,6.54,35,MEDIUM,False
EVT-0004629,False,5.77,31,MEDIUM,False
EVT-0004630,False,3.38,31,MEDIUM,False
EVT-0004631,False,8.3,43,MEDIUM,False
EVT-0004632,False,4.36,33,MEDIUM,False
EVT-0004633,False,5.35,20,LOW,False
EVT-0004634,False,5.42,50,HIGH,True
EVT-0004635,True,6.03,64,HIGH,False
EVT-0004636,False,2.17,37,MEDIUM,False
EVT-0004637,False,7.35,58,HIGH,True
EVT-0004638,False,5.53,35,MEDIUM,False
EVT-0004639,False,6.47,27,LOW,False
EVT-0004640,False,5.06,29,LOW,False
EVT-0004641,True,4.9,71,HIGH,True
EVT-0004642,True,5.78,76,CRITICAL,True
EVT-0004643,False,2.17,26,LOW,False
EVT-0004644,False,3.73,31,MEDIUM,False
EVT-0004645,False,1.58,61,HIGH,True
EVT-0004646,False,5.26,35,MEDIUM,False
EVT-0004647,False,3.2,16,LOW,False
EVT-0004648,False,5.86,50,HIGH,True
EVT-0004649,False,3.46,30,MEDIUM,False
EVT-0004650,False,3.76,40,MEDIUM,False
EVT-0004651,False,2.68,32,MEDIUM,False
EVT-0004652,False,5.41,33,MEDIUM,False
EVT-0004653,False,4.46,34,MEDIUM,False
EVT-0004654,True,1.82,29,LOW,False
EVT-0004655,False,5.57,63,HIGH,True
EVT-0004656,True,5.37,35,MEDIUM,False
EVT-0004657,False,6.72,55,HIGH,False
EVT-0004658,False,3.15,33,MEDIUM,False
EVT-0004659,False,4.22,36,MEDIUM,False
EVT-0004660,False,3.13,21,LOW,False
EVT-0004661,False,4.64,39,MEDIUM,False
EVT-0004662,False,7.0,32,MEDIUM,False
EVT-0004663,False,2.38,56,HIGH,False
EVT-0004664,False,3.33,13,LOW,False
EVT-0004665,False,5.22,26,LOW,False
EVT-0004666,False,5.31,55,HIGH,False
EVT-0004667,True,6.83,64,HIGH,True
EVT-0004668,False,5.41,26,LOW,False
EVT-0004669,False,4.66,42,MEDIUM,False
EVT-0004670,False,3.21,29,LOW,False
EVT-0004671,True,2.53,36,MEDIUM,False
EVT-0004672,True,4.67,38,MEDIUM,False
EVT-0004673,True,4.74,44,MEDIUM,False
EVT-0004674,False,5.4,52,HIGH,False
EVT-0004675,False,6.29,48,MEDIUM,False
EVT-0004676,True,5.86,61,HIGH,True
EVT-0004677,False,5.45,31,MEDIUM,False
EVT-0004678,False,5.14,24,LOW,False
EVT-0004679,False,3.77,33,MEDIUM,False
EVT-0004680,False,3.45,29,LOW,False
EVT-0004681,False,3.91,35,MEDIUM,False
EVT-0004682,False,2.62,23,LOW,False
EVT-0004683,False,3.09,27,LOW,False
EVT-0004684,False,5.06,31,MEDIUM,False
EVT-0004685,False,3.52,32,MEDIUM,False
EVT-0004686,False,3.28,21,LOW,False
EVT-0004687,False,6.21,28,LOW,False
EVT-0004688,False,5.42,39,MEDIUM,False
EVT-0004689,False,2.63,29,LOW,False
EVT-0004690,False,4.73,38,MEDIUM,False
EVT-0004691,True,6.56,83,CRITICAL,True
EVT-0004692,False,5.74,44,MEDIUM,False
EVT-0004693,False,7.48,41,MEDIUM,False
EVT-0004694,True,3.79,29,LOW,False
EVT-0004695,False,3.9,31,MEDIUM,False
EVT-0004696,True,5.92,63,HIGH,True
EVT-0004697,False,2.26,10,LOW,False
EVT-0004698,False,4.67,23,LOW,False
EVT-0004699,False,5.02,46,MEDIUM,False
EVT-0004700,False,5.23,40,MEDIUM,True
EVT-0004701,False,6.01,63,HIGH,True
EVT-0004702,True,2.99,63,HIGH,True
EVT-0004703,True,5.91,37,MEDIUM,False
EVT-0004704,False,4.93,43,MEDIUM,False
EVT-0004705,True,3.34,23,LOW,False
EVT-0004706,False,5.26,34,MEDIUM,False
EVT-0004707,False,5.74,24,LOW,False
EVT-0004708,False,4.11,34,MEDIUM,False
EVT-0004709,False,3.03,33,MEDIUM,True
EVT-0004710,False,3.6,35,MEDIUM,False
EVT-0004711,False,3.35,36,MEDIUM,False
EVT-0004712,True,8.9,61,HIGH,True
EVT-0004713,False,5.77,60,HIGH,True
EVT-0004714,False,5.6,52,HIGH,False
EVT-0004715,True,7.86,55,HIGH,True
EVT-0004716,True,6.18,59,HIGH,True
EVT-0004717,False,5.42,42,MEDIUM,False
EVT-0004718,False,5.07,27,LOW,False
EVT-0004719,False,9.08,37,MEDIUM,False
EVT-0004720,False,4.06,46,MEDIUM,False
EVT-0004721,False,5.42,38,MEDIUM,False
EVT-0004722,True,7.24,35,MEDIUM,True
EVT-0004723,False,6.02,58,HIGH,True
EVT-0004724,False,2.77,27,LOW,False
EVT-0004725,False,4.67,44,MEDIUM,False
EVT-0004726,False,3.08,13,LOW,False
EVT-0004727,False,4.93,46,MEDIUM,False
EVT-0004728,False,6.2,36,MEDIUM,False
EVT-0004729,True,4.78,49,MEDIUM,False
EVT-0004730,False,7.43,48,MEDIUM,False
EVT-0004731,False,0.5,42,MEDIUM,False
EVT-0004732,False,2.66,21,LOW,False
EVT-0004733,False,4.12,11,LOW,False
EVT-0004734,False,3.93,13,LOW,False
EVT-0004735,False,3.65,22,LOW,False
EVT-0004736,False,3.08,31,MEDIUM,False
EVT-0004737,False,4.78,39,MEDIUM,False
EVT-0004738,False,6.24,44,MEDIUM,False
EVT-0004739,False,3.1,32,MEDIUM,False
EVT-0004740,False,4.34,42,MEDIUM,False
EVT-0004741,False,4.64,22,LOW,False
EVT-0004742,False,3.05,25,LOW,False
EVT-0004743,False,5.19,30,MEDIUM,False
EVT-0004744,False,5.0,24,LOW,False
EVT-0004745,True,5.26,67,HIGH,True
EVT-0004746,False,3.79,33,MEDIUM,False
EVT-0004747,False,4.13,45,MEDIUM,False
EVT-0004748,False,6.07,67,HIGH,True
EVT-0004749,False,4.35,21,LOW,False
EVT-0004750,False,3.83,30,MEDIUM,False
EVT-0004751,False,4.39,36,MEDIUM,False
EVT-0004752,False,1.99,24,LOW,False
EVT-0004753,False,5.85,53,HIGH,True
EVT-0004754,False,6.95,39,MEDIUM,False
EVT-0004755,True,9.12,67,HIGH,True
EVT-0004756,False,5.5,26,LOW,False
EVT-0004757,False,3.07,38,MEDIUM,False
EVT-0004758,True,7.27,64,HIGH,True
EVT-0004759,False,4.91,33,MEDIUM,True
EVT-0004760,True,3.09,25,LOW,False
EVT-0004761,False,4.84,24,LOW,True
EVT-0004762,False,3.71,24,LOW,False
EVT-0004763,False,7.93,49,MEDIUM,True
EVT-0004764,False,6.09,55,HIGH,False
EVT-0004765,False,6.67,46,MEDIUM,False
EVT-0004766,True,1.71,30,MEDIUM,False
EVT-0004767,False,5.74,18,LOW,False
EVT-0004768,False,5.04,41,MEDIUM,False
EVT-0004769,True,5.54,70,HIGH,True
EVT-0004770,False,5.07,14,LOW,False
EVT-0004771,False,4.45,45,MEDIUM,True
EVT-0004772,False,5.2,38,MEDIUM,False
EVT-0004773,False,5.46,41,MEDIUM,True
EVT-0004774,False,4.64,40,MEDIUM,False
EVT-0004775,False,6.54,30,MEDIUM,True
EVT-0004776,True,6.1,67,HIGH,True
EVT-0004777,True,5.35,48,MEDIUM,True
EVT-0004778,True,4.6,39,MEDIUM,False
EVT-0004779,False,3.58,50,HIGH,True
EVT-0004780,False,7.71,42,MEDIUM,False
EVT-0004781,False,3.19,41,MEDIUM,True
EVT-0004782,False,3.95,28,LOW,False
EVT-0004783,False,3.86,32,MEDIUM,False
EVT-0004784,True,6.44,62,HIGH,True
EVT-0004785,False,5.88,45,MEDIUM,False
EVT-0004786,False,5.08,27,LOW,False
EVT-0004787,True,3.45,48,MEDIUM,False
EVT-0004788,False,7.08,36,MEDIUM,False
EVT-0004789,False,6.43,48,MEDIUM,False
EVT-0004790,False,4.45,30,MEDIUM,False
EVT-0004791,True,6.26,46,MEDIUM,False
EVT-0004792,False,3.8,22,LOW,False
EVT-0004793,False,5.25,24,LOW,False
EVT-0004794,False,7.4,30,MEDIUM,False
EVT-0004795,False,4.71,35,MEDIUM,True
EVT-0004796,True,4.34,46,MEDIUM,False
EVT-0004797,False,5.3,18,LOW,False
EVT-0004798,False,5.59,34,MEDIUM,False
EVT-0004799,False,0.75,22,LOW,False
EVT-0004800,True,2.85,26,LOW,False
EVT-0004801,False,4.41,29,LOW,False
EVT-0004802,False,4.49,40,MEDIUM,False
EVT-0004803,True,5.22,73,CRITICAL,True
EVT-0004804,False,4.16,16,LOW,False
EVT-0004805,False,4.84,25,LOW,False
EVT-0004806,True,4.34,55,HIGH,True
EVT-0004807,False,3.06,34,MEDIUM,False
EVT-0004808,True,5.4,39,MEDIUM,False
EVT-0004809,False,2.84,22,LOW,False
EVT-0004810,False,4.02,23,LOW,False
EVT-0004811,False,3.68,30,MEDIUM,True
EVT-0004812,False,4.92,38,MEDIUM,False
EVT-0004813,False,5.42,42,MEDIUM,False
EVT-0004814,False,4.49,33,MEDIUM,False
EVT-0004815,False,4.28,23,LOW,False
EVT-0004816,False,5.23,36,MEDIUM,False
EVT-0004817,True,6.45,69,HIGH,True
EVT-0004818,True,4.36,53,HIGH,False
EVT-0004819,False,4.38,33,MEDIUM,False
EVT-0004820,False,3.47,36,MEDIUM,False
EVT-0004821,False,4.71,39,MEDIUM,False
EVT-0004822,False,7.26,51,HIGH,True
EVT-0004823,False,4.85,52,HIGH,True
EVT-0004824,True,2.97,46,MEDIUM,False
EVT-0004825,False,4.04,38,MEDIUM,False
EVT-0004826,True,4.88,31,MEDIUM,False
EVT-0004827,True,4.49,59,HIGH,False
EVT-0004828,False,3.02,42,MEDIUM,False
EVT-0004829,False,4.93,31,MEDIUM,False
EVT-0004830,False,4.4,32,MEDIUM,False
EVT-0004831,False,7.11,40,MEDIUM,False
EVT-0004832,False,4.92,25,LOW,False
EVT-0004833,False,4.59,45,MEDIUM,True
EVT-0004834,False,4.98,25,LOW,False
EVT-0004835,False,4.08,35,MEDIUM,False
EVT-0004836,True,4.74,42,MEDIUM,False
EVT-0004837,False,4.12,31,MEDIUM,False
EVT-0004838,False,5.33,34,MEDIUM,False
EVT-0004839,False,1.13,39,MEDIUM,False
EVT-0004840,False,4.62,48,MEDIUM,False
EVT-0004841,True,3.23,63,HIGH,False
EVT-0004842,False,3.4,40,MEDIUM,False
EVT-0004843,False,6.06,49,MEDIUM,False
EVT-0004844,False,3.88,31,MEDIUM,False
EVT-0004845,True,10.66,86,CRITICAL,True
EVT-0004846,False,5.56,33,MEDIUM,False
EVT-0004847,False,6.22,81,CRITICAL,True
EVT-0004848,False,4.35,46,MEDIUM,False
EVT-0004849,False,4.83,19,LOW,False
EVT-0004850,False,8.07,61,HIGH,True
EVT-0004851,False,4.59,43,MEDIUM,False
EVT-0004852,False,2.48,11,LOW,False
EVT-0004853,False,4.69,21,LOW,False
EVT-0004854,False,4.8,39,MEDIUM,False
EVT-0004855,False,4.58,27,LOW,False
EVT-0004856,False,7.43,41,MEDIUM,False
EVT-0004857,False,3.2,35,MEDIUM,False
EVT-0004858,True,5.24,56,HIGH,True
EVT-0004859,False,7.56,46,MEDIUM,False
EVT-0004860,False,5.52,43,MEDIUM,False
EVT-0004861,False,7.52,47,MEDIUM,False
EVT-0004862,True,3.92,40,MEDIUM,False
EVT-0004863,False,4.41,19,LOW,False
EVT-0004864,False,2.42,32,MEDIUM,False
EVT-0004865,False,8.91,70,HIGH,True
EVT-0004866,False,8.81,57,HIGH,False
EVT-0004867,False,7.51,43,MEDIUM,True
EVT-0004868,False,4.24,52,HIGH,False
EVT-0004869,False,3.82,31,MEDIUM,False
EVT-0004870,False,5.51,39,MEDIUM,False
EVT-0004871,False,5.13,26,LOW,False
EVT-0004872,False,3.76,41,MEDIUM,False
EVT-0004873,False,2.58,15,LOW,False
EVT-0004874,False,3.93,39,MEDIUM,False
EVT-0004875,False,2.58,41,MEDIUM,False
EVT-0004876,False,4.97,32,MEDIUM,False
EVT-0004877,False,2.76,26,LOW,False
EVT-0004878,False,5.46,46,MEDIUM,True
EVT-0004879,False,3.91,37,MEDIUM,False
EVT-0004880,False,5.06,49,MEDIUM,False
EVT-0004881,False,4.06,39,MEDIUM,False
EVT-0004882,False,2.51,24,LOW,False
EVT-0004883,False,4.6,52,HIGH,False
EVT-0004884,False,0.76,23,LOW,False
EVT-0004885,False,2.79,23,LOW,False
EVT-0004886,False,1.22,41,MEDIUM,False
EVT-0004887,False,2.14,17,LOW,False
EVT-0004888,True,4.77,39,MEDIUM,True
EVT-0004889,True,9.49,64,HIGH,True
EVT-0004890,False,3.74,15,LOW,False
EVT-0004891,False,3.88,42,MEDIUM,False
EVT-0004892,False,6.09,36,MEDIUM,False
EVT-0004893,False,3.65,38,MEDIUM,False
EVT-0004894,False,5.47,42,MEDIUM,False
EVT-0004895,False,3.8,37,MEDIUM,False
EVT-0004896,True,7.58,58,HIGH,False
EVT-0004897,False,4.44,59,HIGH,False
EVT-0004898,False,4.41,46,MEDIUM,False
EVT-0004899,False,4.45,29,LOW,False
EVT-0004900,False,3.12,32,MEDIUM,False
EVT-0004901,False,5.05,56,HIGH,False
EVT-0004902,False,2.21,26,LOW,False
EVT-0004903,False,6.75,64,HIGH,True
EVT-0004904,False,5.82,44,MEDIUM,True
EVT-0004905,True,5.63,54,HIGH,True
EVT-0004906,True,4.14,55,HIGH,False
EVT-0004907,False,3.73,8,LOW,False
EVT-0004908,False,5.42,59,HIGH,True
EVT-0004909,True,10.09,58,HIGH,False
EVT-0004910,False,5.21,36,MEDIUM,False
EVT-0004911,True,3.3,68,HIGH,True
EVT-0004912,False,3.9,47,MEDIUM,True
EVT-0004913,True,7.39,51,HIGH,False
EVT-0004914,False,2.99,48,MEDIUM,False
EVT-0004915,False,3.28,39,MEDIUM,False
EVT-0004916,False,3.82,41,MEDIUM,False
EVT-0004917,True,4.01,74,CRITICAL,True
EVT-0004918,False,4.63,36,MEDIUM,False
EVT-0004919,False,5.65,33,MEDIUM,False
EVT-0004920,False,2.27,32,MEDIUM,False
EVT-0004921,False,4.78,46,MEDIUM,True
EVT-0004922,False,5.69,32,MEDIUM,False
EVT-0004923,False,2.91,38,MEDIUM,False
EVT-0004924,False,3.03,49,MEDIUM,False
EVT-0004925,False,4.97,20,LOW,False
EVT-0004926,False,5.16,37,MEDIUM,False
EVT-0004927,False,2.94,56,HIGH,False
EVT-0004928,False,8.29,41,MEDIUM,False
EVT-0004929,False,6.92,41,MEDIUM,False
EVT-0004930,True,6.01,43,MEDIUM,False
EVT-0004931,False,1.45,34,MEDIUM,False
EVT-0004932,False,5.5,41,MEDIUM,False
EVT-0004933,False,2.9,37,MEDIUM,False
EVT-0004934,False,4.63,23,LOW,False
EVT-0004935,True,9.27,55,HIGH,False
EVT-0004936,False,3.11,18,LOW,False
EVT-0004937,False,3.84,29,LOW,False
EVT-0004938,False,2.33,40,MEDIUM,False
EVT-0004939,True,3.52,38,MEDIUM,False
EVT-0004940,True,10.26,81,CRITICAL,True
EVT-0004941,False,5.38,50,HIGH,False
EVT-0004942,False,3.94,35,MEDIUM,False
EVT-0004943,False,5.15,38,MEDIUM,False
EVT-0004944,False,6.19,29,LOW,False
EVT-0004945,False,4.76,32,MEDIUM,False
EVT-0004946,False,3.83,32,MEDIUM,False
EVT-0004947,False,4.56,50,HIGH,False
EVT-0004948,False,5.05,41,MEDIUM,False
EVT-0004949,True,7.86,83,CRITICAL,True
EVT-0004950,False,4.34,36,MEDIUM,False
EVT-0004951,False,3.13,25,LOW,False
EVT-0004952,True,2.58,34,MEDIUM,False
EVT-0004953,True,6.27,65,HIGH,False
EVT-0004954,False,6.03,38,MEDIUM,False
EVT-0004955,False,5.34,27,LOW,False
EVT-0004956,False,4.55,17,LOW,False
EVT-0004957,False,2.92,24,LOW,False
EVT-0004958,False,5.39,40,MEDIUM,False
EVT-0004959,False,4.62,54,HIGH,True
EVT-0004960,False,2.02,40,MEDIUM,False
EVT-0004961,False,5.66,29,LOW,False
EVT-0004962,False,3.74,31,MEDIUM,False
EVT-0004963,False,3.14,22,LOW,False
EVT-0004964,False,4.89,44,MEDIUM,False
EVT-0004965,False,4.05,51,HIGH,False
EVT-0004966,False,4.25,37,MEDIUM,False
EVT-0004967,False,6.53,22,LOW,False
EVT-0004968,False,2.49,32,MEDIUM,False
EVT-0004969,True,1.71,28,LOW,False
EVT-0004970,True,3.62,28,LOW,False
EVT-0004971,False,5.34,37,MEDIUM,False
EVT-0004972,False,7.06,64,HIGH,True
EVT-0004973,False,3.18,20,LOW,False
EVT-0004974,False,5.46,57,HIGH,False
EVT-0004975,False,4.24,23,LOW,False
EVT-0004976,False,4.75,32,MEDIUM,False
EVT-0004977,False,3.93,44,MEDIUM,False
EVT-0004978,False,4.37,46,MEDIUM,False
EVT-0004979,True,5.79,48,MEDIUM,False
EVT-0004980,False,2.64,18,LOW,False
EVT-0004981,False,3.74,35,MEDIUM,False
EVT-0004982,False,6.5,15,LOW,False
EVT-0004983,False,5.32,32,MEDIUM,False
EVT-0004984,False,5.82,32,MEDIUM,False
EVT-0004985,False,5.58,63,HIGH,True
EVT-0004986,False,5.94,35,MEDIUM,False
EVT-0004987,False,3.54,47,MEDIUM,False
EVT-0004988,False,4.8,50,HIGH,False
EVT-0004989,True,3.36,38,MEDIUM,True
EVT-0004990,False,7.16,37,MEDIUM,False
EVT-0004991,False,4.26,32,MEDIUM,False
EVT-0004992,False,6.92,54,HIGH,False
EVT-0004993,False,3.09,26,LOW,False
EVT-0004994,False,3.11,40,MEDIUM,False
EVT-0004995,False,5.83,36,MEDIUM,True
EVT-0004996,False,2.79,49,MEDIUM,False
EVT-0004997,True,6.62,63,HIGH,True
EVT-0004998,False,7.19,24,LOW,False
EVT-0004999,False,4.44,44,MEDIUM,False
EVT-0005000,False,4.05,32,MEDIUM,False
EVT-0005001,False,6.8,43,MEDIUM,False
EVT-0005002,False,6.34,44,MEDIUM,True
EVT-0005003,True,6.01,86,CRITICAL,True
EVT-0005004,False,3.9,52,HIGH,False
EVT-0005005,False,2.73,27,LOW,False
EVT-0005006,True,4.08,55,HIGH,True
EVT-0005007,False,1.9,25,LOW,False
EVT-0005008,False,1.85,28,LOW,False
EVT-0005009,False,4.87,30,MEDIUM,False
EVT-0005010,False,3.87,47,MEDIUM,True
EVT-0005011,False,7.2,52,HIGH,True
EVT-0005012,False,1.95,39,MEDIUM,False
EVT-0005013,False,5.39,40,MEDIUM,False
EVT-0005014,False,4.26,45,MEDIUM,True
EVT-0005015,False,4.24,33,MEDIUM,False
EVT-0005016,False,4.32,31,MEDIUM,False
EVT-0005017,False,7.0,37,MEDIUM,False
EVT-0005018,False,5.88,66,HIGH,True
EVT-0005019,False,5.08,28,LOW,False
EVT-0005020,True,7.34,56,HIGH,True
EVT-0005021,False,4.76,42,MEDIUM,False
EVT-0005022,False,2.26,18,LOW,False
EVT-0005023,True,5.11,40,MEDIUM,False
EVT-0005024,False,2.19,31,MEDIUM,False
EVT-0005025,False,2.48,39,MEDIUM,True
EVT-0005026,False,2.17,31,MEDIUM,False
EVT-0005027,True,5.17,39,MEDIUM,False
EVT-0005028,False,3.83,21,LOW,False
EVT-0005029,False,3.51,36,MEDIUM,False
EVT-0005030,False,6.39,72,CRITICAL,True
EVT-0005031,False,6.44,45,MEDIUM,False
EVT-0005032,True,6.2,52,HIGH,True
EVT-0005033,False,6.06,63,HIGH,True
EVT-0005034,True,3.38,46,MEDIUM,False
EVT-0005035,False,3.82,21,LOW,False
EVT-0005036,False,4.3,42,MEDIUM,False
EVT-0005037,False,3.53,36,MEDIUM,False
EVT-0005038,False,4.44,33,MEDIUM,False
EVT-0005039,False,4.53,30,MEDIUM,False
EVT-0005040,True,3.77,34,MEDIUM,True
EVT-0005041,False,3.31,52,HIGH,True
EVT-0005042,False,3.26,30,MEDIUM,False
EVT-0005043,False,2.56,29,LOW,False
EVT-0005044,False,6.03,54,HIGH,False
EVT-0005045,False,4.58,40,MEDIUM,False
EVT-0005046,False,6.38,34,MEDIUM,False
EVT-0005047,False,3.2,37,MEDIUM,False
EVT-0005048,False,5.21,47,MEDIUM,False
EVT-0005049,False,3.73,37,MEDIUM,True
EVT-0005050,False,2.18,28,LOW,False
EVT-0005051,False,5.36,30,MEDIUM,False
EVT-0005052,False,5.13,39,MEDIUM,False
EVT-0005053,False,4.9,60,HIGH,True
EVT-0005054,False,3.09,39,MEDIUM,False
EVT-0005055,True,6.97,62,HIGH,True
EVT-0005056,False,5.53,29,LOW,False
EVT-0005057,False,2.75,31,MEDIUM,False
EVT-0005058,False,5.89,35,MEDIUM,False
EVT-0005059,True,4.31,49,MEDIUM,False
EVT-0005060,False,2.56,39,MEDIUM,False
EVT-0005061,False,5.18,60,HIGH,True
EVT-0005062,True,3.42,73,CRITICAL,True
EVT-0005063,True,4.35,51,HIGH,False
EVT-0005064,False,1.55,32,MEDIUM,False
EVT-0005065,False,3.62,45,MEDIUM,True
EVT-0005066,False,4.82,46,MEDIUM,False
EVT-0005067,False,3.3,26,LOW,False
EVT-0005068,True,3.18,40,MEDIUM,False
EVT-0005069,False,3.59,22,LOW,False
EVT-0005070,False,4.8,34,MEDIUM,False
EVT-0005071,False,2.35,49,MEDIUM,True
EVT-0005072,False,4.26,23,LOW,False
EVT-0005073,False,4.04,52,HIGH,False
EVT-0005074,True,12.08,75,CRITICAL,True
EVT-0005075,False,7.2,49,MEDIUM,True
EVT-0005076,False,4.41,34,MEDIUM,False
EVT-0005077,True,6.34,62,HIGH,True
EVT-0005078,False,2.49,30,MEDIUM,False
EVT-0005079,False,5.44,39,MEDIUM,False
EVT-0005080,False,4.65,27,LOW,False
EVT-0005081,False,1.88,29,LOW,False
EVT-0005082,False,2.75,32,MEDIUM,False
EVT-0005083,False,4.18,51,HIGH,False
EVT-0005084,True,5.65,48,MEDIUM,False
EVT-0005085,False,3.08,23,LOW,False
EVT-0005086,False,3.83,38,MEDIUM,False
EVT-0005087,False,2.7,30,MEDIUM,False
EVT-0005088,False,4.65,42,MEDIUM,False
EVT-0005089,False,9.22,64,HIGH,True
EVT-0005090,False,4.87,46,MEDIUM,True
EVT-0005091,False,3.9,19,LOW,False
EVT-0005092,False,2.69,48,MEDIUM,False
EVT-0005093,False,5.09,25,LOW,False
EVT-0005094,False,1.98,32,MEDIUM,False
EVT-0005095,False,4.04,35,MEDIUM,False
EVT-0005096,False,6.61,55,HIGH,False
EVT-0005097,False,4.49,24,LOW,False
EVT-0005098,False,5.49,35,MEDIUM,False
EVT-0005099,False,5.94,52,HIGH,True
EVT-0005100,False,5.33,50,HIGH,False
EVT-0005101,True,5.49,69,HIGH,True
EVT-0005102,False,3.75,22,LOW,False
EVT-0005103,False,6.04,52,HIGH,False
EVT-0005104,False,5.67,48,MEDIUM,True
EVT-0005105,True,4.93,41,MEDIUM,True
EVT-0005106,True,5.62,46,MEDIUM,False
EVT-0005107,False,5.45,52,HIGH,True
EVT-0005108,False,5.19,35,MEDIUM,False
EVT-0005109,False,7.72,42,MEDIUM,False
EVT-0005110,True,4.76,38,MEDIUM,False
EVT-0005111,False,6.29,25,LOW,False
EVT-0005112,False,6.43,45,MEDIUM,False
EVT-0005113,True,5.29,55,HIGH,False
EVT-0005114,False,4.2,40,MEDIUM,False
EVT-0005115,True,9.18,66,HIGH,True
EVT-0005116,True,3.45,58,HIGH,True
EVT-0005117,True,6.24,42,MEDIUM,True
EVT-0005118,False,3.8,58,HIGH,False
EVT-0005119,True,6.05,48,MEDIUM,False
EVT-0005120,True,4.75,44,MEDIUM,False
EVT-0005121,False,5.45,32,MEDIUM,False
EVT-0005122,False,4.43,19,LOW,False
EVT-0005123,False,3.53,32,MEDIUM,False
EVT-0005124,False,4.12,48,MEDIUM,False
EVT-0005125,False,3.29,29,LOW,False
EVT-0005126,False,8.33,35,MEDIUM,True
EVT-0005127,False,7.12,33,MEDIUM,False
EVT-0005128,True,2.83,17,LOW,False
EVT-0005129,False,4.25,25,LOW,False
EVT-0005130,False,4.26,47,MEDIUM,False
EVT-0005131,False,1.71,26,LOW,False
EVT-0005132,False,1.86,29,LOW,False
EVT-0005133,False,3.58,42,MEDIUM,False
EVT-0005134,False,6.32,16,LOW,False
EVT-0005135,False,6.27,47,MEDIUM,False
EVT-0005136,False,2.84,31,MEDIUM,False
EVT-0005137,False,5.54,59,HIGH,True
EVT-0005138,False,6.73,47,MEDIUM,False
EVT-0005139,True,6.79,47,MEDIUM,True
EVT-0005140,False,8.89,42,MEDIUM,False
EVT-0005141,True,6.83,49,MEDIUM,True
EVT-0005142,False,4.84,32,MEDIUM,False
EVT-0005143,False,6.96,56,HIGH,False
EVT-0005144,True,5.36,59,HIGH,False
EVT-0005145,True,7.52,44,MEDIUM,True
EVT-0005146,False,3.85,50,HIGH,False
EVT-0005147,False,4.06,46,MEDIUM,False
EVT-0005148,False,1.8,22,LOW,False
EVT-0005149,True,5.56,49,MEDIUM,False
EVT-0005150,False,5.4,37,MEDIUM,False
EVT-0005151,False,4.03,37,MEDIUM,False
EVT-0005152,False,4.18,23,LOW,False
EVT-0005153,True,3.92,58,HIGH,True
EVT-0005154,True,6.67,35,MEDIUM,False
EVT-0005155,False,5.1,49,MEDIUM,False
EVT-0005156,False,4.47,24,LOW,False
EVT-0005157,False,5.54,37,MEDIUM,False
EVT-0005158,False,6.21,51,HIGH,False
EVT-0005159,False,8.96,33,MEDIUM,False
EVT-0005160,True,3.91,55,HIGH,False
EVT-0005161,False,3.29,41,MEDIUM,False
EVT-0005162,False,3.94,33,MEDIUM,False
EVT-0005163,False,4.61,22,LOW,False
EVT-0005164,False,3.94,33,MEDIUM,False
EVT-0005165,True,6.49,38,MEDIUM,False
EVT-0005166,False,2.58,19,LOW,False
EVT-0005167,False,4.24,41,MEDIUM,False
EVT-0005168,False,3.64,31,MEDIUM,False
EVT-0005169,True,4.3,43,MEDIUM,False
EVT-0005170,False,7.8,40,MEDIUM,True
EVT-0005171,False,4.45,45,MEDIUM,False
EVT-0005172,False,5.98,47,MEDIUM,False
EVT-0005173,False,3.1,19,LOW,False
EVT-0005174,True,4.66,49,MEDIUM,False
EVT-0005175,False,8.6,51,HIGH,True
EVT-0005176,True,4.71,48,MEDIUM,False
EVT-0005177,False,4.05,22,LOW,False
EVT-0005178,True,6.55,72,CRITICAL,True
EVT-0005179,False,4.29,30,MEDIUM,False
EVT-0005180,False,5.57,51,HIGH,False
EVT-0005181,False,3.72,29,LOW,False
EVT-0005182,False,4.13,48,MEDIUM,False
EVT-0005183,False,5.28,47,MEDIUM,False
EVT-0005184,False,5.2,71,HIGH,True
EVT-0005185,False,7.38,40,MEDIUM,True
EVT-0005186,False,6.24,45,MEDIUM,True
EVT-0005187,False,2.29,28,LOW,False
EVT-0005188,False,6.09,55,HIGH,True
EVT-0005189,False,8.9,48,MEDIUM,True
EVT-0005190,False,3.81,47,MEDIUM,False
EVT-0005191,True,9.24,53,HIGH,False
EVT-0005192,False,4.72,41,MEDIUM,False
EVT-0005193,False,5.81,25,LOW,False
EVT-0005194,False,6.0,43,MEDIUM,False
EVT-0005195,True,6.04,58,HIGH,False
EVT-0005196,False,4.14,40,MEDIUM,False
EVT-0005197,False,4.21,49,MEDIUM,False
EVT-0005198,True,2.69,41,MEDIUM,True
EVT-0005199,False,6.72,50,HIGH,False
EVT-0005200,False,3.57,43,MEDIUM,False
EVT-0005201,True,9.07,60,HIGH,True
EVT-0005202,False,3.21,41,MEDIUM,False
EVT-0005203,True,5.63,34,MEDIUM,False
EVT-0005204,False,5.03,63,HIGH,True
EVT-0005205,False,2.68,42,MEDIUM,False
EVT-0005206,False,4.16,37,MEDIUM,False
EVT-0005207,False,5.33,39,MEDIUM,True
EVT-0005208,False,6.02,39,MEDIUM,False
EVT-0005209,False,5.61,41,MEDIUM,False
EVT-0005210,False,3.57,23,LOW,False
EVT-0005211,True,4.83,58,HIGH,True
EVT-0005212,False,4.9,32,MEDIUM,False
EVT-0005213,False,4.22,25,LOW,False
EVT-0005214,False,6.11,47,MEDIUM,False
EVT-0005215,True,3.81,48,MEDIUM,False
EVT-0005216,True,7.21,58,HIGH,False
EVT-0005217,True,6.89,67,HIGH,True
EVT-0005218,False,6.02,27,LOW,False
EVT-0005219,False,5.8,53,HIGH,False
EVT-0005220,False,4.28,44,MEDIUM,False
EVT-0005221,True,6.16,60,HIGH,True
EVT-0005222,False,4.61,28,LOW,False
EVT-0005223,False,6.24,42,MEDIUM,False
EVT-0005224,False,3.61,28,LOW,False
EVT-0005225,False,5.8,37,MEDIUM,False
EVT-0005226,False,7.04,35,MEDIUM,False
EVT-0005227,False,1.9,44,MEDIUM,True
EVT-0005228,False,4.59,16,LOW,False
EVT-0005229,False,3.46,27,LOW,False
EVT-0005230,False,4.71,39,MEDIUM,False
EVT-0005231,False,7.37,31,MEDIUM,False
EVT-0005232,False,5.3,46,MEDIUM,False
EVT-0005233,False,3.67,20,LOW,False
EVT-0005234,False,6.15,40,MEDIUM,False
EVT-0005235,False,5.93,38,MEDIUM,False
EVT-0005236,True,2.35,26,LOW,False
EVT-0005237,False,4.51,22,LOW,False
EVT-0005238,False,3.05,12,LOW,False
EVT-0005239,False,6.33,50,HIGH,True
EVT-0005240,True,4.95,57,HIGH,False
EVT-0005241,False,9.14,53,HIGH,False
EVT-0005242,False,3.65,32,MEDIUM,False
EVT-0005243,False,7.34,46,MEDIUM,False
EVT-0005244,True,5.1,49,MEDIUM,False
EVT-0005245,False,4.72,41,MEDIUM,False
EVT-0005246,False,3.21,43,MEDIUM,True
EVT-0005247,False,6.76,34,MEDIUM,False
EVT-0005248,False,6.0,29,LOW,False
EVT-0005249,False,4.14,31,MEDIUM,False
EVT-0005250,False,8.78,57,HIGH,False
EVT-0005251,False,6.03,38,MEDIUM,False
EVT-0005252,False,4.81,35,MEDIUM,False
EVT-0005253,True,5.59,73,CRITICAL,True
EVT-0005254,False,3.99,13,LOW,False
EVT-0005255,False,5.99,36,MEDIUM,True
EVT-0005256,False,2.95,37,MEDIUM,False
EVT-0005257,True,3.98,73,CRITICAL,True
EVT-0005258,False,2.66,30,MEDIUM,False
EVT-0005259,False,6.29,25,LOW,False
EVT-0005260,True,2.98,52,HIGH,False
EVT-0005261,False,2.55,25,LOW,False
EVT-0005262,False,4.63,54,HIGH,True
EVT-0005263,False,6.42,59,HIGH,False
EVT-0005264,False,5.75,31,MEDIUM,False
EVT-0005265,False,6.07,31,MEDIUM,False
EVT-0005266,True,5.02,66,HIGH,True
EVT-0005267,False,4.6,19,LOW,False
EVT-0005268,False,5.11,37,MEDIUM,False
EVT-0005269,False,1.34,35,MEDIUM,False
EVT-0005270,False,6.14,43,MEDIUM,True
EVT-0005271,False,3.33,11,LOW,False
EVT-0005272,False,4.48,36,MEDIUM,False
EVT-0005273,False,4.67,40,MEDIUM,False
EVT-0005274,False,4.91,36,MEDIUM,False
EVT-0005275,False,6.58,57,HIGH,False
EVT-0005276,False,6.9,49,MEDIUM,False
EVT-0005277,False,3.59,49,MEDIUM,False
EVT-0005278,False,5.8,56,HIGH,False
EVT-0005279,True,4.6,56,HIGH,True
EVT-0005280,False,6.73,59,HIGH,True
EVT-0005281,False,4.01,33,MEDIUM,False
EVT-0005282,False,3.24,37,MEDIUM,False
EVT-0005283,False,5.79,45,MEDIUM,False
EVT-0005284,False,7.91,38,MEDIUM,False
EVT-0005285,True,5.15,30,MEDIUM,False
EVT-0005286,False,6.77,46,MEDIUM,False
EVT-0005287,False,6.41,35,MEDIUM,False
EVT-0005288,False,3.24,36,MEDIUM,False
EVT-0005289,True,7.55,50,HIGH,False
EVT-0005290,False,4.82,38,MEDIUM,False
EVT-0005291,True,4.19,16,LOW,False
EVT-0005292,False,5.31,35,MEDIUM,False
EVT-0005293,False,6.27,46,MEDIUM,True
EVT-0005294,True,5.11,46,MEDIUM,False
EVT-0005295,False,4.67,43,MEDIUM,False
EVT-0005296,False,5.75,23,LOW,False
EVT-0005297,False,3.9,58,HIGH,True
EVT-0005298,False,4.76,54,HIGH,False
EVT-0005299,False,3.13,49,MEDIUM,True
EVT-0005300,False,3.76,34,MEDIUM,False
EVT-0005301,False,5.85,49,MEDIUM,False
EVT-0005302,True,5.68,56,HIGH,True
EVT-0005303,True,7.18,55,HIGH,True
EVT-0005304,False,3.77,23,LOW,False
EVT-0005305,True,6.67,62,HIGH,True
EVT-0005306,False,6.23,29,LOW,False
EVT-0005307,False,4.3,38,MEDIUM,False
EVT-0005308,False,3.62,28,LOW,False
EVT-0005309,False,3.71,33,MEDIUM,False
EVT-0005310,True,4.87,47,MEDIUM,True
EVT-0005311,False,5.33,33,MEDIUM,False
EVT-0005312,False,3.28,61,HIGH,True
EVT-0005313,False,1.93,48,MEDIUM,False
EVT-0005314,False,5.51,21,LOW,False
EVT-0005315,False,6.7,50,HIGH,True
EVT-0005316,False,5.36,30,MEDIUM,False
EVT-0005317,False,3.08,30,MEDIUM,False
EVT-0005318,False,5.66,20,LOW,False
EVT-0005319,True,8.01,67,HIGH,True
EVT-0005320,False,4.76,50,HIGH,False
EVT-0005321,False,4.62,55,HIGH,False
EVT-0005322,True,3.83,52,HIGH,False
EVT-0005323,False,6.46,20,LOW,False
EVT-0005324,False,2.86,49,MEDIUM,False
EVT-0005325,False,3.74,22,LOW,False
EVT-0005326,True,7.99,57,HIGH,True
EVT-0005327,False,5.35,54,HIGH,True
EVT-0005328,False,4.76,13,LOW,False
EVT-0005329,False,5.7,44,MEDIUM,False
EVT-0005330,False,5.93,45,MEDIUM,True
EVT-0005331,False,5.55,18,LOW,False
EVT-0005332,False,5.03,43,MEDIUM,False
EVT-0005333,False,3.35,42,MEDIUM,False
EVT-0005334,False,3.63,37,MEDIUM,False
EVT-0005335,False,3.26,43,MEDIUM,False
EVT-0005336,False,7.06,58,HIGH,True
EVT-0005337,False,3.68,38,MEDIUM,False
EVT-0005338,True,3.4,67,HIGH,True
EVT-0005339,False,6.58,43,MEDIUM,False
EVT-0005340,False,5.12,44,MEDIUM,False
EVT-0005341,False,4.0,61,HIGH,False
EVT-0005342,False,2.6,28,LOW,False
EVT-0005343,False,5.11,36,MEDIUM,False
EVT-0005344,False,4.02,47,MEDIUM,False
EVT-0005345,False,3.68,47,MEDIUM,True
EVT-0005346,False,5.11,25,LOW,False
EVT-0005347,True,5.5,43,MEDIUM,False
EVT-0005348,False,3.39,37,MEDIUM,False
EVT-0005349,False,4.84,44,MEDIUM,True
EVT-0005350,False,4.29,35,MEDIUM,False
EVT-0005351,False,5.78,32,MEDIUM,False
EVT-0005352,True,4.66,32,MEDIUM,False
EVT-0005353,False,4.68,37,MEDIUM,False
EVT-0005354,True,5.45,38,MEDIUM,False
EVT-0005355,False,3.99,43,MEDIUM,False
EVT-0005356,False,3.01,50,HIGH,False
EVT-0005357,False,5.74,46,MEDIUM,False
EVT-0005358,False,3.37,33,MEDIUM,False
EVT-0005359,False,6.94,37,MEDIUM,False
EVT-0005360,True,6.65,67,HIGH,True
EVT-0005361,False,6.72,36,MEDIUM,False
EVT-0005362,False,4.54,29,LOW,False
EVT-0005363,False,2.12,20,LOW,False
EVT-0005364,False,3.05,47,MEDIUM,False
EVT-0005365,False,4.75,32,MEDIUM,False
EVT-0005366,True,7.87,70,HIGH,True
EVT-0005367,False,3.2,50,HIGH,False
EVT-0005368,False,6.75,46,MEDIUM,False
EVT-0005369,False,3.81,39,MEDIUM,False
EVT-0005370,False,2.11,40,MEDIUM,False
EVT-0005371,False,6.22,53,HIGH,True
EVT-0005372,False,3.73,56,HIGH,False
EVT-0005373,False,6.92,35,MEDIUM,False
EVT-0005374,False,8.69,59,HIGH,True
EVT-0005375,False,3.53,14,LOW,True
EVT-0005376,False,7.41,26,LOW,False
EVT-0005377,False,5.89,48,MEDIUM,False
EVT-0005378,True,6.78,61,HIGH,True
EVT-0005379,False,4.6,40,MEDIUM,False
EVT-0005380,True,6.97,63,HIGH,True
EVT-0005381,True,7.24,56,HIGH,True
EVT-0005382,False,2.1,28,LOW,False
EVT-0005383,True,3.71,75,CRITICAL,True
EVT-0005384,False,3.33,39,MEDIUM,False
EVT-0005385,False,6.45,59,HIGH,True
EVT-0005386,False,6.27,37,MEDIUM,False
EVT-0005387,True,7.08,40,MEDIUM,False
EVT-0005388,True,10.64,67,HIGH,True
EVT-0005389,False,4.62,49,MEDIUM,True
EVT-0005390,False,4.98,57,HIGH,True
EVT-0005391,False,2.65,24,LOW,False
EVT-0005392,False,4.32,10,LOW,False
EVT-0005393,False,3.74,37,MEDIUM,False
EVT-0005394,False,6.55,57,HIGH,False
EVT-0005395,True,6.17,72,CRITICAL,True
EVT-0005396,False,3.18,69,HIGH,True
EVT-0005397,False,4.18,43,MEDIUM,False
EVT-0005398,False,6.68,46,MEDIUM,True
EVT-0005399,False,6.14,31,MEDIUM,False
EVT-0005400,False,3.07,15,LOW,False
EVT-0005401,True,7.82,60,HIGH,True
EVT-0005402,False,6.22,60,HIGH,True
EVT-0005403,False,4.55,24,LOW,False
EVT-0005404,False,3.43,26,LOW,False
EVT-0005405,False,3.11,54,HIGH,True
EVT-0005406,False,3.06,53,HIGH,False
EVT-0005407,False,5.32,37,MEDIUM,False
EVT-0005408,False,4.16,40,MEDIUM,False
EVT-0005409,False,4.84,59,HIGH,True
EVT-0005410,False,3.56,29,LOW,False
EVT-0005411,True,3.99,40,MEDIUM,False
EVT-0005412,False,2.3,30,MEDIUM,False
EVT-0005413,False,1.91,29,LOW,False
EVT-0005414,True,6.19,66,HIGH,True
EVT-0005415,False,6.33,49,MEDIUM,False
EVT-0005416,False,5.82,54,HIGH,False
EVT-0005417,False,4.66,63,HIGH,True
EVT-0005418,False,6.66,49,MEDIUM,False
EVT-0005419,False,6.96,62,HIGH,True
EVT-0005420,True,4.8,61,HIGH,True
EVT-0005421,True,6.52,59,HIGH,True
EVT-0005422,False,3.62,48,MEDIUM,False
EVT-0005423,False,2.81,23,LOW,False
EVT-0005424,False,4.81,41,MEDIUM,False
EVT-0005425,False,3.94,42,MEDIUM,False
EVT-0005426,False,2.06,42,MEDIUM,False
EVT-0005427,False,4.64,34,MEDIUM,False
EVT-0005428,False,2.83,20,LOW,False
EVT-0005429,False,4.77,17,LOW,False
EVT-0005430,False,2.88,35,MEDIUM,False
EVT-0005431,False,3.55,32,MEDIUM,False
EVT-0005432,True,6.86,25,LOW,False
EVT-0005433,True,9.05,48,MEDIUM,True
EVT-0005434,False,3.91,31,MEDIUM,False
EVT-0005435,True,5.51,82,CRITICAL,True
EVT-0005436,True,5.12,54,HIGH,False
EVT-0005437,False,4.74,42,MEDIUM,False
EVT-0005438,False,7.66,35,MEDIUM,False
EVT-0005439,True,9.51,68,HIGH,True
EVT-0005440,False,5.61,37,MEDIUM,False
EVT-0005441,False,5.37,28,LOW,False
EVT-0005442,False,3.17,33,MEDIUM,False
EVT-0005443,False,8.1,55,HIGH,False
EVT-0005444,False,4.3,36,MEDIUM,True
EVT-0005445,False,3.76,27,LOW,False
EVT-0005446,False,5.55,26,LOW,False
EVT-0005447,True,6.39,59,HIGH,True
EVT-0005448,False,5.27,22,LOW,False
EVT-0005449,False,2.25,18,LOW,False
EVT-0005450,False,3.09,14,LOW,False
EVT-0005451,False,3.58,35,MEDIUM,False
EVT-0005452,False,5.5,61,HIGH,False
EVT-0005453,False,5.24,32,MEDIUM,False
EVT-0005454,False,5.29,26,LOW,False
EVT-0005455,False,6.12,19,LOW,False
EVT-0005456,True,8.44,45,MEDIUM,True
EVT-0005457,False,2.46,33,MEDIUM,False
EVT-0005458,True,4.47,50,HIGH,False
EVT-0005459,False,4.55,34,MEDIUM,False
EVT-0005460,False,4.15,52,HIGH,True
EVT-0005461,False,3.46,47,MEDIUM,False
EVT-0005462,True,3.81,59,HIGH,True
EVT-0005463,False,3.21,49,MEDIUM,False
EVT-0005464,False,3.39,22,LOW,False
EVT-0005465,False,10.04,67,HIGH,True
EVT-0005466,False,3.99,37,MEDIUM,False
EVT-0005467,False,4.77,50,HIGH,False
EVT-0005468,False,3.32,28,LOW,True
EVT-0005469,False,3.45,45,MEDIUM,False
EVT-0005470,False,5.8,33,MEDIUM,False
EVT-0005471,True,5.79,41,MEDIUM,False
EVT-0005472,False,5.14,59,HIGH,True
EVT-0005473,True,6.95,45,MEDIUM,False
EVT-0005474,True,8.74,64,HIGH,True
EVT-0005475,False,8.47,58,HIGH,False
EVT-0005476,False,4.52,30,MEDIUM,False
EVT-0005477,True,6.05,38,MEDIUM,False
EVT-0005478,True,1.85,42,MEDIUM,False
EVT-0005479,False,3.02,34,MEDIUM,False
EVT-0005480,False,6.09,37,MEDIUM,False
EVT-0005481,False,2.33,37,MEDIUM,False
EVT-0005482,False,5.43,47,MEDIUM,True
EVT-0005483,False,5.39,39,MEDIUM,False
EVT-0005484,False,3.63,40,MEDIUM,True
EVT-0005485,False,6.54,41,MEDIUM,False
EVT-0005486,True,5.49,68,HIGH,True
EVT-0005487,False,5.94,42,MEDIUM,False
EVT-0005488,False,5.92,42,MEDIUM,True
EVT-0005489,False,3.95,42,MEDIUM,False
EVT-0005490,True,5.99,34,MEDIUM,False
EVT-0005491,False,4.05,30,MEDIUM,False
EVT-0005492,False,3.56,26,LOW,False
EVT-0005493,True,5.68,67,HIGH,True
EVT-0005494,False,6.77,30,MEDIUM,False
EVT-0005495,False,6.63,40,MEDIUM,False
EVT-0005496,False,6.48,27,LOW,False
EVT-0005497,False,6.34,45,MEDIUM,False
EVT-0005498,True,5.43,44,MEDIUM,False
EVT-0005499,False,7.55,77,CRITICAL,True
EVT-0005500,False,4.36,28,LOW,False
EVT-0005501,False,2.0,34,MEDIUM,False
EVT-0005502,True,8.18,50,HIGH,False
EVT-0005503,True,9.84,69,HIGH,True
EVT-0005504,False,6.84,48,MEDIUM,False
EVT-0005505,True,5.98,44,MEDIUM,False
EVT-0005506,True,6.47,42,MEDIUM,False
EVT-0005507,False,4.96,57,HIGH,False
EVT-0005508,False,3.35,33,MEDIUM,False
EVT-0005509,False,2.07,13,LOW,False
EVT-0005510,False,2.05,21,LOW,False
EVT-0005511,False,4.19,39,MEDIUM,False
EVT-0005512,False,5.0,38,MEDIUM,False
EVT-0005513,False,3.03,34,MEDIUM,False
EVT-0005514,True,3.86,42,MEDIUM,False
EVT-0005515,True,4.38,40,MEDIUM,False
EVT-0005516,True,7.03,65,HIGH,True
EVT-0005517,False,6.34,52,HIGH,False
EVT-0005518,True,9.07,72,CRITICAL,True
EVT-0005519,True,6.01,58,HIGH,False
EVT-0005520,False,5.72,50,HIGH,False
EVT-0005521,False,3.52,45,MEDIUM,False
EVT-0005522,False,5.18,48,MEDIUM,False
EVT-0005523,False,2.55,41,MEDIUM,False
EVT-0005524,False,5.89,31,MEDIUM,False
EVT-0005525,False,4.22,38,MEDIUM,False
EVT-0005526,False,2.95,34,MEDIUM,False
EVT-0005527,False,5.83,43,MEDIUM,False
EVT-0005528,True,3.69,46,MEDIUM,True
EVT-0005529,False,4.82,22,LOW,False
EVT-0005530,False,5.28,52,HIGH,False
EVT-0005531,False,4.64,25,LOW,False
EVT-0005532,False,3.18,39,MEDIUM,False
EVT-0005533,False,5.06,48,MEDIUM,True
EVT-0005534,False,1.93,46,MEDIUM,False
EVT-0005535,False,5.52,36,MEDIUM,False
EVT-0005536,False,7.18,45,MEDIUM,False
EVT-0005537,True,4.31,38,MEDIUM,False
EVT-0005538,False,4.26,29,LOW,False
EVT-0005539,False,1.84,47,MEDIUM,False
EVT-0005540,False,7.16,23,LOW,False
EVT-0005541,True,6.73,70,HIGH,True
EVT-0005542,False,4.86,34,MEDIUM,False
EVT-0005543,False,5.33,35,MEDIUM,True
EVT-0005544,False,4.55,47,MEDIUM,True
EVT-0005545,False,4.79,38,MEDIUM,False
EVT-0005546,False,4.86,31,MEDIUM,False
EVT-0005547,True,9.02,77,CRITICAL,True
EVT-0005548,False,4.88,47,MEDIUM,False
EVT-0005549,False,4.74,39,MEDIUM,False
EVT-0005550,False,6.32,46,MEDIUM,False
EVT-0005551,False,5.26,28,LOW,False
EVT-0005552,False,5.24,42,MEDIUM,False
EVT-0005553,True,5.7,40,MEDIUM,False
EVT-0005554,False,6.52,53,HIGH,True
EVT-0005555,False,4.23,41,MEDIUM,False
EVT-0005556,False,7.36,46,MEDIUM,True
EVT-0005557,False,5.84,26,LOW,False
EVT-0005558,False,5.02,18,LOW,False
EVT-0005559,False,5.16,21,LOW,False
EVT-0005560,False,3.0,43,MEDIUM,False
EVT-0005561,True,4.49,63,HIGH,False
EVT-0005562,True,4.28,69,HIGH,True
EVT-0005563,False,2.95,24,LOW,False
EVT-0005564,False,3.69,19,LOW,False
EVT-0005565,False,7.92,55,HIGH,True
EVT-0005566,False,5.7,44,MEDIUM,False
EVT-0005567,False,5.43,38,MEDIUM,True
EVT-0005568,False,7.95,46,MEDIUM,False
EVT-0005569,True,4.6,42,MEDIUM,True
EVT-0005570,False,3.94,30,MEDIUM,False
EVT-0005571,False,3.14,29,LOW,False
EVT-0005572,False,5.1,39,MEDIUM,True
EVT-0005573,False,4.98,33,MEDIUM,False
EVT-0005574,True,5.71,55,HIGH,True
EVT-0005575,True,4.29,37,MEDIUM,False
EVT-0005576,False,4.45,45,MEDIUM,False
EVT-0005577,False,3.54,46,MEDIUM,False
EVT-0005578,False,4.23,8,LOW,False
EVT-0005579,True,3.06,36,MEDIUM,False
EVT-0005580,False,1.81,34,MEDIUM,False
EVT-0005581,True,7.08,53,HIGH,True
EVT-0005582,True,6.04,55,HIGH,True
EVT-0005583,True,6.07,52,HIGH,True
EVT-0005584,False,1.62,24,LOW,False
EVT-0005585,False,3.08,17,LOW,False
EVT-0005586,False,5.99,32,MEDIUM,False
EVT-0005587,False,4.57,65,HIGH,True
EVT-0005588,False,3.65,32,MEDIUM,False
EVT-0005589,False,4.8,25,LOW,False
EVT-0005590,False,2.59,39,MEDIUM,True
EVT-0005591,False,5.13,63,HIGH,True
EVT-0005592,False,3.45,32,MEDIUM,False
EVT-0005593,False,5.32,21,LOW,False
EVT-0005594,True,9.38,66,HIGH,True
EVT-0005595,True,4.05,39,MEDIUM,False
EVT-0005596,False,4.25,41,MEDIUM,False
EVT-0005597,False,6.76,40,MEDIUM,True
EVT-0005598,False,4.24,28,LOW,False
EVT-0005599,False,7.59,42,MEDIUM,True
EVT-0005600,False,5.2,29,LOW,False
EVT-0005601,False,2.02,20,LOW,False
EVT-0005602,False,6.38,44,MEDIUM,False
EVT-0005603,True,3.84,66,HIGH,True
EVT-0005604,False,3.07,52,HIGH,True
EVT-0005605,True,11.04,87,CRITICAL,True
EVT-0005606,False,6.45,51,HIGH,False
EVT-0005607,False,5.55,59,HIGH,False
EVT-0005608,False,4.63,44,MEDIUM,False
EVT-0005609,False,3.37,20,LOW,False
EVT-0005610,False,3.33,33,MEDIUM,False
EVT-0005611,True,1.87,39,MEDIUM,False
EVT-0005612,False,4.52,48,MEDIUM,False
EVT-0005613,False,8.33,63,HIGH,True
EVT-0005614,False,4.29,38,MEDIUM,False
EVT-0005615,True,5.46,39,MEDIUM,False
EVT-0005616,False,2.64,25,LOW,False
EVT-0005617,False,6.45,55,HIGH,False
EVT-0005618,False,2.95,55,HIGH,False
EVT-0005619,True,6.36,37,MEDIUM,False
EVT-0005620,False,5.97,40,MEDIUM,False
EVT-0005621,False,3.8,58,HIGH,True
EVT-0005622,False,7.98,56,HIGH,True
EVT-0005623,False,7.59,61,HIGH,True
EVT-0005624,True,10.36,59,HIGH,True
EVT-0005625,True,3.74,43,MEDIUM,False
EVT-0005626,False,4.05,30,MEDIUM,False
EVT-0005627,False,3.62,37,MEDIUM,False
EVT-0005628,False,4.07,17,LOW,False
EVT-0005629,False,8.23,32,MEDIUM,False
EVT-0005630,False,5.3,31,MEDIUM,False
EVT-0005631,False,8.87,59,HIGH,True
EVT-0005632,False,4.96,45,MEDIUM,False
EVT-0005633,False,5.24,53,HIGH,True
EVT-0005634,True,9.45,67,HIGH,True
EVT-0005635,False,5.01,46,MEDIUM,False
EVT-0005636,False,5.86,39,MEDIUM,False
EVT-0005637,True,0.97,23,LOW,False
EVT-0005638,False,3.82,15,LOW,False
EVT-0005639,False,4.19,23,LOW,False
EVT-0005640,False,3.19,33,MEDIUM,False
EVT-0005641,True,8.13,53,HIGH,True
EVT-0005642,False,4.75,17,LOW,False
EVT-0005643,False,3.7,41,MEDIUM,False
EVT-0005644,False,4.94,32,MEDIUM,False
EVT-0005645,False,5.37,43,MEDIUM,False
EVT-0005646,False,3.68,27,LOW,False
EVT-0005647,False,3.42,43,MEDIUM,False
EVT-0005648,False,2.07,32,MEDIUM,False
EVT-0005649,True,7.57,45,MEDIUM,False
EVT-0005650,False,3.09,43,MEDIUM,False
EVT-0005651,False,3.4,26,LOW,False
EVT-0005652,True,4.93,50,HIGH,True
EVT-0005653,False,4.52,44,MEDIUM,False
EVT-0005654,False,2.65,25,LOW,False
EVT-0005655,False,1.57,38,MEDIUM,False
EVT-0005656,False,0.5,34,MEDIUM,False
EVT-0005657,True,4.16,41,MEDIUM,True
EVT-0005658,False,2.62,24,LOW,False
EVT-0005659,False,3.5,42,MEDIUM,False
EVT-0005660,True,8.79,69,HIGH,True
EVT-0005661,True,6.95,63,HIGH,True
EVT-0005662,False,5.37,48,MEDIUM,False
EVT-0005663,False,5.18,55,HIGH,False
EVT-0005664,False,6.38,37,MEDIUM,False
EVT-0005665,False,6.42,32,MEDIUM,False
EVT-0005666,False,7.41,52,HIGH,True
EVT-0005667,True,3.7,62,HIGH,False
EVT-0005668,False,3.87,37,MEDIUM,False
EVT-0005669,False,4.13,68,HIGH,True
EVT-0005670,True,7.68,39,MEDIUM,False
EVT-0005671,True,9.33,69,HIGH,True
EVT-0005672,False,3.81,23,LOW,False
EVT-0005673,False,5.6,25,LOW,False
EVT-0005674,True,2.21,55,HIGH,True
EVT-0005675,False,6.02,23,LOW,False
EVT-0005676,False,4.12,40,MEDIUM,False
EVT-0005677,False,5.98,52,HIGH,True
EVT-0005678,False,3.63,57,HIGH,False
EVT-0005679,True,8.98,52,HIGH,False
EVT-0005680,False,2.66,37,MEDIUM,False
EVT-0005681,False,3.48,25,LOW,False
EVT-0005682,False,1.71,44,MEDIUM,False
EVT-0005683,False,3.81,40,MEDIUM,False
EVT-0005684,False,2.66,28,LOW,False
EVT-0005685,False,4.19,23,LOW,False
EVT-0005686,False,6.45,30,MEDIUM,False
EVT-0005687,True,6.86,53,HIGH,True
EVT-0005688,False,7.84,49,MEDIUM,False
EVT-0005689,True,8.0,51,HIGH,False
EVT-0005690,True,7.51,51,HIGH,False
EVT-0005691,False,4.18,33,MEDIUM,False
EVT-0005692,False,3.39,22,LOW,False
EVT-0005693,True,6.42,37,MEDIUM,False
EVT-0005694,False,3.17,21,LOW,False
EVT-0005695,False,3.5,37,MEDIUM,False
EVT-0005696,True,4.18,44,MEDIUM,False
EVT-0005697,False,4.59,41,MEDIUM,False
EVT-0005698,False,3.69,26,LOW,False
EVT-0005699,False,4.79,60,HIGH,True
EVT-0005700,False,3.42,24,LOW,False
EVT-0005701,False,2.92,35,MEDIUM,False
EVT-0005702,False,4.92,20,LOW,False
EVT-0005703,False,7.17,57,HIGH,True
EVT-0005704,False,3.69,20,LOW,False
EVT-0005705,False,3.11,33,MEDIUM,False
EVT-0005706,False,2.68,18,LOW,False
EVT-0005707,False,5.96,32,MEDIUM,False
EVT-0005708,False,1.75,33,MEDIUM,False
EVT-0005709,False,5.55,33,MEDIUM,False
EVT-0005710,False,6.29,31,MEDIUM,False
EVT-0005711,False,4.27,29,LOW,False
EVT-0005712,False,3.69,44,MEDIUM,False
EVT-0005713,True,4.72,49,MEDIUM,False
EVT-0005714,True,4.15,57,HIGH,False
EVT-0005715,False,3.01,36,MEDIUM,False
EVT-0005716,False,4.71,65,HIGH,False
EVT-0005717,False,3.97,32,MEDIUM,False
EVT-0005718,True,2.35,40,MEDIUM,True
EVT-0005719,False,4.02,15,LOW,False
EVT-0005720,True,4.73,41,MEDIUM,False
EVT-0005721,False,4.45,22,LOW,False
EVT-0005722,False,3.63,33,MEDIUM,False
EVT-0005723,False,4.92,32,MEDIUM,False
EVT-0005724,False,3.27,44,MEDIUM,False
EVT-0005725,True,7.6,56,HIGH,True
EVT-0005726,False,4.73,41,MEDIUM,False
EVT-0005727,False,4.11,42,MEDIUM,False
EVT-0005728,False,2.67,26,LOW,False
EVT-0005729,False,5.71,46,MEDIUM,False
EVT-0005730,True,6.66,52,HIGH,False
EVT-0005731,False,4.71,38,MEDIUM,False
EVT-0005732,True,3.4,45,MEDIUM,True
EVT-0005733,False,5.41,47,MEDIUM,False
EVT-0005734,False,7.27,49,MEDIUM,True
EVT-0005735,False,2.18,27,LOW,False
EVT-0005736,True,7.74,62,HIGH,False
EVT-0005737,True,7.21,31,MEDIUM,False
EVT-0005738,True,4.97,48,MEDIUM,False
EVT-0005739,False,3.98,36,MEDIUM,True
EVT-0005740,False,6.24,51,HIGH,True
EVT-0005741,False,1.87,29,LOW,False
EVT-0005742,False,3.77,30,MEDIUM,False
EVT-0005743,False,3.61,37,MEDIUM,False
EVT-0005744,False,5.5,42,MEDIUM,False
EVT-0005745,False,3.72,32,MEDIUM,False
EVT-0005746,False,4.02,35,MEDIUM,False
EVT-0005747,False,5.8,29,LOW,False
EVT-0005748,False,8.91,43,MEDIUM,False
EVT-0005749,False,7.71,45,MEDIUM,False
EVT-0005750,False,10.84,48,MEDIUM,False
EVT-0005751,False,3.65,53,HIGH,False
EVT-0005752,False,9.28,53,HIGH,False
EVT-0005753,False,4.1,25,LOW,False
EVT-0005754,False,3.49,27,LOW,False
EVT-0005755,False,3.08,30,MEDIUM,False
EVT-0005756,False,5.26,31,MEDIUM,False
EVT-0005757,True,3.66,49,MEDIUM,False
EVT-0005758,False,0.87,29,LOW,False
EVT-0005759,False,2.34,21,LOW,False
EVT-0005760,True,4.82,54,HIGH,False
EVT-0005761,False,3.87,32,MEDIUM,False
EVT-0005762,False,2.25,24,LOW,False
EVT-0005763,False,6.19,42,MEDIUM,True
EVT-0005764,False,4.48,34,MEDIUM,False
EVT-0005765,True,4.03,27,LOW,False
EVT-0005766,False,7.34,61,HIGH,True
EVT-0005767,False,4.81,63,HIGH,True
EVT-0005768,True,6.87,51,HIGH,False
EVT-0005769,True,5.84,58,HIGH,True
EVT-0005770,False,5.14,51,HIGH,True
EVT-0005771,True,8.43,55,HIGH,True
EVT-0005772,False,6.15,23,LOW,False
EVT-0005773,False,4.96,47,MEDIUM,True
EVT-0005774,False,6.47,35,MEDIUM,False
EVT-0005775,False,3.94,28,LOW,False
EVT-0005776,False,3.25,30,MEDIUM,False
EVT-0005777,True,3.67,55,HIGH,False
EVT-0005778,True,3.68,46,MEDIUM,False
EVT-0005779,False,5.49,34,MEDIUM,False
EVT-0005780,False,6.09,40,MEDIUM,False
EVT-0005781,True,4.26,48,MEDIUM,False
EVT-0005782,False,6.41,42,MEDIUM,False
EVT-0005783,True,4.4,56,HIGH,False
EVT-0005784,True,6.98,57,HIGH,True
EVT-0005785,True,8.1,66,HIGH,True
EVT-0005786,True,4.19,53,HIGH,False
EVT-0005787,False,4.77,27,LOW,False
EVT-0005788,True,5.79,44,MEDIUM,False
EVT-0005789,False,3.49,33,MEDIUM,False
EVT-0005790,False,6.18,29,LOW,False
EVT-0005791,False,4.69,36,MEDIUM,False
EVT-0005792,False,5.0,47,MEDIUM,False
EVT-0005793,True,5.12,58,HIGH,True
EVT-0005794,False,3.49,39,MEDIUM,False
EVT-0005795,False,5.78,33,MEDIUM,False
EVT-0005796,False,4.56,39,MEDIUM,False
EVT-0005797,True,6.39,56,HIGH,True
EVT-0005798,False,8.46,56,HIGH,True
EVT-0005799,False,2.29,32,MEDIUM,False
EVT-0005800,False,2.86,46,MEDIUM,False
EVT-0005801,False,4.04,43,MEDIUM,False
EVT-0005802,False,2.22,16,LOW,False
EVT-0005803,False,3.58,41,MEDIUM,False
EVT-0005804,True,4.22,75,CRITICAL,True
EVT-0005805,False,4.21,13,LOW,True
EVT-0005806,False,5.21,37,MEDIUM,False
EVT-0005807,False,7.1,20,LOW,False
EVT-0005808,False,5.05,42,MEDIUM,False
EVT-0005809,False,5.24,35,MEDIUM,False
EVT-0005810,False,3.48,38,MEDIUM,False
EVT-0005811,False,5.78,39,MEDIUM,False
EVT-0005812,True,8.89,57,HIGH,True
EVT-0005813,False,6.95,31,MEDIUM,False
EVT-0005814,False,6.55,50,HIGH,True
EVT-0005815,False,7.51,68,HIGH,True
EVT-0005816,False,3.48,34,MEDIUM,False
EVT-0005817,False,2.73,9,LOW,False
EVT-0005818,True,5.94,39,MEDIUM,False
EVT-0005819,False,8.67,46,MEDIUM,True
EVT-0005820,False,5.45,30,MEDIUM,False
EVT-0005821,False,4.4,41,MEDIUM,True
EVT-0005822,False,5.48,25,LOW,False
EVT-0005823,False,3.72,35,MEDIUM,False
EVT-0005824,True,4.06,45,MEDIUM,False
EVT-0005825,False,9.11,43,MEDIUM,False
EVT-0005826,False,7.13,35,MEDIUM,False
EVT-0005827,True,5.56,56,HIGH,False
EVT-0005828,False,3.87,42,MEDIUM,False
EVT-0005829,False,6.35,55,HIGH,False
EVT-0005830,False,6.71,37,MEDIUM,False
EVT-0005831,False,5.0,26,LOW,False
EVT-0005832,False,2.29,7,LOW,False
EVT-0005833,False,4.72,47,MEDIUM,False
EVT-0005834,False,4.49,49,MEDIUM,True
EVT-0005835,False,5.88,45,MEDIUM,False
EVT-0005836,True,6.5,72,CRITICAL,True
EVT-0005837,False,5.74,29,LOW,False
EVT-0005838,False,4.71,36,MEDIUM,False
EVT-0005839,False,4.15,38,MEDIUM,False
EVT-0005840,True,7.94,60,HIGH,True
EVT-0005841,False,5.14,43,MEDIUM,False
EVT-0005842,False,3.66,35,MEDIUM,False
EVT-0005843,False,6.36,45,MEDIUM,False
EVT-0005844,False,5.53,45,MEDIUM,True
EVT-0005845,False,4.73,23,LOW,False
EVT-0005846,False,5.58,46,MEDIUM,False
EVT-0005847,True,10.14,80,CRITICAL,True
EVT-0005848,False,2.82,43,MEDIUM,False
EVT-0005849,False,6.53,35,MEDIUM,False
EVT-0005850,False,4.7,49,MEDIUM,False
EVT-0005851,True,6.12,87,CRITICAL,True
EVT-0005852,False,4.95,43,MEDIUM,False
EVT-0005853,False,4.53,13,LOW,False
EVT-0005854,False,5.29,39,MEDIUM,False
EVT-0005855,False,3.17,45,MEDIUM,False
EVT-0005856,False,6.05,20,LOW,False
EVT-0005857,False,5.33,44,MEDIUM,True
EVT-0005858,False,1.77,21,LOW,False
EVT-0005859,False,4.94,42,MEDIUM,True
EVT-0005860,False,1.86,28,LOW,False
EVT-0005861,True,3.64,55,HIGH,True
EVT-0005862,False,6.28,63,HIGH,True
EVT-0005863,False,4.06,49,MEDIUM,False
EVT-0005864,False,5.62,22,LOW,False
EVT-0005865,False,6.41,58,HIGH,False
EVT-0005866,False,3.77,41,MEDIUM,False
EVT-0005867,True,6.74,64,HIGH,True
EVT-0005868,False,5.08,36,MEDIUM,False
EVT-0005869,False,5.25,53,HIGH,False
EVT-0005870,False,7.33,35,MEDIUM,False
EVT-0005871,False,6.76,42,MEDIUM,True
EVT-0005872,False,4.38,47,MEDIUM,True
EVT-0005873,False,6.59,57,HIGH,True
EVT-0005874,False,5.18,39,MEDIUM,True
EVT-0005875,False,3.79,23,LOW,False
EVT-0005876,False,5.01,30,MEDIUM,False
EVT-0005877,False,6.02,55,HIGH,True
EVT-0005878,False,5.04,40,MEDIUM,False
EVT-0005879,True,4.56,66,HIGH,True
EVT-0005880,True,6.61,52,HIGH,False
EVT-0005881,False,6.7,31,MEDIUM,False
EVT-0005882,False,5.06,38,MEDIUM,False
EVT-0005883,False,6.8,33,MEDIUM,False
EVT-0005884,True,8.97,53,HIGH,False
EVT-0005885,False,5.39,52,HIGH,True
EVT-0005886,False,1.95,41,MEDIUM,False
EVT-0005887,False,6.72,38,MEDIUM,False
EVT-0005888,False,2.59,37,MEDIUM,False
EVT-0005889,True,8.17,53,HIGH,True
EVT-0005890,False,4.42,33,MEDIUM,False
EVT-0005891,False,5.53,72,CRITICAL,True
EVT-0005892,False,8.72,53,HIGH,True
EVT-0005893,False,5.33,28,LOW,False
EVT-0005894,False,3.79,20,LOW,False
EVT-0005895,False,3.75,22,LOW,False
EVT-0005896,False,4.63,22,LOW,False
EVT-0005897,True,4.36,66,HIGH,False
EVT-0005898,False,4.7,36,MEDIUM,False
EVT-0005899,False,8.51,49,MEDIUM,True
EVT-0005900,False,5.02,39,MEDIUM,False
EVT-0005901,False,4.01,35,MEDIUM,False
EVT-0005902,True,5.65,58,HIGH,True
EVT-0005903,True,4.49,42,MEDIUM,True
EVT-0005904,True,5.65,46,MEDIUM,False
EVT-0005905,True,5.89,41,MEDIUM,False
EVT-0005906,False,5.52,31,MEDIUM,False
EVT-0005907,False,5.07,46,MEDIUM,True
EVT-0005908,False,4.08,12,LOW,False
EVT-0005909,False,7.46,42,MEDIUM,False
EVT-0005910,True,3.48,88,CRITICAL,True
EVT-0005911,False,3.46,46,MEDIUM,True
EVT-0005912,False,3.35,23,LOW,False
EVT-0005913,True,6.07,55,HIGH,True
EVT-0005914,False,3.5,19,LOW,False
EVT-0005915,False,4.41,25,LOW,False
EVT-0005916,False,7.9,43,MEDIUM,True
EVT-0005917,False,4.58,42,MEDIUM,False
EVT-0005918,False,3.66,38,MEDIUM,False
EVT-0005919,False,3.17,20,LOW,False
EVT-0005920,False,5.23,31,MEDIUM,False
EVT-0005921,False,5.83,34,MEDIUM,False
EVT-0005922,True,3.94,55,HIGH,False
EVT-0005923,False,5.04,19,LOW,False
EVT-0005924,False,5.96,44,MEDIUM,True
EVT-0005925,False,0.5,39,MEDIUM,False
EVT-0005926,False,5.72,43,MEDIUM,False
EVT-0005927,False,3.62,40,MEDIUM,False
EVT-0005928,False,4.9,49,MEDIUM,False
EVT-0005929,False,5.31,30,MEDIUM,True
EVT-0005930,True,4.11,62,HIGH,True
EVT-0005931,False,4.35,51,HIGH,False
EVT-0005932,False,3.08,30,MEDIUM,False
EVT-0005933,True,8.16,44,MEDIUM,True
EVT-0005934,False,4.48,37,MEDIUM,False
EVT-0005935,True,4.4,33,MEDIUM,False
EVT-0005936,False,4.47,36,MEDIUM,False
EVT-0005937,True,5.49,55,HIGH,True
EVT-0005938,False,7.32,58,HIGH,False
EVT-0005939,False,6.1,60,HIGH,True
EVT-0005940,True,5.56,39,MEDIUM,True
EVT-0005941,False,6.46,38,MEDIUM,False
EVT-0005942,False,5.21,47,MEDIUM,False
EVT-0005943,False,3.56,31,MEDIUM,False
EVT-0005944,False,5.2,32,MEDIUM,True
EVT-0005945,False,4.91,32,MEDIUM,False
EVT-0005946,False,3.63,28,LOW,False
EVT-0005947,False,5.66,57,HIGH,True
EVT-0005948,False,5.07,35,MEDIUM,False
EVT-0005949,False,3.9,65,HIGH,True
EVT-0005950,False,3.27,27,LOW,False
EVT-0005951,True,4.96,58,HIGH,True
EVT-0005952,False,3.21,10,LOW,False
EVT-0005953,False,6.43,45,MEDIUM,False
EVT-0005954,False,5.85,34,MEDIUM,False
EVT-0005955,False,8.77,36,MEDIUM,False
EVT-0005956,True,8.86,68,HIGH,True
EVT-0005957,False,6.31,27,LOW,False
EVT-0005958,False,7.65,47,MEDIUM,False
EVT-0005959,False,5.7,39,MEDIUM,False
EVT-0005960,True,4.43,44,MEDIUM,False
EVT-0005961,False,9.14,53,HIGH,True
EVT-0005962,False,2.13,17,LOW,False
EVT-0005963,False,5.44,34,MEDIUM,False
EVT-0005964,False,4.22,49,MEDIUM,True
EVT-0005965,False,4.82,50,HIGH,False
EVT-0005966,False,5.58,42,MEDIUM,False
EVT-0005967,False,6.14,25,LOW,False
EVT-0005968,False,7.19,34,MEDIUM,False
EVT-0005969,False,4.32,36,MEDIUM,False
EVT-0005970,False,3.95,48,MEDIUM,False
EVT-0005971,False,5.46,53,HIGH,False
EVT-0005972,False,5.95,64,HIGH,True
EVT-0005973,False,5.49,41,MEDIUM,False
EVT-0005974,False,5.4,31,MEDIUM,False
EVT-0005975,True,6.89,63,HIGH,True
EVT-0005976,False,0.85,35,MEDIUM,False
EVT-0005977,False,6.13,28,LOW,False
EVT-0005978,False,2.07,53,HIGH,True
EVT-0005979,True,6.08,54,HIGH,True
EVT-0005980,True,6.59,61,HIGH,True
EVT-0005981,True,4.18,36,MEDIUM,False
EVT-0005982,False,3.62,43,MEDIUM,False
EVT-0005983,False,3.98,20,LOW,False
EVT-0005984,False,4.86,50,HIGH,True
EVT-0005985,False,2.35,39,MEDIUM,False
EVT-0005986,False,7.04,38,MEDIUM,False
EVT-0005987,False,5.32,35,MEDIUM,False
EVT-0005988,False,3.33,22,LOW,False
EVT-0005989,False,3.6,38,MEDIUM,False
EVT-0005990,False,3.27,24,LOW,False
EVT-0005991,False,6.86,30,MEDIUM,False
EVT-0005992,False,3.98,48,MEDIUM,False
EVT-0005993,True,1.77,50,HIGH,False
EVT-0005994,False,4.99,57,HIGH,True
EVT-0005995,False,3.75,30,MEDIUM,False
EVT-0005996,False,3.13,27,LOW,False
EVT-0005997,True,6.1,40,MEDIUM,True
EVT-0005998,False,4.16,26,LOW,False
EVT-0005999,False,3.88,59,HIGH,False
EVT-0006000,False,8.25,78,CRITICAL,True
EVT-0006001,False,2.43,49,MEDIUM,True
EVT-0006002,False,4.1,33,MEDIUM,True
EVT-0006003,False,4.03,3,LOW,False
EVT-0006004,False,6.13,45,MEDIUM,False
EVT-0006005,False,4.73,32,MEDIUM,False
EVT-0006006,False,5.39,43,MEDIUM,False
EVT-0006007,False,6.34,39,MEDIUM,False
EVT-0006008,False,6.73,20,LOW,False
EVT-0006009,False,5.04,28,LOW,False
EVT-0006010,False,5.86,47,MEDIUM,False
EVT-0006011,False,5.64,60,HIGH,True
EVT-0006012,False,4.72,24,LOW,False
EVT-0006013,False,4.02,39,MEDIUM,False
EVT-0006014,False,3.7,32,MEDIUM,False
EVT-0006015,False,5.23,30,MEDIUM,False
EVT-0006016,False,7.05,43,MEDIUM,False
EVT-0006017,True,1.39,43,MEDIUM,False
EVT-0006018,True,6.19,52,HIGH,True
EVT-0006019,False,0.86,27,LOW,False
EVT-0006020,False,5.57,28,LOW,False
EVT-0006021,False,6.15,43,MEDIUM,False
EVT-0006022,False,2.99,19,LOW,False
EVT-0006023,False,6.46,49,MEDIUM,True
EVT-0006024,False,5.39,44,MEDIUM,False
EVT-0006025,False,3.65,31,MEDIUM,False
EVT-0006026,True,6.81,73,CRITICAL,True
EVT-0006027,False,5.55,22,LOW,False
EVT-0006028,False,4.05,40,MEDIUM,False
EVT-0006029,False,5.07,38,MEDIUM,False
EVT-0006030,False,1.99,31,MEDIUM,False
EVT-0006031,True,6.86,59,HIGH,True
EVT-0006032,False,5.59,41,MEDIUM,False
EVT-0006033,False,2.64,40,MEDIUM,False
EVT-0006034,True,6.66,78,CRITICAL,True
EVT-0006035,False,6.46,40,MEDIUM,False
EVT-0006036,False,4.48,25,LOW,False
EVT-0006037,True,9.11,66,HIGH,True
EVT-0006038,False,4.77,50,HIGH,True
EVT-0006039,False,3.72,41,MEDIUM,False
EVT-0006040,False,4.14,34,MEDIUM,False
EVT-0006041,False,4.18,36,MEDIUM,False
EVT-0006042,True,5.1,41,MEDIUM,False
EVT-0006043,False,2.26,26,LOW,False
EVT-0006044,False,5.17,49,MEDIUM,False
EVT-0006045,False,2.24,48,MEDIUM,False
EVT-0006046,False,5.56,55,HIGH,False
EVT-0006047,False,4.42,30,MEDIUM,False
EVT-0006048,False,3.99,23,LOW,True
EVT-0006049,False,6.0,38,MEDIUM,False
EVT-0006050,False,5.49,38,MEDIUM,False
EVT-0006051,False,4.39,38,MEDIUM,True
EVT-0006052,False,3.28,30,MEDIUM,False
EVT-0006053,False,4.53,21,LOW,False
EVT-0006054,False,4.65,52,HIGH,False
EVT-0006055,False,2.4,36,MEDIUM,False
EVT-0006056,False,3.04,21,LOW,False
EVT-0006057,True,1.85,23,LOW,False
EVT-0006058,True,7.0,64,HIGH,True
EVT-0006059,True,3.88,43,MEDIUM,False
EVT-0006060,True,6.73,62,HIGH,True
EVT-0006061,False,2.9,31,MEDIUM,False
EVT-0006062,False,6.0,35,MEDIUM,False
EVT-0006063,False,0.76,33,MEDIUM,False
EVT-0006064,False,6.4,51,HIGH,True
EVT-0006065,True,1.86,75,CRITICAL,True
EVT-0006066,False,4.82,32,MEDIUM,False
EVT-0006067,True,9.25,78,CRITICAL,True
EVT-0006068,False,2.61,47,MEDIUM,False
EVT-0006069,False,2.81,31,MEDIUM,False
EVT-0006070,False,4.26,43,MEDIUM,False
EVT-0006071,False,2.54,55,HIGH,False
EVT-0006072,False,3.32,50,HIGH,False
EVT-0006073,False,4.99,50,HIGH,False
EVT-0006074,True,7.12,39,MEDIUM,False
EVT-0006075,False,4.15,25,LOW,False
EVT-0006076,False,4.55,31,MEDIUM,False
EVT-0006077,True,4.21,51,HIGH,False
EVT-0006078,False,4.46,55,HIGH,True
EVT-0006079,True,2.19,18,LOW,False
EVT-0006080,False,6.43,37,MEDIUM,False
EVT-0006081,False,2.04,22,LOW,False
EVT-0006082,False,6.39,48,MEDIUM,False
EVT-0006083,False,4.18,36,MEDIUM,False
EVT-0006084,False,4.55,35,MEDIUM,False
EVT-0006085,False,7.14,46,MEDIUM,True
EVT-0006086,True,4.94,52,HIGH,False
EVT-0006087,False,8.37,59,HIGH,False
EVT-0006088,True,9.53,65,HIGH,True
EVT-0006089,True,5.76,17,LOW,False
EVT-0006090,False,4.5,35,MEDIUM,True
EVT-0006091,False,5.75,47,MEDIUM,False
EVT-0006092,False,4.14,14,LOW,False
EVT-0006093,True,5.57,46,MEDIUM,False
EVT-0006094,True,7.35,51,HIGH,True
EVT-0006095,False,4.02,28,LOW,False
EVT-0006096,False,2.91,42,MEDIUM,False
EVT-0006097,False,3.43,27,LOW,False
EVT-0006098,True,4.9,59,HIGH,True
EVT-0006099,False,3.36,24,LOW,False
EVT-0006100,False,2.07,33,MEDIUM,False
EVT-0006101,False,4.18,18,LOW,False
EVT-0006102,False,5.67,30,MEDIUM,False
EVT-0006103,False,5.22,39,MEDIUM,False
EVT-0006104,False,5.67,35,MEDIUM,False
EVT-0006105,False,5.81,27,LOW,False
EVT-0006106,False,3.97,44,MEDIUM,True
EVT-0006107,False,3.42,40,MEDIUM,False
EVT-0006108,False,6.13,35,MEDIUM,False
EVT-0006109,True,4.86,41,MEDIUM,False
EVT-0006110,False,3.68,31,MEDIUM,False
EVT-0006111,False,6.63,36,MEDIUM,False
EVT-0006112,False,5.33,36,MEDIUM,False
EVT-0006113,False,4.04,31,MEDIUM,False
EVT-0006114,False,6.23,53,HIGH,False
EVT-0006115,False,5.33,51,HIGH,True
EVT-0006116,False,4.55,37,MEDIUM,False
EVT-0006117,False,3.23,39,MEDIUM,False
EVT-0006118,False,3.83,35,MEDIUM,False
EVT-0006119,False,3.0,39,MEDIUM,False
EVT-0006120,False,5.53,71,HIGH,True
EVT-0006121,False,3.17,28,LOW,False
EVT-0006122,False,4.84,36,MEDIUM,False
EVT-0006123,False,5.4,47,MEDIUM,True
EVT-0006124,False,6.12,48,MEDIUM,True
EVT-0006125,False,1.51,40,MEDIUM,False
EVT-0006126,False,10.13,75,CRITICAL,True
EVT-0006127,True,5.19,36,MEDIUM,False
EVT-0006128,False,8.87,38,MEDIUM,False
EVT-0006129,False,6.19,46,MEDIUM,False
EVT-0006130,False,2.69,25,LOW,False
EVT-0006131,False,5.69,41,MEDIUM,False
EVT-0006132,False,2.84,22,LOW,False
EVT-0006133,False,6.2,41,MEDIUM,False
EVT-0006134,False,4.58,33,MEDIUM,False
EVT-0006135,True,5.63,43,MEDIUM,False
EVT-0006136,False,3.09,32,MEDIUM,False
EVT-0006137,False,4.24,30,MEDIUM,False
EVT-0006138,False,6.3,49,MEDIUM,False
EVT-0006139,False,9.42,52,HIGH,True
EVT-0006140,True,5.82,72,CRITICAL,True
EVT-0006141,False,3.65,32,MEDIUM,False
EVT-0006142,False,4.2,18,LOW,False
EVT-0006143,False,4.31,31,MEDIUM,False
EVT-0006144,False,4.01,58,HIGH,True
EVT-0006145,True,5.65,50,HIGH,True
EVT-0006146,True,1.69,22,LOW,False
EVT-0006147,False,5.45,45,MEDIUM,False
EVT-0006148,False,4.76,36,MEDIUM,False
EVT-0006149,False,2.56,32,MEDIUM,False
EVT-0006150,False,2.74,38,MEDIUM,False
EVT-0006151,False,7.38,40,MEDIUM,False
EVT-0006152,True,3.99,56,HIGH,False
EVT-0006153,False,3.2,44,MEDIUM,False
EVT-0006154,False,2.72,32,MEDIUM,False
EVT-0006155,False,3.21,48,MEDIUM,False
EVT-0006156,False,2.71,44,MEDIUM,True
EVT-0006157,False,6.83,56,HIGH,False
EVT-0006158,False,4.52,40,MEDIUM,False
EVT-0006159,False,6.11,41,MEDIUM,False
EVT-0006160,False,4.89,48,MEDIUM,False
EVT-0006161,False,3.09,26,LOW,False
EVT-0006162,False,6.44,49,MEDIUM,False
EVT-0006163,False,7.82,56,HIGH,True
EVT-0006164,False,5.97,37,MEDIUM,False
EVT-0006165,False,5.29,40,MEDIUM,True
EVT-0006166,False,9.04,43,MEDIUM,True
EVT-0006167,False,4.68,24,LOW,False
EVT-0006168,False,7.14,40,MEDIUM,False
EVT-0006169,False,5.8,56,HIGH,True
EVT-0006170,False,3.81,37,MEDIUM,False
EVT-0006171,False,5.24,54,HIGH,False
EVT-0006172,True,5.95,49,MEDIUM,True
EVT-0006173,False,2.49,26,LOW,True
EVT-0006174,False,3.81,45,MEDIUM,False
EVT-0006175,False,7.75,62,HIGH,True
EVT-0006176,False,2.19,21,LOW,False
EVT-0006177,False,3.06,32,MEDIUM,False
EVT-0006178,False,5.96,47,MEDIUM,False
EVT-0006179,False,5.1,49,MEDIUM,False
EVT-0006180,False,4.83,40,MEDIUM,True
EVT-0006181,False,4.78,19,LOW,False
EVT-0006182,False,6.52,29,LOW,False
EVT-0006183,False,5.79,51,HIGH,True
EVT-0006184,True,6.97,39,MEDIUM,False
EVT-0006185,True,5.71,49,MEDIUM,True
EVT-0006186,False,3.92,47,MEDIUM,True
EVT-0006187,False,9.05,48,MEDIUM,True
EVT-0006188,False,3.19,31,MEDIUM,False
EVT-0006189,True,4.21,34,MEDIUM,False
EVT-0006190,False,1.88,26,LOW,False
EVT-0006191,False,5.56,28,LOW,False
EVT-0006192,False,5.64,36,MEDIUM,False
EVT-0006193,False,4.4,31,MEDIUM,False
EVT-0006194,False,5.18,34,MEDIUM,False
EVT-0006195,False,3.2,27,LOW,False
EVT-0006196,True,5.89,49,MEDIUM,False
EVT-0006197,False,6.35,22,LOW,False
EVT-0006198,False,5.98,59,HIGH,True
EVT-0006199,False,3.27,29,LOW,False
EVT-0006200,False,2.64,18,LOW,False
EVT-0006201,True,5.15,41,MEDIUM,True
EVT-0006202,False,3.68,39,MEDIUM,False
EVT-0006203,True,2.93,71,HIGH,True
EVT-0006204,False,6.25,30,MEDIUM,False
EVT-0006205,False,2.98,31,MEDIUM,False
EVT-0006206,False,3.29,20,LOW,False
EVT-0006207,False,3.8,64,HIGH,True
EVT-0006208,False,4.9,53,HIGH,True
EVT-0006209,True,5.88,63,HIGH,True
EVT-0006210,False,7.44,50,HIGH,False
EVT-0006211,False,3.41,26,LOW,False
EVT-0006212,False,2.36,40,MEDIUM,False
EVT-0006213,True,4.93,40,MEDIUM,False
EVT-0006214,False,4.07,36,MEDIUM,False
EVT-0006215,True,5.66,80,CRITICAL,True
EVT-0006216,False,6.3,43,MEDIUM,False
EVT-0006217,False,5.68,18,LOW,False
EVT-0006218,False,2.11,37,MEDIUM,False
EVT-0006219,False,4.03,34,MEDIUM,False
EVT-0006220,False,4.71,44,MEDIUM,True
EVT-0006221,False,9.91,78,CRITICAL,True
EVT-0006222,False,4.53,38,MEDIUM,False
EVT-0006223,False,3.11,37,MEDIUM,False
EVT-0006224,True,4.96,64,HIGH,True
EVT-0006225,False,3.4,32,MEDIUM,False
EVT-0006226,True,4.98,70,HIGH,True
EVT-0006227,False,3.76,34,MEDIUM,False
EVT-0006228,False,5.1,33,MEDIUM,False
EVT-0006229,False,5.59,32,MEDIUM,False
EVT-0006230,False,4.41,26,LOW,False
EVT-0006231,False,2.43,39,MEDIUM,False
EVT-0006232,False,3.74,22,LOW,False
EVT-0006233,False,9.94,55,HIGH,False
EVT-0006234,False,7.49,61,HIGH,True
EVT-0006235,False,4.69,53,HIGH,False
EVT-0006236,True,7.15,50,HIGH,True
EVT-0006237,True,5.92,46,MEDIUM,False
EVT-0006238,True,5.55,41,MEDIUM,False
EVT-0006239,True,6.7,83,CRITICAL,True
EVT-0006240,False,4.97,43,MEDIUM,False
EVT-0006241,False,7.44,31,MEDIUM,False
EVT-0006242,True,3.77,57,HIGH,False
EVT-0006243,False,6.27,38,MEDIUM,False
EVT-0006244,False,5.48,49,MEDIUM,False
EVT-0006245,False,2.89,23,LOW,False
EVT-0006246,False,4.02,21,LOW,False
EVT-0006247,False,6.58,49,MEDIUM,False
EVT-0006248,False,1.33,33,MEDIUM,False
EVT-0006249,True,7.19,78,CRITICAL,True
EVT-0006250,True,8.51,52,HIGH,False
EVT-0006251,False,5.37,52,HIGH,False
EVT-0006252,False,7.76,37,MEDIUM,False
EVT-0006253,True,7.31,45,MEDIUM,False
EVT-0006254,True,7.02,50,HIGH,True
EVT-0006255,False,5.38,28,LOW,False
EVT-0006256,False,7.27,35,MEDIUM,False
EVT-0006257,True,6.05,51,HIGH,True
EVT-0006258,False,2.52,33,MEDIUM,False
EVT-0006259,False,2.89,38,MEDIUM,True
EVT-0006260,True,7.72,59,HIGH,True
EVT-0006261,False,1.61,17,LOW,False
EVT-0006262,False,6.51,25,LOW,False
EVT-0006263,False,7.64,51,HIGH,False
EVT-0006264,False,3.58,20,LOW,False
EVT-0006265,False,4.67,48,MEDIUM,False
EVT-0006266,False,5.27,27,LOW,False
EVT-0006267,False,4.07,32,MEDIUM,False
EVT-0006268,False,6.7,36,MEDIUM,False
EVT-0006269,False,5.04,32,MEDIUM,False
EVT-0006270,False,3.14,33,MEDIUM,False
EVT-0006271,False,3.19,23,LOW,False
EVT-0006272,False,3.14,33,MEDIUM,False
EVT-0006273,False,7.53,45,MEDIUM,False
EVT-0006274,False,4.75,33,MEDIUM,False
EVT-0006275,False,2.7,26,LOW,False
EVT-0006276,False,3.82,32,MEDIUM,False
EVT-0006277,False,4.9,49,MEDIUM,False
EVT-0006278,False,4.29,61,HIGH,False
EVT-0006279,False,7.6,23,LOW,False
EVT-0006280,False,3.26,17,LOW,False
EVT-0006281,True,4.46,71,HIGH,True
EVT-0006282,False,5.98,35,MEDIUM,False
EVT-0006283,False,6.51,53,HIGH,False
EVT-0006284,False,5.81,32,MEDIUM,False
EVT-0006285,False,3.87,43,MEDIUM,False
EVT-0006286,False,5.25,30,MEDIUM,False
EVT-0006287,False,4.54,32,MEDIUM,False
EVT-0006288,False,4.98,44,MEDIUM,False
EVT-0006289,False,6.51,48,MEDIUM,False
EVT-0006290,False,3.1,43,MEDIUM,False
EVT-0006291,False,2.24,44,MEDIUM,False
EVT-0006292,False,5.01,46,MEDIUM,True
EVT-0006293,False,7.17,34,MEDIUM,False
EVT-0006294,False,4.42,35,MEDIUM,False
EVT-0006295,False,4.35,25,LOW,False
EVT-0006296,True,6.39,57,HIGH,True
EVT-0006297,False,5.85,25,LOW,False
EVT-0006298,False,5.91,41,MEDIUM,False
EVT-0006299,True,5.91,57,HIGH,True
EVT-0006300,False,5.97,30,MEDIUM,False
EVT-0006301,False,3.89,42,MEDIUM,False
EVT-0006302,False,7.08,46,MEDIUM,False
EVT-0006303,True,3.83,58,HIGH,False
EVT-0006304,False,7.54,31,MEDIUM,False
EVT-0006305,False,5.27,40,MEDIUM,False
EVT-0006306,False,6.5,61,HIGH,True
EVT-0006307,False,8.23,38,MEDIUM,False
EVT-0006308,False,2.95,33,MEDIUM,False
EVT-0006309,False,4.66,36,MEDIUM,False
EVT-0006310,False,4.63,41,MEDIUM,False
EVT-0006311,False,6.79,55,HIGH,True
EVT-0006312,True,5.54,38,MEDIUM,False
EVT-0006313,False,6.8,59,HIGH,True
EVT-0006314,True,5.27,69,HIGH,True
EVT-0006315,True,4.72,37,MEDIUM,False
EVT-0006316,False,6.56,33,MEDIUM,False
EVT-0006317,True,4.77,39,MEDIUM,False
EVT-0006318,False,5.01,38,MEDIUM,False
EVT-0006319,False,5.17,50,HIGH,False
EVT-0006320,True,10.18,50,HIGH,True
EVT-0006321,False,2.14,43,MEDIUM,False
EVT-0006322,True,5.98,58,HIGH,False
EVT-0006323,True,7.94,67,HIGH,True
EVT-0006324,True,4.57,40,MEDIUM,False
EVT-0006325,False,4.9,58,HIGH,True
EVT-0006326,False,3.92,56,HIGH,True
EVT-0006327,False,7.5,56,HIGH,False
EVT-0006328,True,5.81,68,HIGH,False
EVT-0006329,True,4.19,49,MEDIUM,False
EVT-0006330,True,4.27,36,MEDIUM,False
EVT-0006331,False,4.4,41,MEDIUM,False
EVT-0006332,False,5.2,34,MEDIUM,False
EVT-0006333,True,4.76,62,HIGH,True
EVT-0006334,False,8.06,43,MEDIUM,False
EVT-0006335,False,1.11,24,LOW,False
EVT-0006336,True,8.72,59,HIGH,False
EVT-0006337,False,4.18,37,MEDIUM,True
EVT-0006338,False,3.41,15,LOW,False
EVT-0006339,False,6.24,27,LOW,False
EVT-0006340,False,4.21,24,LOW,False
EVT-0006341,False,6.79,43,MEDIUM,False
EVT-0006342,False,3.2,18,LOW,False
EVT-0006343,False,3.96,36,MEDIUM,False
EVT-0006344,False,7.43,53,HIGH,False
EVT-0006345,False,3.87,52,HIGH,True
EVT-0006346,False,3.16,17,LOW,False
EVT-0006347,True,3.68,71,HIGH,True
EVT-0006348,False,3.58,26,LOW,False
EVT-0006349,True,6.21,27,LOW,False
EVT-0006350,True,6.93,50,HIGH,False
EVT-0006351,False,6.85,38,MEDIUM,False
EVT-0006352,True,4.31,56,HIGH,True
EVT-0006353,True,5.64,26,LOW,False
EVT-0006354,False,7.53,43,MEDIUM,False
EVT-0006355,False,1.82,29,LOW,False
EVT-0006356,True,7.86,59,HIGH,True
EVT-0006357,False,5.15,23,LOW,False
EVT-0006358,False,5.17,56,HIGH,False
EVT-0006359,False,5.07,34,MEDIUM,False
EVT-0006360,False,6.23,28,LOW,False
EVT-0006361,True,3.7,61,HIGH,True
EVT-0006362,True,3.56,22,LOW,True
EVT-0006363,False,7.65,38,MEDIUM,False
EVT-0006364,False,2.82,31,MEDIUM,False
EVT-0006365,False,6.06,41,MEDIUM,True
EVT-0006366,True,4.97,57,HIGH,False
EVT-0006367,False,8.1,35,MEDIUM,False
EVT-0006368,False,5.32,46,MEDIUM,False
EVT-0006369,False,7.2,33,MEDIUM,False
EVT-0006370,True,6.02,77,CRITICAL,True
EVT-0006371,False,3.36,33,MEDIUM,False
EVT-0006372,True,6.04,46,MEDIUM,False
EVT-0006373,False,2.11,42,MEDIUM,False
EVT-0006374,False,5.35,31,MEDIUM,False
EVT-0006375,True,5.53,47,MEDIUM,False
EVT-0006376,False,7.13,33,MEDIUM,False
EVT-0006377,True,2.32,60,HIGH,True
EVT-0006378,True,6.29,64,HIGH,True
EVT-0006379,True,4.22,36,MEDIUM,False
EVT-0006380,True,4.83,46,MEDIUM,False
EVT-0006381,False,7.0,28,LOW,False
EVT-0006382,False,5.99,45,MEDIUM,False
EVT-0006383,True,8.16,61,HIGH,True
EVT-0006384,True,5.44,59,HIGH,True
EVT-0006385,False,4.98,54,HIGH,True
EVT-0006386,True,4.64,58,HIGH,True
EVT-0006387,False,3.71,22,LOW,False
EVT-0006388,False,3.12,28,LOW,False
EVT-0006389,True,5.67,56,HIGH,False
EVT-0006390,False,4.1,26,LOW,False
EVT-0006391,False,4.26,44,MEDIUM,False
EVT-0006392,False,7.31,40,MEDIUM,False
EVT-0006393,False,5.24,33,MEDIUM,False
EVT-0006394,False,2.47,14,LOW,False
EVT-0006395,False,5.5,49,MEDIUM,True
EVT-0006396,True,5.09,53,HIGH,False
EVT-0006397,True,5.6,37,MEDIUM,False
EVT-0006398,False,4.05,38,MEDIUM,False
EVT-0006399,False,2.9,20,LOW,False
EVT-0006400,True,8.46,56,HIGH,False
EVT-0006401,True,5.66,22,LOW,False
EVT-0006402,False,3.68,19,LOW,False
EVT-0006403,True,3.26,35,MEDIUM,False
EVT-0006404,False,6.22,35,MEDIUM,False
EVT-0006405,True,4.61,45,MEDIUM,False
EVT-0006406,False,5.61,56,HIGH,True
EVT-0006407,True,8.51,63,HIGH,False
EVT-0006408,True,4.91,54,HIGH,False
EVT-0006409,False,4.17,58,HIGH,True
EVT-0006410,True,4.59,46,MEDIUM,False
EVT-0006411,False,3.72,27,LOW,False
EVT-0006412,False,5.62,31,MEDIUM,False
EVT-0006413,False,4.95,34,MEDIUM,False
EVT-0006414,False,5.5,28,LOW,False
EVT-0006415,True,4.26,43,MEDIUM,True
EVT-0006416,False,2.75,71,HIGH,True
EVT-0006417,False,8.42,56,HIGH,True
EVT-0006418,False,2.76,11,LOW,False
EVT-0006419,True,4.32,45,MEDIUM,False
EVT-0006420,False,4.06,47,MEDIUM,False
EVT-0006421,False,6.3,41,MEDIUM,False
EVT-0006422,False,3.58,46,MEDIUM,False
EVT-0006423,True,4.47,39,MEDIUM,False
EVT-0006424,True,8.59,67,HIGH,True
EVT-0006425,True,3.78,34,MEDIUM,False
EVT-0006426,False,3.52,21,LOW,False
EVT-0006427,False,6.99,36,MEDIUM,False
EVT-0006428,True,4.91,59,HIGH,True
EVT-0006429,False,6.17,46,MEDIUM,False
EVT-0006430,False,6.17,33,MEDIUM,False
EVT-0006431,False,4.49,24,LOW,False
EVT-0006432,False,5.4,40,MEDIUM,True
EVT-0006433,False,1.19,31,MEDIUM,False
EVT-0006434,False,4.03,27,LOW,False
EVT-0006435,False,7.48,57,HIGH,True
EVT-0006436,True,5.38,61,HIGH,True
EVT-0006437,False,6.37,43,MEDIUM,False
EVT-0006438,False,4.54,25,LOW,False
EVT-0006439,True,5.29,42,MEDIUM,False
EVT-0006440,True,5.93,43,MEDIUM,False
EVT-0006441,False,5.54,38,MEDIUM,False
EVT-0006442,False,6.85,51,HIGH,True
EVT-0006443,False,3.26,28,LOW,False
EVT-0006444,False,4.21,39,MEDIUM,False
EVT-0006445,True,10.43,56,HIGH,True
EVT-0006446,False,3.97,25,LOW,False
EVT-0006447,False,9.6,43,MEDIUM,True
EVT-0006448,False,3.07,26,LOW,False
EVT-0006449,False,3.83,48,MEDIUM,False
EVT-0006450,True,6.34,55,HIGH,False
EVT-0006451,True,6.83,71,HIGH,True
EVT-0006452,True,6.81,51,HIGH,False
EVT-0006453,False,4.26,47,MEDIUM,False
EVT-0006454,True,3.23,31,MEDIUM,False
EVT-0006455,True,10.43,88,CRITICAL,True
EVT-0006456,False,2.99,34,MEDIUM,False
EVT-0006457,False,6.96,46,MEDIUM,True
EVT-0006458,False,2.98,23,LOW,False
EVT-0006459,False,3.48,35,MEDIUM,False
EVT-0006460,False,3.78,25,LOW,False
EVT-0006461,False,4.51,40,MEDIUM,False
EVT-0006462,False,3.92,21,LOW,False
EVT-0006463,False,4.71,12,LOW,False
EVT-0006464,False,4.85,33,MEDIUM,False
EVT-0006465,False,4.06,26,LOW,False
EVT-0006466,False,3.84,36,MEDIUM,False
EVT-0006467,True,5.11,57,HIGH,False
EVT-0006468,False,3.38,20,LOW,False
EVT-0006469,False,2.27,35,MEDIUM,False
EVT-0006470,False,4.16,28,LOW,False
EVT-0006471,False,6.41,56,HIGH,False
EVT-0006472,False,3.3,47,MEDIUM,False
EVT-0006473,False,5.09,51,HIGH,False
EVT-0006474,False,5.77,36,MEDIUM,True
EVT-0006475,False,3.41,37,MEDIUM,False
EVT-0006476,False,7.28,43,MEDIUM,False
EVT-0006477,True,3.78,42,MEDIUM,False
EVT-0006478,False,4.82,27,LOW,False
EVT-0006479,True,5.34,46,MEDIUM,False
EVT-0006480,False,5.43,26,LOW,False
EVT-0006481,True,6.81,61,HIGH,True
EVT-0006482,False,4.97,39,MEDIUM,True
EVT-0006483,False,5.87,38,MEDIUM,False
EVT-0006484,False,2.17,38,MEDIUM,False
EVT-0006485,True,4.48,53,HIGH,True
EVT-0006486,True,5.86,56,HIGH,False
EVT-0006487,False,5.1,40,MEDIUM,False
EVT-0006488,False,5.48,34,MEDIUM,True
EVT-0006489,True,3.43,51,HIGH,False
EVT-0006490,True,7.79,52,HIGH,True
EVT-0006491,False,5.17,40,MEDIUM,True
EVT-0006492,False,3.8,43,MEDIUM,True
EVT-0006493,False,4.28,36,MEDIUM,False
EVT-0006494,True,7.46,57,HIGH,True
EVT-0006495,False,4.26,50,HIGH,False
EVT-0006496,False,3.62,32,MEDIUM,False
EVT-0006497,False,3.04,45,MEDIUM,True
EVT-0006498,False,2.27,29,LOW,False
EVT-0006499,True,3.24,72,CRITICAL,True
EVT-0006500,False,5.11,36,MEDIUM,False
EVT-0006501,False,4.16,43,MEDIUM,False
EVT-0006502,False,5.97,39,MEDIUM,False
EVT-0006503,False,1.99,29,LOW,False
EVT-0006504,False,6.93,67,HIGH,True
EVT-0006505,False,4.58,13,LOW,False
EVT-0006506,False,6.68,41,MEDIUM,False
EVT-0006507,True,5.73,47,MEDIUM,True
EVT-0006508,False,3.47,36,MEDIUM,False
EVT-0006509,False,3.15,18,LOW,False
EVT-0006510,True,4.43,39,MEDIUM,False
EVT-0006511,False,8.06,31,MEDIUM,False
EVT-0006512,False,6.15,28,LOW,False
EVT-0006513,False,3.02,26,LOW,False
EVT-0006514,False,3.85,21,LOW,False
EVT-0006515,False,4.05,31,MEDIUM,False
EVT-0006516,False,2.72,44,MEDIUM,False
EVT-0006517,False,5.0,39,MEDIUM,True
EVT-0006518,True,5.82,74,CRITICAL,True
EVT-0006519,False,8.04,67,HIGH,True
EVT-0006520,True,8.46,76,CRITICAL,True
EVT-0006521,True,5.03,52,HIGH,False
EVT-0006522,True,4.22,58,HIGH,True
EVT-0006523,False,4.92,26,LOW,False
EVT-0006524,False,4.18,35,MEDIUM,False
EVT-0006525,False,6.28,32,MEDIUM,False
EVT-0006526,False,3.88,26,LOW,False
EVT-0006527,False,4.97,27,LOW,False
EVT-0006528,False,7.47,47,MEDIUM,False
EVT-0006529,False,2.91,15,LOW,False
EVT-0006530,False,7.45,43,MEDIUM,False
EVT-0006531,False,7.53,50,HIGH,False
EVT-0006532,True,6.62,54,HIGH,True
EVT-0006533,True,3.27,23,LOW,False
EVT-0006534,False,3.5,35,MEDIUM,False
EVT-0006535,False,2.86,35,MEDIUM,False
EVT-0006536,True,3.79,64,HIGH,False
EVT-0006537,False,5.54,22,LOW,False
EVT-0006538,False,7.69,38,MEDIUM,False
EVT-0006539,False,3.04,62,HIGH,True
EVT-0006540,False,3.28,32,MEDIUM,False
EVT-0006541,True,3.72,44,MEDIUM,False
EVT-0006542,False,5.77,25,LOW,False
EVT-0006543,False,4.02,28,LOW,False
EVT-0006544,False,5.36,31,MEDIUM,False
EVT-0006545,False,4.85,43,MEDIUM,True
EVT-0006546,True,4.37,68,HIGH,True
EVT-0006547,False,4.92,38,MEDIUM,True
EVT-0006548,True,3.8,48,MEDIUM,False
EVT-0006549,False,5.76,29,LOW,False
EVT-0006550,False,6.97,41,MEDIUM,True
EVT-0006551,False,4.61,45,MEDIUM,True
EVT-0006552,True,3.09,32,MEDIUM,False
EVT-0006553,False,5.84,36,MEDIUM,False
EVT-0006554,False,4.92,46,MEDIUM,True
EVT-0006555,False,5.17,56,HIGH,True
EVT-0006556,False,3.27,29,LOW,False
EVT-0006557,False,6.66,35,MEDIUM,False
EVT-0006558,True,6.96,46,MEDIUM,False
EVT-0006559,False,3.45,34,MEDIUM,False
EVT-0006560,False,6.91,37,MEDIUM,True
EVT-0006561,True,4.11,41,MEDIUM,False
EVT-0006562,False,4.62,46,MEDIUM,False
EVT-0006563,False,4.58,27,LOW,False
EVT-0006564,True,7.21,39,MEDIUM,False
EVT-0006565,True,6.17,44,MEDIUM,False
EVT-0006566,True,3.45,49,MEDIUM,True
EVT-0006567,False,3.59,35,MEDIUM,False
EVT-0006568,False,3.97,26,LOW,False
EVT-0006569,False,4.91,51,HIGH,False
EVT-0006570,True,4.97,46,MEDIUM,False
EVT-0006571,False,8.51,72,CRITICAL,True
EVT-0006572,False,5.66,48,MEDIUM,False
EVT-0006573,True,4.09,60,HIGH,False
EVT-0006574,True,0.98,20,LOW,False
EVT-0006575,False,8.54,44,MEDIUM,False
EVT-0006576,False,5.87,41,MEDIUM,False
EVT-0006577,False,5.54,36,MEDIUM,False
EVT-0006578,False,4.47,23,LOW,False
EVT-0006579,False,6.98,54,HIGH,True
EVT-0006580,True,4.77,80,CRITICAL,True
EVT-0006581,False,6.16,67,HIGH,True
EVT-0006582,False,2.68,31,MEDIUM,False
EVT-0006583,False,5.69,22,LOW,False
EVT-0006584,False,4.6,34,MEDIUM,False
EVT-0006585,True,5.53,50,HIGH,False
EVT-0006586,True,7.82,57,HIGH,True
EVT-0006587,False,6.18,35,MEDIUM,False
EVT-0006588,False,3.03,18,LOW,False
EVT-0006589,False,7.06,52,HIGH,True
EVT-0006590,True,9.21,69,HIGH,True
EVT-0006591,True,8.55,33,MEDIUM,False
EVT-0006592,False,6.52,48,MEDIUM,False
EVT-0006593,False,1.5,19,LOW,False
EVT-0006594,False,4.09,46,MEDIUM,False
EVT-0006595,False,4.14,34,MEDIUM,False
EVT-0006596,True,6.03,56,HIGH,True
EVT-0006597,False,7.3,54,HIGH,True
EVT-0006598,False,5.37,45,MEDIUM,True
EVT-0006599,True,6.08,38,MEDIUM,False
EVT-0006600,False,6.12,50,HIGH,False
EVT-0006601,False,3.57,30,MEDIUM,False
EVT-0006602,False,4.93,46,MEDIUM,True
EVT-0006603,False,3.11,50,HIGH,False
EVT-0006604,False,8.7,38,MEDIUM,False
EVT-0006605,True,5.49,33,MEDIUM,True
EVT-0006606,True,5.86,48,MEDIUM,True
EVT-0006607,False,3.88,28,LOW,False
EVT-0006608,False,4.91,22,LOW,False
EVT-0006609,False,3.73,26,LOW,False
EVT-0006610,True,6.21,46,MEDIUM,False
EVT-0006611,True,2.73,70,HIGH,True
EVT-0006612,False,3.91,23,LOW,False
EVT-0006613,True,7.46,53,HIGH,True
EVT-0006614,False,7.01,46,MEDIUM,False
EVT-0006615,False,10.21,46,MEDIUM,False
EVT-0006616,True,5.18,62,HIGH,False
EVT-0006617,False,6.82,43,MEDIUM,False
EVT-0006618,False,0.7,47,MEDIUM,False
EVT-0006619,False,4.86,39,MEDIUM,False
EVT-0006620,False,3.1,42,MEDIUM,True
EVT-0006621,False,3.64,47,MEDIUM,False
EVT-0006622,False,5.28,30,MEDIUM,False
EVT-0006623,False,4.92,42,MEDIUM,False
EVT-0006624,False,4.63,36,MEDIUM,True
EVT-0006625,False,4.94,50,HIGH,False
EVT-0006626,False,6.45,34,MEDIUM,False
EVT-0006627,True,6.96,84,CRITICAL,True
EVT-0006628,False,4.2,25,LOW,False
EVT-0006629,False,5.78,38,MEDIUM,False
EVT-0006630,True,4.92,43,MEDIUM,False
EVT-0006631,False,4.19,19,LOW,False
EVT-0006632,False,4.71,46,MEDIUM,False
EVT-0006633,False,6.15,22,LOW,False
EVT-0006634,False,5.77,46,MEDIUM,False
EVT-0006635,False,5.05,43,MEDIUM,False
EVT-0006636,True,8.55,55,HIGH,True
EVT-0006637,False,7.08,15,LOW,False
EVT-0006638,False,6.73,40,MEDIUM,False
EVT-0006639,False,2.89,28,LOW,False
EVT-0006640,False,4.05,46,MEDIUM,False
EVT-0006641,False,4.27,39,MEDIUM,False
EVT-0006642,False,4.57,41,MEDIUM,True
EVT-0006643,False,5.39,74,CRITICAL,True
EVT-0006644,True,4.62,48,MEDIUM,False
EVT-0006645,False,6.44,41,MEDIUM,True
EVT-0006646,True,4.94,45,MEDIUM,False
EVT-0006647,False,4.54,41,MEDIUM,True
EVT-0006648,False,6.13,51,HIGH,False
EVT-0006649,True,5.72,23,LOW,False
EVT-0006650,False,4.77,56,HIGH,False
EVT-0006651,False,1.83,32,MEDIUM,False
EVT-0006652,False,3.42,21,LOW,False
EVT-0006653,True,6.14,54,HIGH,False
EVT-0006654,False,5.71,56,HIGH,False
EVT-0006655,False,2.26,49,MEDIUM,False
EVT-0006656,True,2.69,26,LOW,False
EVT-0006657,True,5.44,45,MEDIUM,False
EVT-0006658,False,3.71,22,LOW,False
EVT-0006659,True,7.8,26,LOW,False
EVT-0006660,False,5.19,46,MEDIUM,False
EVT-0006661,True,6.22,34,MEDIUM,True
EVT-0006662,True,8.69,79,CRITICAL,True
EVT-0006663,True,3.41,47,MEDIUM,True
EVT-0006664,False,4.87,40,MEDIUM,True
EVT-0006665,False,6.53,42,MEDIUM,False
EVT-0006666,False,4.81,53,HIGH,True
EVT-0006667,False,5.89,58,HIGH,True
EVT-0006668,False,8.32,54,HIGH,False
EVT-0006669,False,5.3,36,MEDIUM,False
EVT-0006670,True,8.14,56,HIGH,True
EVT-0006671,True,5.75,56,HIGH,False
EVT-0006672,False,5.47,29,LOW,False
EVT-0006673,False,4.6,38,MEDIUM,False
EVT-0006674,False,5.3,26,LOW,False
EVT-0006675,True,6.2,81,CRITICAL,True
EVT-0006676,False,4.67,22,LOW,False
EVT-0006677,True,6.42,49,MEDIUM,False
EVT-0006678,False,3.3,41,MEDIUM,False
EVT-0006679,True,3.77,62,HIGH,True
EVT-0006680,False,5.21,46,MEDIUM,True
EVT-0006681,False,6.53,26,LOW,False
EVT-0006682,False,4.63,42,MEDIUM,False
EVT-0006683,True,4.51,30,MEDIUM,False
EVT-0006684,True,4.67,45,MEDIUM,False
EVT-0006685,True,6.23,55,HIGH,True
EVT-0006686,False,5.39,46,MEDIUM,True
EVT-0006687,False,8.13,79,CRITICAL,True
EVT-0006688,False,4.27,41,MEDIUM,False
EVT-0006689,True,6.14,75,CRITICAL,True
EVT-0006690,True,4.09,59,HIGH,True
EVT-0006691,False,6.9,39,MEDIUM,False
EVT-0006692,False,5.91,42,MEDIUM,True
EVT-0006693,True,4.59,52,HIGH,False
EVT-0006694,False,3.14,15,LOW,False
EVT-0006695,False,4.48,34,MEDIUM,False
EVT-0006696,False,6.59,36,MEDIUM,False
EVT-0006697,True,7.2,69,HIGH,True
EVT-0006698,True,4.99,61,HIGH,False
EVT-0006699,False,4.63,34,MEDIUM,False
EVT-0006700,False,4.88,28,LOW,False
EVT-0006701,False,3.91,35,MEDIUM,False
EVT-0006702,False,2.67,37,MEDIUM,False
EVT-0006703,False,6.96,32,MEDIUM,False
EVT-0006704,False,4.02,23,LOW,False
EVT-0006705,False,3.14,45,MEDIUM,True
EVT-0006706,False,3.42,38,MEDIUM,False
EVT-0006707,False,3.96,72,CRITICAL,True
EVT-0006708,False,4.67,35,MEDIUM,False
EVT-0006709,False,5.39,67,HIGH,False
EVT-0006710,True,9.38,51,HIGH,True
EVT-0006711,True,5.01,49,MEDIUM,False
EVT-0006712,False,4.6,34,MEDIUM,False
EVT-0006713,False,6.16,39,MEDIUM,False
EVT-0006714,True,3.22,42,MEDIUM,False
EVT-0006715,False,3.5,37,MEDIUM,False
EVT-0006716,False,4.39,31,MEDIUM,False
EVT-0006717,False,5.77,49,MEDIUM,False
EVT-0006718,True,7.08,66,HIGH,True
EVT-0006719,False,5.35,52,HIGH,False
EVT-0006720,False,6.55,65,HIGH,True
EVT-0006721,False,5.11,37,MEDIUM,False
EVT-0006722,False,8.13,39,MEDIUM,False
EVT-0006723,False,5.82,58,HIGH,True
EVT-0006724,False,6.0,52,HIGH,True
EVT-0006725,False,2.89,30,MEDIUM,False
EVT-0006726,False,5.39,34,MEDIUM,False
EVT-0006727,False,1.2,29,LOW,False
EVT-0006728,False,2.21,25,LOW,False
EVT-0006729,False,6.46,38,MEDIUM,False
EVT-0006730,False,3.6,47,MEDIUM,True
EVT-0006731,False,3.5,50,HIGH,False
EVT-0006732,False,6.06,46,MEDIUM,True
EVT-0006733,False,3.32,21,LOW,False
EVT-0006734,False,5.51,45,MEDIUM,False
EVT-0006735,False,3.9,39,MEDIUM,False
EVT-0006736,False,5.17,41,MEDIUM,False
EVT-0006737,False,2.62,8,LOW,False
EVT-0006738,True,4.73,41,MEDIUM,False
EVT-0006739,True,7.02,63,HIGH,False
EVT-0006740,True,6.65,52,HIGH,True
EVT-0006741,False,1.83,39,MEDIUM,False
EVT-0006742,False,4.95,37,MEDIUM,False
EVT-0006743,False,4.27,35,MEDIUM,False
EVT-0006744,True,3.67,50,HIGH,False
EVT-0006745,False,7.05,35,MEDIUM,False
EVT-0006746,False,4.29,21,LOW,False
EVT-0006747,False,2.72,27,LOW,False
EVT-0006748,False,3.2,29,LOW,False
EVT-0006749,False,2.85,34,MEDIUM,False
EVT-0006750,False,7.98,34,MEDIUM,False
EVT-0006751,False,3.74,23,LOW,False
EVT-0006752,False,5.07,41,MEDIUM,True
EVT-0006753,False,3.1,49,MEDIUM,True
EVT-0006754,False,4.29,52,HIGH,False
EVT-0006755,False,5.9,41,MEDIUM,False
EVT-0006756,False,2.68,37,MEDIUM,False
EVT-0006757,True,8.15,42,MEDIUM,False
EVT-0006758,False,5.96,30,MEDIUM,False
EVT-0006759,True,3.73,29,LOW,False
EVT-0006760,False,8.97,40,MEDIUM,False
EVT-0006761,False,3.85,43,MEDIUM,False
EVT-0006762,True,9.57,71,HIGH,True
EVT-0006763,False,5.24,51,HIGH,False
EVT-0006764,True,5.01,44,MEDIUM,False
EVT-0006765,False,3.98,50,HIGH,False
EVT-0006766,False,4.17,25,LOW,False
EVT-0006767,False,6.12,27,LOW,False
EVT-0006768,False,3.99,42,MEDIUM,False
EVT-0006769,True,8.7,65,HIGH,True
EVT-0006770,True,3.25,51,HIGH,False
EVT-0006771,False,4.41,21,LOW,False
EVT-0006772,False,3.56,38,MEDIUM,False
EVT-0006773,False,8.57,54,HIGH,False
EVT-0006774,False,4.71,55,HIGH,True
EVT-0006775,False,4.99,38,MEDIUM,False
EVT-0006776,True,4.68,46,MEDIUM,False
EVT-0006777,False,3.57,22,LOW,False
EVT-0006778,False,5.73,63,HIGH,True
EVT-0006779,False,6.46,49,MEDIUM,False
EVT-0006780,False,3.34,35,MEDIUM,False
EVT-0006781,False,5.99,43,MEDIUM,False
EVT-0006782,False,4.2,34,MEDIUM,False
EVT-0006783,False,5.78,41,MEDIUM,False
EVT-0006784,False,5.23,55,HIGH,False
EVT-0006785,False,3.43,33,MEDIUM,False
EVT-0006786,False,7.51,34,MEDIUM,False
EVT-0006787,False,6.13,37,MEDIUM,False
EVT-0006788,False,2.36,32,MEDIUM,False
EVT-0006789,True,4.36,46,MEDIUM,False
EVT-0006790,True,2.51,29,LOW,False
EVT-0006791,False,7.25,46,MEDIUM,False
EVT-0006792,False,5.46,13,LOW,False
EVT-0006793,False,6.71,29,LOW,False
EVT-0006794,False,5.31,28,LOW,False
EVT-0006795,False,5.51,47,MEDIUM,False
EVT-0006796,False,4.68,32,MEDIUM,False
EVT-0006797,False,6.81,38,MEDIUM,False
EVT-0006798,False,4.73,48,MEDIUM,False
EVT-0006799,True,4.05,73,CRITICAL,True
EVT-0006800,True,6.53,41,MEDIUM,False
EVT-0006801,False,4.53,32,MEDIUM,False
EVT-0006802,False,5.61,22,LOW,False
EVT-0006803,True,4.02,32,MEDIUM,False
EVT-0006804,False,5.62,61,HIGH,True
EVT-0006805,True,8.38,54,HIGH,True
EVT-0006806,True,7.8,69,HIGH,True
EVT-0006807,True,4.71,45,MEDIUM,False
EVT-0006808,True,6.43,64,HIGH,True
EVT-0006809,True,4.09,39,MEDIUM,False
EVT-0006810,True,3.14,49,MEDIUM,False
EVT-0006811,True,5.46,45,MEDIUM,True
EVT-0006812,False,6.81,49,MEDIUM,False
EVT-0006813,False,4.91,42,MEDIUM,False
EVT-0006814,True,6.97,54,HIGH,True
EVT-0006815,False,5.41,37,MEDIUM,False
EVT-0006816,False,3.27,32,MEDIUM,False
EVT-0006817,True,5.69,49,MEDIUM,False
EVT-0006818,True,6.87,58,HIGH,True
EVT-0006819,False,6.01,65,HIGH,True
EVT-0006820,True,8.13,55,HIGH,True
EVT-0006821,False,4.06,20,LOW,False
EVT-0006822,True,8.77,56,HIGH,False
EVT-0006823,False,8.58,39,MEDIUM,False
EVT-0006824,False,6.08,35,MEDIUM,False
EVT-0006825,True,9.4,88,CRITICAL,True
EVT-0006826,True,5.61,46,MEDIUM,False
EVT-0006827,False,4.74,51,HIGH,True
EVT-0006828,False,4.2,50,HIGH,False
EVT-0006829,True,9.28,69,HIGH,True
EVT-0006830,False,2.43,37,MEDIUM,False
EVT-0006831,False,2.56,31,MEDIUM,False
EVT-0006832,False,3.13,41,MEDIUM,False
EVT-0006833,False,4.42,42,MEDIUM,True
EVT-0006834,False,8.37,54,HIGH,True
EVT-0006835,True,10.52,76,CRITICAL,True
EVT-0006836,False,2.43,46,MEDIUM,True
EVT-0006837,False,6.61,30,MEDIUM,False
EVT-0006838,True,3.1,46,MEDIUM,True
EVT-0006839,False,6.18,49,MEDIUM,False
EVT-0006840,False,2.57,9,LOW,False
EVT-0006841,False,6.24,56,HIGH,True
EVT-0006842,False,5.13,31,MEDIUM,False
EVT-0006843,False,9.37,57,HIGH,True
EVT-0006844,False,3.78,31,MEDIUM,False
EVT-0006845,False,4.91,35,MEDIUM,False
EVT-0006846,True,5.06,67,HIGH,True
EVT-0006847,False,7.79,62,HIGH,True
EVT-0006848,False,5.29,66,HIGH,True
EVT-0006849,False,4.07,40,MEDIUM,True
EVT-0006850,True,3.92,48,MEDIUM,True
EVT-0006851,False,6.03,29,LOW,False
EVT-0006852,False,6.85,49,MEDIUM,False
EVT-0006853,False,2.6,35,MEDIUM,False
EVT-0006854,False,3.66,42,MEDIUM,False
EVT-0006855,False,2.47,40,MEDIUM,False
EVT-0006856,False,1.98,40,MEDIUM,False
EVT-0006857,False,4.31,45,MEDIUM,True
EVT-0006858,False,4.51,43,MEDIUM,False
EVT-0006859,False,3.73,18,LOW,False
EVT-0006860,False,8.91,37,MEDIUM,False
EVT-0006861,False,6.42,45,MEDIUM,False
EVT-0006862,False,3.42,48,MEDIUM,True
EVT-0006863,False,5.19,37,MEDIUM,False
EVT-0006864,True,3.2,55,HIGH,True
EVT-0006865,False,6.79,27,LOW,False
EVT-0006866,False,5.71,39,MEDIUM,False
EVT-0006867,True,7.82,51,HIGH,True
EVT-0006868,False,5.17,54,HIGH,True
EVT-0006869,False,4.0,38,MEDIUM,False
EVT-0006870,False,5.25,30,MEDIUM,False
EVT-0006871,True,3.79,36,MEDIUM,False
EVT-0006872,True,5.55,53,HIGH,True
EVT-0006873,False,6.21,35,MEDIUM,False
EVT-0006874,False,7.24,54,HIGH,False
EVT-0006875,False,4.34,48,MEDIUM,False
EVT-0006876,False,4.32,19,LOW,False
EVT-0006877,False,6.17,40,MEDIUM,False
EVT-0006878,True,5.73,60,HIGH,True
EVT-0006879,False,7.29,59,HIGH,True
EVT-0006880,False,6.12,42,MEDIUM,False
EVT-0006881,False,4.17,35,MEDIUM,False
EVT-0006882,False,5.4,52,HIGH,True
EVT-0006883,False,5.94,54,HIGH,True
EVT-0006884,True,6.67,45,MEDIUM,False
EVT-0006885,False,2.15,28,LOW,False
EVT-0006886,False,4.6,42,MEDIUM,False
EVT-0006887,False,4.25,35,MEDIUM,False
EVT-0006888,True,4.77,28,LOW,False
EVT-0006889,False,4.48,47,MEDIUM,False
EVT-0006890,True,4.44,48,MEDIUM,False
EVT-0006891,False,3.42,45,MEDIUM,False
EVT-0006892,True,9.26,58,HIGH,False
EVT-0006893,False,6.64,29,LOW,False
EVT-0006894,False,3.89,39,MEDIUM,False
EVT-0006895,False,2.74,38,MEDIUM,False
EVT-0006896,False,3.88,49,MEDIUM,False
EVT-0006897,False,3.75,44,MEDIUM,False
EVT-0006898,False,5.07,30,MEDIUM,False
EVT-0006899,False,3.78,21,LOW,False
EVT-0006900,False,5.0,25,LOW,False
EVT-0006901,True,4.84,42,MEDIUM,True
EVT-0006902,False,3.98,46,MEDIUM,False
EVT-0006903,True,8.83,51,HIGH,True
EVT-0006904,False,3.56,47,MEDIUM,False
EVT-0006905,False,3.49,27,LOW,False
EVT-0006906,False,5.63,38,MEDIUM,False
EVT-0006907,False,4.57,39,MEDIUM,False
EVT-0006908,True,5.29,49,MEDIUM,False
EVT-0006909,False,6.28,33,MEDIUM,False
EVT-0006910,True,5.69,37,MEDIUM,False
EVT-0006911,True,3.38,44,MEDIUM,False
EVT-0006912,True,3.55,58,HIGH,False
EVT-0006913,True,5.06,67,HIGH,True
EVT-0006914,False,5.76,46,MEDIUM,True
EVT-0006915,False,3.7,31,MEDIUM,False
EVT-0006916,False,5.56,59,HIGH,True
EVT-0006917,False,3.19,33,MEDIUM,False
EVT-0006918,False,4.5,55,HIGH,False
EVT-0006919,True,6.42,69,HIGH,True
EVT-0006920,False,4.09,33,MEDIUM,False
EVT-0006921,False,5.21,36,MEDIUM,False
EVT-0006922,False,4.67,43,MEDIUM,False
EVT-0006923,False,4.65,47,MEDIUM,False
EVT-0006924,False,4.37,34,MEDIUM,False
EVT-0006925,False,5.36,42,MEDIUM,False
EVT-0006926,False,3.65,43,MEDIUM,True
EVT-0006927,True,4.79,55,HIGH,False
EVT-0006928,False,7.15,49,MEDIUM,False
EVT-0006929,False,3.16,48,MEDIUM,False
EVT-0006930,False,1.4,30,MEDIUM,False
EVT-0006931,False,5.73,35,MEDIUM,False
EVT-0006932,False,5.42,29,LOW,False
EVT-0006933,False,5.31,35,MEDIUM,True
EVT-0006934,True,6.14,57,HIGH,False
EVT-0006935,True,9.28,76,CRITICAL,True
EVT-0006936,True,4.94,68,HIGH,False
EVT-0006937,False,7.68,31,MEDIUM,False
EVT-0006938,False,1.35,24,LOW,False
EVT-0006939,False,4.71,19,LOW,False
EVT-0006940,False,3.97,21,LOW,False
EVT-0006941,False,6.08,56,HIGH,False
EVT-0006942,False,3.17,36,MEDIUM,False
EVT-0006943,True,1.83,38,MEDIUM,False
EVT-0006944,False,5.41,36,MEDIUM,False
EVT-0006945,True,4.87,46,MEDIUM,True
EVT-0006946,False,4.38,35,MEDIUM,False
EVT-0006947,False,2.7,43,MEDIUM,False
EVT-0006948,False,4.4,43,MEDIUM,False
EVT-0006949,True,6.16,62,HIGH,True
EVT-0006950,True,6.35,52,HIGH,False
EVT-0006951,False,8.25,73,CRITICAL,True
EVT-0006952,False,4.14,46,MEDIUM,False
EVT-0006953,False,6.53,49,MEDIUM,False
EVT-0006954,False,4.61,37,MEDIUM,False
EVT-0006955,False,6.31,50,HIGH,False
EVT-0006956,False,4.33,58,HIGH,True
EVT-0006957,False,3.29,22,LOW,False
EVT-0006958,False,3.29,32,MEDIUM,False
EVT-0006959,True,9.39,75,CRITICAL,True
EVT-0006960,False,2.29,47,MEDIUM,True
EVT-0006961,False,3.18,27,LOW,False
EVT-0006962,False,6.84,57,HIGH,True
EVT-0006963,False,5.73,41,MEDIUM,True
EVT-0006964,False,3.31,35,MEDIUM,False
EVT-0006965,False,5.33,35,MEDIUM,False
EVT-0006966,False,5.52,45,MEDIUM,False
EVT-0006967,False,6.22,45,MEDIUM,False
EVT-0006968,False,2.81,46,MEDIUM,False
EVT-0006969,False,2.21,33,MEDIUM,False
EVT-0006970,False,2.63,21,LOW,False
EVT-0006971,False,2.31,24,LOW,False
EVT-0006972,True,3.11,50,HIGH,False
EVT-0006973,True,3.53,38,MEDIUM,True
EVT-0006974,False,1.78,36,MEDIUM,False
EVT-0006975,False,4.65,43,MEDIUM,False
EVT-0006976,False,5.24,31,MEDIUM,False
EVT-0006977,False,3.92,32,MEDIUM,False
EVT-0006978,False,6.07,46,MEDIUM,False
EVT-0006979,True,3.08,38,MEDIUM,False
EVT-0006980,False,4.63,41,MEDIUM,False
EVT-0006981,False,3.73,28,LOW,True
EVT-0006982,True,2.56,51,HIGH,False
EVT-0006983,True,3.78,45,MEDIUM,False
EVT-0006984,False,4.26,38,MEDIUM,False
EVT-0006985,False,5.26,29,LOW,False
EVT-0006986,False,2.78,24,LOW,False
EVT-0006987,False,4.5,32,MEDIUM,False
EVT-0006988,False,3.5,25,LOW,False
EVT-0006989,False,3.98,33,MEDIUM,False
EVT-0006990,False,5.52,35,MEDIUM,False
EVT-0006991,False,5.42,42,MEDIUM,False
EVT-0006992,False,6.21,33,MEDIUM,False
EVT-0006993,False,6.05,45,MEDIUM,True
EVT-0006994,True,3.67,30,MEDIUM,False
EVT-0006995,True,7.94,54,HIGH,False
EVT-0006996,True,5.28,63,HIGH,True
EVT-0006997,False,3.27,49,MEDIUM,False
EVT-0006998,False,4.28,30,MEDIUM,False
EVT-0006999,False,5.85,34,MEDIUM,True
EVT-0007000,True,2.7,41,MEDIUM,False
EVT-0007001,True,1.99,66,HIGH,True
EVT-0007002,False,5.74,49,MEDIUM,True
EVT-0007003,False,3.27,42,MEDIUM,False
EVT-0007004,False,6.34,35,MEDIUM,False
EVT-0007005,False,3.56,22,LOW,False
EVT-0007006,False,3.11,23,LOW,False
EVT-0007007,True,3.95,41,MEDIUM,False
EVT-0007008,False,8.69,49,MEDIUM,True
EVT-0007009,False,7.6,33,MEDIUM,False
EVT-0007010,True,7.18,50,HIGH,True
EVT-0007011,True,12.12,60,HIGH,True
EVT-0007012,False,4.1,36,MEDIUM,False
EVT-0007013,False,3.63,36,MEDIUM,False
EVT-0007014,True,6.67,53,HIGH,True
EVT-0007015,False,3.97,23,LOW,False
EVT-0007016,False,5.75,52,HIGH,False
EVT-0007017,False,4.52,37,MEDIUM,False
EVT-0007018,False,5.21,23,LOW,False
EVT-0007019,False,2.65,26,LOW,False
EVT-0007020,False,4.58,49,MEDIUM,True
EVT-0007021,False,5.41,39,MEDIUM,False
EVT-0007022,False,3.26,35,MEDIUM,True
EVT-0007023,True,4.2,46,MEDIUM,False
EVT-0007024,True,4.52,38,MEDIUM,True
EVT-0007025,True,6.86,61,HIGH,True
EVT-0007026,True,6.59,54,HIGH,True
EVT-0007027,False,4.79,34,MEDIUM,False
EVT-0007028,False,2.66,24,LOW,False
EVT-0007029,False,2.54,24,LOW,False
EVT-0007030,False,5.99,53,HIGH,False
EVT-0007031,False,5.17,42,MEDIUM,False
EVT-0007032,False,6.01,65,HIGH,True
EVT-0007033,False,4.91,48,MEDIUM,False
EVT-0007034,False,4.38,47,MEDIUM,False
EVT-0007035,True,4.9,42,MEDIUM,True
EVT-0007036,False,4.25,24,LOW,False
EVT-0007037,False,5.89,68,HIGH,True
EVT-0007038,False,4.79,29,LOW,False
EVT-0007039,False,4.98,56,HIGH,False
EVT-0007040,False,6.47,41,MEDIUM,False
EVT-0007041,True,5.11,55,HIGH,False
EVT-0007042,False,5.14,22,LOW,False
EVT-0007043,False,4.08,27,LOW,False
EVT-0007044,True,5.12,49,MEDIUM,False
EVT-0007045,False,5.18,45,MEDIUM,False
EVT-0007046,False,4.64,28,LOW,False
EVT-0007047,True,5.02,57,HIGH,True
EVT-0007048,True,4.47,39,MEDIUM,False
EVT-0007049,True,8.58,85,CRITICAL,True
EVT-0007050,False,4.7,38,MEDIUM,False
EVT-0007051,False,6.26,28,LOW,False
EVT-0007052,False,4.85,22,LOW,False
EVT-0007053,False,5.2,50,HIGH,True
EVT-0007054,True,6.05,44,MEDIUM,True
EVT-0007055,False,6.44,32,MEDIUM,False
EVT-0007056,False,5.0,39,MEDIUM,False
EVT-0007057,True,8.04,58,HIGH,True
EVT-0007058,False,5.97,57,HIGH,True
EVT-0007059,True,4.64,52,HIGH,True
EVT-0007060,True,6.91,52,HIGH,False
EVT-0007061,False,5.03,51,HIGH,True
EVT-0007062,False,3.07,35,MEDIUM,False
EVT-0007063,False,7.91,70,HIGH,True
EVT-0007064,False,4.12,31,MEDIUM,False
EVT-0007065,True,5.16,50,HIGH,False
EVT-0007066,False,1.38,31,MEDIUM,False
EVT-0007067,False,3.25,21,LOW,False
EVT-0007068,True,6.53,47,MEDIUM,False
EVT-0007069,False,5.84,33,MEDIUM,False
EVT-0007070,False,4.52,23,LOW,False
EVT-0007071,False,5.0,32,MEDIUM,False
EVT-0007072,False,6.45,59,HIGH,True
EVT-0007073,False,7.92,31,MEDIUM,False
EVT-0007074,False,4.69,40,MEDIUM,False
EVT-0007075,True,4.97,34,MEDIUM,False
EVT-0007076,False,5.05,21,LOW,False
EVT-0007077,False,5.26,34,MEDIUM,False
EVT-0007078,False,5.11,36,MEDIUM,False
EVT-0007079,False,5.34,33,MEDIUM,False
EVT-0007080,False,2.67,21,LOW,False
EVT-0007081,False,4.97,32,MEDIUM,False
EVT-0007082,False,8.52,66,HIGH,True
EVT-0007083,False,5.89,41,MEDIUM,False
EVT-0007084,False,3.78,52,HIGH,False
EVT-0007085,True,4.55,63,HIGH,True
EVT-0007086,False,7.71,37,MEDIUM,False
EVT-0007087,False,5.91,38,MEDIUM,False
EVT-0007088,False,3.45,27,LOW,False
EVT-0007089,True,9.67,71,HIGH,True
EVT-0007090,False,4.44,26,LOW,False
EVT-0007091,False,4.64,33,MEDIUM,False
EVT-0007092,True,5.78,78,CRITICAL,True
EVT-0007093,False,4.26,24,LOW,False
EVT-0007094,False,7.63,74,CRITICAL,True
EVT-0007095,False,6.03,42,MEDIUM,False
EVT-0007096,False,3.93,42,MEDIUM,True
EVT-0007097,True,3.01,43,MEDIUM,False
EVT-0007098,False,4.76,44,MEDIUM,True
EVT-0007099,True,6.75,70,HIGH,True
EVT-0007100,False,3.48,43,MEDIUM,False
EVT-0007101,False,6.42,58,HIGH,False
EVT-0007102,False,5.26,31,MEDIUM,False
EVT-0007103,False,6.14,41,MEDIUM,False
EVT-0007104,False,6.35,61,HIGH,False
EVT-0007105,True,2.21,55,HIGH,False
EVT-0007106,False,4.35,37,MEDIUM,False
EVT-0007107,False,2.29,60,HIGH,False
EVT-0007108,False,4.73,20,LOW,False
EVT-0007109,False,5.27,38,MEDIUM,False
EVT-0007110,False,5.0,22,LOW,False
EVT-0007111,True,2.96,52,HIGH,False
EVT-0007112,True,6.34,52,HIGH,False
EVT-0007113,False,2.53,16,LOW,False
EVT-0007114,False,5.18,22,LOW,False
EVT-0007115,True,6.32,53,HIGH,True
EVT-0007116,True,5.14,65,HIGH,True
EVT-0007117,True,7.82,64,HIGH,True
EVT-0007118,False,4.36,35,MEDIUM,True
EVT-0007119,False,6.0,11,LOW,False
EVT-0007120,True,4.46,33,MEDIUM,False
EVT-0007121,False,5.4,50,HIGH,False
EVT-0007122,False,1.85,22,LOW,False
EVT-0007123,False,3.63,37,MEDIUM,False
EVT-0007124,False,2.9,36,MEDIUM,False
EVT-0007125,True,4.85,66,HIGH,True
EVT-0007126,False,4.73,35,MEDIUM,False
EVT-0007127,False,0.93,19,LOW,False
EVT-0007128,False,6.84,43,MEDIUM,False
EVT-0007129,False,2.43,36,MEDIUM,False
EVT-0007130,True,3.57,42,MEDIUM,True
EVT-0007131,False,6.01,49,MEDIUM,True
EVT-0007132,False,4.21,39,MEDIUM,False
EVT-0007133,False,6.18,41,MEDIUM,False
EVT-0007134,True,4.46,61,HIGH,True
EVT-0007135,False,4.52,26,LOW,False
EVT-0007136,False,2.47,26,LOW,False
EVT-0007137,False,5.42,20,LOW,False
EVT-0007138,False,3.88,48,MEDIUM,False
EVT-0007139,False,4.24,32,MEDIUM,False
EVT-0007140,True,3.99,38,MEDIUM,False
EVT-0007141,False,3.75,24,LOW,False
EVT-0007142,False,7.06,39,MEDIUM,False
EVT-0007143,False,2.42,31,MEDIUM,False
EVT-0007144,False,1.98,18,LOW,False
EVT-0007145,False,7.25,39,MEDIUM,False
EVT-0007146,False,3.1,28,LOW,False
EVT-0007147,False,6.15,47,MEDIUM,True
EVT-0007148,False,4.27,28,LOW,False
EVT-0007149,False,5.75,28,LOW,False
EVT-0007150,False,5.68,53,HIGH,False
EVT-0007151,True,4.0,46,MEDIUM,False
EVT-0007152,False,5.05,25,LOW,False
EVT-0007153,False,4.22,52,HIGH,True
EVT-0007154,False,7.12,52,HIGH,True
EVT-0007155,False,9.61,79,CRITICAL,True
EVT-0007156,False,4.78,12,LOW,False
EVT-0007157,False,4.3,40,MEDIUM,False
EVT-0007158,False,4.77,49,MEDIUM,False
EVT-0007159,False,3.89,37,MEDIUM,False
EVT-0007160,True,7.15,47,MEDIUM,True
EVT-0007161,False,5.41,32,MEDIUM,False
EVT-0007162,False,8.43,52,HIGH,True
EVT-0007163,False,3.92,41,MEDIUM,False
EVT-0007164,False,4.0,52,HIGH,False
EVT-0007165,False,7.43,47,MEDIUM,False
EVT-0007166,False,6.7,36,MEDIUM,True
EVT-0007167,False,1.89,32,MEDIUM,False
EVT-0007168,True,3.42,36,MEDIUM,False
EVT-0007169,True,6.56,58,HIGH,False
EVT-0007170,False,6.46,50,HIGH,False
EVT-0007171,False,5.64,20,LOW,False
EVT-0007172,False,5.0,42,MEDIUM,False
EVT-0007173,False,4.74,35,MEDIUM,False
EVT-0007174,False,5.06,28,LOW,False
EVT-0007175,False,3.4,43,MEDIUM,True
EVT-0007176,False,6.73,41,MEDIUM,True
EVT-0007177,False,3.73,41,MEDIUM,False
EVT-0007178,True,4.39,34,MEDIUM,False
EVT-0007179,True,5.23,64,HIGH,True
EVT-0007180,True,1.78,42,MEDIUM,False
EVT-0007181,True,5.12,39,MEDIUM,False
EVT-0007182,False,4.52,28,LOW,False
EVT-0007183,False,6.66,49,MEDIUM,False
EVT-0007184,False,5.39,31,MEDIUM,False
EVT-0007185,True,5.08,42,MEDIUM,True
EVT-0007186,True,5.09,47,MEDIUM,False
EVT-0007187,False,5.52,37,MEDIUM,False
EVT-0007188,False,4.86,60,HIGH,False
EVT-0007189,True,5.98,64,HIGH,True
EVT-0007190,False,5.89,37,MEDIUM,False
EVT-0007191,False,7.59,52,HIGH,False
EVT-0007192,False,8.56,70,HIGH,True
EVT-0007193,False,4.69,50,HIGH,False
EVT-0007194,False,3.21,30,MEDIUM,False
EVT-0007195,True,5.96,29,LOW,False
EVT-0007196,False,6.42,62,HIGH,True
EVT-0007197,False,5.72,23,LOW,False
EVT-0007198,False,4.29,31,MEDIUM,False
EVT-0007199,True,5.95,60,HIGH,True
EVT-0007200,False,3.58,30,MEDIUM,False
EVT-0007201,True,9.5,65,HIGH,True
EVT-0007202,False,4.24,51,HIGH,True
EVT-0007203,False,3.16,36,MEDIUM,False
EVT-0007204,True,4.43,58,HIGH,False
EVT-0007205,False,3.8,32,MEDIUM,False
EVT-0007206,False,5.84,44,MEDIUM,False
EVT-0007207,False,5.78,31,MEDIUM,False
EVT-0007208,False,3.59,37,MEDIUM,False
EVT-0007209,False,4.64,34,MEDIUM,False
EVT-0007210,True,4.32,57,HIGH,True
EVT-0007211,True,5.59,56,HIGH,False
EVT-0007212,True,8.48,42,MEDIUM,True
EVT-0007213,False,3.26,38,MEDIUM,False
EVT-0007214,False,6.31,32,MEDIUM,False
EVT-0007215,False,2.58,21,LOW,False
EVT-0007216,True,4.58,58,HIGH,True
EVT-0007217,False,4.19,30,MEDIUM,False
EVT-0007218,False,4.53,29,LOW,False
EVT-0007219,False,9.02,36,MEDIUM,False
EVT-0007220,True,5.9,65,HIGH,True
EVT-0007221,False,6.13,41,MEDIUM,False
EVT-0007222,False,8.95,55,HIGH,False
EVT-0007223,True,5.59,38,MEDIUM,False
EVT-0007224,True,5.66,56,HIGH,True
EVT-0007225,False,1.69,34,MEDIUM,False
EVT-0007226,False,1.7,20,LOW,True
EVT-0007227,True,7.32,52,HIGH,True
EVT-0007228,True,3.6,68,HIGH,True
EVT-0007229,False,3.65,30,MEDIUM,False
EVT-0007230,False,5.86,47,MEDIUM,False
EVT-0007231,False,5.99,40,MEDIUM,False
EVT-0007232,True,5.04,51,HIGH,True
EVT-0007233,True,6.87,59,HIGH,False
EVT-0007234,False,1.66,21,LOW,False
EVT-0007235,False,2.34,18,LOW,False
EVT-0007236,True,2.74,54,HIGH,False
EVT-0007237,True,5.14,37,MEDIUM,False
EVT-0007238,True,3.56,47,MEDIUM,False
EVT-0007239,False,7.2,52,HIGH,False
EVT-0007240,False,4.49,29,LOW,False
EVT-0007241,False,5.45,54,HIGH,True
EVT-0007242,False,5.01,28,LOW,False
EVT-0007243,False,4.91,42,MEDIUM,False
EVT-0007244,True,3.48,59,HIGH,True
EVT-0007245,False,3.19,37,MEDIUM,False
EVT-0007246,False,1.35,33,MEDIUM,False
EVT-0007247,False,3.67,31,MEDIUM,False
EVT-0007248,False,5.53,35,MEDIUM,False
EVT-0007249,False,5.44,46,MEDIUM,False
EVT-0007250,False,5.07,42,MEDIUM,False
EVT-0007251,False,5.55,28,LOW,False
EVT-0007252,False,5.12,32,MEDIUM,True
EVT-0007253,True,6.42,48,MEDIUM,True
EVT-0007254,True,6.45,29,LOW,False
EVT-0007255,False,3.58,28,LOW,True
EVT-0007256,True,1.43,56,HIGH,True
EVT-0007257,False,4.07,24,LOW,False
EVT-0007258,False,7.72,44,MEDIUM,False
EVT-0007259,False,3.42,23,LOW,False
EVT-0007260,False,4.65,36,MEDIUM,False
EVT-0007261,False,2.44,41,MEDIUM,False
EVT-0007262,False,9.79,42,MEDIUM,False
EVT-0007263,False,5.41,28,LOW,False
EVT-0007264,False,5.69,19,LOW,False
EVT-0007265,True,6.92,47,MEDIUM,False
EVT-0007266,False,4.58,24,LOW,False
EVT-0007267,False,4.07,33,MEDIUM,False
EVT-0007268,True,3.81,52,HIGH,True
EVT-0007269,False,7.71,46,MEDIUM,False
EVT-0007270,False,4.15,15,LOW,False
EVT-0007271,False,7.11,35,MEDIUM,False
EVT-0007272,False,5.41,31,MEDIUM,False
EVT-0007273,True,3.01,35,MEDIUM,False
EVT-0007274,False,7.91,68,HIGH,True
EVT-0007275,False,7.2,28,LOW,False
EVT-0007276,False,4.73,32,MEDIUM,False
EVT-0007277,False,4.71,42,MEDIUM,False
EVT-0007278,False,8.01,33,MEDIUM,False
EVT-0007279,False,6.81,24,LOW,False
EVT-0007280,False,3.72,34,MEDIUM,False
EVT-0007281,False,5.65,45,MEDIUM,False
EVT-0007282,False,4.39,42,MEDIUM,False
EVT-0007283,False,5.68,28,LOW,False
EVT-0007284,False,5.2,48,MEDIUM,False
EVT-0007285,False,6.45,35,MEDIUM,False
EVT-0007286,True,5.45,48,MEDIUM,False
EVT-0007287,True,6.5,38,MEDIUM,False
EVT-0007288,False,5.67,38,MEDIUM,False
EVT-0007289,False,5.5,62,HIGH,True
EVT-0007290,False,4.56,23,LOW,False
EVT-0007291,False,8.13,63,HIGH,True
EVT-0007292,False,4.91,17,LOW,False
EVT-0007293,False,6.48,34,MEDIUM,False
EVT-0007294,True,6.1,41,MEDIUM,False
EVT-0007295,False,6.74,10,LOW,False
EVT-0007296,False,4.86,46,MEDIUM,False
EVT-0007297,False,4.77,44,MEDIUM,False
EVT-0007298,True,3.2,49,MEDIUM,False
EVT-0007299,False,4.88,51,HIGH,True
EVT-0007300,False,5.63,31,MEDIUM,False
EVT-0007301,True,7.82,62,HIGH,True
EVT-0007302,False,5.73,41,MEDIUM,False
EVT-0007303,False,5.33,36,MEDIUM,False
EVT-0007304,False,6.63,46,MEDIUM,False
EVT-0007305,False,5.07,40,MEDIUM,False
EVT-0007306,False,4.82,18,LOW,False
EVT-0007307,False,4.21,45,MEDIUM,False
EVT-0007308,False,4.69,56,HIGH,True
EVT-0007309,True,1.9,27,LOW,False
EVT-0007310,False,5.53,28,LOW,False
EVT-0007311,True,5.23,25,LOW,False
EVT-0007312,True,5.11,54,HIGH,True
EVT-0007313,False,9.04,58,HIGH,True
EVT-0007314,False,5.92,47,MEDIUM,True
EVT-0007315,False,3.18,40,MEDIUM,False
EVT-0007316,True,5.68,65,HIGH,True
EVT-0007317,False,4.41,32,MEDIUM,False
EVT-0007318,False,4.02,24,LOW,False
EVT-0007319,False,4.91,43,MEDIUM,False
EVT-0007320,False,6.82,39,MEDIUM,False
EVT-0007321,True,8.97,46,MEDIUM,False
EVT-0007322,False,3.86,55,HIGH,False
EVT-0007323,False,3.18,34,MEDIUM,False
EVT-0007324,False,4.08,48,MEDIUM,True
EVT-0007325,True,5.18,35,MEDIUM,False
EVT-0007326,True,5.22,77,CRITICAL,True
EVT-0007327,False,3.06,26,LOW,False
EVT-0007328,False,2.42,34,MEDIUM,False
EVT-0007329,False,5.54,15,LOW,False
EVT-0007330,False,2.06,40,MEDIUM,False
EVT-0007331,True,5.12,51,HIGH,True
EVT-0007332,True,3.5,54,HIGH,True
EVT-0007333,False,5.51,39,MEDIUM,False
EVT-0007334,False,5.2,28,LOW,False
EVT-0007335,False,5.43,42,MEDIUM,False
EVT-0007336,True,8.89,70,HIGH,True
EVT-0007337,False,5.53,51,HIGH,False
EVT-0007338,False,4.64,32,MEDIUM,False
EVT-0007339,False,7.17,55,HIGH,True
EVT-0007340,True,3.51,72,CRITICAL,True
EVT-0007341,False,6.37,25,LOW,False
EVT-0007342,True,5.66,48,MEDIUM,False
EVT-0007343,False,4.24,25,LOW,False
EVT-0007344,True,5.96,25,LOW,False
EVT-0007345,False,4.88,29,LOW,False
EVT-0007346,False,4.08,23,LOW,False
EVT-0007347,False,7.01,57,HIGH,True
EVT-0007348,False,3.33,30,MEDIUM,False
EVT-0007349,False,4.74,49,MEDIUM,False
EVT-0007350,False,7.07,30,MEDIUM,True
EVT-0007351,False,6.98,40,MEDIUM,False
EVT-0007352,False,2.36,25,LOW,False
EVT-0007353,False,2.35,33,MEDIUM,False
EVT-0007354,True,7.7,39,MEDIUM,True
EVT-0007355,True,6.66,54,HIGH,True
EVT-0007356,True,6.74,58,HIGH,True
EVT-0007357,False,5.88,41,MEDIUM,False
EVT-0007358,False,4.41,34,MEDIUM,False
EVT-0007359,False,6.03,35,MEDIUM,False
EVT-0007360,True,1.84,40,MEDIUM,False
EVT-0007361,True,1.66,61,HIGH,True
EVT-0007362,True,4.76,63,HIGH,True
EVT-0007363,False,5.58,33,MEDIUM,False
EVT-0007364,False,4.11,47,MEDIUM,False
EVT-0007365,False,2.83,43,MEDIUM,True
EVT-0007366,False,6.04,49,MEDIUM,False
EVT-0007367,True,5.26,54,HIGH,False
EVT-0007368,False,4.85,47,MEDIUM,False
EVT-0007369,False,2.29,34,MEDIUM,False
EVT-0007370,True,6.11,51,HIGH,True
EVT-0007371,True,9.67,77,CRITICAL,True
EVT-0007372,True,7.94,46,MEDIUM,False
EVT-0007373,False,5.4,30,MEDIUM,False
EVT-0007374,False,2.0,44,MEDIUM,True
EVT-0007375,False,2.71,44,MEDIUM,False
EVT-0007376,True,4.71,29,LOW,False
EVT-0007377,False,5.17,28,LOW,False
EVT-0007378,False,4.16,21,LOW,False
EVT-0007379,False,8.41,37,MEDIUM,False
EVT-0007380,False,4.44,32,MEDIUM,False
EVT-0007381,False,3.09,37,MEDIUM,False
EVT-0007382,False,4.09,44,MEDIUM,False
EVT-0007383,True,3.41,50,HIGH,False
EVT-0007384,False,7.04,22,LOW,False
EVT-0007385,True,3.69,46,MEDIUM,True
EVT-0007386,False,3.76,32,MEDIUM,False
EVT-0007387,False,2.19,44,MEDIUM,False
EVT-0007388,False,3.82,34,MEDIUM,False
EVT-0007389,True,10.82,60,HIGH,True
EVT-0007390,True,9.16,75,CRITICAL,True
EVT-0007391,False,4.16,24,LOW,False
EVT-0007392,False,3.98,25,LOW,False
EVT-0007393,False,7.68,46,MEDIUM,False
EVT-0007394,False,4.03,29,LOW,False
EVT-0007395,False,5.41,42,MEDIUM,False
EVT-0007396,False,3.76,53,HIGH,False
EVT-0007397,False,6.17,32,MEDIUM,False
EVT-0007398,False,3.78,29,LOW,False
EVT-0007399,False,3.76,44,MEDIUM,False
EVT-0007400,False,4.28,41,MEDIUM,False
EVT-0007401,False,7.7,59,HIGH,False
EVT-0007402,False,3.03,45,MEDIUM,False
EVT-0007403,False,2.31,42,MEDIUM,False
EVT-0007404,False,4.04,30,MEDIUM,False
EVT-0007405,False,3.76,30,MEDIUM,False
EVT-0007406,False,5.51,62,HIGH,True
EVT-0007407,False,3.55,37,MEDIUM,False
EVT-0007408,False,6.28,42,MEDIUM,False
EVT-0007409,True,9.58,78,CRITICAL,True
EVT-0007410,True,5.48,51,HIGH,False
EVT-0007411,False,3.75,20,LOW,False
EVT-0007412,False,4.67,33,MEDIUM,False
EVT-0007413,False,7.12,58,HIGH,True
EVT-0007414,False,7.08,49,MEDIUM,False
EVT-0007415,False,5.88,38,MEDIUM,False
EVT-0007416,False,3.12,20,LOW,False
EVT-0007417,True,6.63,67,HIGH,True
EVT-0007418,False,3.35,38,MEDIUM,False
EVT-0007419,False,5.4,42,MEDIUM,False
EVT-0007420,True,4.33,43,MEDIUM,False
EVT-0007421,False,3.89,35,MEDIUM,False
EVT-0007422,False,3.51,27,LOW,False
EVT-0007423,False,5.64,62,HIGH,True
EVT-0007424,False,3.04,36,MEDIUM,False
EVT-0007425,False,3.83,41,MEDIUM,False
EVT-0007426,False,4.88,47,MEDIUM,True
EVT-0007427,True,2.89,54,HIGH,False
EVT-0007428,False,6.14,49,MEDIUM,False
EVT-0007429,True,5.96,28,LOW,False
EVT-0007430,False,4.45,64,HIGH,True
EVT-0007431,False,3.74,35,MEDIUM,False
EVT-0007432,False,4.59,45,MEDIUM,False
EVT-0007433,False,3.86,24,LOW,False
EVT-0007434,True,4.24,39,MEDIUM,False
EVT-0007435,False,6.03,27,LOW,False
EVT-0007436,True,6.57,53,HIGH,False
EVT-0007437,False,0.96,28,LOW,False
EVT-0007438,True,9.98,68,HIGH,True
EVT-0007439,False,3.72,48,MEDIUM,False
EVT-0007440,False,3.64,40,MEDIUM,False
EVT-0007441,True,3.42,77,CRITICAL,True
EVT-0007442,True,2.04,42,MEDIUM,False
EVT-0007443,False,5.03,47,MEDIUM,False
EVT-0007444,False,5.57,39,MEDIUM,False
EVT-0007445,False,2.48,22,LOW,False
EVT-0007446,True,8.69,70,HIGH,True
EVT-0007447,False,6.0,43,MEDIUM,True
EVT-0007448,False,7.07,54,HIGH,True
EVT-0007449,True,8.69,43,MEDIUM,True
EVT-0007450,False,3.24,19,LOW,False
EVT-0007451,True,7.0,61,HIGH,True
EVT-0007452,False,4.9,47,MEDIUM,True
EVT-0007453,False,6.29,37,MEDIUM,False
EVT-0007454,False,3.91,20,LOW,False
EVT-0007455,False,3.68,45,MEDIUM,False
EVT-0007456,False,6.83,37,MEDIUM,False
EVT-0007457,False,5.83,46,MEDIUM,False
EVT-0007458,True,4.53,31,MEDIUM,False
EVT-0007459,False,2.63,21,LOW,False
EVT-0007460,False,2.19,31,MEDIUM,False
EVT-0007461,False,3.99,45,MEDIUM,False
EVT-0007462,False,1.65,31,MEDIUM,False
EVT-0007463,False,2.54,15,LOW,False
EVT-0007464,True,4.42,46,MEDIUM,False
EVT-0007465,False,6.39,41,MEDIUM,False
EVT-0007466,False,6.07,54,HIGH,False
EVT-0007467,True,3.2,64,HIGH,True
EVT-0007468,False,4.99,46,MEDIUM,False
EVT-0007469,False,3.43,30,MEDIUM,False
EVT-0007470,False,3.09,20,LOW,False
EVT-0007471,False,4.96,35,MEDIUM,False
EVT-0007472,False,2.94,46,MEDIUM,False
EVT-0007473,False,6.87,43,MEDIUM,False
EVT-0007474,False,4.62,18,LOW,False
EVT-0007475,True,7.51,58,HIGH,True
EVT-0007476,False,6.46,36,MEDIUM,False
EVT-0007477,False,4.43,43,MEDIUM,False
EVT-0007478,False,7.95,56,HIGH,False
EVT-0007479,False,1.55,30,MEDIUM,False
EVT-0007480,True,5.78,46,MEDIUM,False
EVT-0007481,False,5.44,42,MEDIUM,False
EVT-0007482,False,5.0,39,MEDIUM,True
EVT-0007483,True,4.55,35,MEDIUM,False
EVT-0007484,False,2.96,40,MEDIUM,False
EVT-0007485,False,3.83,56,HIGH,False
EVT-0007486,False,3.75,53,HIGH,False
EVT-0007487,False,1.42,35,MEDIUM,False
EVT-0007488,True,5.21,27,LOW,False
EVT-0007489,False,3.34,32,MEDIUM,False
EVT-0007490,False,4.28,42,MEDIUM,False
EVT-0007491,False,4.26,38,MEDIUM,False
EVT-0007492,False,9.68,44,MEDIUM,False
EVT-0007493,False,4.35,10,LOW,False
EVT-0007494,False,4.01,35,MEDIUM,False
EVT-0007495,False,6.76,46,MEDIUM,False
EVT-0007496,False,0.5,29,LOW,False
EVT-0007497,False,5.22,57,HIGH,False
EVT-0007498,True,3.7,40,MEDIUM,False
EVT-0007499,False,4.49,31,MEDIUM,False
EVT-0007500,False,8.57,57,HIGH,True
EVT-0007501,False,5.15,50,HIGH,False
EVT-0007502,False,3.3,35,MEDIUM,False
EVT-0007503,False,5.11,28,LOW,False
EVT-0007504,False,6.04,29,LOW,False
EVT-0007505,True,4.62,48,MEDIUM,False
EVT-0007506,False,2.73,39,MEDIUM,False
EVT-0007507,False,1.34,43,MEDIUM,False
EVT-0007508,True,5.26,58,HIGH,True
EVT-0007509,True,4.23,68,HIGH,False
EVT-0007510,True,5.79,46,MEDIUM,False
EVT-0007511,False,6.42,25,LOW,False
EVT-0007512,True,2.9,34,MEDIUM,False
EVT-0007513,False,5.97,33,MEDIUM,False
EVT-0007514,False,2.19,41,MEDIUM,False
EVT-0007515,False,4.63,28,LOW,False
EVT-0007516,False,7.18,61,HIGH,True
EVT-0007517,False,5.01,33,MEDIUM,False
EVT-0007518,True,4.67,55,HIGH,True
EVT-0007519,False,2.14,21,LOW,False
EVT-0007520,False,2.84,13,LOW,False
EVT-0007521,False,7.61,60,HIGH,True
EVT-0007522,False,5.2,35,MEDIUM,False
EVT-0007523,False,2.46,27,LOW,False
EVT-0007524,False,4.35,48,MEDIUM,True
EVT-0007525,False,4.09,42,MEDIUM,False
EVT-0007526,False,7.42,40,MEDIUM,False
EVT-0007527,False,2.95,38,MEDIUM,False
EVT-0007528,False,4.45,55,HIGH,False
EVT-0007529,False,4.12,50,HIGH,True
EVT-0007530,False,3.48,49,MEDIUM,False
EVT-0007531,True,3.09,78,CRITICAL,True
EVT-0007532,False,5.84,36,MEDIUM,False
EVT-0007533,True,3.66,50,HIGH,True
EVT-0007534,True,1.5,58,HIGH,True
EVT-0007535,True,6.69,54,HIGH,False
EVT-0007536,True,3.01,35,MEDIUM,False
EVT-0007537,False,7.97,48,MEDIUM,False
EVT-0007538,False,6.17,36,MEDIUM,False
EVT-0007539,False,7.7,68,HIGH,True
EVT-0007540,True,8.34,62,HIGH,True
EVT-0007541,False,5.83,25,LOW,False
EVT-0007542,False,4.74,35,MEDIUM,False
EVT-0007543,True,5.71,70,HIGH,True
EVT-0007544,True,5.01,39,MEDIUM,False
EVT-0007545,False,3.56,31,MEDIUM,False
EVT-0007546,False,4.38,38,MEDIUM,False
EVT-0007547,False,4.15,51,HIGH,False
EVT-0007548,True,3.2,76,CRITICAL,True
EVT-0007549,False,3.28,26,LOW,False
EVT-0007550,False,5.01,27,LOW,False
EVT-0007551,False,3.9,42,MEDIUM,False
EVT-0007552,False,3.87,51,HIGH,False
EVT-0007553,False,3.5,42,MEDIUM,False
EVT-0007554,False,4.29,44,MEDIUM,False
EVT-0007555,True,7.39,50,HIGH,True
EVT-0007556,False,3.93,33,MEDIUM,False
EVT-0007557,True,4.54,57,HIGH,True
EVT-0007558,False,6.81,55,HIGH,False
EVT-0007559,False,4.96,38,MEDIUM,False
EVT-0007560,True,6.05,56,HIGH,False
EVT-0007561,False,7.43,52,HIGH,True
EVT-0007562,False,3.48,48,MEDIUM,True
EVT-0007563,False,5.84,50,HIGH,False
EVT-0007564,True,7.99,56,HIGH,True
EVT-0007565,False,2.59,32,MEDIUM,True
EVT-0007566,False,4.08,48,MEDIUM,True
EVT-0007567,True,6.16,52,HIGH,True
EVT-0007568,True,11.38,77,CRITICAL,True
EVT-0007569,False,4.6,41,MEDIUM,False
EVT-0007570,False,3.51,22,LOW,False
EVT-0007571,False,4.89,28,LOW,False
EVT-0007572,True,4.72,56,HIGH,True
EVT-0007573,False,2.51,34,MEDIUM,False
EVT-0007574,False,6.75,39,MEDIUM,False
EVT-0007575,False,5.4,58,HIGH,True
EVT-0007576,False,3.18,40,MEDIUM,False
EVT-0007577,False,8.02,47,MEDIUM,False
EVT-0007578,True,5.44,34,MEDIUM,False
EVT-0007579,False,3.38,24,LOW,False
EVT-0007580,False,2.99,25,LOW,False
EVT-0007581,False,7.35,63,HIGH,False
EVT-0007582,True,5.42,52,HIGH,True
EVT-0007583,False,4.99,45,MEDIUM,True
EVT-0007584,False,4.75,27,LOW,False
EVT-0007585,False,6.15,49,MEDIUM,False
EVT-0007586,False,1.49,33,MEDIUM,False
EVT-0007587,False,5.69,24,LOW,False
EVT-0007588,False,5.77,37,MEDIUM,False
EVT-0007589,False,3.97,44,MEDIUM,False
EVT-0007590,False,1.51,24,LOW,False
EVT-0007591,True,7.98,63,HIGH,True
EVT-0007592,True,4.22,41,MEDIUM,False
EVT-0007593,False,4.32,48,MEDIUM,False
EVT-0007594,False,5.02,23,LOW,False
EVT-0007595,False,5.83,17,LOW,False
EVT-0007596,False,5.54,52,HIGH,True
EVT-0007597,False,5.4,35,MEDIUM,False
EVT-0007598,True,5.0,74,CRITICAL,True
EVT-0007599,False,5.84,54,HIGH,True
EVT-0007600,False,7.15,38,MEDIUM,False
EVT-0007601,False,8.59,65,HIGH,True
EVT-0007602,False,4.63,34,MEDIUM,False
EVT-0007603,False,4.34,24,LOW,False
EVT-0007604,False,4.04,50,HIGH,False
EVT-0007605,False,6.91,44,MEDIUM,False
EVT-0007606,False,7.28,69,HIGH,False
EVT-0007607,False,5.22,28,LOW,False
EVT-0007608,True,7.01,48,MEDIUM,False
EVT-0007609,True,3.84,61,HIGH,True
EVT-0007610,True,6.83,61,HIGH,True
EVT-0007611,False,4.04,45,MEDIUM,False
EVT-0007612,False,5.71,48,MEDIUM,False
EVT-0007613,True,8.69,53,HIGH,True
EVT-0007614,False,4.71,28,LOW,False
EVT-0007615,False,2.92,28,LOW,False
EVT-0007616,False,4.88,41,MEDIUM,False
EVT-0007617,False,1.87,12,LOW,False
EVT-0007618,False,7.27,49,MEDIUM,True
EVT-0007619,False,3.48,35,MEDIUM,False
EVT-0007620,True,5.45,61,HIGH,False
EVT-0007621,False,3.72,54,HIGH,True
EVT-0007622,False,2.94,27,LOW,False
EVT-0007623,False,3.66,23,LOW,False
EVT-0007624,False,3.23,24,LOW,False
EVT-0007625,True,4.25,44,MEDIUM,False
EVT-0007626,False,5.14,51,HIGH,True
EVT-0007627,True,7.26,28,LOW,False
EVT-0007628,True,5.09,50,HIGH,False
EVT-0007629,False,5.34,45,MEDIUM,False
EVT-0007630,True,8.14,39,MEDIUM,False
EVT-0007631,False,3.44,35,MEDIUM,False
EVT-0007632,False,3.24,47,MEDIUM,False
EVT-0007633,False,2.43,26,LOW,False
EVT-0007634,True,3.21,55,HIGH,False
EVT-0007635,True,2.92,56,HIGH,False
EVT-0007636,True,6.69,45,MEDIUM,False
EVT-0007637,False,6.34,34,MEDIUM,False
EVT-0007638,False,2.77,21,LOW,False
EVT-0007639,False,3.81,28,LOW,False
EVT-0007640,True,8.06,67,HIGH,True
EVT-0007641,False,6.17,27,LOW,False
EVT-0007642,False,10.67,63,HIGH,True
EVT-0007643,True,4.8,55,HIGH,False
EVT-0007644,False,2.73,33,MEDIUM,False
EVT-0007645,True,6.11,38,MEDIUM,False
EVT-0007646,False,6.1,45,MEDIUM,False
EVT-0007647,False,4.77,24,LOW,False
EVT-0007648,True,5.89,44,MEDIUM,False
EVT-0007649,False,8.75,57,HIGH,True
EVT-0007650,False,4.6,32,MEDIUM,False
EVT-0007651,True,6.2,63,HIGH,False
EVT-0007652,False,5.59,20,LOW,False
EVT-0007653,True,7.52,68,HIGH,True
EVT-0007654,False,3.64,47,MEDIUM,False
EVT-0007655,True,7.31,60,HIGH,True
EVT-0007656,False,1.46,42,MEDIUM,False
EVT-0007657,False,4.32,28,LOW,False
EVT-0007658,False,3.62,30,MEDIUM,False
EVT-0007659,True,3.87,41,MEDIUM,False
EVT-0007660,True,5.88,50,HIGH,False
EVT-0007661,False,5.54,40,MEDIUM,True
EVT-0007662,False,5.7,55,HIGH,False
EVT-0007663,True,6.0,58,HIGH,True
EVT-0007664,False,4.24,34,MEDIUM,False
EVT-0007665,False,3.51,41,MEDIUM,False
EVT-0007666,True,5.39,39,MEDIUM,False
EVT-0007667,True,5.06,71,HIGH,True
EVT-0007668,False,5.71,32,MEDIUM,False
EVT-0007669,False,5.23,57,HIGH,False
EVT-0007670,True,3.73,26,LOW,False
EVT-0007671,False,5.48,58,HIGH,True
EVT-0007672,False,5.11,54,HIGH,True
EVT-0007673,False,3.11,40,MEDIUM,False
EVT-0007674,False,3.76,20,LOW,False
EVT-0007675,True,3.21,48,MEDIUM,False
EVT-0007676,True,8.63,60,HIGH,True
EVT-0007677,False,7.11,55,HIGH,False
EVT-0007678,False,2.73,36,MEDIUM,False
EVT-0007679,True,5.85,56,HIGH,True
EVT-0007680,True,8.77,47,MEDIUM,True
EVT-0007681,False,3.36,33,MEDIUM,False
EVT-0007682,False,4.36,13,LOW,False
EVT-0007683,False,3.34,47,MEDIUM,False
EVT-0007684,False,2.54,28,LOW,False
EVT-0007685,True,6.71,53,HIGH,False
EVT-0007686,True,5.87,55,HIGH,True
EVT-0007687,False,4.18,58,HIGH,False
EVT-0007688,False,2.57,45,MEDIUM,True
EVT-0007689,False,6.12,25,LOW,False
EVT-0007690,True,9.74,83,CRITICAL,True
EVT-0007691,False,3.92,31,MEDIUM,False
EVT-0007692,True,4.66,46,MEDIUM,False
EVT-0007693,False,2.16,31,MEDIUM,False
EVT-0007694,False,4.7,36,MEDIUM,False
EVT-0007695,False,4.44,40,MEDIUM,False
EVT-0007696,False,4.45,50,HIGH,False
EVT-0007697,True,4.56,25,LOW,False
EVT-0007698,False,6.47,44,MEDIUM,False
EVT-0007699,False,5.27,40,MEDIUM,False
EVT-0007700,False,3.24,48,MEDIUM,False
EVT-0007701,True,4.66,34,MEDIUM,False
EVT-0007702,False,7.85,63,HIGH,True
EVT-0007703,True,7.24,69,HIGH,True
EVT-0007704,True,7.16,64,HIGH,True
EVT-0007705,False,4.2,14,LOW,False
EVT-0007706,True,3.86,40,MEDIUM,False
EVT-0007707,True,2.85,58,HIGH,False
EVT-0007708,False,6.61,50,HIGH,True
EVT-0007709,True,6.53,42,MEDIUM,True
EVT-0007710,False,4.09,35,MEDIUM,False
EVT-0007711,True,7.66,57,HIGH,False
EVT-0007712,False,1.33,41,MEDIUM,False
EVT-0007713,False,5.78,30,MEDIUM,False
EVT-0007714,True,4.68,40,MEDIUM,True
EVT-0007715,False,4.76,27,LOW,False
EVT-0007716,False,5.85,27,LOW,False
EVT-0007717,False,4.14,39,MEDIUM,False
EVT-0007718,False,2.85,51,HIGH,False
EVT-0007719,False,7.48,40,MEDIUM,False
EVT-0007720,False,5.23,61,HIGH,True
EVT-0007721,False,6.47,36,MEDIUM,False
EVT-0007722,True,6.98,50,HIGH,True
EVT-0007723,True,6.3,55,HIGH,False
EVT-0007724,False,4.54,13,LOW,False
EVT-0007725,True,8.22,77,CRITICAL,True
EVT-0007726,False,5.1,30,MEDIUM,False
EVT-0007727,True,5.35,46,MEDIUM,True
EVT-0007728,False,6.0,52,HIGH,False
EVT-0007729,False,7.83,37,MEDIUM,True
EVT-0007730,True,6.63,33,MEDIUM,False
EVT-0007731,False,3.98,63,HIGH,True
EVT-0007732,True,5.81,49,MEDIUM,False
EVT-0007733,False,5.91,30,MEDIUM,True
EVT-0007734,False,4.86,57,HIGH,True
EVT-0007735,False,3.42,39,MEDIUM,False
EVT-0007736,False,8.12,60,HIGH,False
EVT-0007737,False,4.19,23,LOW,False
EVT-0007738,False,0.5,26,LOW,False
EVT-0007739,False,5.73,44,MEDIUM,False
EVT-0007740,False,4.62,25,LOW,False
EVT-0007741,False,6.21,44,MEDIUM,False
EVT-0007742,True,7.26,49,MEDIUM,False
EVT-0007743,False,4.81,41,MEDIUM,False
EVT-0007744,False,3.84,39,MEDIUM,False
EVT-0007745,False,6.98,38,MEDIUM,False
EVT-0007746,False,3.85,27,LOW,False
EVT-0007747,True,6.42,66,HIGH,True
EVT-0007748,True,6.02,44,MEDIUM,True
EVT-0007749,False,5.3,29,LOW,False
EVT-0007750,False,3.06,35,MEDIUM,False
EVT-0007751,False,5.38,55,HIGH,True
EVT-0007752,False,5.92,39,MEDIUM,False
EVT-0007753,False,5.49,37,MEDIUM,False
EVT-0007754,False,3.34,41,MEDIUM,False
EVT-0007755,False,5.86,44,MEDIUM,False
EVT-0007756,False,4.36,40,MEDIUM,False
EVT-0007757,False,6.02,69,HIGH,True
EVT-0007758,True,3.23,38,MEDIUM,False
EVT-0007759,False,5.96,24,LOW,False
EVT-0007760,True,6.33,39,MEDIUM,False
EVT-0007761,False,4.69,24,LOW,False
EVT-0007762,True,5.21,25,LOW,False
EVT-0007763,False,3.33,36,MEDIUM,False
EVT-0007764,False,5.36,33,MEDIUM,False
EVT-0007765,True,7.25,70,HIGH,True
EVT-0007766,False,2.0,24,LOW,False
EVT-0007767,True,6.68,64,HIGH,True
EVT-0007768,False,4.2,51,HIGH,False
EVT-0007769,False,5.07,31,MEDIUM,False
EVT-0007770,False,8.86,61,HIGH,True
EVT-0007771,False,3.61,45,MEDIUM,False
EVT-0007772,True,7.42,79,CRITICAL,True
EVT-0007773,True,8.61,55,HIGH,False
EVT-0007774,False,2.17,37,MEDIUM,False
EVT-0007775,False,4.85,24,LOW,False
EVT-0007776,True,6.97,54,HIGH,True
EVT-0007777,True,5.48,55,HIGH,True
EVT-0007778,False,3.4,30,MEDIUM,False
EVT-0007779,True,8.15,75,CRITICAL,True
EVT-0007780,False,3.55,36,MEDIUM,False
EVT-0007781,True,5.87,70,HIGH,True
EVT-0007782,False,6.02,54,HIGH,True
EVT-0007783,False,7.47,53,HIGH,True
EVT-0007784,False,4.62,45,MEDIUM,False
EVT-0007785,False,3.98,41,MEDIUM,False
EVT-0007786,False,3.49,31,MEDIUM,False
EVT-0007787,False,3.28,48,MEDIUM,False
EVT-0007788,False,4.59,26,LOW,False
EVT-0007789,True,9.82,58,HIGH,True
EVT-0007790,True,3.48,53,HIGH,True
EVT-0007791,False,3.48,40,MEDIUM,False
EVT-0007792,False,4.61,35,MEDIUM,False
EVT-0007793,False,3.92,39,MEDIUM,False
EVT-0007794,True,5.05,55,HIGH,False
EVT-0007795,False,5.43,42,MEDIUM,False
EVT-0007796,True,7.51,67,HIGH,True
EVT-0007797,False,4.58,38,MEDIUM,False
EVT-0007798,True,4.23,59,HIGH,True
EVT-0007799,False,3.58,25,LOW,False
EVT-0007800,False,3.52,55,HIGH,True
EVT-0007801,False,4.82,43,MEDIUM,False
EVT-0007802,True,8.51,69,HIGH,True
EVT-0007803,True,4.56,56,HIGH,False
EVT-0007804,True,5.9,67,HIGH,True
EVT-0007805,False,3.29,28,LOW,False
EVT-0007806,True,6.19,43,MEDIUM,False
EVT-0007807,True,6.21,52,HIGH,True
EVT-0007808,False,4.7,35,MEDIUM,False
EVT-0007809,False,5.1,35,MEDIUM,False
EVT-0007810,False,5.48,46,MEDIUM,False
EVT-0007811,False,2.76,35,MEDIUM,False
EVT-0007812,False,3.04,39,MEDIUM,True
EVT-0007813,False,4.49,39,MEDIUM,False
EVT-0007814,True,4.24,38,MEDIUM,False
EVT-0007815,False,2.43,23,LOW,False
EVT-0007816,False,2.71,30,MEDIUM,False
EVT-0007817,False,5.68,61,HIGH,True
EVT-0007818,True,6.18,49,MEDIUM,True
EVT-0007819,True,6.68,68,HIGH,True
EVT-0007820,False,3.49,29,LOW,False
EVT-0007821,False,7.86,50,HIGH,True
EVT-0007822,False,3.88,40,MEDIUM,True
EVT-0007823,False,5.56,58,HIGH,False
EVT-0007824,False,4.38,35,MEDIUM,False
EVT-0007825,False,4.45,39,MEDIUM,False
EVT-0007826,False,4.13,25,LOW,False
EVT-0007827,False,7.57,52,HIGH,False
EVT-0007828,False,3.35,34,MEDIUM,False
EVT-0007829,False,5.8,15,LOW,False
EVT-0007830,False,6.31,34,MEDIUM,False
EVT-0007831,False,4.22,30,MEDIUM,False
EVT-0007832,False,4.96,45,MEDIUM,False
EVT-0007833,False,4.12,47,MEDIUM,True
EVT-0007834,False,5.16,41,MEDIUM,False
EVT-0007835,False,4.62,28,LOW,False
EVT-0007836,False,5.59,28,LOW,False
EVT-0007837,True,4.24,36,MEDIUM,False
EVT-0007838,False,1.07,41,MEDIUM,False
EVT-0007839,False,2.9,33,MEDIUM,False
EVT-0007840,False,2.0,43,MEDIUM,False
EVT-0007841,False,4.22,25,LOW,False
EVT-0007842,False,5.75,31,MEDIUM,False
EVT-0007843,True,5.9,45,MEDIUM,True
EVT-0007844,True,1.92,48,MEDIUM,False
EVT-0007845,False,1.53,26,LOW,False
EVT-0007846,False,3.49,42,MEDIUM,False
EVT-0007847,False,4.26,45,MEDIUM,True
EVT-0007848,True,6.81,64,HIGH,False
EVT-0007849,False,4.48,42,MEDIUM,False
EVT-0007850,False,3.55,34,MEDIUM,False
EVT-0007851,False,5.93,54,HIGH,False
EVT-0007852,True,3.93,55,HIGH,False
EVT-0007853,False,3.78,33,MEDIUM,False
EVT-0007854,False,0.89,24,LOW,False
EVT-0007855,True,6.09,47,MEDIUM,True
EVT-0007856,False,6.28,37,MEDIUM,False
EVT-0007857,False,5.25,25,LOW,False
EVT-0007858,False,6.1,34,MEDIUM,False
EVT-0007859,False,4.54,66,HIGH,True
EVT-0007860,False,6.53,59,HIGH,True
EVT-0007861,False,5.44,43,MEDIUM,False
EVT-0007862,False,2.35,43,MEDIUM,False
EVT-0007863,True,6.81,55,HIGH,False
EVT-0007864,False,3.21,45,MEDIUM,False
EVT-0007865,True,7.51,68,HIGH,True
EVT-0007866,False,8.28,40,MEDIUM,False
EVT-0007867,False,3.85,28,LOW,False
EVT-0007868,False,2.53,25,LOW,False
EVT-0007869,True,9.86,56,HIGH,False
EVT-0007870,False,5.73,44,MEDIUM,False
EVT-0007871,True,5.57,57,HIGH,True
EVT-0007872,False,7.12,50,HIGH,False
EVT-0007873,False,4.41,42,MEDIUM,False
EVT-0007874,False,5.37,21,LOW,False
EVT-0007875,False,5.57,42,MEDIUM,False
EVT-0007876,True,5.23,41,MEDIUM,False
EVT-0007877,False,6.09,51,HIGH,True
EVT-0007878,False,4.84,48,MEDIUM,True
EVT-0007879,False,8.12,57,HIGH,False
EVT-0007880,True,1.64,43,MEDIUM,False
EVT-0007881,False,4.52,51,HIGH,True
EVT-0007882,False,3.93,40,MEDIUM,False
EVT-0007883,False,1.86,38,MEDIUM,False
EVT-0007884,True,6.84,76,CRITICAL,True
EVT-0007885,True,4.09,36,MEDIUM,False
EVT-0007886,True,7.18,67,HIGH,True
EVT-0007887,False,3.58,42,MEDIUM,False
EVT-0007888,False,1.27,28,LOW,False
EVT-0007889,False,6.15,31,MEDIUM,True
EVT-0007890,False,6.15,54,HIGH,True
EVT-0007891,True,8.42,74,CRITICAL,True
EVT-0007892,True,4.15,38,MEDIUM,False
EVT-0007893,False,6.94,46,MEDIUM,True
EVT-0007894,False,3.22,24,LOW,False
EVT-0007895,False,11.78,63,HIGH,True
EVT-0007896,False,5.16,40,MEDIUM,False
EVT-0007897,False,5.95,47,MEDIUM,False
EVT-0007898,False,3.37,30,MEDIUM,True
EVT-0007899,False,2.96,30,MEDIUM,False
EVT-0007900,False,4.31,36,MEDIUM,False
EVT-0007901,False,7.31,66,HIGH,True
EVT-0007902,False,2.18,33,MEDIUM,False
EVT-0007903,False,4.96,38,MEDIUM,False
EVT-0007904,False,6.01,29,LOW,True
EVT-0007905,True,7.42,65,HIGH,True
EVT-0007906,False,5.64,34,MEDIUM,False
EVT-0007907,False,5.65,37,MEDIUM,False
EVT-0007908,False,8.13,48,MEDIUM,True
EVT-0007909,False,3.29,50,HIGH,False
EVT-0007910,False,7.08,59,HIGH,True
EVT-0007911,False,7.08,41,MEDIUM,False
EVT-0007912,False,5.13,42,MEDIUM,False
EVT-0007913,False,4.32,48,MEDIUM,False
EVT-0007914,True,4.67,60,HIGH,False
EVT-0007915,False,5.84,35,MEDIUM,False
EVT-0007916,True,6.21,64,HIGH,False
EVT-0007917,True,6.94,52,HIGH,True
EVT-0007918,False,4.66,53,HIGH,True
EVT-0007919,False,1.78,50,HIGH,False
EVT-0007920,True,3.94,38,MEDIUM,False
EVT-0007921,False,4.85,66,HIGH,False
EVT-0007922,True,1.66,54,HIGH,False
EVT-0007923,False,4.93,37,MEDIUM,True
EVT-0007924,False,4.13,55,HIGH,False
EVT-0007925,False,6.93,39,MEDIUM,True
EVT-0007926,False,4.76,33,MEDIUM,False
EVT-0007927,True,5.27,41,MEDIUM,False
EVT-0007928,True,7.5,77,CRITICAL,True
EVT-0007929,True,7.44,55,HIGH,False
EVT-0007930,False,4.68,27,LOW,False
EVT-0007931,False,3.84,35,MEDIUM,False
EVT-0007932,False,6.05,43,MEDIUM,False
EVT-0007933,False,3.33,59,HIGH,False
EVT-0007934,False,7.39,27,LOW,False
EVT-0007935,False,5.0,34,MEDIUM,False
EVT-0007936,True,7.56,74,CRITICAL,True
EVT-0007937,False,4.1,31,MEDIUM,False
EVT-0007938,False,4.14,30,MEDIUM,False
EVT-0007939,True,6.2,73,CRITICAL,True
EVT-0007940,True,5.49,76,CRITICAL,True
EVT-0007941,True,6.03,58,HIGH,True
EVT-0007942,True,3.61,68,HIGH,True
EVT-0007943,False,5.55,40,MEDIUM,False
EVT-0007944,False,4.15,56,HIGH,False
EVT-0007945,False,7.62,83,CRITICAL,True
EVT-0007946,False,4.51,46,MEDIUM,False
EVT-0007947,False,4.76,29,LOW,False
EVT-0007948,True,8.32,56,HIGH,False
EVT-0007949,False,3.22,26,LOW,False
EVT-0007950,False,6.13,41,MEDIUM,False
EVT-0007951,True,2.52,66,HIGH,False
EVT-0007952,False,5.95,37,MEDIUM,False
EVT-0007953,False,2.57,38,MEDIUM,False
EVT-0007954,False,6.01,64,HIGH,True
EVT-0007955,False,4.88,30,MEDIUM,False
EVT-0007956,True,5.3,52,HIGH,False
EVT-0007957,False,4.14,41,MEDIUM,False
EVT-0007958,True,4.83,24,LOW,False
EVT-0007959,False,3.52,21,LOW,False
EVT-0007960,False,5.65,49,MEDIUM,False
EVT-0007961,False,6.85,49,MEDIUM,False
EVT-0007962,False,5.3,34,MEDIUM,False
EVT-0007963,False,3.19,21,LOW,False
EVT-0007964,False,3.07,50,HIGH,False
EVT-0007965,False,5.28,65,HIGH,True
EVT-0007966,False,3.35,24,LOW,False
EVT-0007967,False,3.29,20,LOW,False
EVT-0007968,True,7.1,64,HIGH,False
EVT-0007969,False,3.6,50,HIGH,True
EVT-0007970,False,5.38,36,MEDIUM,False
EVT-0007971,False,4.12,26,LOW,False
EVT-0007972,False,1.03,25,LOW,False
EVT-0007973,True,2.67,34,MEDIUM,False
EVT-0007974,False,2.46,32,MEDIUM,False
EVT-0007975,True,6.07,47,MEDIUM,False
EVT-0007976,True,5.01,56,HIGH,False
EVT-0007977,True,5.52,47,MEDIUM,True
EVT-0007978,True,4.52,76,CRITICAL,True
EVT-0007979,True,2.31,23,LOW,False
EVT-0007980,True,7.25,72,CRITICAL,True
EVT-0007981,True,4.98,30,MEDIUM,False
EVT-0007982,False,1.58,26,LOW,False
EVT-0007983,False,6.98,62,HIGH,True
EVT-0007984,False,3.93,42,MEDIUM,False
EVT-0007985,True,6.85,49,MEDIUM,True
EVT-0007986,True,4.04,40,MEDIUM,False
EVT-0007987,False,6.21,29,LOW,False
EVT-0007988,False,5.06,36,MEDIUM,False
EVT-0007989,False,2.54,12,LOW,False
EVT-0007990,True,4.93,44,MEDIUM,False
EVT-0007991,True,6.68,79,CRITICAL,True
EVT-0007992,False,3.69,25,LOW,True
EVT-0007993,False,3.79,29,LOW,False
EVT-0007994,False,6.51,52,HIGH,False
EVT-0007995,True,7.64,45,MEDIUM,False
EVT-0007996,True,4.89,66,HIGH,True
EVT-0007997,False,10.15,61,HIGH,False
EVT-0007998,False,4.59,34,MEDIUM,False
EVT-0007999,False,4.08,42,MEDIUM,False
EVT-0008000,False,1.84,26,LOW,False
EVT-0008001,False,4.44,39,MEDIUM,False
EVT-0008002,False,5.72,52,HIGH,True
EVT-0008003,False,3.39,49,MEDIUM,False
EVT-0008004,False,5.67,33,MEDIUM,False
EVT-0008005,False,4.69,42,MEDIUM,False
EVT-0008006,False,3.82,23,LOW,False
EVT-0008007,False,6.11,54,HIGH,False
EVT-0008008,True,5.11,47,MEDIUM,False
EVT-0008009,False,6.86,50,HIGH,True
EVT-0008010,True,7.53,67,HIGH,True
EVT-0008011,False,4.19,29,LOW,False
EVT-0008012,True,4.52,30,MEDIUM,False
EVT-0008013,True,3.92,55,HIGH,True
EVT-0008014,False,5.74,43,MEDIUM,True
EVT-0008015,False,2.7,31,MEDIUM,False
EVT-0008016,False,4.67,34,MEDIUM,False
EVT-0008017,True,5.29,48,MEDIUM,False
EVT-0008018,False,2.03,45,MEDIUM,False
EVT-0008019,False,3.81,44,MEDIUM,False
EVT-0008020,False,3.62,34,MEDIUM,False
EVT-0008021,False,4.14,31,MEDIUM,False
EVT-0008022,False,3.87,40,MEDIUM,False
EVT-0008023,False,4.17,39,MEDIUM,False
EVT-0008024,False,5.26,61,HIGH,True
EVT-0008025,False,6.02,62,HIGH,True
EVT-0008026,False,3.86,55,HIGH,True
EVT-0008027,False,3.52,18,LOW,False
EVT-0008028,False,3.96,40,MEDIUM,False
EVT-0008029,False,3.06,17,LOW,False
EVT-0008030,False,4.0,26,LOW,False
EVT-0008031,False,5.54,42,MEDIUM,False
EVT-0008032,False,4.63,40,MEDIUM,False
EVT-0008033,False,6.55,50,HIGH,False
EVT-0008034,False,1.95,28,LOW,False
EVT-0008035,True,5.87,68,HIGH,True
EVT-0008036,False,2.97,51,HIGH,False
EVT-0008037,False,2.8,41,MEDIUM,False
EVT-0008038,False,3.98,37,MEDIUM,True
EVT-0008039,False,4.85,15,LOW,False
EVT-0008040,False,4.45,21,LOW,False
EVT-0008041,False,9.08,55,HIGH,True
EVT-0008042,False,9.22,67,HIGH,True
EVT-0008043,False,5.99,49,MEDIUM,True
EVT-0008044,False,7.33,50,HIGH,False
EVT-0008045,True,2.68,52,HIGH,True
EVT-0008046,True,4.35,73,CRITICAL,True
EVT-0008047,False,3.45,30,MEDIUM,False
EVT-0008048,False,5.89,44,MEDIUM,False
EVT-0008049,False,4.17,33,MEDIUM,True
EVT-0008050,False,4.18,57,HIGH,False
EVT-0008051,False,5.73,46,MEDIUM,True
EVT-0008052,True,6.29,55,HIGH,True
EVT-0008053,False,10.37,36,MEDIUM,False
EVT-0008054,False,2.77,29,LOW,False
EVT-0008055,False,3.67,57,HIGH,False
EVT-0008056,True,2.21,49,MEDIUM,True
EVT-0008057,True,5.22,33,MEDIUM,False
EVT-0008058,False,1.25,56,HIGH,False
EVT-0008059,False,8.76,48,MEDIUM,False
EVT-0008060,True,5.03,41,MEDIUM,False
EVT-0008061,False,4.58,33,MEDIUM,False
EVT-0008062,False,6.77,58,HIGH,False
EVT-0008063,False,3.7,39,MEDIUM,False
EVT-0008064,False,2.63,24,LOW,False
EVT-0008065,False,2.16,21,LOW,False
EVT-0008066,True,5.96,46,MEDIUM,False
EVT-0008067,False,4.57,24,LOW,False
EVT-0008068,False,5.78,50,HIGH,False
EVT-0008069,False,1.5,33,MEDIUM,False
EVT-0008070,False,6.04,23,LOW,False
EVT-0008071,True,6.04,56,HIGH,True
EVT-0008072,False,3.5,27,LOW,True
EVT-0008073,False,3.27,27,LOW,False
EVT-0008074,False,3.14,39,MEDIUM,False
EVT-0008075,False,4.88,24,LOW,False
EVT-0008076,False,5.4,20,LOW,False
EVT-0008077,True,5.54,75,CRITICAL,True
EVT-0008078,False,7.7,45,MEDIUM,False
EVT-0008079,True,6.3,56,HIGH,False
EVT-0008080,True,4.93,40,MEDIUM,False
EVT-0008081,False,5.69,53,HIGH,False
EVT-0008082,False,6.36,49,MEDIUM,False
EVT-0008083,False,6.63,45,MEDIUM,False
EVT-0008084,False,7.01,39,MEDIUM,True
EVT-0008085,False,2.89,21,LOW,False
EVT-0008086,False,2.94,28,LOW,False
EVT-0008087,False,5.9,40,MEDIUM,False
EVT-0008088,True,10.35,45,MEDIUM,True
EVT-0008089,True,9.76,67,HIGH,True
EVT-0008090,False,5.57,50,HIGH,True
EVT-0008091,False,7.9,62,HIGH,True
EVT-0008092,True,3.92,66,HIGH,True
EVT-0008093,True,5.4,67,HIGH,True
EVT-0008094,False,3.62,27,LOW,False
EVT-0008095,False,9.48,57,HIGH,True
EVT-0008096,True,4.59,45,MEDIUM,False
EVT-0008097,True,6.47,44,MEDIUM,False
EVT-0008098,True,7.03,48,MEDIUM,False
EVT-0008099,False,4.04,37,MEDIUM,False
EVT-0008100,False,4.24,27,LOW,False
EVT-0008101,False,3.86,37,MEDIUM,False
EVT-0008102,True,7.08,31,MEDIUM,False
EVT-0008103,False,2.94,45,MEDIUM,False
EVT-0008104,True,6.34,53,HIGH,True
EVT-0008105,False,4.32,49,MEDIUM,True
EVT-0008106,True,5.19,36,MEDIUM,True
EVT-0008107,False,6.85,49,MEDIUM,True
EVT-0008108,False,2.93,14,LOW,False
EVT-0008109,False,3.12,21,LOW,False
EVT-0008110,False,4.73,50,HIGH,False
EVT-0008111,False,5.3,30,MEDIUM,True
EVT-0008112,False,6.64,45,MEDIUM,False
EVT-0008113,False,3.4,41,MEDIUM,False
EVT-0008114,False,3.08,28,LOW,False
EVT-0008115,False,7.97,40,MEDIUM,False
EVT-0008116,False,5.67,34,MEDIUM,False
EVT-0008117,False,1.01,20,LOW,False
EVT-0008118,False,5.04,34,MEDIUM,False
EVT-0008119,False,4.08,44,MEDIUM,False
EVT-0008120,False,8.29,50,HIGH,True
EVT-0008121,True,8.99,72,CRITICAL,True
EVT-0008122,True,6.16,66,HIGH,True
EVT-0008123,False,3.46,32,MEDIUM,False
EVT-0008124,False,5.08,84,CRITICAL,True
EVT-0008125,False,3.3,50,HIGH,False
EVT-0008126,True,6.68,80,CRITICAL,True
EVT-0008127,True,1.68,49,MEDIUM,False
EVT-0008128,False,6.44,40,MEDIUM,False
EVT-0008129,False,4.82,25,LOW,False
EVT-0008130,False,3.85,29,LOW,False
EVT-0008131,False,4.89,38,MEDIUM,False
EVT-0008132,False,5.26,31,MEDIUM,False
EVT-0008133,False,4.29,13,LOW,False
EVT-0008134,True,6.47,49,MEDIUM,True
EVT-0008135,True,2.34,37,MEDIUM,False
EVT-0008136,False,1.88,47,MEDIUM,False
EVT-0008137,False,5.49,44,MEDIUM,False
EVT-0008138,True,6.69,41,MEDIUM,False
EVT-0008139,False,4.14,45,MEDIUM,False
EVT-0008140,False,4.13,36,MEDIUM,False
EVT-0008141,False,7.07,39,MEDIUM,False
EVT-0008142,True,7.11,79,CRITICAL,True
EVT-0008143,False,6.15,42,MEDIUM,False
EVT-0008144,False,6.26,52,HIGH,True
EVT-0008145,True,4.28,12,LOW,False
EVT-0008146,False,3.88,26,LOW,False
EVT-0008147,True,3.31,59,HIGH,False
EVT-0008148,False,3.69,32,MEDIUM,False
EVT-0008149,False,7.13,46,MEDIUM,False
EVT-0008150,True,9.95,69,HIGH,True
EVT-0008151,True,9.0,56,HIGH,True
EVT-0008152,False,7.12,41,MEDIUM,False
EVT-0008153,False,3.18,26,LOW,False
EVT-0008154,True,6.69,42,MEDIUM,True
EVT-0008155,False,4.21,23,LOW,False
EVT-0008156,True,7.45,78,CRITICAL,True
EVT-0008157,False,4.17,53,HIGH,True
EVT-0008158,False,2.98,41,MEDIUM,False
EVT-0008159,False,3.11,23,LOW,False
EVT-0008160,False,4.56,22,LOW,False
EVT-0008161,False,6.03,35,MEDIUM,False
EVT-0008162,False,3.44,39,MEDIUM,False
EVT-0008163,False,3.3,18,LOW,False
EVT-0008164,False,2.97,14,LOW,False
EVT-0008165,False,3.13,33,MEDIUM,False
EVT-0008166,False,1.79,34,MEDIUM,False
EVT-0008167,False,1.96,41,MEDIUM,False
EVT-0008168,True,8.06,71,HIGH,True
EVT-0008169,True,7.41,56,HIGH,False
EVT-0008170,False,4.33,39,MEDIUM,False
EVT-0008171,False,8.09,54,HIGH,True
EVT-0008172,True,8.12,55,HIGH,False
EVT-0008173,True,3.61,51,HIGH,True
EVT-0008174,False,7.75,51,HIGH,True
EVT-0008175,False,3.49,28,LOW,False
EVT-0008176,False,5.63,60,HIGH,False
EVT-0008177,True,5.67,76,CRITICAL,False
EVT-0008178,False,6.44,59,HIGH,True
EVT-0008179,False,6.39,16,LOW,False
EVT-0008180,False,5.36,39,MEDIUM,False
EVT-0008181,False,5.83,25,LOW,False
EVT-0008182,True,7.41,51,HIGH,True
EVT-0008183,False,5.71,49,MEDIUM,False
EVT-0008184,False,0.73,30,MEDIUM,False
EVT-0008185,True,3.89,40,MEDIUM,False
EVT-0008186,False,4.19,45,MEDIUM,False
EVT-0008187,False,2.1,36,MEDIUM,False
EVT-0008188,True,6.66,40,MEDIUM,False
EVT-0008189,True,3.05,50,HIGH,False
EVT-0008190,True,6.33,57,HIGH,True
EVT-0008191,False,6.2,44,MEDIUM,False
EVT-0008192,True,9.29,78,CRITICAL,True
EVT-0008193,True,4.02,45,MEDIUM,False
EVT-0008194,False,7.9,36,MEDIUM,False
EVT-0008195,False,6.16,33,MEDIUM,False
EVT-0008196,False,5.26,44,MEDIUM,False
EVT-0008197,True,2.59,54,HIGH,True
EVT-0008198,True,7.31,61,HIGH,True
EVT-0008199,False,4.31,44,MEDIUM,False
EVT-0008200,False,4.08,47,MEDIUM,True
EVT-0008201,False,3.99,22,LOW,False
EVT-0008202,True,6.43,64,HIGH,True
EVT-0008203,False,4.25,48,MEDIUM,False
EVT-0008204,True,2.51,67,HIGH,True
EVT-0008205,True,5.58,60,HIGH,True
EVT-0008206,False,3.52,22,LOW,False
EVT-0008207,True,4.18,67,HIGH,True
EVT-0008208,False,8.59,64,HIGH,True
EVT-0008209,False,5.3,34,MEDIUM,False
EVT-0008210,False,1.65,43,MEDIUM,False
EVT-0008211,False,5.1,52,HIGH,True
EVT-0008212,False,7.73,46,MEDIUM,False
EVT-0008213,True,6.26,53,HIGH,True
EVT-0008214,False,5.55,33,MEDIUM,False
EVT-0008215,False,4.86,45,MEDIUM,False
EVT-0008216,False,5.87,27,LOW,False
EVT-0008217,False,5.73,37,MEDIUM,False
EVT-0008218,True,1.4,46,MEDIUM,True
EVT-0008219,False,5.42,57,HIGH,True
EVT-0008220,True,5.94,66,HIGH,True
EVT-0008221,False,5.52,58,HIGH,False
EVT-0008222,False,1.76,40,MEDIUM,True
EVT-0008223,False,5.93,49,MEDIUM,True
EVT-0008224,False,3.37,43,MEDIUM,False
EVT-0008225,True,5.17,34,MEDIUM,False
EVT-0008226,False,8.76,47,MEDIUM,True
EVT-0008227,False,3.24,53,HIGH,False
EVT-0008228,True,7.2,85,CRITICAL,True
EVT-0008229,False,3.12,48,MEDIUM,False
EVT-0008230,True,3.75,43,MEDIUM,True
EVT-0008231,True,5.18,60,HIGH,True
EVT-0008232,False,6.21,65,HIGH,True
EVT-0008233,False,5.18,43,MEDIUM,False
EVT-0008234,True,6.03,40,MEDIUM,False
EVT-0008235,False,5.36,47,MEDIUM,False
EVT-0008236,False,4.04,40,MEDIUM,False
EVT-0008237,False,7.16,49,MEDIUM,False
EVT-0008238,False,9.3,41,MEDIUM,True
EVT-0008239,False,2.46,42,MEDIUM,False
EVT-0008240,False,3.09,44,MEDIUM,False
EVT-0008241,True,1.85,54,HIGH,False
EVT-0008242,True,6.74,75,CRITICAL,True
EVT-0008243,False,6.63,56,HIGH,True
EVT-0008244,False,6.1,51,HIGH,False
EVT-0008245,False,4.57,54,HIGH,False
EVT-0008246,True,5.36,39,MEDIUM,False
EVT-0008247,True,6.41,37,MEDIUM,False
EVT-0008248,False,3.57,38,MEDIUM,False
EVT-0008249,False,3.27,46,MEDIUM,False
EVT-0008250,False,2.75,30,MEDIUM,False
EVT-0008251,False,6.13,45,MEDIUM,False
EVT-0008252,False,3.64,25,LOW,False
EVT-0008253,False,4.49,30,MEDIUM,False
EVT-0008254,False,4.32,55,HIGH,False
EVT-0008255,False,3.32,39,MEDIUM,False
EVT-0008256,False,3.23,48,MEDIUM,False
EVT-0008257,False,3.74,43,MEDIUM,True
EVT-0008258,False,4.22,36,MEDIUM,False
EVT-0008259,True,4.62,53,HIGH,False
EVT-0008260,True,1.89,39,MEDIUM,False
EVT-0008261,True,4.72,33,MEDIUM,False
EVT-0008262,True,3.13,52,HIGH,False
EVT-0008263,False,6.57,38,MEDIUM,False
EVT-0008264,False,6.67,43,MEDIUM,False
EVT-0008265,False,3.62,30,MEDIUM,False
EVT-0008266,False,5.94,49,MEDIUM,False
EVT-0008267,True,3.89,67,HIGH,True
EVT-0008268,False,2.01,10,LOW,False
EVT-0008269,False,4.84,35,MEDIUM,False
EVT-0008270,True,7.59,41,MEDIUM,True
EVT-0008271,False,7.31,38,MEDIUM,False
EVT-0008272,False,2.45,34,MEDIUM,False
EVT-0008273,True,8.44,64,HIGH,True
EVT-0008274,False,6.27,33,MEDIUM,False
EVT-0008275,False,6.34,32,MEDIUM,False
EVT-0008276,False,6.32,58,HIGH,True
EVT-0008277,False,6.62,39,MEDIUM,False
EVT-0008278,True,6.34,66,HIGH,True
EVT-0008279,False,7.45,55,HIGH,True
EVT-0008280,True,5.2,53,HIGH,False
EVT-0008281,False,4.18,25,LOW,False
EVT-0008282,True,5.73,42,MEDIUM,False
EVT-0008283,False,5.69,57,HIGH,False
EVT-0008284,False,2.75,36,MEDIUM,False
EVT-0008285,False,5.46,46,MEDIUM,False
EVT-0008286,False,4.05,40,MEDIUM,False
EVT-0008287,True,4.1,53,HIGH,False
EVT-0008288,False,5.18,38,MEDIUM,False
EVT-0008289,False,3.5,24,LOW,False
EVT-0008290,False,5.34,49,MEDIUM,True
EVT-0008291,False,7.18,32,MEDIUM,False
EVT-0008292,True,4.28,31,MEDIUM,False
EVT-0008293,False,4.97,50,HIGH,False
EVT-0008294,True,6.79,39,MEDIUM,True
EVT-0008295,False,7.02,65,HIGH,False
EVT-0008296,False,5.88,40,MEDIUM,False
EVT-0008297,False,4.75,52,HIGH,False
EVT-0008298,True,5.65,51,HIGH,True
EVT-0008299,False,3.43,19,LOW,False
EVT-0008300,True,4.04,47,MEDIUM,False
EVT-0008301,True,4.19,47,MEDIUM,False
EVT-0008302,True,4.73,83,CRITICAL,True
EVT-0008303,False,4.48,31,MEDIUM,False
EVT-0008304,False,4.8,39,MEDIUM,False
EVT-0008305,True,5.94,42,MEDIUM,False
EVT-0008306,False,4.4,37,MEDIUM,False
EVT-0008307,False,4.32,39,MEDIUM,False
EVT-0008308,True,7.98,68,HIGH,True
EVT-0008309,False,3.99,35,MEDIUM,False
EVT-0008310,False,4.99,42,MEDIUM,False
EVT-0008311,True,6.66,55,HIGH,True
EVT-0008312,True,6.35,37,MEDIUM,True
EVT-0008313,False,4.55,37,MEDIUM,False
EVT-0008314,False,4.97,27,LOW,False
EVT-0008315,False,4.59,49,MEDIUM,False
EVT-0008316,False,3.08,35,MEDIUM,False
EVT-0008317,False,7.59,47,MEDIUM,True
EVT-0008318,True,3.94,74,CRITICAL,True
EVT-0008319,False,4.0,8,LOW,False
EVT-0008320,False,4.85,36,MEDIUM,False
EVT-0008321,False,2.6,53,HIGH,False
EVT-0008322,True,5.42,64,HIGH,True
EVT-0008323,False,7.81,44,MEDIUM,False
EVT-0008324,False,3.79,19,LOW,False
EVT-0008325,False,3.88,46,MEDIUM,False
EVT-0008326,True,4.49,26,LOW,False
EVT-0008327,False,7.51,37,MEDIUM,False
EVT-0008328,True,3.51,54,HIGH,True
EVT-0008329,True,7.07,77,CRITICAL,True
EVT-0008330,False,4.52,20,LOW,False
EVT-0008331,False,5.81,49,MEDIUM,False
EVT-0008332,False,4.48,27,LOW,False
EVT-0008333,True,6.95,72,CRITICAL,True
EVT-0008334,False,4.44,48,MEDIUM,False
EVT-0008335,False,4.59,34,MEDIUM,False
EVT-0008336,True,7.85,70,HIGH,True
EVT-0008337,True,3.12,55,HIGH,False
EVT-0008338,False,4.87,44,MEDIUM,False
EVT-0008339,False,5.36,23,LOW,False
EVT-0008340,False,7.72,41,MEDIUM,False
EVT-0008341,True,4.81,48,MEDIUM,True
EVT-0008342,True,8.53,56,HIGH,True
EVT-0008343,False,7.09,40,MEDIUM,True
EVT-0008344,True,8.95,60,HIGH,True
EVT-0008345,False,2.37,39,MEDIUM,True
EVT-0008346,True,4.64,46,MEDIUM,True
EVT-0008347,False,3.43,33,MEDIUM,False
EVT-0008348,False,6.49,33,MEDIUM,False
EVT-0008349,False,4.41,37,MEDIUM,True
EVT-0008350,False,5.49,44,MEDIUM,False
EVT-0008351,False,4.36,41,MEDIUM,False
EVT-0008352,False,2.94,51,HIGH,False
EVT-0008353,False,3.65,37,MEDIUM,False
EVT-0008354,False,3.0,10,LOW,False
EVT-0008355,False,7.93,44,MEDIUM,True
EVT-0008356,True,5.83,51,HIGH,True
EVT-0008357,False,1.29,54,HIGH,True
EVT-0008358,False,5.58,37,MEDIUM,False
EVT-0008359,False,5.91,54,HIGH,False
EVT-0008360,False,6.86,33,MEDIUM,False
EVT-0008361,False,5.15,47,MEDIUM,False
EVT-0008362,False,5.48,49,MEDIUM,True
EVT-0008363,True,7.97,78,CRITICAL,True
EVT-0008364,False,6.85,39,MEDIUM,False
EVT-0008365,True,3.74,44,MEDIUM,True
EVT-0008366,True,5.24,30,MEDIUM,False
EVT-0008367,False,3.8,34,MEDIUM,False
EVT-0008368,True,7.37,60,HIGH,True
EVT-0008369,False,2.21,42,MEDIUM,False
EVT-0008370,False,6.03,19,LOW,False
EVT-0008371,False,5.24,54,HIGH,True
EVT-0008372,True,2.26,65,HIGH,True
EVT-0008373,False,6.61,39,MEDIUM,False
EVT-0008374,False,4.94,33,MEDIUM,False
EVT-0008375,False,5.25,45,MEDIUM,True
EVT-0008376,False,4.11,44,MEDIUM,False
EVT-0008377,False,2.64,39,MEDIUM,True
EVT-0008378,True,6.8,84,CRITICAL,True
EVT-0008379,False,3.39,40,MEDIUM,False
EVT-0008380,True,9.02,63,HIGH,True
EVT-0008381,False,3.57,22,LOW,False
EVT-0008382,True,3.03,41,MEDIUM,False
EVT-0008383,False,4.39,47,MEDIUM,False
EVT-0008384,False,4.07,41,MEDIUM,True
EVT-0008385,False,6.37,37,MEDIUM,False
EVT-0008386,False,3.27,45,MEDIUM,False
EVT-0008387,True,7.49,69,HIGH,True
EVT-0008388,False,3.97,29,LOW,False
EVT-0008389,False,3.24,37,MEDIUM,False
EVT-0008390,False,6.73,49,MEDIUM,False
EVT-0008391,False,5.75,29,LOW,False
EVT-0008392,False,4.51,27,LOW,False
EVT-0008393,True,6.16,52,HIGH,True
EVT-0008394,False,7.57,44,MEDIUM,True
EVT-0008395,False,3.15,28,LOW,False
EVT-0008396,True,4.56,28,LOW,False
EVT-0008397,True,7.6,46,MEDIUM,False
EVT-0008398,True,9.27,57,HIGH,True
EVT-0008399,False,5.01,38,MEDIUM,True
EVT-0008400,False,4.11,13,LOW,False
EVT-0008401,False,6.51,43,MEDIUM,False
EVT-0008402,False,8.28,53,HIGH,True
EVT-0008403,False,5.01,27,LOW,False
EVT-0008404,False,4.73,26,LOW,False
EVT-0008405,True,2.56,57,HIGH,True
EVT-0008406,True,7.21,69,HIGH,True
EVT-0008407,True,4.77,52,HIGH,False
EVT-0008408,False,4.89,36,MEDIUM,False
EVT-0008409,False,4.03,25,LOW,False
EVT-0008410,False,5.06,13,LOW,False
EVT-0008411,True,6.32,38,MEDIUM,False
EVT-0008412,False,4.37,26,LOW,False
EVT-0008413,False,6.98,55,HIGH,False
EVT-0008414,False,5.88,30,MEDIUM,False
EVT-0008415,False,4.91,33,MEDIUM,False
EVT-0008416,False,4.87,43,MEDIUM,True
EVT-0008417,False,6.33,56,HIGH,True
EVT-0008418,True,1.68,75,CRITICAL,False
EVT-0008419,False,7.16,58,HIGH,True
EVT-0008420,True,8.74,78,CRITICAL,True
EVT-0008421,True,7.6,52,HIGH,False
EVT-0008422,False,4.66,25,LOW,False
EVT-0008423,False,5.29,40,MEDIUM,False
EVT-0008424,True,5.81,53,HIGH,True
EVT-0008425,True,9.63,55,HIGH,True
EVT-0008426,False,3.59,32,MEDIUM,False
EVT-0008427,False,4.96,51,HIGH,True
EVT-0008428,True,4.46,54,HIGH,True
EVT-0008429,False,4.89,32,MEDIUM,False
EVT-0008430,True,6.44,42,MEDIUM,False
EVT-0008431,False,4.71,38,MEDIUM,False
EVT-0008432,False,8.28,60,HIGH,True
EVT-0008433,False,4.68,53,HIGH,False
EVT-0008434,True,3.84,31,MEDIUM,False
EVT-0008435,True,6.33,54,HIGH,False
EVT-0008436,False,3.09,44,MEDIUM,False
EVT-0008437,False,4.33,40,MEDIUM,False
EVT-0008438,True,8.07,64,HIGH,True
EVT-0008439,False,6.16,54,HIGH,False
EVT-0008440,True,7.52,69,HIGH,True
EVT-0008441,False,2.74,27,LOW,False
EVT-0008442,False,5.19,48,MEDIUM,False
EVT-0008443,False,7.07,41,MEDIUM,False
EVT-0008444,False,4.77,26,LOW,False
EVT-0008445,False,1.89,20,LOW,False
EVT-0008446,True,2.96,65,HIGH,False
EVT-0008447,True,6.32,48,MEDIUM,True
EVT-0008448,True,7.03,48,MEDIUM,False
EVT-0008449,False,4.74,34,MEDIUM,False
EVT-0008450,False,3.46,54,HIGH,True
EVT-0008451,False,5.91,39,MEDIUM,False
EVT-0008452,True,6.61,63,HIGH,True
EVT-0008453,False,5.97,52,HIGH,False
EVT-0008454,True,3.55,58,HIGH,True
EVT-0008455,True,5.02,62,HIGH,True
EVT-0008456,False,5.25,30,MEDIUM,False
EVT-0008457,False,5.55,26,LOW,False
EVT-0008458,False,5.76,72,CRITICAL,True
EVT-0008459,False,5.0,44,MEDIUM,False
EVT-0008460,False,3.3,51,HIGH,True
EVT-0008461,True,5.83,39,MEDIUM,False
EVT-0008462,False,2.72,52,HIGH,False
EVT-0008463,True,8.52,66,HIGH,True
EVT-0008464,True,1.33,28,LOW,False
EVT-0008465,False,4.59,41,MEDIUM,False
EVT-0008466,False,2.29,25,LOW,False
EVT-0008467,False,5.14,64,HIGH,True
EVT-0008468,True,4.97,51,HIGH,False
EVT-0008469,False,8.42,35,MEDIUM,False
EVT-0008470,False,3.0,23,LOW,False
EVT-0008471,False,5.26,37,MEDIUM,False
EVT-0008472,True,5.13,27,LOW,False
EVT-0008473,False,4.49,28,LOW,False
EVT-0008474,False,3.46,36,MEDIUM,False
EVT-0008475,False,3.95,31,MEDIUM,False
EVT-0008476,False,4.29,18,LOW,False
EVT-0008477,False,6.26,60,HIGH,True
EVT-0008478,False,6.59,64,HIGH,True
EVT-0008479,False,3.4,48,MEDIUM,False
EVT-0008480,False,7.98,58,HIGH,True
EVT-0008481,False,3.12,37,MEDIUM,False
EVT-0008482,False,3.6,31,MEDIUM,False
EVT-0008483,False,2.88,19,LOW,False
EVT-0008484,False,4.75,60,HIGH,False
EVT-0008485,False,1.95,27,LOW,False
EVT-0008486,False,5.2,33,MEDIUM,False
EVT-0008487,True,3.12,48,MEDIUM,False
EVT-0008488,True,4.04,58,HIGH,False
EVT-0008489,False,3.91,29,LOW,False
EVT-0008490,False,4.41,49,MEDIUM,True
EVT-0008491,False,5.4,42,MEDIUM,False
EVT-0008492,True,4.18,60,HIGH,False
EVT-0008493,True,5.58,53,HIGH,False
EVT-0008494,True,5.0,36,MEDIUM,False
EVT-0008495,False,6.96,57,HIGH,True
EVT-0008496,True,6.38,53,HIGH,False
EVT-0008497,False,6.05,47,MEDIUM,False
EVT-0008498,True,4.84,76,CRITICAL,True
EVT-0008499,False,1.91,41,MEDIUM,False
EVT-0008500,False,8.71,52,HIGH,True
EVT-0008501,False,8.34,64,HIGH,True
EVT-0008502,False,3.13,45,MEDIUM,False
EVT-0008503,False,5.32,26,LOW,False
EVT-0008504,False,3.9,18,LOW,False
EVT-0008505,True,5.29,22,LOW,False
EVT-0008506,False,5.28,48,MEDIUM,False
EVT-0008507,False,2.39,26,LOW,False
EVT-0008508,False,5.6,28,LOW,False
EVT-0008509,True,6.07,46,MEDIUM,True
EVT-0008510,True,6.31,67,HIGH,True
EVT-0008511,False,6.47,41,MEDIUM,False
EVT-0008512,False,4.81,41,MEDIUM,False
EVT-0008513,False,6.08,40,MEDIUM,False
EVT-0008514,False,5.88,49,MEDIUM,False
EVT-0008515,True,5.15,56,HIGH,False
EVT-0008516,False,5.11,27,LOW,False
EVT-0008517,True,5.09,37,MEDIUM,False
EVT-0008518,False,4.11,36,MEDIUM,False
EVT-0008519,False,4.05,50,HIGH,False
EVT-0008520,True,4.74,35,MEDIUM,False
EVT-0008521,True,8.04,56,HIGH,True
EVT-0008522,False,9.58,65,HIGH,True
EVT-0008523,True,3.36,57,HIGH,True
EVT-0008524,False,4.47,53,HIGH,False
EVT-0008525,False,7.97,49,MEDIUM,True
EVT-0008526,False,2.52,46,MEDIUM,False
EVT-0008527,True,7.7,80,CRITICAL,True
EVT-0008528,False,4.79,34,MEDIUM,False
EVT-0008529,False,2.83,22,LOW,False
EVT-0008530,False,2.74,52,HIGH,False
EVT-0008531,False,5.47,49,MEDIUM,False
EVT-0008532,False,4.13,48,MEDIUM,True
EVT-0008533,True,6.94,52,HIGH,True
EVT-0008534,False,8.49,62,HIGH,True
EVT-0008535,False,4.39,26,LOW,False
EVT-0008536,True,6.47,58,HIGH,False
EVT-0008537,True,3.22,41,MEDIUM,False
EVT-0008538,False,3.77,24,LOW,False
EVT-0008539,False,5.98,39,MEDIUM,False
EVT-0008540,False,3.66,48,MEDIUM,False
EVT-0008541,True,5.78,61,HIGH,True
EVT-0008542,False,5.39,37,MEDIUM,False
EVT-0008543,False,3.84,29,LOW,False
EVT-0008544,False,3.8,34,MEDIUM,False
EVT-0008545,False,5.53,33,MEDIUM,False
EVT-0008546,False,4.34,41,MEDIUM,True
EVT-0008547,False,4.21,45,MEDIUM,False
EVT-0008548,True,5.85,49,MEDIUM,True
EVT-0008549,False,3.91,45,MEDIUM,False
EVT-0008550,False,4.0,35,MEDIUM,False
EVT-0008551,False,5.34,54,HIGH,True
EVT-0008552,False,2.14,72,CRITICAL,True
EVT-0008553,True,9.22,60,HIGH,True
EVT-0008554,False,4.04,32,MEDIUM,False
EVT-0008555,False,4.92,38,MEDIUM,False
EVT-0008556,False,5.12,38,MEDIUM,False
EVT-0008557,False,6.5,43,MEDIUM,False
EVT-0008558,False,4.49,24,LOW,False
EVT-0008559,True,7.06,51,HIGH,True
EVT-0008560,False,5.05,54,HIGH,True
EVT-0008561,True,4.57,56,HIGH,True
EVT-0008562,False,4.31,42,MEDIUM,False
EVT-0008563,True,2.6,36,MEDIUM,False
EVT-0008564,True,4.82,60,HIGH,True
EVT-0008565,False,8.17,45,MEDIUM,False
EVT-0008566,False,8.16,53,HIGH,True
EVT-0008567,True,5.9,53,HIGH,True
EVT-0008568,True,7.48,83,CRITICAL,True
EVT-0008569,False,5.81,52,HIGH,True
EVT-0008570,False,4.56,29,LOW,False
EVT-0008571,False,2.84,25,LOW,False
EVT-0008572,True,6.69,42,MEDIUM,False
EVT-0008573,False,4.89,18,LOW,False
EVT-0008574,True,5.09,45,MEDIUM,False
EVT-0008575,True,4.03,39,MEDIUM,False
EVT-0008576,True,6.58,42,MEDIUM,True
EVT-0008577,False,8.75,48,MEDIUM,False
EVT-0008578,False,4.77,35,MEDIUM,False
EVT-0008579,False,2.22,54,HIGH,False
EVT-0008580,True,6.14,57,HIGH,False
EVT-0008581,True,5.26,44,MEDIUM,True
EVT-0008582,False,4.29,34,MEDIUM,False
EVT-0008583,False,5.24,59,HIGH,True
EVT-0008584,True,2.81,46,MEDIUM,False
EVT-0008585,False,4.51,21,LOW,False
EVT-0008586,False,5.88,59,HIGH,False
EVT-0008587,False,4.45,37,MEDIUM,False
EVT-0008588,False,3.82,30,MEDIUM,False
EVT-0008589,True,4.38,58,HIGH,False
EVT-0008590,True,7.08,53,HIGH,True
EVT-0008591,False,5.09,45,MEDIUM,False
EVT-0008592,False,0.98,45,MEDIUM,False
EVT-0008593,False,3.58,25,LOW,False
EVT-0008594,False,2.29,41,MEDIUM,False
EVT-0008595,False,4.41,31,MEDIUM,False
EVT-0008596,False,5.71,50,HIGH,False
EVT-0008597,False,3.29,30,MEDIUM,False
EVT-0008598,False,2.08,38,MEDIUM,False
EVT-0008599,False,5.41,45,MEDIUM,False
EVT-0008600,False,7.55,48,MEDIUM,False
EVT-0008601,False,5.39,50,HIGH,True
EVT-0008602,False,3.83,52,HIGH,False
EVT-0008603,True,9.98,76,CRITICAL,True
EVT-0008604,True,4.76,44,MEDIUM,True
EVT-0008605,True,5.13,46,MEDIUM,False
EVT-0008606,False,6.39,49,MEDIUM,False
EVT-0008607,False,4.0,42,MEDIUM,False
EVT-0008608,True,5.81,31,MEDIUM,False
EVT-0008609,False,5.34,45,MEDIUM,False
EVT-0008610,False,5.54,55,HIGH,True
EVT-0008611,True,7.66,51,HIGH,True
EVT-0008612,True,4.77,57,HIGH,False
EVT-0008613,True,4.82,68,HIGH,True
EVT-0008614,False,3.11,48,MEDIUM,False
EVT-0008615,False,5.38,26,LOW,False
EVT-0008616,False,5.82,28,LOW,False
EVT-0008617,False,2.58,36,MEDIUM,False
EVT-0008618,False,4.88,39,MEDIUM,False
EVT-0008619,False,4.21,52,HIGH,False
EVT-0008620,False,6.65,51,HIGH,True
EVT-0008621,False,3.33,31,MEDIUM,False
EVT-0008622,True,3.55,26,LOW,False
EVT-0008623,False,4.59,42,MEDIUM,False
EVT-0008624,False,3.45,33,MEDIUM,True
EVT-0008625,False,6.22,31,MEDIUM,False
EVT-0008626,True,4.84,72,CRITICAL,True
EVT-0008627,True,5.14,59,HIGH,True
EVT-0008628,True,2.69,39,MEDIUM,False
EVT-0008629,True,4.41,68,HIGH,True
EVT-0008630,True,4.7,61,HIGH,True
EVT-0008631,False,8.11,64,HIGH,True
EVT-0008632,False,4.0,23,LOW,False
EVT-0008633,False,2.78,13,LOW,False
EVT-0008634,True,6.1,52,HIGH,False
EVT-0008635,False,5.62,45,MEDIUM,False
EVT-0008636,False,8.36,51,HIGH,True
EVT-0008637,True,6.5,34,MEDIUM,False
EVT-0008638,False,6.75,72,CRITICAL,True
EVT-0008639,True,3.36,40,MEDIUM,False
EVT-0008640,False,4.53,8,LOW,False
EVT-0008641,False,4.8,47,MEDIUM,True
EVT-0008642,False,3.7,21,LOW,False
EVT-0008643,False,5.56,43,MEDIUM,False
EVT-0008644,False,3.45,28,LOW,False
EVT-0008645,False,5.97,51,HIGH,False
EVT-0008646,False,4.54,24,LOW,False
EVT-0008647,False,6.64,29,LOW,False
EVT-0008648,False,1.82,22,LOW,False
EVT-0008649,True,6.91,34,MEDIUM,False
EVT-0008650,True,8.99,70,HIGH,True
EVT-0008651,False,5.0,21,LOW,False
EVT-0008652,False,4.06,33,MEDIUM,False
EVT-0008653,True,5.77,58,HIGH,False
EVT-0008654,True,4.82,56,HIGH,True
EVT-0008655,False,4.71,37,MEDIUM,False
EVT-0008656,False,5.92,46,MEDIUM,False
EVT-0008657,False,5.9,45,MEDIUM,False
EVT-0008658,False,6.65,28,LOW,False
EVT-0008659,False,7.8,24,LOW,False
EVT-0008660,False,5.56,58,HIGH,True
EVT-0008661,False,6.34,53,HIGH,False
EVT-0008662,False,3.96,39,MEDIUM,False
EVT-0008663,True,5.93,39,MEDIUM,False
EVT-0008664,False,3.87,23,LOW,False
EVT-0008665,True,4.36,65,HIGH,True
EVT-0008666,False,7.41,61,HIGH,True
EVT-0008667,False,9.19,54,HIGH,True
EVT-0008668,False,5.35,28,LOW,False
EVT-0008669,False,3.23,36,MEDIUM,False
EVT-0008670,False,4.77,26,LOW,False
EVT-0008671,True,3.92,26,LOW,False
EVT-0008672,False,5.37,47,MEDIUM,False
EVT-0008673,True,7.09,39,MEDIUM,False
EVT-0008674,False,4.92,22,LOW,False
EVT-0008675,True,7.43,40,MEDIUM,False
EVT-0008676,False,2.66,26,LOW,False
EVT-0008677,False,5.92,56,HIGH,False
EVT-0008678,True,2.9,80,CRITICAL,True
EVT-0008679,False,5.29,29,LOW,False
EVT-0008680,False,8.14,48,MEDIUM,False
EVT-0008681,False,8.55,43,MEDIUM,False
EVT-0008682,False,6.51,54,HIGH,True
EVT-0008683,True,5.52,68,HIGH,True
EVT-0008684,True,9.37,69,HIGH,True
EVT-0008685,False,7.21,30,MEDIUM,False
EVT-0008686,False,2.88,43,MEDIUM,False
EVT-0008687,False,2.84,42,MEDIUM,False
EVT-0008688,False,3.81,25,LOW,False
EVT-0008689,False,7.5,49,MEDIUM,False
EVT-0008690,False,5.34,19,LOW,False
EVT-0008691,True,3.59,58,HIGH,False
EVT-0008692,False,7.28,40,MEDIUM,False
EVT-0008693,False,3.38,29,LOW,False
EVT-0008694,True,8.94,53,HIGH,True
EVT-0008695,False,4.74,45,MEDIUM,True
EVT-0008696,False,4.84,44,MEDIUM,False
EVT-0008697,False,1.45,48,MEDIUM,False
EVT-0008698,True,7.92,67,HIGH,True
EVT-0008699,False,3.82,29,LOW,False
EVT-0008700,False,5.14,42,MEDIUM,False
EVT-0008701,False,2.64,31,MEDIUM,False
EVT-0008702,False,4.7,36,MEDIUM,False
EVT-0008703,False,5.22,37,MEDIUM,False
EVT-0008704,False,2.59,34,MEDIUM,False
EVT-0008705,True,3.32,32,MEDIUM,False
EVT-0008706,False,6.81,54,HIGH,True
EVT-0008707,False,4.57,28,LOW,False
EVT-0008708,False,5.81,38,MEDIUM,True
EVT-0008709,False,4.17,36,MEDIUM,True
EVT-0008710,False,3.7,40,MEDIUM,False
EVT-0008711,False,6.06,36,MEDIUM,False
EVT-0008712,False,5.8,40,MEDIUM,False
EVT-0008713,False,4.75,32,MEDIUM,False
EVT-0008714,False,1.95,31,MEDIUM,False
EVT-0008715,False,1.97,44,MEDIUM,False
EVT-0008716,True,6.34,71,HIGH,True
EVT-0008717,False,1.4,26,LOW,False
EVT-0008718,False,1.46,31,MEDIUM,False
EVT-0008719,False,5.75,48,MEDIUM,False
EVT-0008720,True,3.45,39,MEDIUM,False
EVT-0008721,True,5.45,54,HIGH,False
EVT-0008722,False,6.03,46,MEDIUM,True
EVT-0008723,False,5.37,59,HIGH,True
EVT-0008724,True,4.45,48,MEDIUM,False
EVT-0008725,False,6.38,46,MEDIUM,True
EVT-0008726,False,5.34,40,MEDIUM,True
EVT-0008727,False,5.57,50,HIGH,False
EVT-0008728,False,5.97,29,LOW,False
EVT-0008729,False,4.72,36,MEDIUM,False
EVT-0008730,True,2.41,35,MEDIUM,False
EVT-0008731,False,2.41,38,MEDIUM,False
EVT-0008732,False,5.49,45,MEDIUM,False
EVT-0008733,True,8.97,73,CRITICAL,True
EVT-0008734,False,4.11,33,MEDIUM,False
EVT-0008735,False,3.78,42,MEDIUM,False
EVT-0008736,False,6.32,42,MEDIUM,False
EVT-0008737,False,3.73,24,LOW,False
EVT-0008738,False,4.03,41,MEDIUM,True
EVT-0008739,False,5.08,44,MEDIUM,False
EVT-0008740,False,3.21,27,LOW,False
EVT-0008741,False,8.46,55,HIGH,True
EVT-0008742,True,5.22,55,HIGH,False
EVT-0008743,False,6.25,69,HIGH,True
EVT-0008744,True,5.15,73,CRITICAL,True
EVT-0008745,False,6.76,59,HIGH,True
EVT-0008746,False,5.7,62,HIGH,True
EVT-0008747,False,5.08,8,LOW,False
EVT-0008748,False,7.19,39,MEDIUM,False
EVT-0008749,True,5.29,32,MEDIUM,False
EVT-0008750,False,4.98,21,LOW,False
EVT-0008751,True,3.93,27,LOW,False
EVT-0008752,False,3.94,49,MEDIUM,True
EVT-0008753,False,6.01,33,MEDIUM,False
EVT-0008754,False,6.71,33,MEDIUM,False
EVT-0008755,True,7.46,63,HIGH,False
EVT-0008756,True,6.1,67,HIGH,True
EVT-0008757,False,4.04,37,MEDIUM,False
EVT-0008758,False,4.47,42,MEDIUM,True
EVT-0008759,False,5.7,37,MEDIUM,False
EVT-0008760,True,6.17,45,MEDIUM,False
EVT-0008761,True,2.93,48,MEDIUM,False
EVT-0008762,True,6.69,83,CRITICAL,True
EVT-0008763,False,6.65,17,LOW,False
EVT-0008764,False,5.06,50,HIGH,True
EVT-0008765,False,4.08,32,MEDIUM,False
EVT-0008766,False,7.36,57,HIGH,False
EVT-0008767,False,5.4,26,LOW,False
EVT-0008768,True,5.9,47,MEDIUM,False
EVT-0008769,False,4.16,25,LOW,False
EVT-0008770,False,4.19,42,MEDIUM,False
EVT-0008771,False,5.63,46,MEDIUM,False
EVT-0008772,True,4.1,52,HIGH,True
EVT-0008773,False,3.05,15,LOW,False
EVT-0008774,True,5.57,52,HIGH,False
EVT-0008775,True,4.58,66,HIGH,True
EVT-0008776,True,7.73,62,HIGH,True
EVT-0008777,False,5.73,48,MEDIUM,False
EVT-0008778,False,6.24,40,MEDIUM,False
EVT-0008779,False,2.78,35,MEDIUM,False
EVT-0008780,False,3.94,33,MEDIUM,False
EVT-0008781,False,4.48,46,MEDIUM,False
EVT-0008782,False,4.4,36,MEDIUM,False
EVT-0008783,False,6.88,50,HIGH,True
EVT-0008784,False,5.01,37,MEDIUM,False
EVT-0008785,False,2.51,36,MEDIUM,False
EVT-0008786,False,6.44,42,MEDIUM,False
EVT-0008787,False,6.13,23,LOW,False
EVT-0008788,True,3.55,58,HIGH,True
EVT-0008789,True,4.93,66,HIGH,True
EVT-0008790,False,4.86,24,LOW,False
EVT-0008791,False,2.56,20,LOW,False
EVT-0008792,False,5.16,32,MEDIUM,False
EVT-0008793,False,3.76,54,HIGH,False
EVT-0008794,False,3.68,44,MEDIUM,False
EVT-0008795,False,3.86,23,LOW,False
EVT-0008796,False,5.88,34,MEDIUM,False
EVT-0008797,True,7.81,47,MEDIUM,True
EVT-0008798,False,8.33,54,HIGH,False
EVT-0008799,True,4.0,35,MEDIUM,False
EVT-0008800,False,2.39,36,MEDIUM,False
EVT-0008801,False,4.73,43,MEDIUM,False
EVT-0008802,False,5.6,34,MEDIUM,False
EVT-0008803,True,4.85,48,MEDIUM,True
EVT-0008804,True,4.1,44,MEDIUM,False
EVT-0008805,False,6.8,32,MEDIUM,False
EVT-0008806,False,4.24,40,MEDIUM,False
EVT-0008807,False,3.75,38,MEDIUM,False
EVT-0008808,False,5.56,53,HIGH,False
EVT-0008809,True,5.68,50,HIGH,True
EVT-0008810,False,3.86,38,MEDIUM,False
EVT-0008811,True,5.35,62,HIGH,True
EVT-0008812,False,3.15,16,LOW,False
EVT-0008813,True,3.93,44,MEDIUM,False
EVT-0008814,True,2.8,56,HIGH,True
EVT-0008815,True,8.52,41,MEDIUM,True
EVT-0008816,False,5.01,51,HIGH,True
EVT-0008817,False,5.56,55,HIGH,True
EVT-0008818,False,1.41,52,HIGH,False
EVT-0008819,False,4.95,31,MEDIUM,False
EVT-0008820,False,6.5,44,MEDIUM,False
EVT-0008821,False,6.73,37,MEDIUM,False
EVT-0008822,True,5.24,32,MEDIUM,False
EVT-0008823,False,4.21,42,MEDIUM,False
EVT-0008824,False,2.58,37,MEDIUM,False
EVT-0008825,False,6.65,58,HIGH,True
EVT-0008826,False,1.87,47,MEDIUM,False
EVT-0008827,False,5.96,52,HIGH,True
EVT-0008828,False,6.64,56,HIGH,True
EVT-0008829,False,4.31,22,LOW,False
EVT-0008830,False,6.24,43,MEDIUM,True
EVT-0008831,True,7.14,37,MEDIUM,False
EVT-0008832,False,3.46,33,MEDIUM,False
EVT-0008833,False,3.44,25,LOW,False
EVT-0008834,True,7.37,56,HIGH,True
EVT-0008835,False,5.63,44,MEDIUM,True
EVT-0008836,True,3.53,48,MEDIUM,False
EVT-0008837,False,3.26,46,MEDIUM,False
EVT-0008838,True,3.77,52,HIGH,True
EVT-0008839,False,6.19,66,HIGH,True
EVT-0008840,True,7.68,86,CRITICAL,True
EVT-0008841,False,5.35,47,MEDIUM,False
EVT-0008842,True,9.83,68,HIGH,True
EVT-0008843,True,6.09,50,HIGH,False
EVT-0008844,False,5.68,38,MEDIUM,False
EVT-0008845,True,5.81,36,MEDIUM,False
EVT-0008846,False,7.06,33,MEDIUM,False
EVT-0008847,False,2.44,37,MEDIUM,False
EVT-0008848,False,3.57,38,MEDIUM,False
EVT-0008849,False,3.22,18,LOW,False
EVT-0008850,True,8.47,79,CRITICAL,True
EVT-0008851,True,7.39,31,MEDIUM,False
EVT-0008852,False,6.19,29,LOW,False
EVT-0008853,True,5.63,67,HIGH,True
EVT-0008854,False,5.03,58,HIGH,True
EVT-0008855,False,4.43,24,LOW,False
EVT-0008856,True,7.97,74,CRITICAL,True
EVT-0008857,False,9.09,58,HIGH,False
EVT-0008858,True,3.47,43,MEDIUM,False
EVT-0008859,False,5.2,58,HIGH,True
EVT-0008860,False,4.46,45,MEDIUM,False
EVT-0008861,True,4.85,53,HIGH,True
EVT-0008862,False,2.95,40,MEDIUM,False
EVT-0008863,False,5.24,47,MEDIUM,False
EVT-0008864,False,2.52,37,MEDIUM,False
EVT-0008865,True,3.94,40,MEDIUM,False
EVT-0008866,False,2.34,52,HIGH,False
EVT-0008867,False,4.56,32,MEDIUM,False
EVT-0008868,False,3.89,36,MEDIUM,False
EVT-0008869,True,7.65,57,HIGH,False
EVT-0008870,True,6.31,37,MEDIUM,False
EVT-0008871,False,4.92,19,LOW,False
EVT-0008872,False,4.05,45,MEDIUM,False
EVT-0008873,False,5.51,43,MEDIUM,False
EVT-0008874,False,6.54,30,MEDIUM,True
EVT-0008875,False,4.56,27,LOW,False
EVT-0008876,False,3.71,33,MEDIUM,False
EVT-0008877,False,3.22,50,HIGH,False
EVT-0008878,False,4.13,44,MEDIUM,False
EVT-0008879,False,6.51,40,MEDIUM,False
EVT-0008880,False,3.28,30,MEDIUM,False
EVT-0008881,False,5.06,39,MEDIUM,False
EVT-0008882,False,6.34,46,MEDIUM,False
EVT-0008883,True,9.82,61,HIGH,True
EVT-0008884,False,6.6,42,MEDIUM,False
EVT-0008885,True,6.3,51,HIGH,False
EVT-0008886,False,3.94,26,LOW,False
EVT-0008887,False,4.44,44,MEDIUM,False
EVT-0008888,False,4.57,29,LOW,False
EVT-0008889,True,7.07,50,HIGH,False
EVT-0008890,True,11.41,77,CRITICAL,True
EVT-0008891,False,8.07,64,HIGH,True
EVT-0008892,False,4.52,30,MEDIUM,False
EVT-0008893,True,3.11,67,HIGH,True
EVT-0008894,True,7.16,44,MEDIUM,False
EVT-0008895,False,2.52,42,MEDIUM,False
EVT-0008896,True,4.92,63,HIGH,True
EVT-0008897,True,0.93,29,LOW,False
EVT-0008898,False,4.74,32,MEDIUM,False
EVT-0008899,False,5.54,21,LOW,False
EVT-0008900,False,5.68,32,MEDIUM,False
EVT-0008901,False,4.36,55,HIGH,False
EVT-0008902,True,5.51,66,HIGH,True
EVT-0008903,False,5.64,51,HIGH,False
EVT-0008904,True,4.13,51,HIGH,False
EVT-0008905,False,6.03,53,HIGH,False
EVT-0008906,True,7.13,40,MEDIUM,True
EVT-0008907,False,6.23,55,HIGH,True
EVT-0008908,False,5.79,38,MEDIUM,False
EVT-0008909,False,3.38,32,MEDIUM,False
EVT-0008910,True,6.58,51,HIGH,False
EVT-0008911,False,3.62,40,MEDIUM,False
EVT-0008912,True,4.61,28,LOW,False
EVT-0008913,False,9.57,59,HIGH,True
EVT-0008914,False,5.18,52,HIGH,True
EVT-0008915,True,5.93,47,MEDIUM,True
EVT-0008916,True,2.6,64,HIGH,False
EVT-0008917,True,7.16,66,HIGH,True
EVT-0008918,False,4.41,37,MEDIUM,False
EVT-0008919,False,3.01,53,HIGH,True
EVT-0008920,False,4.12,48,MEDIUM,True
EVT-0008921,False,9.25,43,MEDIUM,False
EVT-0008922,False,3.91,42,MEDIUM,False
EVT-0008923,False,3.87,28,LOW,False
EVT-0008924,True,3.03,32,MEDIUM,False
EVT-0008925,False,9.26,75,CRITICAL,True
EVT-0008926,False,6.19,30,MEDIUM,False
EVT-0008927,False,3.95,36,MEDIUM,False
EVT-0008928,False,4.54,36,MEDIUM,False
EVT-0008929,False,4.75,35,MEDIUM,False
EVT-0008930,False,5.26,34,MEDIUM,False
EVT-0008931,False,6.11,54,HIGH,True
EVT-0008932,False,5.89,49,MEDIUM,False
EVT-0008933,False,4.02,37,MEDIUM,False
EVT-0008934,False,6.26,55,HIGH,True
EVT-0008935,False,6.34,60,HIGH,True
EVT-0008936,True,8.96,76,CRITICAL,True
EVT-0008937,True,7.26,47,MEDIUM,False
EVT-0008938,False,3.53,30,MEDIUM,False
EVT-0008939,True,3.51,68,HIGH,True
EVT-0008940,True,2.58,56,HIGH,True
EVT-0008941,True,4.6,73,CRITICAL,True
EVT-0008942,True,9.34,63,HIGH,True
EVT-0008943,True,7.99,55,HIGH,True
EVT-0008944,False,7.44,52,HIGH,True
EVT-0008945,True,4.09,70,HIGH,True
EVT-0008946,False,5.54,19,LOW,False
EVT-0008947,False,2.12,39,MEDIUM,False
EVT-0008948,True,6.49,60,HIGH,False
EVT-0008949,False,2.97,42,MEDIUM,False
EVT-0008950,True,6.19,63,HIGH,True
EVT-0008951,True,7.78,65,HIGH,True
EVT-0008952,False,2.28,45,MEDIUM,True
EVT-0008953,False,4.96,30,MEDIUM,False
EVT-0008954,False,4.26,23,LOW,False
EVT-0008955,False,9.34,61,HIGH,True
EVT-0008956,False,7.24,37,MEDIUM,False
EVT-0008957,False,5.32,34,MEDIUM,False
EVT-0008958,False,5.97,23,LOW,False
EVT-0008959,False,4.38,44,MEDIUM,False
EVT-0008960,False,4.62,30,MEDIUM,False
EVT-0008961,False,6.64,34,MEDIUM,False
EVT-0008962,False,5.8,31,MEDIUM,False
EVT-0008963,False,4.08,30,MEDIUM,False
EVT-0008964,False,7.9,57,HIGH,True
EVT-0008965,False,5.24,33,MEDIUM,False
EVT-0008966,True,8.01,75,CRITICAL,True
EVT-0008967,False,4.2,48,MEDIUM,True
EVT-0008968,True,8.22,76,CRITICAL,True
EVT-0008969,True,5.59,41,MEDIUM,False
EVT-0008970,False,4.06,33,MEDIUM,False
EVT-0008971,False,8.31,48,MEDIUM,False
EVT-0008972,True,5.64,59,HIGH,True
EVT-0008973,False,6.58,43,MEDIUM,False
EVT-0008974,False,6.97,52,HIGH,False
EVT-0008975,True,2.29,57,HIGH,True
EVT-0008976,False,4.45,46,MEDIUM,False
EVT-0008977,True,4.92,60,HIGH,False
EVT-0008978,False,2.41,47,MEDIUM,False
EVT-0008979,False,4.74,65,HIGH,True
EVT-0008980,True,5.29,55,HIGH,False
EVT-0008981,False,5.62,24,LOW,False
EVT-0008982,False,4.55,25,LOW,False
EVT-0008983,True,6.04,46,MEDIUM,False
EVT-0008984,False,4.57,27,LOW,False
EVT-0008985,False,5.25,33,MEDIUM,False
EVT-0008986,True,5.1,35,MEDIUM,False
EVT-0008987,False,5.58,62,HIGH,True
EVT-0008988,False,6.46,56,HIGH,True
EVT-0008989,True,6.66,45,MEDIUM,False
EVT-0008990,True,5.57,55,HIGH,False
EVT-0008991,False,3.92,41,MEDIUM,True
EVT-0008992,False,6.22,67,HIGH,True
EVT-0008993,True,4.6,42,MEDIUM,True
EVT-0008994,True,7.5,59,HIGH,True
EVT-0008995,False,5.05,41,MEDIUM,False
EVT-0008996,False,6.26,59,HIGH,True
EVT-0008997,True,4.25,32,MEDIUM,False
EVT-0008998,False,6.9,60,HIGH,False
EVT-0008999,False,4.81,45,MEDIUM,False
EVT-0009000,False,3.88,26,LOW,False
EVT-0009001,True,4.87,37,MEDIUM,False
EVT-0009002,True,9.52,54,HIGH,True
EVT-0009003,False,4.51,22,LOW,False
EVT-0009004,False,6.67,58,HIGH,True
EVT-0009005,False,5.8,34,MEDIUM,False
EVT-0009006,False,8.92,49,MEDIUM,False
EVT-0009007,False,4.95,27,LOW,False
EVT-0009008,False,4.73,40,MEDIUM,False
EVT-0009009,True,5.51,70,HIGH,True
EVT-0009010,False,3.02,30,MEDIUM,False
EVT-0009011,False,6.03,53,HIGH,False
EVT-0009012,True,7.94,74,CRITICAL,True
EVT-0009013,False,4.53,30,MEDIUM,False
EVT-0009014,False,4.64,43,MEDIUM,True
EVT-0009015,False,9.79,50,HIGH,False
EVT-0009016,True,4.11,46,MEDIUM,True
EVT-0009017,False,4.32,42,MEDIUM,False
EVT-0009018,False,4.84,54,HIGH,False
EVT-0009019,True,5.87,43,MEDIUM,False
EVT-0009020,False,6.34,17,LOW,False
EVT-0009021,True,8.96,48,MEDIUM,False
EVT-0009022,True,4.02,36,MEDIUM,False
EVT-0009023,False,4.57,49,MEDIUM,False
EVT-0009024,False,3.78,50,HIGH,False
EVT-0009025,False,4.85,42,MEDIUM,False
EVT-0009026,False,5.66,32,MEDIUM,False
EVT-0009027,False,7.13,37,MEDIUM,False
EVT-0009028,False,8.24,50,HIGH,True
EVT-0009029,True,7.56,62,HIGH,True
EVT-0009030,False,8.45,49,MEDIUM,False
EVT-0009031,True,6.22,63,HIGH,True
EVT-0009032,False,4.68,79,CRITICAL,True
EVT-0009033,True,7.91,47,MEDIUM,True
EVT-0009034,False,5.49,34,MEDIUM,False
EVT-0009035,False,3.38,44,MEDIUM,False
EVT-0009036,True,9.76,51,HIGH,True
EVT-0009037,False,3.56,64,HIGH,False
EVT-0009038,False,6.01,47,MEDIUM,False
EVT-0009039,False,3.86,39,MEDIUM,False
EVT-0009040,True,7.37,61,HIGH,True
EVT-0009041,True,4.16,51,HIGH,False
EVT-0009042,True,4.02,76,CRITICAL,True
EVT-0009043,True,5.61,66,HIGH,True
EVT-0009044,False,4.68,34,MEDIUM,False
EVT-0009045,False,6.18,44,MEDIUM,True
EVT-0009046,False,5.4,31,MEDIUM,False
EVT-0009047,False,3.92,44,MEDIUM,False
EVT-0009048,True,4.66,52,HIGH,False
EVT-0009049,False,3.03,30,MEDIUM,False
EVT-0009050,False,3.7,18,LOW,False
EVT-0009051,True,6.48,62,HIGH,True
EVT-0009052,False,3.2,52,HIGH,False
EVT-0009053,False,3.88,26,LOW,False
EVT-0009054,True,7.76,45,MEDIUM,True
EVT-0009055,False,4.41,33,MEDIUM,False
EVT-0009056,False,3.47,23,LOW,False
EVT-0009057,False,6.83,48,MEDIUM,False
EVT-0009058,False,4.78,31,MEDIUM,False
EVT-0009059,False,4.03,18,LOW,False
EVT-0009060,False,3.93,26,LOW,False
EVT-0009061,False,3.91,32,MEDIUM,False
EVT-0009062,True,6.31,41,MEDIUM,True
EVT-0009063,False,6.93,38,MEDIUM,False
EVT-0009064,False,3.98,27,LOW,False
EVT-0009065,False,5.59,55,HIGH,True
EVT-0009066,False,5.48,46,MEDIUM,True
EVT-0009067,False,5.46,40,MEDIUM,False
EVT-0009068,True,5.04,59,HIGH,True
EVT-0009069,False,6.0,35,MEDIUM,True
EVT-0009070,True,6.7,70,HIGH,True
EVT-0009071,False,4.07,36,MEDIUM,True
EVT-0009072,True,4.94,49,MEDIUM,True
EVT-0009073,True,5.11,63,HIGH,False
EVT-0009074,False,4.32,20,LOW,False
EVT-0009075,False,5.05,29,LOW,False
EVT-0009076,False,3.78,51,HIGH,False
EVT-0009077,False,5.22,41,MEDIUM,False
EVT-0009078,False,7.97,43,MEDIUM,False
EVT-0009079,False,7.79,47,MEDIUM,False
EVT-0009080,False,4.7,59,HIGH,True
EVT-0009081,True,4.51,58,HIGH,False
EVT-0009082,False,7.89,56,HIGH,False
EVT-0009083,False,1.49,30,MEDIUM,False
EVT-0009084,False,4.48,29,LOW,False
EVT-0009085,True,6.66,61,HIGH,True
EVT-0009086,True,3.81,36,MEDIUM,False
EVT-0009087,False,4.54,15,LOW,False
EVT-0009088,True,5.59,45,MEDIUM,True
EVT-0009089,False,8.11,49,MEDIUM,True
EVT-0009090,False,3.69,49,MEDIUM,False
EVT-0009091,False,5.87,32,MEDIUM,False
EVT-0009092,False,4.88,41,MEDIUM,False
EVT-0009093,False,4.69,49,MEDIUM,False
EVT-0009094,True,6.19,61,HIGH,True
EVT-0009095,False,3.34,36,MEDIUM,False
EVT-0009096,True,5.2,56,HIGH,True
EVT-0009097,False,5.4,26,LOW,False
EVT-0009098,False,3.33,45,MEDIUM,True
EVT-0009099,False,4.86,47,MEDIUM,False
EVT-0009100,False,4.28,64,HIGH,False
EVT-0009101,False,4.18,41,MEDIUM,False
EVT-0009102,True,5.32,53,HIGH,False
EVT-0009103,False,8.1,38,MEDIUM,False
EVT-0009104,False,6.33,35,MEDIUM,True
EVT-0009105,False,4.71,39,MEDIUM,False
EVT-0009106,False,3.09,38,MEDIUM,False
EVT-0009107,False,2.09,35,MEDIUM,False
EVT-0009108,False,6.45,48,MEDIUM,False
EVT-0009109,False,5.49,44,MEDIUM,False
EVT-0009110,False,2.69,31,MEDIUM,False
EVT-0009111,True,5.46,67,HIGH,True
EVT-0009112,True,5.54,73,CRITICAL,False
EVT-0009113,False,2.72,45,MEDIUM,False
EVT-0009114,False,5.81,37,MEDIUM,False
EVT-0009115,False,5.79,49,MEDIUM,False
EVT-0009116,False,5.64,55,HIGH,True
EVT-0009117,False,2.79,24,LOW,False
EVT-0009118,False,4.8,23,LOW,False
EVT-0009119,False,2.22,33,MEDIUM,False
EVT-0009120,False,7.07,64,HIGH,True
EVT-0009121,False,2.31,57,HIGH,True
EVT-0009122,True,4.54,68,HIGH,True
EVT-0009123,False,5.53,46,MEDIUM,False
EVT-0009124,True,5.66,67,HIGH,True
EVT-0009125,False,3.66,36,MEDIUM,False
EVT-0009126,True,9.32,72,CRITICAL,True
EVT-0009127,False,4.01,25,LOW,False
EVT-0009128,False,6.39,41,MEDIUM,False
EVT-0009129,False,4.48,20,LOW,False
EVT-0009130,False,4.81,57,HIGH,False
EVT-0009131,True,7.33,60,HIGH,True
EVT-0009132,True,4.84,64,HIGH,True
EVT-0009133,False,5.36,32,MEDIUM,False
EVT-0009134,False,5.9,22,LOW,False
EVT-0009135,True,6.49,48,MEDIUM,False
EVT-0009136,False,4.59,39,MEDIUM,False
EVT-0009137,False,2.22,23,LOW,False
EVT-0009138,True,2.02,39,MEDIUM,False
EVT-0009139,True,7.26,59,HIGH,False
EVT-0009140,False,4.44,36,MEDIUM,False
EVT-0009141,True,4.43,51,HIGH,False
EVT-0009142,False,6.48,37,MEDIUM,False
EVT-0009143,True,1.51,42,MEDIUM,False
EVT-0009144,False,4.81,27,LOW,False
EVT-0009145,True,6.24,54,HIGH,False
EVT-0009146,True,7.69,84,CRITICAL,True
EVT-0009147,False,6.94,39,MEDIUM,False
EVT-0009148,False,4.15,28,LOW,False
EVT-0009149,True,6.97,55,HIGH,False
EVT-0009150,False,4.24,36,MEDIUM,False
EVT-0009151,False,5.05,44,MEDIUM,True
EVT-0009152,False,6.11,64,HIGH,True
EVT-0009153,True,5.96,82,CRITICAL,True
EVT-0009154,False,3.57,38,MEDIUM,False
EVT-0009155,True,4.11,50,HIGH,False
EVT-0009156,True,6.07,67,HIGH,True
EVT-0009157,False,2.4,46,MEDIUM,False
EVT-0009158,False,4.14,22,LOW,False
EVT-0009159,False,2.78,39,MEDIUM,False
EVT-0009160,False,2.64,41,MEDIUM,False
EVT-0009161,False,3.22,48,MEDIUM,True
EVT-0009162,False,4.97,40,MEDIUM,False
EVT-0009163,True,7.27,61,HIGH,True
EVT-0009164,False,7.41,48,MEDIUM,True
EVT-0009165,False,3.58,36,MEDIUM,False
EVT-0009166,False,6.53,42,MEDIUM,False
EVT-0009167,False,4.06,18,LOW,False
EVT-0009168,False,3.61,33,MEDIUM,False
EVT-0009169,False,5.1,33,MEDIUM,False
EVT-0009170,False,6.49,36,MEDIUM,False
EVT-0009171,False,4.66,53,HIGH,True
EVT-0009172,False,7.16,32,MEDIUM,False
EVT-0009173,False,5.31,33,MEDIUM,False
EVT-0009174,False,5.27,44,MEDIUM,False
EVT-0009175,True,6.41,59,HIGH,True
EVT-0009176,False,4.22,28,LOW,False
EVT-0009177,False,2.79,32,MEDIUM,False
EVT-0009178,False,4.25,14,LOW,False
EVT-0009179,True,3.59,58,HIGH,False
EVT-0009180,False,4.11,22,LOW,False
EVT-0009181,True,5.89,78,CRITICAL,True
EVT-0009182,False,3.15,35,MEDIUM,False
EVT-0009183,True,6.04,53,HIGH,True
EVT-0009184,True,4.02,39,MEDIUM,True
EVT-0009185,False,5.59,27,LOW,False
EVT-0009186,True,6.22,59,HIGH,True
EVT-0009187,False,4.68,53,HIGH,True
EVT-0009188,False,4.08,35,MEDIUM,False
EVT-0009189,True,6.29,53,HIGH,True
EVT-0009190,True,5.84,41,MEDIUM,True
EVT-0009191,False,2.92,54,HIGH,True
EVT-0009192,True,1.7,77,CRITICAL,True
EVT-0009193,False,7.56,25,LOW,False
EVT-0009194,True,4.0,60,HIGH,False
EVT-0009195,False,2.01,37,MEDIUM,False
EVT-0009196,False,4.39,59,HIGH,True
EVT-0009197,True,5.57,47,MEDIUM,False
EVT-0009198,False,4.39,45,MEDIUM,False
EVT-0009199,False,2.82,44,MEDIUM,False
EVT-0009200,True,5.38,46,MEDIUM,False
EVT-0009201,False,4.01,45,MEDIUM,False
EVT-0009202,False,3.04,26,LOW,False
EVT-0009203,True,8.8,81,CRITICAL,True
EVT-0009204,False,2.36,32,MEDIUM,False
EVT-0009205,False,5.89,32,MEDIUM,False
EVT-0009206,True,6.4,55,HIGH,True
EVT-0009207,True,6.86,62,HIGH,True
EVT-0009208,False,4.24,29,LOW,False
EVT-0009209,False,2.19,40,MEDIUM,False
EVT-0009210,False,5.32,21,LOW,False
EVT-0009211,False,4.48,45,MEDIUM,False
EVT-0009212,False,4.49,14,LOW,False
EVT-0009213,True,7.73,55,HIGH,True
EVT-0009214,True,7.53,58,HIGH,True
EVT-0009215,False,3.39,41,MEDIUM,False
EVT-0009216,False,5.22,40,MEDIUM,False
EVT-0009217,True,8.33,59,HIGH,False
EVT-0009218,False,7.72,46,MEDIUM,False
EVT-0009219,False,7.72,58,HIGH,True
EVT-0009220,False,5.17,31,MEDIUM,False
EVT-0009221,False,2.72,52,HIGH,False
EVT-0009222,False,6.34,48,MEDIUM,True
EVT-0009223,False,7.2,48,MEDIUM,False
EVT-0009224,True,4.47,30,MEDIUM,False
EVT-0009225,False,2.6,18,LOW,False
EVT-0009226,False,9.25,60,HIGH,True
EVT-0009227,False,5.23,36,MEDIUM,False
EVT-0009228,False,3.97,32,MEDIUM,False
EVT-0009229,True,4.62,58,HIGH,True
EVT-0009230,True,4.51,49,MEDIUM,False
EVT-0009231,False,5.52,43,MEDIUM,False
EVT-0009232,False,5.66,32,MEDIUM,False
EVT-0009233,True,6.09,52,HIGH,False
EVT-0009234,False,5.61,40,MEDIUM,False
EVT-0009235,True,6.53,67,HIGH,True
EVT-0009236,False,5.62,31,MEDIUM,False
EVT-0009237,False,5.94,55,HIGH,False
EVT-0009238,False,7.54,54,HIGH,True
EVT-0009239,False,6.83,36,MEDIUM,False
EVT-0009240,False,5.18,23,LOW,False
EVT-0009241,False,2.13,26,LOW,False
EVT-0009242,False,6.92,73,CRITICAL,True
EVT-0009243,False,3.63,32,MEDIUM,False
EVT-0009244,False,8.56,39,MEDIUM,False
EVT-0009245,False,7.03,51,HIGH,False
EVT-0009246,True,4.63,44,MEDIUM,False
EVT-0009247,True,10.65,73,CRITICAL,True
EVT-0009248,False,3.58,50,HIGH,False
EVT-0009249,False,4.09,30,MEDIUM,False
EVT-0009250,False,4.73,41,MEDIUM,False
EVT-0009251,False,5.25,38,MEDIUM,True
EVT-0009252,True,5.36,54,HIGH,True
EVT-0009253,False,4.47,26,LOW,False
EVT-0009254,False,6.93,48,MEDIUM,False
EVT-0009255,False,4.89,44,MEDIUM,True
EVT-0009256,False,5.95,25,LOW,False
EVT-0009257,False,6.14,48,MEDIUM,False
EVT-0009258,False,3.88,32,MEDIUM,False
EVT-0009259,False,4.29,32,MEDIUM,False
EVT-0009260,False,4.61,49,MEDIUM,True
EVT-0009261,False,4.25,40,MEDIUM,False
EVT-0009262,True,5.09,38,MEDIUM,False
EVT-0009263,False,5.99,34,MEDIUM,False
EVT-0009264,False,5.51,53,HIGH,True
EVT-0009265,True,4.1,37,MEDIUM,False
EVT-0009266,False,5.65,52,HIGH,False
EVT-0009267,False,6.4,57,HIGH,True
EVT-0009268,False,4.75,53,HIGH,True
EVT-0009269,True,8.51,50,HIGH,False
EVT-0009270,False,7.32,45,MEDIUM,False
EVT-0009271,False,6.78,34,MEDIUM,False
EVT-0009272,False,0.5,49,MEDIUM,False
EVT-0009273,True,3.2,57,HIGH,False
EVT-0009274,False,2.6,44,MEDIUM,False
EVT-0009275,False,4.35,36,MEDIUM,False
EVT-0009276,False,7.22,35,MEDIUM,False
EVT-0009277,False,3.75,32,MEDIUM,False
EVT-0009278,True,2.48,53,HIGH,False
EVT-0009279,False,2.11,18,LOW,False
EVT-0009280,True,7.82,51,HIGH,True
EVT-0009281,False,2.82,35,MEDIUM,False
EVT-0009282,False,4.55,28,LOW,False
EVT-0009283,False,6.12,44,MEDIUM,True
EVT-0009284,False,7.56,54,HIGH,True
EVT-0009285,False,6.06,31,MEDIUM,False
EVT-0009286,False,4.02,43,MEDIUM,False
EVT-0009287,False,4.74,47,MEDIUM,False
EVT-0009288,True,4.68,55,HIGH,False
EVT-0009289,False,5.75,67,HIGH,True
EVT-0009290,True,3.68,40,MEDIUM,False
EVT-0009291,False,4.69,39,MEDIUM,False
EVT-0009292,False,7.72,35,MEDIUM,False
EVT-0009293,True,3.91,60,HIGH,False
EVT-0009294,False,5.76,42,MEDIUM,True
EVT-0009295,True,7.21,63,HIGH,True
EVT-0009296,False,5.36,38,MEDIUM,False
EVT-0009297,False,5.19,57,HIGH,True
EVT-0009298,False,4.92,20,LOW,False
EVT-0009299,True,6.21,43,MEDIUM,False
EVT-0009300,False,3.88,41,MEDIUM,False
EVT-0009301,False,2.11,30,MEDIUM,False
EVT-0009302,True,4.58,54,HIGH,False
EVT-0009303,True,4.17,40,MEDIUM,False
EVT-0009304,True,10.28,68,HIGH,True
EVT-0009305,False,3.75,18,LOW,False
EVT-0009306,False,3.71,33,MEDIUM,False
EVT-0009307,True,4.99,53,HIGH,False
EVT-0009308,False,5.35,42,MEDIUM,False
EVT-0009309,True,5.95,71,HIGH,True
EVT-0009310,False,7.21,43,MEDIUM,False
EVT-0009311,False,9.27,45,MEDIUM,False
EVT-0009312,True,7.32,58,HIGH,False
EVT-0009313,True,5.24,45,MEDIUM,True
EVT-0009314,False,3.73,55,HIGH,False
EVT-0009315,False,6.62,31,MEDIUM,False
EVT-0009316,False,8.48,66,HIGH,True
EVT-0009317,False,8.36,40,MEDIUM,False
EVT-0009318,False,6.01,24,LOW,False
EVT-0009319,False,8.0,59,HIGH,False
EVT-0009320,False,4.51,34,MEDIUM,False
EVT-0009321,False,6.32,58,HIGH,True
EVT-0009322,False,5.83,41,MEDIUM,False
EVT-0009323,False,3.33,20,LOW,False
EVT-0009324,False,7.84,37,MEDIUM,False
EVT-0009325,False,4.58,54,HIGH,False
EVT-0009326,False,3.53,32,MEDIUM,False
EVT-0009327,True,4.7,51,HIGH,False
EVT-0009328,True,5.33,53,HIGH,False
EVT-0009329,False,3.81,32,MEDIUM,False
EVT-0009330,False,5.7,64,HIGH,False
EVT-0009331,False,2.84,49,MEDIUM,False
EVT-0009332,True,2.68,43,MEDIUM,False
EVT-0009333,False,7.04,46,MEDIUM,False
EVT-0009334,True,2.03,43,MEDIUM,False
EVT-0009335,False,3.28,47,MEDIUM,True
EVT-0009336,True,7.58,82,CRITICAL,True
EVT-0009337,False,4.22,30,MEDIUM,False
EVT-0009338,False,4.26,37,MEDIUM,True
EVT-0009339,False,3.47,25,LOW,False
EVT-0009340,False,4.46,38,MEDIUM,False
EVT-0009341,False,2.8,26,LOW,False
EVT-0009342,False,7.51,46,MEDIUM,True
EVT-0009343,False,5.7,36,MEDIUM,False
EVT-0009344,False,3.59,23,LOW,False
EVT-0009345,True,3.59,60,HIGH,True
EVT-0009346,True,1.23,50,HIGH,False
EVT-0009347,True,9.74,77,CRITICAL,True
EVT-0009348,False,2.03,17,LOW,False
EVT-0009349,False,3.77,34,MEDIUM,False
EVT-0009350,True,2.16,53,HIGH,False
EVT-0009351,False,7.96,54,HIGH,False
EVT-0009352,True,3.02,72,CRITICAL,True
EVT-0009353,False,5.86,47,MEDIUM,False
EVT-0009354,True,3.87,58,HIGH,True
EVT-0009355,False,2.68,37,MEDIUM,False
EVT-0009356,False,5.2,19,LOW,False
EVT-0009357,True,10.1,69,HIGH,True
EVT-0009358,True,6.03,58,HIGH,True
EVT-0009359,False,1.96,36,MEDIUM,False
EVT-0009360,False,5.26,45,MEDIUM,False
EVT-0009361,False,5.18,40,MEDIUM,False
EVT-0009362,False,4.39,34,MEDIUM,False
EVT-0009363,True,8.58,60,HIGH,True
EVT-0009364,False,5.86,43,MEDIUM,False
EVT-0009365,False,1.19,16,LOW,False
EVT-0009366,False,5.07,38,MEDIUM,False
EVT-0009367,False,1.84,49,MEDIUM,False
EVT-0009368,False,5.85,44,MEDIUM,False
EVT-0009369,False,4.76,40,MEDIUM,True
EVT-0009370,False,3.77,39,MEDIUM,False
EVT-0009371,False,5.77,27,LOW,False
EVT-0009372,False,7.06,44,MEDIUM,False
EVT-0009373,False,7.26,38,MEDIUM,True
EVT-0009374,True,7.15,60,HIGH,False
EVT-0009375,False,3.36,32,MEDIUM,False
EVT-0009376,False,3.08,42,MEDIUM,False
EVT-0009377,False,4.56,48,MEDIUM,False
EVT-0009378,True,4.82,40,MEDIUM,False
EVT-0009379,True,3.41,49,MEDIUM,False
EVT-0009380,True,3.26,49,MEDIUM,False
EVT-0009381,False,6.03,39,MEDIUM,True
EVT-0009382,True,6.67,44,MEDIUM,False
EVT-0009383,False,6.35,37,MEDIUM,False
EVT-0009384,True,8.36,64,HIGH,True
EVT-0009385,True,7.44,52,HIGH,True
EVT-0009386,False,7.24,34,MEDIUM,False
EVT-0009387,False,7.69,37,MEDIUM,False
EVT-0009388,False,5.29,21,LOW,False
EVT-0009389,True,6.17,58,HIGH,True
EVT-0009390,False,5.61,43,MEDIUM,False
EVT-0009391,False,3.37,24,LOW,False
EVT-0009392,False,7.82,48,MEDIUM,False
EVT-0009393,True,0.5,60,HIGH,False
EVT-0009394,False,2.59,36,MEDIUM,False
EVT-0009395,False,7.09,49,MEDIUM,False
EVT-0009396,True,2.53,64,HIGH,True
EVT-0009397,True,3.33,77,CRITICAL,True
EVT-0009398,True,8.33,46,MEDIUM,False
EVT-0009399,False,6.19,51,HIGH,False
EVT-0009400,False,4.33,39,MEDIUM,False
EVT-0009401,False,3.75,28,LOW,False
EVT-0009402,True,7.35,44,MEDIUM,True
EVT-0009403,False,1.97,46,MEDIUM,False
EVT-0009404,False,7.51,59,HIGH,False
EVT-0009405,True,6.99,73,CRITICAL,True
EVT-0009406,True,5.79,65,HIGH,True
EVT-0009407,False,3.38,47,MEDIUM,False
EVT-0009408,False,6.43,37,MEDIUM,False
EVT-0009409,False,3.17,22,LOW,False
EVT-0009410,False,4.8,42,MEDIUM,False
EVT-0009411,False,4.64,47,MEDIUM,False
EVT-0009412,False,5.29,56,HIGH,False
EVT-0009413,False,4.84,21,LOW,False
EVT-0009414,False,5.68,41,MEDIUM,False
EVT-0009415,False,4.89,47,MEDIUM,True
EVT-0009416,True,7.2,35,MEDIUM,False
EVT-0009417,True,3.38,33,MEDIUM,False
EVT-0009418,False,7.2,46,MEDIUM,False
EVT-0009419,True,6.38,78,CRITICAL,True
EVT-0009420,False,3.1,17,LOW,False
EVT-0009421,False,6.37,37,MEDIUM,False
EVT-0009422,True,4.89,48,MEDIUM,True
EVT-0009423,False,1.92,35,MEDIUM,False
EVT-0009424,False,3.27,48,MEDIUM,False
EVT-0009425,True,4.51,46,MEDIUM,False
EVT-0009426,True,3.94,69,HIGH,True
EVT-0009427,False,6.04,62,HIGH,True
EVT-0009428,False,5.64,31,MEDIUM,False
EVT-0009429,False,6.15,46,MEDIUM,True
EVT-0009430,False,2.43,19,LOW,False
EVT-0009431,True,6.75,65,HIGH,True
EVT-0009432,False,4.58,13,LOW,False
EVT-0009433,True,3.68,45,MEDIUM,False
EVT-0009434,False,6.58,39,MEDIUM,True
EVT-0009435,True,3.62,48,MEDIUM,False
EVT-0009436,False,5.18,45,MEDIUM,False
EVT-0009437,True,4.68,42,MEDIUM,False
EVT-0009438,True,4.12,54,HIGH,False
EVT-0009439,True,3.96,30,MEDIUM,False
EVT-0009440,False,6.89,37,MEDIUM,False
EVT-0009441,False,3.54,54,HIGH,False
EVT-0009442,False,4.0,26,LOW,False
EVT-0009443,True,5.6,63,HIGH,True
EVT-0009444,False,4.91,49,MEDIUM,False
EVT-0009445,True,7.7,63,HIGH,True
EVT-0009446,False,4.36,12,LOW,False
EVT-0009447,False,6.98,32,MEDIUM,False
EVT-0009448,False,5.34,39,MEDIUM,False
EVT-0009449,False,8.22,34,MEDIUM,False
EVT-0009450,False,3.68,24,LOW,False
EVT-0009451,False,6.19,59,HIGH,False
EVT-0009452,False,10.45,70,HIGH,True
EVT-0009453,False,3.99,28,LOW,False
EVT-0009454,True,8.1,41,MEDIUM,True
EVT-0009455,False,3.93,42,MEDIUM,False
EVT-0009456,False,7.82,52,HIGH,True
EVT-0009457,False,8.29,61,HIGH,True
EVT-0009458,False,3.3,30,MEDIUM,False
EVT-0009459,False,4.93,44,MEDIUM,False
EVT-0009460,False,7.14,33,MEDIUM,False
EVT-0009461,False,6.61,41,MEDIUM,False
EVT-0009462,False,7.24,37,MEDIUM,True
EVT-0009463,False,6.0,42,MEDIUM,False
EVT-0009464,False,5.24,32,MEDIUM,False
EVT-0009465,True,6.4,80,CRITICAL,True
EVT-0009466,False,3.1,16,LOW,False
EVT-0009467,False,3.57,25,LOW,False
EVT-0009468,False,6.09,46,MEDIUM,False
EVT-0009469,False,4.26,29,LOW,True
EVT-0009470,True,5.39,55,HIGH,False
EVT-0009471,False,3.93,50,HIGH,False
EVT-0009472,False,6.45,30,MEDIUM,True
EVT-0009473,False,3.46,41,MEDIUM,False
EVT-0009474,False,4.59,34,MEDIUM,True
EVT-0009475,True,4.09,47,MEDIUM,False
EVT-0009476,False,4.78,66,HIGH,True
EVT-0009477,False,3.9,30,MEDIUM,False
EVT-0009478,True,8.48,41,MEDIUM,False
EVT-0009479,True,7.49,66,HIGH,True
EVT-0009480,False,6.85,30,MEDIUM,False
EVT-0009481,False,5.42,39,MEDIUM,False
EVT-0009482,False,4.02,35,MEDIUM,False
EVT-0009483,False,6.96,36,MEDIUM,False
EVT-0009484,False,4.29,38,MEDIUM,False
EVT-0009485,False,6.04,50,HIGH,False
EVT-0009486,True,3.4,41,MEDIUM,False
EVT-0009487,False,7.18,75,CRITICAL,False
EVT-0009488,True,4.9,51,HIGH,False
EVT-0009489,False,6.23,68,HIGH,True
EVT-0009490,False,3.29,33,MEDIUM,True
EVT-0009491,False,3.54,40,MEDIUM,False
EVT-0009492,False,4.1,33,MEDIUM,False
EVT-0009493,True,4.47,47,MEDIUM,False
EVT-0009494,True,5.72,62,HIGH,True
EVT-0009495,False,6.57,58,HIGH,False
EVT-0009496,False,6.46,40,MEDIUM,False
EVT-0009497,True,4.6,25,LOW,False
EVT-0009498,False,3.55,19,LOW,False
EVT-0009499,True,8.59,40,MEDIUM,False
EVT-0009500,False,6.75,20,LOW,False
EVT-0009501,True,5.18,42,MEDIUM,False
EVT-0009502,False,2.92,30,MEDIUM,False
EVT-0009503,False,6.47,49,MEDIUM,False
EVT-0009504,False,4.27,17,LOW,False
EVT-0009505,True,3.85,40,MEDIUM,False
EVT-0009506,True,6.18,35,MEDIUM,False
EVT-0009507,False,4.28,34,MEDIUM,False
EVT-0009508,False,5.83,45,MEDIUM,False
EVT-0009509,True,4.93,49,MEDIUM,False
EVT-0009510,True,8.83,77,CRITICAL,True
EVT-0009511,False,4.5,57,HIGH,False
EVT-0009512,True,5.74,51,HIGH,False
EVT-0009513,False,7.46,49,MEDIUM,False
EVT-0009514,False,4.36,23,LOW,False
EVT-0009515,True,3.36,42,MEDIUM,False
EVT-0009516,False,5.64,54,HIGH,True
EVT-0009517,False,5.7,30,MEDIUM,False
EVT-0009518,False,3.31,33,MEDIUM,False
EVT-0009519,False,3.45,39,MEDIUM,False
EVT-0009520,False,7.66,50,HIGH,True
EVT-0009521,False,3.92,22,LOW,False
EVT-0009522,False,6.7,34,MEDIUM,False
EVT-0009523,False,6.05,40,MEDIUM,False
EVT-0009524,True,5.26,56,HIGH,False
EVT-0009525,False,3.31,44,MEDIUM,True
EVT-0009526,True,6.11,41,MEDIUM,False
EVT-0009527,False,2.68,31,MEDIUM,False
EVT-0009528,False,2.06,55,HIGH,True
EVT-0009529,True,5.3,38,MEDIUM,True
EVT-0009530,True,5.03,59,HIGH,False
EVT-0009531,False,5.4,28,LOW,True
EVT-0009532,False,5.78,46,MEDIUM,False
EVT-0009533,True,7.92,62,HIGH,True
EVT-0009534,True,4.83,56,HIGH,False
EVT-0009535,True,5.37,39,MEDIUM,False
EVT-0009536,False,6.26,29,LOW,False
EVT-0009537,False,5.22,39,MEDIUM,False
EVT-0009538,True,3.16,50,HIGH,False
EVT-0009539,False,4.38,36,MEDIUM,False
EVT-0009540,False,5.61,33,MEDIUM,False
EVT-0009541,False,5.02,18,LOW,False
EVT-0009542,False,3.0,49,MEDIUM,False
EVT-0009543,False,4.52,36,MEDIUM,False
EVT-0009544,False,4.89,41,MEDIUM,False
EVT-0009545,True,4.4,47,MEDIUM,True
EVT-0009546,False,2.4,39,MEDIUM,False
EVT-0009547,False,3.07,24,LOW,False
EVT-0009548,False,8.23,72,CRITICAL,True
EVT-0009549,False,5.03,37,MEDIUM,False
EVT-0009550,False,3.35,48,MEDIUM,True
EVT-0009551,False,6.07,56,HIGH,True
EVT-0009552,False,5.24,37,MEDIUM,False
EVT-0009553,False,6.22,45,MEDIUM,False
EVT-0009554,False,4.7,40,MEDIUM,True
EVT-0009555,False,3.02,26,LOW,False
EVT-0009556,False,7.23,30,MEDIUM,True
EVT-0009557,False,4.28,31,MEDIUM,False
EVT-0009558,False,7.04,65,HIGH,True
EVT-0009559,False,11.26,54,HIGH,True
EVT-0009560,False,1.38,28,LOW,False
EVT-0009561,False,4.59,37,MEDIUM,False
EVT-0009562,True,6.16,47,MEDIUM,True
EVT-0009563,True,4.17,57,HIGH,True
EVT-0009564,False,7.91,47,MEDIUM,False
EVT-0009565,True,8.5,65,HIGH,True
EVT-0009566,False,3.35,58,HIGH,False
EVT-0009567,True,6.96,77,CRITICAL,True
EVT-0009568,False,2.43,28,LOW,False
EVT-0009569,False,0.99,33,MEDIUM,False
EVT-0009570,False,6.7,65,HIGH,True
EVT-0009571,True,8.75,73,CRITICAL,True
EVT-0009572,False,4.11,8,LOW,False
EVT-0009573,False,6.38,20,LOW,False
EVT-0009574,True,9.98,82,CRITICAL,True
EVT-0009575,False,5.44,38,MEDIUM,False
EVT-0009576,False,4.89,45,MEDIUM,False
EVT-0009577,False,5.0,52,HIGH,True
EVT-0009578,False,4.0,27,LOW,False
EVT-0009579,False,5.77,47,MEDIUM,False
EVT-0009580,False,4.25,13,LOW,False
EVT-0009581,False,5.29,24,LOW,False
EVT-0009582,True,4.54,24,LOW,False
EVT-0009583,False,4.01,54,HIGH,True
EVT-0009584,False,4.4,35,MEDIUM,False
EVT-0009585,True,4.23,33,MEDIUM,False
EVT-0009586,False,5.63,42,MEDIUM,False
EVT-0009587,False,1.35,29,LOW,False
EVT-0009588,True,4.68,73,CRITICAL,True
EVT-0009589,False,7.56,50,HIGH,True
EVT-0009590,False,2.45,45,MEDIUM,True
EVT-0009591,True,5.02,64,HIGH,True
EVT-0009592,False,2.22,17,LOW,False
EVT-0009593,False,2.35,23,LOW,False
EVT-0009594,False,3.58,36,MEDIUM,False
EVT-0009595,True,3.83,41,MEDIUM,False
EVT-0009596,True,3.52,37,MEDIUM,False
EVT-0009597,True,5.7,62,HIGH,False
EVT-0009598,False,2.75,21,LOW,False
EVT-0009599,False,5.38,33,MEDIUM,False
EVT-0009600,False,5.01,41,MEDIUM,False
EVT-0009601,False,1.96,23,LOW,False
EVT-0009602,True,4.95,36,MEDIUM,False
EVT-0009603,False,3.59,46,MEDIUM,False
EVT-0009604,True,4.5,35,MEDIUM,True
EVT-0009605,False,2.6,35,MEDIUM,False
EVT-0009606,False,5.61,49,MEDIUM,True
EVT-0009607,False,5.57,53,HIGH,False
EVT-0009608,False,3.51,49,MEDIUM,True
EVT-0009609,False,3.79,29,LOW,False
EVT-0009610,False,4.83,51,HIGH,False
EVT-0009611,False,3.18,45,MEDIUM,True
EVT-0009612,False,2.53,40,MEDIUM,False
EVT-0009613,False,3.12,38,MEDIUM,True
EVT-0009614,False,7.33,65,HIGH,True
EVT-0009615,False,4.35,35,MEDIUM,False
EVT-0009616,False,6.28,35,MEDIUM,False
EVT-0009617,False,2.25,50,HIGH,False
EVT-0009618,False,5.44,59,HIGH,True
EVT-0009619,False,6.87,61,HIGH,True
EVT-0009620,False,4.25,42,MEDIUM,True
EVT-0009621,False,4.9,40,MEDIUM,False
EVT-0009622,True,4.52,56,HIGH,False
EVT-0009623,False,6.37,33,MEDIUM,False
EVT-0009624,False,7.52,39,MEDIUM,True
EVT-0009625,False,3.87,23,LOW,False
EVT-0009626,False,3.44,36,MEDIUM,True
EVT-0009627,False,5.86,37,MEDIUM,False
EVT-0009628,True,2.96,40,MEDIUM,False
EVT-0009629,False,4.19,25,LOW,False
EVT-0009630,False,3.16,40,MEDIUM,False
EVT-0009631,False,3.72,23,LOW,False
EVT-0009632,False,5.72,39,MEDIUM,False
EVT-0009633,True,3.41,62,HIGH,True
EVT-0009634,False,5.49,49,MEDIUM,False
EVT-0009635,True,7.5,50,HIGH,True
EVT-0009636,False,6.0,53,HIGH,True
EVT-0009637,False,5.15,45,MEDIUM,False
EVT-0009638,True,5.41,51,HIGH,False
EVT-0009639,False,6.31,53,HIGH,False
EVT-0009640,False,5.47,50,HIGH,True
EVT-0009641,False,5.77,77,CRITICAL,True
EVT-0009642,False,5.21,40,MEDIUM,False
EVT-0009643,True,5.62,66,HIGH,True
EVT-0009644,False,6.82,63,HIGH,True
EVT-0009645,True,4.36,36,MEDIUM,True
EVT-0009646,False,5.31,31,MEDIUM,False
EVT-0009647,False,5.78,53,HIGH,True
EVT-0009648,False,3.37,36,MEDIUM,False
EVT-0009649,True,6.31,60,HIGH,False
EVT-0009650,False,2.01,24,LOW,False
EVT-0009651,True,4.05,49,MEDIUM,False
EVT-0009652,False,5.3,32,MEDIUM,False
EVT-0009653,False,6.61,77,CRITICAL,True
EVT-0009654,False,4.14,17,LOW,False
EVT-0009655,True,5.64,57,HIGH,True
EVT-0009656,False,4.06,29,LOW,False
EVT-0009657,False,4.72,28,LOW,False
EVT-0009658,False,7.81,68,HIGH,True
EVT-0009659,False,5.28,31,MEDIUM,False
EVT-0009660,True,4.5,51,HIGH,True
EVT-0009661,True,4.29,33,MEDIUM,False
EVT-0009662,False,4.83,49,MEDIUM,False
EVT-0009663,True,11.07,57,HIGH,False
EVT-0009664,True,4.04,54,HIGH,False
EVT-0009665,False,3.07,24,LOW,False
EVT-0009666,False,5.23,58,HIGH,True
EVT-0009667,False,3.1,44,MEDIUM,False
EVT-0009668,False,7.16,57,HIGH,True
EVT-0009669,False,4.76,48,MEDIUM,False
EVT-0009670,True,5.72,56,HIGH,True
EVT-0009671,False,3.2,21,LOW,False
EVT-0009672,False,2.37,41,MEDIUM,False
EVT-0009673,False,5.68,57,HIGH,True
EVT-0009674,False,4.95,31,MEDIUM,True
EVT-0009675,False,3.43,36,MEDIUM,False
EVT-0009676,True,10.93,75,CRITICAL,True
EVT-0009677,False,2.45,25,LOW,False
EVT-0009678,True,6.11,47,MEDIUM,True
EVT-0009679,True,4.78,27,LOW,False
EVT-0009680,True,5.7,52,HIGH,True
EVT-0009681,True,6.53,56,HIGH,False
EVT-0009682,False,10.22,64,HIGH,True
EVT-0009683,True,5.02,44,MEDIUM,False
EVT-0009684,False,6.61,36,MEDIUM,False
EVT-0009685,False,5.15,38,MEDIUM,False
EVT-0009686,False,3.91,48,MEDIUM,True
EVT-0009687,True,6.67,73,CRITICAL,True
EVT-0009688,True,4.08,58,HIGH,True
EVT-0009689,True,6.43,52,HIGH,True
EVT-0009690,True,8.37,55,HIGH,True
EVT-0009691,False,7.66,46,MEDIUM,False
EVT-0009692,False,6.45,35,MEDIUM,False
EVT-0009693,True,5.26,62,HIGH,True
EVT-0009694,False,3.79,18,LOW,False
EVT-0009695,False,2.85,44,MEDIUM,False
EVT-0009696,False,4.27,30,MEDIUM,True
EVT-0009697,False,6.82,49,MEDIUM,True
EVT-0009698,False,4.35,39,MEDIUM,True
EVT-0009699,False,4.65,49,MEDIUM,False
EVT-0009700,False,6.14,43,MEDIUM,False
EVT-0009701,False,1.67,25,LOW,False
EVT-0009702,False,4.8,28,LOW,False
EVT-0009703,True,3.76,39,MEDIUM,False
EVT-0009704,False,3.45,35,MEDIUM,True
EVT-0009705,False,6.13,45,MEDIUM,False
EVT-0009706,False,7.34,73,CRITICAL,True
EVT-0009707,False,10.0,54,HIGH,True
EVT-0009708,False,5.32,33,MEDIUM,False
EVT-0009709,False,6.21,45,MEDIUM,True
EVT-0009710,True,3.39,59,HIGH,True
EVT-0009711,False,6.33,35,MEDIUM,False
EVT-0009712,False,8.17,58,HIGH,False
EVT-0009713,False,5.32,46,MEDIUM,True
EVT-0009714,False,5.96,32,MEDIUM,False
EVT-0009715,True,5.31,35,MEDIUM,False
EVT-0009716,False,5.59,65,HIGH,True
EVT-0009717,True,4.26,79,CRITICAL,True
EVT-0009718,True,5.58,53,HIGH,True
EVT-0009719,False,7.42,38,MEDIUM,False
EVT-0009720,True,3.13,24,LOW,False
EVT-0009721,False,5.12,68,HIGH,True
EVT-0009722,True,5.8,44,MEDIUM,False
EVT-0009723,True,6.19,44,MEDIUM,True
EVT-0009724,True,5.81,51,HIGH,True
EVT-0009725,False,5.42,61,HIGH,True
EVT-0009726,True,5.53,39,MEDIUM,False
EVT-0009727,False,2.86,30,MEDIUM,True
EVT-0009728,True,5.49,57,HIGH,True
EVT-0009729,False,7.04,42,MEDIUM,False
EVT-0009730,True,9.14,39,MEDIUM,False
EVT-0009731,False,6.23,37,MEDIUM,False
EVT-0009732,True,7.39,66,HIGH,True
EVT-0009733,True,6.87,52,HIGH,True
EVT-0009734,False,4.07,44,MEDIUM,False
EVT-0009735,False,5.38,50,HIGH,False
EVT-0009736,True,7.99,47,MEDIUM,False
EVT-0009737,True,2.79,34,MEDIUM,False
EVT-0009738,True,4.02,49,MEDIUM,False
EVT-0009739,False,9.69,46,MEDIUM,True
EVT-0009740,False,2.3,17,LOW,False
EVT-0009741,True,5.73,78,CRITICAL,True
EVT-0009742,False,5.99,36,MEDIUM,True
EVT-0009743,False,2.64,40,MEDIUM,False
EVT-0009744,True,6.5,32,MEDIUM,False
EVT-0009745,False,7.09,46,MEDIUM,False
EVT-0009746,False,2.34,11,LOW,False
EVT-0009747,False,4.93,47,MEDIUM,False
EVT-0009748,False,6.96,46,MEDIUM,False
EVT-0009749,False,3.88,20,LOW,False
EVT-0009750,True,6.05,61,HIGH,True
EVT-0009751,False,3.03,35,MEDIUM,True
EVT-0009752,False,5.94,35,MEDIUM,False
EVT-0009753,True,2.34,46,MEDIUM,False
EVT-0009754,False,4.39,22,LOW,False
EVT-0009755,False,7.63,45,MEDIUM,False
EVT-0009756,True,4.07,44,MEDIUM,False
EVT-0009757,True,6.86,43,MEDIUM,False
EVT-0009758,True,6.27,39,MEDIUM,False
EVT-0009759,False,2.79,28,LOW,False
EVT-0009760,True,7.28,68,HIGH,True
EVT-0009761,False,4.99,57,HIGH,False
EVT-0009762,False,4.67,40,MEDIUM,False
EVT-0009763,True,5.79,51,HIGH,True
EVT-0009764,False,4.08,25,LOW,False
EVT-0009765,True,4.65,34,MEDIUM,False
EVT-0009766,False,5.03,25,LOW,False
EVT-0009767,True,3.64,50,HIGH,False
EVT-0009768,False,4.15,45,MEDIUM,False
EVT-0009769,False,4.06,42,MEDIUM,False
EVT-0009770,False,4.67,43,MEDIUM,False
EVT-0009771,False,7.78,33,MEDIUM,False
EVT-0009772,True,6.27,44,MEDIUM,False
EVT-0009773,False,4.5,23,LOW,False
EVT-0009774,True,6.0,41,MEDIUM,False
EVT-0009775,False,3.29,41,MEDIUM,False
EVT-0009776,True,7.47,47,MEDIUM,False
EVT-0009777,False,5.23,68,HIGH,True
EVT-0009778,False,5.84,29,LOW,False
EVT-0009779,True,3.44,44,MEDIUM,False
EVT-0009780,False,4.81,27,LOW,False
EVT-0009781,False,3.36,59,HIGH,False
EVT-0009782,False,6.06,47,MEDIUM,False
EVT-0009783,True,7.13,61,HIGH,True
EVT-0009784,False,7.22,36,MEDIUM,False
EVT-0009785,True,4.52,51,HIGH,True
EVT-0009786,False,6.63,41,MEDIUM,False
EVT-0009787,False,4.3,29,LOW,False
EVT-0009788,False,5.85,33,MEDIUM,False
EVT-0009789,False,2.85,14,LOW,False
EVT-0009790,False,5.59,58,HIGH,True
EVT-0009791,False,6.07,50,HIGH,True
EVT-0009792,False,4.45,37,MEDIUM,False
EVT-0009793,False,5.69,44,MEDIUM,False
EVT-0009794,False,2.88,21,LOW,False
EVT-0009795,False,3.71,43,MEDIUM,False
EVT-0009796,False,4.32,47,MEDIUM,False
EVT-0009797,False,4.82,28,LOW,False
EVT-0009798,True,2.16,70,HIGH,True
EVT-0009799,False,6.16,48,MEDIUM,False
EVT-0009800,False,4.58,47,MEDIUM,False
EVT-0009801,True,8.9,59,HIGH,True
EVT-0009802,True,4.93,53,HIGH,True
EVT-0009803,True,6.71,51,HIGH,False
EVT-0009804,False,5.42,46,MEDIUM,False
EVT-0009805,False,4.14,39,MEDIUM,False
EVT-0009806,False,5.04,44,MEDIUM,False
EVT-0009807,False,5.02,33,MEDIUM,False
EVT-0009808,False,3.99,35,MEDIUM,False
EVT-0009809,False,4.8,37,MEDIUM,False
EVT-0009810,False,2.88,49,MEDIUM,False
EVT-0009811,False,4.93,24,LOW,False
EVT-0009812,False,6.12,54,HIGH,True
EVT-0009813,False,5.0,48,MEDIUM,True
EVT-0009814,False,6.89,32,MEDIUM,False
EVT-0009815,False,4.58,35,MEDIUM,False
EVT-0009816,True,5.44,50,HIGH,False
EVT-0009817,False,6.68,32,MEDIUM,False
EVT-0009818,False,5.85,51,HIGH,False
EVT-0009819,False,1.02,32,MEDIUM,False
EVT-0009820,False,4.94,47,MEDIUM,True
EVT-0009821,False,6.37,53,HIGH,False
EVT-0009822,False,6.16,49,MEDIUM,False
EVT-0009823,False,5.57,50,HIGH,False
EVT-0009824,False,3.65,39,MEDIUM,False
EVT-0009825,False,4.39,25,LOW,False
EVT-0009826,False,5.23,54,HIGH,True
EVT-0009827,False,5.5,39,MEDIUM,False
EVT-0009828,False,4.56,26,LOW,False
EVT-0009829,True,8.1,72,CRITICAL,True
EVT-0009830,False,6.03,55,HIGH,False
EVT-0009831,False,8.87,57,HIGH,False
EVT-0009832,True,8.24,46,MEDIUM,False
EVT-0009833,False,3.62,37,MEDIUM,False
EVT-0009834,True,6.07,76,CRITICAL,True
EVT-0009835,False,7.1,33,MEDIUM,False
EVT-0009836,False,4.46,52,HIGH,True
EVT-0009837,True,5.4,57,HIGH,False
EVT-0009838,True,7.11,52,HIGH,False
EVT-0009839,False,4.54,30,MEDIUM,False
EVT-0009840,False,3.05,39,MEDIUM,False
EVT-0009841,True,5.5,72,CRITICAL,True
EVT-0009842,True,1.82,40,MEDIUM,False
EVT-0009843,True,5.91,68,HIGH,True
EVT-0009844,False,8.23,34,MEDIUM,False
EVT-0009845,False,2.46,44,MEDIUM,False
EVT-0009846,False,6.38,56,HIGH,False
EVT-0009847,False,5.03,37,MEDIUM,False
EVT-0009848,False,5.55,55,HIGH,True
EVT-0009849,False,7.73,51,HIGH,True
EVT-0009850,False,5.26,36,MEDIUM,False
EVT-0009851,True,4.37,69,HIGH,False
EVT-0009852,False,5.35,34,MEDIUM,False
EVT-0009853,False,1.75,37,MEDIUM,False
EVT-0009854,False,6.59,33,MEDIUM,False
EVT-0009855,True,6.12,63,HIGH,True
EVT-0009856,True,4.16,39,MEDIUM,False
EVT-0009857,False,4.31,33,MEDIUM,False
EVT-0009858,True,4.71,48,MEDIUM,False
EVT-0009859,False,7.13,46,MEDIUM,False
EVT-0009860,True,8.27,75,CRITICAL,True
EVT-0009861,False,4.35,44,MEDIUM,False
EVT-0009862,True,4.48,56,HIGH,True
EVT-0009863,False,3.95,34,MEDIUM,False
EVT-0009864,False,7.34,55,HIGH,True
EVT-0009865,True,6.96,71,HIGH,True
EVT-0009866,False,4.83,40,MEDIUM,False
EVT-0009867,True,4.54,73,CRITICAL,True
EVT-0009868,False,4.0,32,MEDIUM,False
EVT-0009869,True,5.88,56,HIGH,False
EVT-0009870,False,2.87,19,LOW,False
EVT-0009871,False,4.31,28,LOW,False
EVT-0009872,True,6.94,61,HIGH,True
EVT-0009873,False,6.07,35,MEDIUM,False
EVT-0009874,True,5.92,69,HIGH,True
EVT-0009875,True,7.84,62,HIGH,True
EVT-0009876,False,4.13,28,LOW,False
EVT-0009877,True,5.83,62,HIGH,True
EVT-0009878,False,5.35,36,MEDIUM,False
EVT-0009879,False,7.42,54,HIGH,True
EVT-0009880,True,7.72,68,HIGH,True
EVT-0009881,False,3.11,15,LOW,False
EVT-0009882,True,10.73,56,HIGH,True
EVT-0009883,False,0.51,15,LOW,False
EVT-0009884,False,1.06,45,MEDIUM,False
EVT-0009885,False,4.39,37,MEDIUM,False
EVT-0009886,False,2.78,21,LOW,False
EVT-0009887,False,7.04,32,MEDIUM,False
EVT-0009888,False,5.6,21,LOW,False
EVT-0009889,True,7.8,24,LOW,False
EVT-0009890,False,4.34,53,HIGH,False
EVT-0009891,False,3.56,19,LOW,False
EVT-0009892,False,4.94,31,MEDIUM,False
EVT-0009893,False,6.27,66,HIGH,True
EVT-0009894,True,6.34,49,MEDIUM,True
EVT-0009895,False,6.0,57,HIGH,False
EVT-0009896,False,5.67,48,MEDIUM,False
EVT-0009897,False,4.75,13,LOW,False
EVT-0009898,False,7.59,64,HIGH,True
EVT-0009899,True,5.07,37,MEDIUM,False
EVT-0009900,True,4.14,32,MEDIUM,False
EVT-0009901,True,5.86,46,MEDIUM,True
EVT-0009902,False,0.5,27,LOW,False
EVT-0009903,False,3.74,17,LOW,False
EVT-0009904,False,5.07,58,HIGH,False
EVT-0009905,False,5.4,49,MEDIUM,True
EVT-0009906,False,6.52,53,HIGH,True
EVT-0009907,True,8.76,75,CRITICAL,True
EVT-0009908,True,4.65,49,MEDIUM,False
EVT-0009909,False,4.57,28,LOW,False
EVT-0009910,False,9.34,59,HIGH,False
EVT-0009911,False,11.05,46,MEDIUM,True
EVT-0009912,False,3.39,30,MEDIUM,False
EVT-0009913,False,3.47,30,MEDIUM,False
EVT-0009914,True,7.08,56,HIGH,False
EVT-0009915,False,4.98,23,LOW,False
EVT-0009916,True,6.44,56,HIGH,True
EVT-0009917,True,4.24,51,HIGH,True
EVT-0009918,False,7.38,48,MEDIUM,True
EVT-0009919,False,4.81,18,LOW,False
EVT-0009920,False,1.76,19,LOW,False
EVT-0009921,False,5.84,47,MEDIUM,False
EVT-0009922,False,4.29,44,MEDIUM,False
EVT-0009923,False,5.72,39,MEDIUM,False
EVT-0009924,False,4.82,60,HIGH,True
EVT-0009925,True,4.24,43,MEDIUM,False
EVT-0009926,True,7.08,61,HIGH,True
EVT-0009927,False,6.49,44,MEDIUM,False
EVT-0009928,False,6.63,35,MEDIUM,False
EVT-0009929,False,6.57,56,HIGH,True
EVT-0009930,False,8.2,44,MEDIUM,True
EVT-0009931,True,7.98,74,CRITICAL,True
EVT-0009932,False,6.39,62,HIGH,True
EVT-0009933,True,7.75,71,HIGH,True
EVT-0009934,False,6.63,52,HIGH,True
EVT-0009935,False,3.13,22,LOW,False
EVT-0009936,False,6.45,22,LOW,False
EVT-0009937,True,4.84,45,MEDIUM,False
EVT-0009938,False,5.44,38,MEDIUM,True
EVT-0009939,False,4.53,68,HIGH,True
EVT-0009940,False,6.53,73,CRITICAL,True
EVT-0009941,False,3.08,37,MEDIUM,False
EVT-0009942,True,5.5,51,HIGH,False
EVT-0009943,False,6.31,63,HIGH,True
EVT-0009944,False,6.29,50,HIGH,False
EVT-0009945,False,5.43,21,LOW,True
EVT-0009946,True,4.89,15,LOW,False
EVT-0009947,False,4.21,40,MEDIUM,False
EVT-0009948,False,3.11,36,MEDIUM,False
EVT-0009949,False,3.8,57,HIGH,False
EVT-0009950,True,4.23,65,HIGH,True
EVT-0009951,False,3.76,17,LOW,False
EVT-0009952,False,4.38,23,LOW,False
EVT-0009953,True,9.16,47,MEDIUM,True
EVT-0009954,False,7.98,63,HIGH,True
EVT-0009955,True,5.34,51,HIGH,False
EVT-0009956,True,6.45,46,MEDIUM,True
EVT-0009957,True,3.16,49,MEDIUM,False
EVT-0009958,False,6.9,60,HIGH,True
EVT-0009959,False,4.26,54,HIGH,False
EVT-0009960,False,7.5,48,MEDIUM,True
EVT-0009961,False,5.85,63,HIGH,True
EVT-0009962,False,5.79,38,MEDIUM,False
EVT-0009963,False,5.04,46,MEDIUM,False
EVT-0009964,False,4.44,29,LOW,False
EVT-0009965,False,4.49,47,MEDIUM,False
EVT-0009966,False,8.26,33,MEDIUM,True
EVT-0009967,True,3.13,79,CRITICAL,True
EVT-0009968,False,7.17,34,MEDIUM,False
EVT-0009969,False,3.83,40,MEDIUM,False
EVT-0009970,False,2.39,26,LOW,False
EVT-0009971,True,5.75,66,HIGH,True
EVT-0009972,True,5.55,53,HIGH,True
EVT-0009973,False,4.29,32,MEDIUM,False
EVT-0009974,False,2.93,19,LOW,False
EVT-0009975,True,2.54,35,MEDIUM,True
EVT-0009976,True,3.65,47,MEDIUM,False
EVT-0009977,False,5.17,33,MEDIUM,False
EVT-0009978,True,7.1,44,MEDIUM,False
EVT-0009979,False,4.27,17,LOW,False
EVT-0009980,True,6.36,70,HIGH,True
EVT-0009981,False,5.49,64,HIGH,True
EVT-0009982,False,2.47,25,LOW,False
EVT-0009983,True,7.9,45,MEDIUM,True
EVT-0009984,False,4.59,35,MEDIUM,False
EVT-0009985,True,6.81,75,CRITICAL,True
EVT-0009986,False,7.91,59,HIGH,True
EVT-0009987,True,7.09,59,HIGH,True
EVT-0009988,False,3.14,34,MEDIUM,False
EVT-0009989,True,6.0,46,MEDIUM,False
EVT-0009990,False,5.88,30,MEDIUM,False
EVT-0009991,True,5.03,54,HIGH,False
EVT-0009992,True,7.19,64,HIGH,True
EVT-0009993,False,3.73,41,MEDIUM,False
EVT-0009994,False,3.8,32,MEDIUM,False
EVT-0009995,False,2.9,32,MEDIUM,False
EVT-0009996,True,4.21,43,MEDIUM,False
EVT-0009997,False,2.63,41,MEDIUM,False
EVT-0009998,False,6.9,54,HIGH,True
EVT-0009999,False,2.36,28,LOW,False
EVT-0010000,False,5.19,71,HIGH,True
